1 / 4950: [ 0, 1, 0, 0, 0 ], [ 0, 1, 0, 0 ]
2 / 4950: [ 0, 1, 0, 0, 0 ], [ 0, 2, 0, 0 ]
3 / 4950: [ 0, 1, 0, 0, 0 ], [ 0, 3, 0, 0 ]
4 / 4950: [ 0, 1, 0, 0, 0 ], [ 0, 4, 0, 0 ]
5 / 4950: [ 0, 1, 0, 0, 0 ], [ 0, 5, 0, 0 ]
6 / 4950: [ 0, 0, 0, 0, 0 ], [ 0, 5, 0, 0 ]
7 / 4950: [ 0, 1, 0, 0, 0 ], [ 0, 6, 0, 0 ]
8 / 4950: [ 0, 1, 0, 0, 0 ], [ 0, 7, 0, 0 ]
9 / 4950: [ 0, 1, 0, 0, 0 ], [ 0, 8, 0, 0 ]
10 / 4950: [ 0, 1, 0, 0, 0 ], [ 0, 9, 0, 0 ]
11 / 4950: [ 0, 1, 0, 0, 0 ], [ 0, 10, 0, 0 ]
12 / 4950: [ 0, 1, 0, 0, 0 ], [ 0, 11, 0, 0 ]
13 / 4950: [ 0, 1, 0, 0, 0 ], [ 0, 12, 0, 0 ]
14 / 4950: [ 0, 1, 0, 0, 0 ], [ 0, 13, 0, 0 ]
15 / 4950: [ 0, 1, 0, 0, 0 ], [ 0, 14, 0, 0 ]
16 / 4950: [ 0, 1, 0, 0, 0 ], [ 0, 15, 0, 0 ]
17 / 4950: [ 0, 1, 0, 0, 0 ], [ 0, 16, 0, 0 ]
18 / 4950: [ 0, 1, 0, 0, 0 ], [ 0, 17, 0, 0 ]
19 / 4950: [ 0, 1, 0, 0, 0 ], [ 0, 18, 0, 0 ]
20 / 4950: [ 0, 1, 0, 0, 0 ], [ 0, 19, 0, 0 ]
21 / 4950: [ 0, 1, 0, 0, 0 ], [ 0, 20, 0, 0 ]
22 / 4950: [ 0, 0, 1, 0, 0 ], [ 0, 20, 1, 0 ]
23 / 4950: [ 0, 0, 0, 0, 0 ], [ 0, 20, 1, 0 ]
24 / 4950: [ 0, 0, 0, 0, 0 ], [ 0, 20, 1, 0 ]
25 / 4950: [ 0, 1, 0, 0, 0 ], [ 0, 21, 1, 0 ]
26 / 4950: [ 0, 1, 0, 0, 0 ], [ 0, 22, 1, 0 ]
27 / 4950: [ 0, 1, 0, 0, 0 ], [ 0, 23, 1, 0 ]
28 / 4950: [ 0, 0, 0, 0, 0 ], [ 0, 23, 1, 0 ]
29 / 4950: [ 0, 1, 0, 0, 0 ], [ 0, 24, 1, 0 ]
30 / 4950: [ 0, 1, 0, 0, 0 ], [ 0, 25, 1, 0 ]
31 / 4950: [ 0, 1, 0, 0, 0 ], [ 0, 26, 1, 0 ]
32 / 4950: [ 0, 0, 1, 0, 0 ], [ 0, 26, 2, 0 ]
33 / 4950: [ 0, 1, 0, 0, 0 ], [ 0, 27, 2, 0 ]
34 / 4950: [ 0, 1, 0, 0, 0 ], [ 0, 28, 2, 0 ]
35 / 4950: [ 0, 1, 0, 0, 0 ], [ 0, 29, 2, 0 ]
36 / 4950: [ 0, 0, 1, 0, 0 ], [ 0, 29, 3, 0 ]
37 / 4950: [ 0, 0, 0, 0, 0 ], [ 0, 29, 3, 0 ]
38 / 4950: [ 0, 0, 0, 0, 0 ], [ 0, 29, 3, 0 ]
39 / 4950: [ 0, 0, 0, 0, 0 ], [ 0, 29, 3, 0 ]
40 / 4950: [ 0, 0, 0, 0, 0 ], [ 0, 29, 3, 0 ]
41 / 4950: [ 0, 0, 0, 0, 0 ], [ 0, 29, 3, 0 ]
42 / 4950: [ 0, 0, 0, 0, 0 ], [ 0, 29, 3, 0 ]
43 / 4950: [ 0, 1, 0, 0, 0 ], [ 0, 30, 3, 0 ]
44 / 4950: [ 0, 0, 0, 0, 0 ], [ 0, 30, 3, 0 ]
45 / 4950: [ 0, 0, 0, 0, 0 ], [ 0, 30, 3, 0 ]
46 / 4950: [ 0, 1, 0, 0, 0 ], [ 0, 31, 3, 0 ]
47 / 4950: [ 0, 1, 0, 0, 0 ], [ 0, 32, 3, 0 ]
48 / 4950: [ 0, 1, 0, 0, 0 ], [ 0, 33, 3, 0 ]
49 / 4950: [ 0, 1, 0, 0, 0 ], [ 0, 34, 3, 0 ]
50 / 4950: [ 0, 1, 0, 0, 0 ], [ 0, 35, 3, 0 ]
51 / 4950: [ 0, 1, 0, 0, 0 ], [ 0, 36, 3, 0 ]
52 / 4950: [ 0, 0, 1, 0, 0 ], [ 0, 36, 4, 0 ]
53 / 4950: [ 0, 1, 0, 0, 0 ], [ 0, 37, 4, 0 ]
54 / 4950: [ 0, 1, 0, 0, 0 ], [ 0, 38, 4, 0 ]
55 / 4950: [ 0, 0, 0, 0, 0 ], [ 0, 38, 4, 0 ]
56 / 4950: [ 0, 0, 1, 0, 0 ], [ 0, 38, 5, 0 ]
57 / 4950: [ 0, 1, 0, 0, 0 ], [ 0, 39, 5, 0 ]
58 / 4950: [ 0, 1, 0, 0, 0 ], [ 0, 40, 5, 0 ]
59 / 4950: [ 0, 1, 0, 0, 0 ], [ 0, 41, 5, 0 ]
60 / 4950: [ 0, 1, 0, 0, 0 ], [ 0, 42, 5, 0 ]
61 / 4950: [ 0, 1, 0, 0, 0 ], [ 0, 43, 5, 0 ]
62 / 4950: [ 0, 1, 0, 0, 0 ], [ 0, 44, 5, 0 ]
63 / 4950: [ 0, 1, 0, 0, 0 ], [ 0, 45, 5, 0 ]
64 / 4950: [ 0, 1, 0, 0, 0 ], [ 0, 46, 5, 0 ]
65 / 4950: [ 0, 0, 0, 0, 0 ], [ 0, 46, 5, 0 ]
66 / 4950: [ 0, 1, 0, 0, 0 ], [ 0, 47, 5, 0 ]
67 / 4950: [ 0, 1, 0, 0, 0 ], [ 0, 48, 5, 0 ]
68 / 4950: [ 0, 1, 0, 0, 0 ], [ 0, 49, 5, 0 ]
69 / 4950: [ 0, 1, 0, 0, 0 ], [ 0, 50, 5, 0 ]
70 / 4950: [ 0, 1, 0, 0, 0 ], [ 0, 51, 5, 0 ]
71 / 4950: [ 0, 1, 0, 0, 0 ], [ 0, 52, 5, 0 ]
72 / 4950: [ 0, 1, 0, 0, 0 ], [ 0, 53, 5, 0 ]
73 / 4950: [ 0, 1, 0, 0, 0 ], [ 0, 54, 5, 0 ]
74 / 4950: [ 0, 1, 0, 0, 0 ], [ 0, 55, 5, 0 ]
75 / 4950: [ 0, 1, 0, 0, 0 ], [ 0, 56, 5, 0 ]
76 / 4950: [ 0, 0, 0, 0, 0 ], [ 0, 56, 5, 0 ]
77 / 4950: [ 0, 1, 0, 0, 0 ], [ 0, 57, 5, 0 ]
78 / 4950: [ 0, 0, 1, 0, 0 ], [ 0, 57, 6, 0 ]
79 / 4950: [ 0, 1, 0, 0, 0 ], [ 0, 58, 6, 0 ]
80 / 4950: [ 0, 1, 0, 0, 0 ], [ 0, 59, 6, 0 ]
81 / 4950: [ 0, 1, 0, 0, 0 ], [ 0, 60, 6, 0 ]
82 / 4950: [ 0, 1, 0, 0, 0 ], [ 0, 61, 6, 0 ]
83 / 4950: [ 0, 1, 0, 0, 0 ], [ 0, 62, 6, 0 ]
84 / 4950: [ 0, 1, 0, 0, 0 ], [ 0, 63, 6, 0 ]
85 / 4950: [ 0, 1, 0, 0, 0 ], [ 0, 64, 6, 0 ]
86 / 4950: [ 0, 0, 0, 0, 0 ], [ 0, 64, 6, 0 ]
87 / 4950: [ 0, 1, 0, 0, 0 ], [ 0, 65, 6, 0 ]
88 / 4950: [ 0, 0, 0, 0, 0 ], [ 0, 65, 6, 0 ]
89 / 4950: [ 0, 0, 0, 1, 0 ], [ 0, 65, 6, 1 ]
90 / 4950: [ 0, 1, 0, 0, 0 ], [ 0, 66, 6, 1 ]
91 / 4950: [ 0, 1, 0, 0, 0 ], [ 0, 67, 6, 1 ]
92 / 4950: [ 0, 1, 0, 0, 0 ], [ 0, 68, 6, 1 ]
93 / 4950: [ 0, 1, 0, 0, 0 ], [ 0, 69, 6, 1 ]
94 / 4950: [ 0, 1, 0, 0, 0 ], [ 0, 70, 6, 1 ]
95 / 4950: [ 0, 1, 0, 0, 0 ], [ 0, 71, 6, 1 ]
96 / 4950: [ 0, 1, 0, 0, 0 ], [ 0, 72, 6, 1 ]
97 / 4950: [ 0, 1, 0, 0, 0 ], [ 0, 73, 6, 1 ]
98 / 4950: [ 0, 1, 0, 0, 0 ], [ 0, 74, 6, 1 ]
99 / 4950: [ 0, 1, 0, 0, 0 ], [ 0, 75, 6, 1 ]
100 / 4950: [ 0, 1, 0, 0, 0 ], [ 0, 76, 6, 1 ]
101 / 4950: [ 0, 0, 0, 0, 0 ], [ 0, 76, 6, 1 ]
102 / 4950: [ 0, 1, 0, 0, 0 ], [ 0, 77, 6, 1 ]
103 / 4950: [ 0, 1, 0, 0, 0 ], [ 0, 78, 6, 1 ]
104 / 4950: [ 0, 1, 0, 0, 0 ], [ 0, 79, 6, 1 ]
105 / 4950: [ 0, 1, 0, 0, 0 ], [ 0, 80, 6, 1 ]
106 / 4950: [ 0, 0, 0, 0, 0 ], [ 0, 80, 6, 1 ]
107 / 4950: [ 0, 1, 0, 0, 0 ], [ 0, 81, 6, 1 ]
108 / 4950: [ 0, 1, 0, 0, 0 ], [ 0, 82, 6, 1 ]
109 / 4950: [ 0, 1, 0, 0, 0 ], [ 0, 83, 6, 1 ]
110 / 4950: [ 0, 1, 0, 0, 0 ], [ 0, 84, 6, 1 ]
111 / 4950: [ 0, 1, 0, 0, 0 ], [ 0, 85, 6, 1 ]
112 / 4950: [ 0, 1, 0, 0, 0 ], [ 0, 86, 6, 1 ]
113 / 4950: [ 0, 1, 0, 0, 0 ], [ 0, 87, 6, 1 ]
114 / 4950: [ 0, 1, 0, 0, 0 ], [ 0, 88, 6, 1 ]
115 / 4950: [ 0, 0, 0, 0, 0 ], [ 0, 88, 6, 1 ]
116 / 4950: [ 0, 0, 1, 0, 0 ], [ 0, 88, 7, 1 ]
117 / 4950: [ 0, 1, 0, 0, 0 ], [ 0, 89, 7, 1 ]
118 / 4950: [ 0, 1, 0, 0, 0 ], [ 0, 90, 7, 1 ]
119 / 4950: [ 0, 1, 0, 0, 0 ], [ 0, 91, 7, 1 ]
120 / 4950: [ 0, 1, 0, 0, 0 ], [ 0, 92, 7, 1 ]
121 / 4950: [ 0, 1, 0, 0, 0 ], [ 0, 93, 7, 1 ]
122 / 4950: [ 0, 1, 0, 0, 0 ], [ 0, 94, 7, 1 ]
123 / 4950: [ 0, 0, 0, 0, 0 ], [ 0, 94, 7, 1 ]
124 / 4950: [ 0, 1, 0, 0, 0 ], [ 0, 95, 7, 1 ]
125 / 4950: [ 0, 0, 1, 0, 0 ], [ 0, 95, 8, 1 ]
126 / 4950: [ 0, 0, 0, 0, 0 ], [ 0, 95, 8, 1 ]
127 / 4950: [ 0, 1, 0, 0, 0 ], [ 0, 96, 8, 1 ]
128 / 4950: [ 0, 0, 0, 0, 0 ], [ 0, 96, 8, 1 ]
129 / 4950: [ 0, 0, 0, 0, 0 ], [ 0, 96, 8, 1 ]
130 / 4950: [ 0, 0, 0, 0, 0 ], [ 0, 96, 8, 1 ]
131 / 4950: [ 0, 0, 0, 0, 0 ], [ 0, 96, 8, 1 ]
132 / 4950: [ 0, 0, 1, 0, 0 ], [ 0, 96, 9, 1 ]
133 / 4950: [ 0, 1, 0, 0, 0 ], [ 0, 97, 9, 1 ]
134 / 4950: [ 0, 1, 0, 0, 0 ], [ 0, 98, 9, 1 ]
135 / 4950: [ 0, 0, 0, 0, 0 ], [ 0, 98, 9, 1 ]
136 / 4950: [ 0, 0, 0, 0, 0 ], [ 0, 98, 9, 1 ]
137 / 4950: [ 0, 1, 0, 0, 0 ], [ 0, 99, 9, 1 ]
138 / 4950: [ 0, 1, 0, 0, 0 ], [ 0, 100, 9, 1 ]
139 / 4950: [ 0, 1, 0, 0, 0 ], [ 0, 101, 9, 1 ]
140 / 4950: [ 0, 1, 0, 0, 0 ], [ 0, 102, 9, 1 ]
141 / 4950: [ 0, 1, 0, 0, 0 ], [ 0, 103, 9, 1 ]
142 / 4950: [ 0, 1, 0, 0, 0 ], [ 0, 104, 9, 1 ]
143 / 4950: [ 0, 1, 0, 0, 0 ], [ 0, 105, 9, 1 ]
144 / 4950: [ 0, 1, 0, 0, 0 ], [ 0, 106, 9, 1 ]
145 / 4950: [ 0, 0, 0, 0, 0 ], [ 0, 106, 9, 1 ]
146 / 4950: [ 0, 0, 0, 0, 0 ], [ 0, 106, 9, 1 ]
147 / 4950: [ 0, 1, 0, 0, 0 ], [ 0, 107, 9, 1 ]
148 / 4950: [ 0, 1, 0, 0, 0 ], [ 0, 108, 9, 1 ]
149 / 4950: [ 0, 1, 0, 0, 0 ], [ 0, 109, 9, 1 ]
150 / 4950: [ 0, 1, 0, 0, 0 ], [ 0, 110, 9, 1 ]
151 / 4950: [ 0, 1, 0, 0, 0 ], [ 0, 111, 9, 1 ]
152 / 4950: [ 0, 1, 0, 0, 0 ], [ 0, 112, 9, 1 ]
153 / 4950: [ 0, 1, 0, 0, 0 ], [ 0, 113, 9, 1 ]
154 / 4950: [ 0, 1, 0, 0, 0 ], [ 0, 114, 9, 1 ]
155 / 4950: [ 0, 1, 0, 0, 0 ], [ 0, 115, 9, 1 ]
156 / 4950: [ 0, 1, 0, 0, 0 ], [ 0, 116, 9, 1 ]
157 / 4950: [ 0, 1, 0, 0, 0 ], [ 0, 117, 9, 1 ]
158 / 4950: [ 0, 1, 0, 0, 0 ], [ 0, 118, 9, 1 ]
159 / 4950: [ 0, 1, 0, 0, 0 ], [ 0, 119, 9, 1 ]
160 / 4950: [ 0, 1, 0, 0, 0 ], [ 0, 120, 9, 1 ]
161 / 4950: [ 0, 1, 0, 0, 0 ], [ 0, 121, 9, 1 ]
162 / 4950: [ 0, 1, 0, 0, 0 ], [ 0, 122, 9, 1 ]
163 / 4950: [ 0, 0, 0, 0, 0 ], [ 0, 122, 9, 1 ]
164 / 4950: [ 0, 0, 1, 0, 0 ], [ 0, 122, 10, 1 ]
165 / 4950: [ 0, 1, 0, 0, 0 ], [ 0, 123, 10, 1 ]
166 / 4950: [ 0, 1, 0, 0, 0 ], [ 0, 124, 10, 1 ]
167 / 4950: [ 0, 1, 0, 0, 0 ], [ 0, 125, 10, 1 ]
168 / 4950: [ 0, 1, 0, 0, 0 ], [ 0, 126, 10, 1 ]
169 / 4950: [ 0, 1, 0, 0, 0 ], [ 0, 127, 10, 1 ]
170 / 4950: [ 0, 1, 0, 0, 0 ], [ 0, 128, 10, 1 ]
171 / 4950: [ 0, 1, 0, 0, 0 ], [ 0, 129, 10, 1 ]
172 / 4950: [ 0, 0, 0, 0, 0 ], [ 0, 129, 10, 1 ]
173 / 4950: [ 0, 0, 0, 0, 0 ], [ 0, 129, 10, 1 ]
174 / 4950: [ 0, 0, 0, 0, 0 ], [ 0, 129, 10, 1 ]
175 / 4950: [ 0, 0, 0, 0, 0 ], [ 0, 129, 10, 1 ]
176 / 4950: [ 0, 1, 0, 0, 0 ], [ 0, 130, 10, 1 ]
177 / 4950: [ 0, 0, 0, 0, 0 ], [ 0, 130, 10, 1 ]
178 / 4950: [ 0, 0, 0, 0, 0 ], [ 0, 130, 10, 1 ]
179 / 4950: [ 0, 0, 0, 0, 0 ], [ 0, 130, 10, 1 ]
180 / 4950: [ 0, 0, 0, 0, 0 ], [ 0, 130, 10, 1 ]
181 / 4950: [ 0, 0, 0, 0, 0 ], [ 0, 130, 10, 1 ]
182 / 4950: [ 0, 0, 0, 0, 0 ], [ 0, 130, 10, 1 ]
183 / 4950: [ 0, 0, 0, 0, 0 ], [ 0, 130, 10, 1 ]
184 / 4950: [ 0, 0, 0, 0, 0 ], [ 0, 130, 10, 1 ]
185 / 4950: [ 0, 1, 0, 0, 0 ], [ 0, 131, 10, 1 ]
186 / 4950: [ 0, 0, 0, 0, 0 ], [ 0, 131, 10, 1 ]
187 / 4950: [ 0, 1, 0, 0, 0 ], [ 0, 132, 10, 1 ]
188 / 4950: [ 0, 0, 0, 0, 0 ], [ 0, 132, 10, 1 ]
189 / 4950: [ 0, 0, 0, 0, 0 ], [ 0, 132, 10, 1 ]
190 / 4950: [ 0, 0, 0, 0, 0 ], [ 0, 132, 10, 1 ]
191 / 4950: [ 0, 1, 0, 0, 0 ], [ 0, 133, 10, 1 ]
192 / 4950: [ 0, 1, 0, 0, 0 ], [ 0, 134, 10, 1 ]
193 / 4950: [ 0, 0, 1, 0, 0 ], [ 0, 134, 11, 1 ]
194 / 4950: [ 0, 1, 0, 0, 0 ], [ 0, 135, 11, 1 ]
195 / 4950: [ 0, 1, 0, 0, 0 ], [ 0, 136, 11, 1 ]
196 / 4950: [ 0, 1, 0, 0, 0 ], [ 0, 137, 11, 1 ]
197 / 4950: [ 0, 1, 0, 0, 0 ], [ 0, 138, 11, 1 ]
198 / 4950: [ 0, 1, 0, 0, 0 ], [ 0, 139, 11, 1 ]
199 / 4950: [ 0, 0, 1, 0, 0 ], [ 0, 139, 12, 1 ]
200 / 4950: [ 0, 0, 0, 0, 0 ], [ 0, 139, 12, 1 ]
201 / 4950: [ 0, 1, 0, 0, 0 ], [ 0, 140, 12, 1 ]
202 / 4950: [ 0, 1, 0, 0, 0 ], [ 0, 141, 12, 1 ]
203 / 4950: [ 0, 1, 0, 0, 0 ], [ 0, 142, 12, 1 ]
204 / 4950: [ 0, 1, 0, 0, 0 ], [ 0, 143, 12, 1 ]
205 / 4950: [ 0, 1, 0, 0, 0 ], [ 0, 144, 12, 1 ]
206 / 4950: [ 0, 1, 0, 0, 0 ], [ 0, 145, 12, 1 ]
207 / 4950: [ 0, 1, 0, 0, 0 ], [ 0, 146, 12, 1 ]
208 / 4950: [ 0, 1, 0, 0, 0 ], [ 0, 147, 12, 1 ]
209 / 4950: [ 0, 1, 0, 0, 0 ], [ 0, 148, 12, 1 ]
210 / 4950: [ 0, 0, 0, 0, 0 ], [ 0, 148, 12, 1 ]
211 / 4950: [ 0, 1, 0, 0, 0 ], [ 0, 149, 12, 1 ]
212 / 4950: [ 0, 1, 0, 0, 0 ], [ 0, 150, 12, 1 ]
213 / 4950: [ 0, 1, 0, 0, 0 ], [ 0, 151, 12, 1 ]
214 / 4950: [ 0, 0, 0, 0, 0 ], [ 0, 151, 12, 1 ]
215 / 4950: [ 0, 1, 0, 0, 0 ], [ 0, 152, 12, 1 ]
216 / 4950: [ 0, 1, 0, 0, 0 ], [ 0, 153, 12, 1 ]
217 / 4950: [ 0, 1, 0, 0, 0 ], [ 0, 154, 12, 1 ]
218 / 4950: [ 0, 0, 0, 0, 0 ], [ 0, 154, 12, 1 ]
219 / 4950: [ 0, 1, 0, 0, 0 ], [ 0, 155, 12, 1 ]
220 / 4950: [ 0, 0, 0, 0, 0 ], [ 0, 155, 12, 1 ]
221 / 4950: [ 0, 1, 0, 0, 0 ], [ 0, 156, 12, 1 ]
222 / 4950: [ 0, 1, 0, 0, 0 ], [ 0, 157, 12, 1 ]
223 / 4950: [ 0, 1, 0, 0, 0 ], [ 0, 158, 12, 1 ]
224 / 4950: [ 0, 1, 0, 0, 0 ], [ 0, 159, 12, 1 ]
225 / 4950: [ 0, 1, 0, 0, 0 ], [ 0, 160, 12, 1 ]
226 / 4950: [ 0, 1, 0, 0, 0 ], [ 0, 161, 12, 1 ]
227 / 4950: [ 0, 0, 0, 0, 0 ], [ 0, 161, 12, 1 ]
228 / 4950: [ 0, 0, 0, 0, 0 ], [ 0, 161, 12, 1 ]
229 / 4950: [ 0, 1, 0, 0, 0 ], [ 0, 162, 12, 1 ]
230 / 4950: [ 0, 0, 0, 0, 0 ], [ 0, 162, 12, 1 ]
231 / 4950: [ 0, 0, 0, 0, 0 ], [ 0, 162, 12, 1 ]
232 / 4950: [ 0, 0, 0, 0, 0 ], [ 0, 162, 12, 1 ]
233 / 4950: [ 0, 0, 1, 0, 0 ], [ 0, 162, 13, 1 ]
234 / 4950: [ 0, 1, 0, 0, 0 ], [ 0, 163, 13, 1 ]
235 / 4950: [ 0, 0, 1, 0, 0 ], [ 0, 163, 14, 1 ]
236 / 4950: [ 0, 0, 0, 0, 0 ], [ 0, 163, 14, 1 ]
237 / 4950: [ 0, 0, 0, 0, 0 ], [ 0, 163, 14, 1 ]
238 / 4950: [ 0, 0, 0, 0, 0 ], [ 0, 163, 14, 1 ]
239 / 4950: [ 0, 0, 0, 0, 0 ], [ 0, 163, 14, 1 ]
240 / 4950: [ 0, 0, 1, 0, 0 ], [ 0, 163, 15, 1 ]
241 / 4950: [ 0, 0, 0, 0, 0 ], [ 0, 163, 15, 1 ]
242 / 4950: [ 0, 0, 1, 0, 0 ], [ 0, 163, 16, 1 ]
243 / 4950: [ 0, 0, 0, 0, 0 ], [ 0, 163, 16, 1 ]
244 / 4950: [ 0, 0, 1, 0, 0 ], [ 0, 163, 17, 1 ]
245 / 4950: [ 0, 0, 1, 0, 0 ], [ 0, 163, 18, 1 ]
246 / 4950: [ 0, 0, 1, 0, 0 ], [ 0, 163, 19, 1 ]
247 / 4950: [ 0, 0, 0, 0, 0 ], [ 0, 163, 19, 1 ]
248 / 4950: [ 0, 0, 0, 0, 0 ], [ 0, 163, 19, 1 ]
249 / 4950: [ 0, 0, 0, 0, 0 ], [ 0, 163, 19, 1 ]
250 / 4950: [ 0, 0, 0, 0, 0 ], [ 0, 163, 19, 1 ]
251 / 4950: [ 0, 0, 0, 0, 0 ], [ 0, 163, 19, 1 ]
252 / 4950: [ 0, 0, 0, 0, 0 ], [ 0, 163, 19, 1 ]
253 / 4950: [ 0, 0, 0, 0, 0 ], [ 0, 163, 19, 1 ]
254 / 4950: [ 0, 0, 0, 0, 0 ], [ 0, 163, 19, 1 ]
255 / 4950: [ 0, 0, 1, 0, 0 ], [ 0, 163, 20, 1 ]
256 / 4950: [ 0, 0, 0, 0, 0 ], [ 0, 163, 20, 1 ]
257 / 4950: [ 0, 1, 0, 0, 0 ], [ 0, 164, 20, 1 ]
258 / 4950: [ 0, 1, 0, 0, 0 ], [ 0, 165, 20, 1 ]
259 / 4950: [ 0, 1, 0, 0, 0 ], [ 0, 166, 20, 1 ]
260 / 4950: [ 0, 0, 0, 0, 0 ], [ 0, 166, 20, 1 ]
261 / 4950: [ 0, 1, 0, 0, 0 ], [ 0, 167, 20, 1 ]
262 / 4950: [ 0, 0, 0, 0, 0 ], [ 0, 167, 20, 1 ]
263 / 4950: [ 0, 0, 0, 0, 0 ], [ 0, 167, 20, 1 ]
264 / 4950: [ 0, 0, 0, 0, 0 ], [ 0, 167, 20, 1 ]
265 / 4950: [ 0, 0, 0, 0, 0 ], [ 0, 167, 20, 1 ]
266 / 4950: [ 0, 1, 0, 0, 0 ], [ 0, 168, 20, 1 ]
267 / 4950: [ 0, 0, 0, 0, 0 ], [ 0, 168, 20, 1 ]
268 / 4950: [ 0, 1, 0, 0, 0 ], [ 0, 169, 20, 1 ]
269 / 4950: [ 0, 1, 0, 0, 0 ], [ 0, 170, 20, 1 ]
270 / 4950: [ 0, 0, 0, 0, 0 ], [ 0, 170, 20, 1 ]
271 / 4950: [ 0, 1, 0, 0, 0 ], [ 0, 171, 20, 1 ]
272 / 4950: [ 0, 1, 0, 0, 0 ], [ 0, 172, 20, 1 ]
273 / 4950: [ 0, 0, 0, 0, 0 ], [ 0, 172, 20, 1 ]
274 / 4950: [ 0, 1, 0, 0, 0 ], [ 0, 173, 20, 1 ]
275 / 4950: [ 0, 0, 0, 0, 0 ], [ 0, 173, 20, 1 ]
276 / 4950: [ 0, 0, 0, 0, 0 ], [ 0, 173, 20, 1 ]
277 / 4950: [ 0, 1, 0, 0, 0 ], [ 0, 174, 20, 1 ]
278 / 4950: [ 0, 1, 0, 0, 0 ], [ 0, 175, 20, 1 ]
279 / 4950: [ 0, 0, 0, 1, 0 ], [ 0, 175, 20, 2 ]
280 / 4950: [ 0, 1, 0, 0, 0 ], [ 0, 176, 20, 2 ]
281 / 4950: [ 0, 1, 0, 0, 0 ], [ 0, 177, 20, 2 ]
282 / 4950: [ 0, 1, 0, 0, 0 ], [ 0, 178, 20, 2 ]
283 / 4950: [ 0, 1, 0, 0, 0 ], [ 0, 179, 20, 2 ]
284 / 4950: [ 0, 0, 0, 1, 0 ], [ 0, 179, 20, 3 ]
285 / 4950: [ 0, 0, 0, 1, 0 ], [ 0, 179, 20, 4 ]
286 / 4950: [ 0, 0, 0, 0, 0 ], [ 0, 179, 20, 4 ]
287 / 4950: [ 0, 1, 0, 0, 0 ], [ 0, 180, 20, 4 ]
288 / 4950: [ 0, 0, 0, 0, 0 ], [ 0, 180, 20, 4 ]
289 / 4950: [ 0, 1, 0, 0, 0 ], [ 0, 181, 20, 4 ]
290 / 4950: [ 0, 1, 0, 0, 0 ], [ 0, 182, 20, 4 ]
291 / 4950: [ 0, 0, 0, 1, 0 ], [ 0, 182, 20, 5 ]
292 / 4950: [ 0, 0, 0, 0, 0 ], [ 0, 182, 20, 5 ]
293 / 4950: [ 0, 1, 0, 0, 0 ], [ 0, 183, 20, 5 ]
294 / 4950: [ 0, 1, 0, 0, 0 ], [ 0, 184, 20, 5 ]
295 / 4950: [ 0, 1, 0, 0, 0 ], [ 0, 185, 20, 5 ]
296 / 4950: [ 0, 0, 0, 0, 0 ], [ 0, 185, 20, 5 ]
297 / 4950: [ 0, 1, 0, 0, 0 ], [ 0, 186, 20, 5 ]
298 / 4950: [ 0, 1, 0, 0, 0 ], [ 0, 187, 20, 5 ]
299 / 4950: [ 0, 0, 0, 1, 0 ], [ 0, 187, 20, 6 ]
300 / 4950: [ 0, 0, 0, 0, 0 ], [ 0, 187, 20, 6 ]
301 / 4950: [ 0, 1, 0, 0, 0 ], [ 0, 188, 20, 6 ]
302 / 4950: [ 0, 1, 0, 0, 0 ], [ 0, 189, 20, 6 ]
303 / 4950: [ 0, 1, 0, 0, 0 ], [ 0, 190, 20, 6 ]
304 / 4950: [ 0, 1, 0, 0, 0 ], [ 0, 191, 20, 6 ]
305 / 4950: [ 0, 1, 0, 0, 0 ], [ 0, 192, 20, 6 ]
306 / 4950: [ 0, 1, 0, 0, 0 ], [ 0, 193, 20, 6 ]
307 / 4950: [ 0, 1, 0, 0, 0 ], [ 0, 194, 20, 6 ]
308 / 4950: [ 0, 0, 0, 0, 0 ], [ 0, 194, 20, 6 ]
309 / 4950: [ 0, 1, 0, 0, 0 ], [ 0, 195, 20, 6 ]
310 / 4950: [ 0, 0, 0, 0, 0 ], [ 0, 195, 20, 6 ]
311 / 4950: [ 0, 0, 0, 0, 0 ], [ 0, 195, 20, 6 ]
312 / 4950: [ 0, 1, 0, 0, 0 ], [ 0, 196, 20, 6 ]
313 / 4950: [ 0, 1, 0, 0, 0 ], [ 0, 197, 20, 6 ]
314 / 4950: [ 0, 1, 0, 0, 0 ], [ 0, 198, 20, 6 ]
315 / 4950: [ 0, 0, 0, 0, 0 ], [ 0, 198, 20, 6 ]
316 / 4950: [ 0, 1, 0, 0, 0 ], [ 0, 199, 20, 6 ]
317 / 4950: [ 0, 1, 0, 0, 0 ], [ 0, 200, 20, 6 ]
318 / 4950: [ 0, 1, 0, 0, 0 ], [ 0, 201, 20, 6 ]
319 / 4950: [ 0, 1, 0, 0, 0 ], [ 0, 202, 20, 6 ]
320 / 4950: [ 0, 0, 0, 0, 0 ], [ 0, 202, 20, 6 ]
321 / 4950: [ 0, 1, 0, 0, 0 ], [ 0, 203, 20, 6 ]
322 / 4950: [ 0, 1, 0, 0, 0 ], [ 0, 204, 20, 6 ]
323 / 4950: [ 0, 0, 0, 0, 0 ], [ 0, 204, 20, 6 ]
324 / 4950: [ 0, 0, 0, 0, 0 ], [ 0, 204, 20, 6 ]
325 / 4950: [ 0, 1, 0, 0, 0 ], [ 0, 205, 20, 6 ]
326 / 4950: [ 0, 0, 0, 0, 1 ], [ 0, 205, 20, 7 ]
327 / 4950: [ 0, 0, 0, 0, 0 ], [ 0, 205, 20, 7 ]
328 / 4950: [ 0, 0, 0, 1, 0 ], [ 0, 205, 20, 8 ]
329 / 4950: [ 0, 0, 0, 0, 0 ], [ 0, 205, 20, 8 ]
330 / 4950: [ 0, 1, 0, 0, 0 ], [ 0, 206, 20, 8 ]
331 / 4950: [ 0, 0, 0, 0, 0 ], [ 0, 206, 20, 8 ]
332 / 4950: [ 0, 0, 0, 0, 0 ], [ 0, 206, 20, 8 ]
333 / 4950: [ 0, 0, 0, 0, 0 ], [ 0, 206, 20, 8 ]
334 / 4950: [ 0, 0, 0, 0, 0 ], [ 0, 206, 20, 8 ]
335 / 4950: [ 0, 0, 0, 0, 0 ], [ 0, 206, 20, 8 ]
336 / 4950: [ 0, 0, 0, 1, 0 ], [ 0, 206, 20, 9 ]
337 / 4950: [ 0, 0, 0, 0, 0 ], [ 0, 206, 20, 9 ]
338 / 4950: [ 0, 0, 0, 0, 0 ], [ 0, 206, 20, 9 ]
339 / 4950: [ 0, 0, 0, 0, 1 ], [ 0, 206, 20, 10 ]
340 / 4950: [ 0, 0, 0, 0, 0 ], [ 0, 206, 20, 10 ]
341 / 4950: [ 0, 0, 0, 0, 0 ], [ 0, 206, 20, 10 ]
342 / 4950: [ 0, 0, 0, 0, 0 ], [ 0, 206, 20, 10 ]
343 / 4950: [ 0, 0, 0, 1, 0 ], [ 0, 206, 20, 11 ]
344 / 4950: [ 0, 0, 0, 0, 0 ], [ 0, 206, 20, 11 ]
345 / 4950: [ 0, 0, 0, 0, 0 ], [ 0, 206, 20, 11 ]
346 / 4950: [ 0, 0, 0, 0, 0 ], [ 0, 206, 20, 11 ]
347 / 4950: [ 0, 0, 0, 0, 0 ], [ 0, 206, 20, 11 ]
348 / 4950: [ 0, 0, 0, 1, 0 ], [ 0, 206, 20, 12 ]
349 / 4950: [ 0, 0, 0, 0, 0 ], [ 0, 206, 20, 12 ]
350 / 4950: [ 0, 0, 0, 1, 0 ], [ 0, 206, 20, 13 ]
351 / 4950: [ 0, 0, 0, 0, 0 ], [ 0, 206, 20, 13 ]
352 / 4950: [ 0, 0, 1, 0, 0 ], [ 0, 206, 21, 13 ]
353 / 4950: [ 0, 0, 0, 0, 0 ], [ 0, 206, 21, 13 ]
354 / 4950: [ 0, 1, 0, 0, 0 ], [ 0, 207, 21, 13 ]
355 / 4950: [ 0, 0, 0, 0, 0 ], [ 0, 207, 21, 13 ]
356 / 4950: [ 0, 1, 0, 0, 0 ], [ 0, 208, 21, 13 ]
357 / 4950: [ 0, 0, 0, 0, 0 ], [ 0, 208, 21, 13 ]
358 / 4950: [ 0, 0, 0, 0, 0 ], [ 0, 208, 21, 13 ]
359 / 4950: [ 0, 0, 0, 0, 0 ], [ 0, 208, 21, 13 ]
360 / 4950: [ 0, 0, 0, 0, 0 ], [ 0, 208, 21, 13 ]
361 / 4950: [ 0, 0, 0, 0, 0 ], [ 0, 208, 21, 13 ]
362 / 4950: [ 0, 1, 0, 0, 0 ], [ 0, 209, 21, 13 ]
363 / 4950: [ 0, 0, 0, 0, 0 ], [ 0, 209, 21, 13 ]
364 / 4950: [ 0, 0, 0, 0, 0 ], [ 0, 209, 21, 13 ]
365 / 4950: [ 0, 0, 1, 0, 0 ], [ 0, 209, 22, 13 ]
366 / 4950: [ 0, 0, 0, 0, 0 ], [ 0, 209, 22, 13 ]
367 / 4950: [ 0, 0, 0, 0, 0 ], [ 0, 209, 22, 13 ]
368 / 4950: [ 0, 0, 0, 0, 0 ], [ 0, 209, 22, 13 ]
369 / 4950: [ 0, 1, 0, 0, 0 ], [ 0, 210, 22, 13 ]
370 / 4950: [ 0, 0, 0, 0, 0 ], [ 0, 210, 22, 13 ]
371 / 4950: [ 0, 0, 0, 0, 0 ], [ 0, 210, 22, 13 ]
372 / 4950: [ 0, 0, 0, 0, 0 ], [ 0, 210, 22, 13 ]
373 / 4950: [ 0, 0, 0, 0, 0 ], [ 0, 210, 22, 13 ]
374 / 4950: [ 0, 1, 0, 0, 0 ], [ 0, 211, 22, 13 ]
375 / 4950: [ 0, 0, 0, 0, 0 ], [ 0, 211, 22, 13 ]
376 / 4950: [ 0, 0, 0, 1, 0 ], [ 0, 211, 22, 14 ]
377 / 4950: [ 0, 0, 0, 0, 0 ], [ 0, 211, 22, 14 ]
378 / 4950: [ 1, 0, 0, 0, 0 ], [ 1, 211, 22, 14 ]
379 / 4950: [ 0, 0, 1, 0, 0 ], [ 1, 211, 23, 14 ]
380 / 4950: [ 0, 1, 0, 0, 0 ], [ 1, 212, 23, 14 ]
381 / 4950: [ 0, 1, 0, 0, 0 ], [ 1, 213, 23, 14 ]
382 / 4950: [ 0, 0, 1, 0, 0 ], [ 1, 213, 24, 14 ]
383 / 4950: [ 0, 1, 0, 0, 0 ], [ 1, 214, 24, 14 ]
384 / 4950: [ 0, 1, 0, 0, 0 ], [ 1, 215, 24, 14 ]
385 / 4950: [ 0, 1, 0, 0, 0 ], [ 1, 216, 24, 14 ]
386 / 4950: [ 0, 0, 1, 0, 0 ], [ 1, 216, 25, 14 ]
387 / 4950: [ 0, 1, 0, 0, 0 ], [ 1, 217, 25, 14 ]
388 / 4950: [ 0, 0, 0, 0, 0 ], [ 1, 217, 25, 14 ]
389 / 4950: [ 0, 0, 1, 0, 0 ], [ 1, 217, 26, 14 ]
390 / 4950: [ 0, 1, 0, 0, 0 ], [ 1, 218, 26, 14 ]
391 / 4950: [ 0, 0, 0, 0, 0 ], [ 1, 218, 26, 14 ]
392 / 4950: [ 0, 1, 0, 0, 0 ], [ 1, 219, 26, 14 ]
393 / 4950: [ 0, 1, 0, 0, 0 ], [ 1, 220, 26, 14 ]
394 / 4950: [ 0, 1, 0, 0, 0 ], [ 1, 221, 26, 14 ]
395 / 4950: [ 0, 0, 0, 0, 0 ], [ 1, 221, 26, 14 ]
396 / 4950: [ 0, 0, 0, 0, 0 ], [ 1, 221, 26, 14 ]
397 / 4950: [ 0, 1, 0, 0, 0 ], [ 1, 222, 26, 14 ]
398 / 4950: [ 0, 1, 0, 0, 0 ], [ 1, 223, 26, 14 ]
399 / 4950: [ 0, 0, 1, 0, 0 ], [ 1, 223, 27, 14 ]
400 / 4950: [ 0, 1, 0, 0, 0 ], [ 1, 224, 27, 14 ]
401 / 4950: [ 0, 0, 0, 0, 0 ], [ 1, 224, 27, 14 ]
402 / 4950: [ 0, 0, 0, 0, 0 ], [ 1, 224, 27, 14 ]
403 / 4950: [ 0, 0, 0, 0, 0 ], [ 1, 224, 27, 14 ]
404 / 4950: [ 0, 1, 0, 0, 0 ], [ 1, 225, 27, 14 ]
405 / 4950: [ 0, 0, 0, 0, 0 ], [ 1, 225, 27, 14 ]
406 / 4950: [ 0, 0, 0, 0, 0 ], [ 1, 225, 27, 14 ]
407 / 4950: [ 0, 0, 1, 0, 0 ], [ 1, 225, 28, 14 ]
408 / 4950: [ 0, 1, 0, 0, 0 ], [ 1, 226, 28, 14 ]
409 / 4950: [ 0, 1, 0, 0, 0 ], [ 1, 227, 28, 14 ]
410 / 4950: [ 0, 0, 1, 0, 0 ], [ 1, 227, 29, 14 ]
411 / 4950: [ 0, 1, 0, 0, 0 ], [ 1, 228, 29, 14 ]
412 / 4950: [ 0, 1, 0, 0, 0 ], [ 1, 229, 29, 14 ]
413 / 4950: [ 0, 1, 0, 0, 0 ], [ 1, 230, 29, 14 ]
414 / 4950: [ 0, 0, 1, 0, 0 ], [ 1, 230, 30, 14 ]
415 / 4950: [ 0, 1, 0, 0, 0 ], [ 1, 231, 30, 14 ]
416 / 4950: [ 0, 0, 0, 0, 0 ], [ 1, 231, 30, 14 ]
417 / 4950: [ 0, 1, 0, 0, 0 ], [ 1, 232, 30, 14 ]
418 / 4950: [ 0, 1, 0, 0, 0 ], [ 1, 233, 30, 14 ]
419 / 4950: [ 0, 0, 0, 0, 0 ], [ 1, 233, 30, 14 ]
420 / 4950: [ 0, 1, 0, 0, 0 ], [ 1, 234, 30, 14 ]
421 / 4950: [ 0, 0, 1, 0, 0 ], [ 1, 234, 31, 14 ]
422 / 4950: [ 0, 1, 0, 0, 0 ], [ 1, 235, 31, 14 ]
423 / 4950: [ 0, 0, 0, 0, 0 ], [ 1, 235, 31, 14 ]
424 / 4950: [ 0, 1, 0, 0, 0 ], [ 1, 236, 31, 14 ]
425 / 4950: [ 0, 1, 0, 0, 0 ], [ 1, 237, 31, 14 ]
426 / 4950: [ 0, 0, 0, 0, 0 ], [ 1, 237, 31, 14 ]
427 / 4950: [ 0, 0, 1, 0, 0 ], [ 1, 237, 32, 14 ]
428 / 4950: [ 0, 1, 0, 0, 0 ], [ 1, 238, 32, 14 ]
429 / 4950: [ 0, 0, 1, 0, 0 ], [ 1, 238, 33, 14 ]
430 / 4950: [ 0, 0, 0, 0, 0 ], [ 1, 238, 33, 14 ]
431 / 4950: [ 0, 0, 0, 0, 0 ], [ 1, 238, 33, 14 ]
432 / 4950: [ 0, 1, 0, 0, 0 ], [ 1, 239, 33, 14 ]
433 / 4950: [ 0, 0, 0, 1, 0 ], [ 1, 239, 33, 15 ]
434 / 4950: [ 0, 1, 0, 0, 0 ], [ 1, 240, 33, 15 ]
435 / 4950: [ 0, 1, 0, 0, 0 ], [ 1, 241, 33, 15 ]
436 / 4950: [ 0, 1, 0, 0, 0 ], [ 1, 242, 33, 15 ]
437 / 4950: [ 0, 1, 0, 0, 0 ], [ 1, 243, 33, 15 ]
438 / 4950: [ 0, 0, 0, 0, 0 ], [ 1, 243, 33, 15 ]
439 / 4950: [ 0, 1, 0, 0, 0 ], [ 1, 244, 33, 15 ]
440 / 4950: [ 0, 1, 0, 0, 0 ], [ 1, 245, 33, 15 ]
441 / 4950: [ 0, 1, 0, 0, 0 ], [ 1, 246, 33, 15 ]
442 / 4950: [ 0, 1, 0, 0, 0 ], [ 1, 247, 33, 15 ]
443 / 4950: [ 0, 1, 0, 0, 0 ], [ 1, 248, 33, 15 ]
444 / 4950: [ 0, 0, 0, 0, 0 ], [ 1, 248, 33, 15 ]
445 / 4950: [ 0, 0, 0, 0, 0 ], [ 1, 248, 33, 15 ]
446 / 4950: [ 0, 0, 0, 0, 0 ], [ 1, 248, 33, 15 ]
447 / 4950: [ 0, 0, 0, 0, 0 ], [ 1, 248, 33, 15 ]
448 / 4950: [ 0, 1, 0, 0, 0 ], [ 1, 249, 33, 15 ]
449 / 4950: [ 0, 1, 0, 0, 0 ], [ 1, 250, 33, 15 ]
450 / 4950: [ 0, 1, 0, 0, 0 ], [ 1, 251, 33, 15 ]
451 / 4950: [ 0, 1, 0, 0, 0 ], [ 1, 252, 33, 15 ]
452 / 4950: [ 0, 1, 0, 0, 0 ], [ 1, 253, 33, 15 ]
453 / 4950: [ 0, 1, 0, 0, 0 ], [ 1, 254, 33, 15 ]
454 / 4950: [ 0, 1, 0, 0, 0 ], [ 1, 255, 33, 15 ]
455 / 4950: [ 0, 0, 0, 0, 0 ], [ 1, 255, 33, 15 ]
456 / 4950: [ 0, 1, 0, 0, 0 ], [ 1, 256, 33, 15 ]
457 / 4950: [ 0, 0, 0, 0, 0 ], [ 1, 256, 33, 15 ]
458 / 4950: [ 0, 0, 0, 0, 0 ], [ 1, 256, 33, 15 ]
459 / 4950: [ 0, 1, 0, 0, 0 ], [ 1, 257, 33, 15 ]
460 / 4950: [ 0, 1, 0, 0, 0 ], [ 1, 258, 33, 15 ]
461 / 4950: [ 0, 1, 0, 0, 0 ], [ 1, 259, 33, 15 ]
462 / 4950: [ 0, 0, 0, 0, 0 ], [ 1, 259, 33, 15 ]
463 / 4950: [ 0, 0, 0, 0, 0 ], [ 1, 259, 33, 15 ]
464 / 4950: [ 0, 0, 1, 0, 0 ], [ 1, 259, 34, 15 ]
465 / 4950: [ 0, 0, 0, 0, 0 ], [ 1, 259, 34, 15 ]
466 / 4950: [ 0, 1, 0, 0, 0 ], [ 1, 260, 34, 15 ]
467 / 4950: [ 0, 0, 0, 0, 0 ], [ 1, 260, 34, 15 ]
468 / 4950: [ 0, 0, 0, 0, 0 ], [ 1, 260, 34, 15 ]
469 / 4950: [ 0, 0, 0, 0, 0 ], [ 1, 260, 34, 15 ]
470 / 4950: [ 0, 0, 0, 0, 0 ], [ 1, 260, 34, 15 ]
471 / 4950: [ 0, 1, 0, 0, 0 ], [ 1, 261, 34, 15 ]
472 / 4950: [ 0, 0, 0, 0, 0 ], [ 1, 261, 34, 15 ]
473 / 4950: [ 0, 0, 0, 0, 0 ], [ 1, 261, 34, 15 ]
474 / 4950: [ 0, 0, 0, 0, 0 ], [ 1, 261, 34, 15 ]
475 / 4950: [ 0, 0, 0, 0, 0 ], [ 1, 261, 34, 15 ]
476 / 4950: [ 0, 0, 0, 0, 0 ], [ 1, 261, 34, 15 ]
477 / 4950: [ 0, 0, 0, 0, 0 ], [ 1, 261, 34, 15 ]
478 / 4950: [ 0, 0, 0, 0, 0 ], [ 1, 261, 34, 15 ]
479 / 4950: [ 0, 0, 0, 0, 0 ], [ 1, 261, 34, 15 ]
480 / 4950: [ 0, 0, 0, 0, 0 ], [ 1, 261, 34, 15 ]
481 / 4950: [ 0, 0, 0, 0, 0 ], [ 1, 261, 34, 15 ]
482 / 4950: [ 0, 1, 0, 0, 0 ], [ 1, 262, 34, 15 ]
483 / 4950: [ 0, 0, 0, 0, 0 ], [ 1, 262, 34, 15 ]
484 / 4950: [ 0, 1, 0, 0, 0 ], [ 1, 263, 34, 15 ]
485 / 4950: [ 0, 1, 0, 0, 0 ], [ 1, 264, 34, 15 ]
486 / 4950: [ 0, 0, 0, 0, 0 ], [ 1, 264, 34, 15 ]
487 / 4950: [ 0, 0, 0, 0, 0 ], [ 1, 264, 34, 15 ]
488 / 4950: [ 0, 0, 0, 0, 0 ], [ 1, 264, 34, 15 ]
489 / 4950: [ 0, 0, 0, 0, 0 ], [ 1, 264, 34, 15 ]
490 / 4950: [ 0, 1, 0, 0, 0 ], [ 1, 265, 34, 15 ]
491 / 4950: [ 0, 0, 0, 0, 0 ], [ 1, 265, 34, 15 ]
492 / 4950: [ 0, 0, 0, 0, 0 ], [ 1, 265, 34, 15 ]
493 / 4950: [ 0, 0, 0, 0, 0 ], [ 1, 265, 34, 15 ]
494 / 4950: [ 0, 0, 0, 0, 0 ], [ 1, 265, 34, 15 ]
495 / 4950: [ 0, 0, 0, 0, 0 ], [ 1, 265, 34, 15 ]
496 / 4950: [ 0, 1, 0, 0, 0 ], [ 1, 266, 34, 15 ]
497 / 4950: [ 0, 1, 0, 0, 0 ], [ 1, 267, 34, 15 ]
498 / 4950: [ 0, 1, 0, 0, 0 ], [ 1, 268, 34, 15 ]
499 / 4950: [ 0, 1, 0, 0, 0 ], [ 1, 269, 34, 15 ]
500 / 4950: [ 0, 0, 1, 0, 0 ], [ 1, 269, 35, 15 ]
501 / 4950: [ 0, 1, 0, 0, 0 ], [ 1, 270, 35, 15 ]
502 / 4950: [ 0, 1, 0, 0, 0 ], [ 1, 271, 35, 15 ]
503 / 4950: [ 0, 1, 0, 0, 0 ], [ 1, 272, 35, 15 ]
504 / 4950: [ 0, 1, 0, 0, 0 ], [ 1, 273, 35, 15 ]
505 / 4950: [ 0, 1, 0, 0, 0 ], [ 1, 274, 35, 15 ]
506 / 4950: [ 0, 0, 0, 0, 0 ], [ 1, 274, 35, 15 ]
507 / 4950: [ 0, 1, 0, 0, 0 ], [ 1, 275, 35, 15 ]
508 / 4950: [ 0, 1, 0, 0, 0 ], [ 1, 276, 35, 15 ]
509 / 4950: [ 0, 1, 0, 0, 0 ], [ 1, 277, 35, 15 ]
510 / 4950: [ 0, 1, 0, 0, 0 ], [ 1, 278, 35, 15 ]
511 / 4950: [ 0, 1, 0, 0, 0 ], [ 1, 279, 35, 15 ]
512 / 4950: [ 0, 1, 0, 0, 0 ], [ 1, 280, 35, 15 ]
513 / 4950: [ 0, 0, 0, 0, 0 ], [ 1, 280, 35, 15 ]
514 / 4950: [ 0, 1, 0, 0, 0 ], [ 1, 281, 35, 15 ]
515 / 4950: [ 0, 1, 0, 0, 0 ], [ 1, 282, 35, 15 ]
516 / 4950: [ 0, 0, 0, 0, 0 ], [ 1, 282, 35, 15 ]
517 / 4950: [ 0, 0, 0, 0, 0 ], [ 1, 282, 35, 15 ]
518 / 4950: [ 0, 1, 0, 0, 0 ], [ 1, 283, 35, 15 ]
519 / 4950: [ 0, 1, 0, 0, 0 ], [ 1, 284, 35, 15 ]
520 / 4950: [ 0, 0, 0, 0, 0 ], [ 1, 284, 35, 15 ]
521 / 4950: [ 0, 0, 0, 1, 0 ], [ 1, 284, 35, 16 ]
522 / 4950: [ 0, 1, 0, 0, 0 ], [ 1, 285, 35, 16 ]
523 / 4950: [ 0, 0, 0, 1, 0 ], [ 1, 285, 35, 17 ]
524 / 4950: [ 0, 1, 0, 0, 0 ], [ 1, 286, 35, 17 ]
525 / 4950: [ 0, 1, 0, 0, 0 ], [ 1, 287, 35, 17 ]
526 / 4950: [ 0, 1, 0, 0, 0 ], [ 1, 288, 35, 17 ]
527 / 4950: [ 0, 0, 0, 0, 0 ], [ 1, 288, 35, 17 ]
528 / 4950: [ 0, 0, 0, 0, 0 ], [ 1, 288, 35, 17 ]
529 / 4950: [ 0, 1, 0, 0, 0 ], [ 1, 289, 35, 17 ]
530 / 4950: [ 0, 1, 0, 0, 0 ], [ 1, 290, 35, 17 ]
531 / 4950: [ 0, 1, 0, 0, 0 ], [ 1, 291, 35, 17 ]
532 / 4950: [ 0, 1, 0, 0, 0 ], [ 1, 292, 35, 17 ]
533 / 4950: [ 0, 1, 0, 0, 0 ], [ 1, 293, 35, 17 ]
534 / 4950: [ 0, 1, 0, 0, 0 ], [ 1, 294, 35, 17 ]
535 / 4950: [ 0, 1, 0, 0, 0 ], [ 1, 295, 35, 17 ]
536 / 4950: [ 0, 1, 0, 0, 0 ], [ 1, 296, 35, 17 ]
537 / 4950: [ 0, 1, 0, 0, 0 ], [ 1, 297, 35, 17 ]
538 / 4950: [ 0, 0, 0, 0, 0 ], [ 1, 297, 35, 17 ]
539 / 4950: [ 0, 1, 0, 0, 0 ], [ 1, 298, 35, 17 ]
540 / 4950: [ 0, 1, 0, 0, 0 ], [ 1, 299, 35, 17 ]
541 / 4950: [ 0, 1, 0, 0, 0 ], [ 1, 300, 35, 17 ]
542 / 4950: [ 0, 1, 0, 0, 0 ], [ 1, 301, 35, 17 ]
543 / 4950: [ 0, 1, 0, 0, 0 ], [ 1, 302, 35, 17 ]
544 / 4950: [ 0, 0, 0, 0, 0 ], [ 1, 302, 35, 17 ]
545 / 4950: [ 0, 1, 0, 0, 0 ], [ 1, 303, 35, 17 ]
546 / 4950: [ 0, 1, 0, 0, 0 ], [ 1, 304, 35, 17 ]
547 / 4950: [ 0, 0, 0, 0, 0 ], [ 1, 304, 35, 17 ]
548 / 4950: [ 0, 0, 0, 0, 0 ], [ 1, 304, 35, 17 ]
549 / 4950: [ 0, 1, 0, 0, 0 ], [ 1, 305, 35, 17 ]
550 / 4950: [ 0, 1, 0, 0, 0 ], [ 1, 306, 35, 17 ]
551 / 4950: [ 0, 0, 0, 0, 0 ], [ 1, 306, 35, 17 ]
552 / 4950: [ 0, 0, 0, 0, 0 ], [ 1, 306, 35, 17 ]
553 / 4950: [ 0, 1, 0, 0, 0 ], [ 1, 307, 35, 17 ]
554 / 4950: [ 0, 1, 0, 0, 0 ], [ 1, 308, 35, 17 ]
555 / 4950: [ 0, 0, 0, 0, 0 ], [ 1, 308, 35, 17 ]
556 / 4950: [ 0, 0, 0, 0, 0 ], [ 1, 308, 35, 17 ]
557 / 4950: [ 0, 0, 1, 0, 0 ], [ 1, 308, 36, 17 ]
558 / 4950: [ 0, 0, 0, 0, 0 ], [ 1, 308, 36, 17 ]
559 / 4950: [ 0, 1, 0, 0, 0 ], [ 1, 309, 36, 17 ]
560 / 4950: [ 0, 0, 0, 0, 0 ], [ 1, 309, 36, 17 ]
561 / 4950: [ 0, 1, 0, 0, 0 ], [ 1, 310, 36, 17 ]
562 / 4950: [ 0, 1, 0, 0, 0 ], [ 1, 311, 36, 17 ]
563 / 4950: [ 0, 1, 0, 0, 0 ], [ 1, 312, 36, 17 ]
564 / 4950: [ 0, 1, 0, 0, 0 ], [ 1, 313, 36, 17 ]
565 / 4950: [ 0, 1, 0, 0, 0 ], [ 1, 314, 36, 17 ]
566 / 4950: [ 0, 1, 0, 0, 0 ], [ 1, 315, 36, 17 ]
567 / 4950: [ 0, 1, 0, 0, 0 ], [ 1, 316, 36, 17 ]
568 / 4950: [ 0, 1, 0, 0, 0 ], [ 1, 317, 36, 17 ]
569 / 4950: [ 0, 1, 0, 0, 0 ], [ 1, 318, 36, 17 ]
570 / 4950: [ 0, 1, 0, 0, 0 ], [ 1, 319, 36, 17 ]
571 / 4950: [ 0, 0, 0, 0, 0 ], [ 1, 319, 36, 17 ]
572 / 4950: [ 0, 1, 0, 0, 0 ], [ 1, 320, 36, 17 ]
573 / 4950: [ 0, 1, 0, 0, 0 ], [ 1, 321, 36, 17 ]
574 / 4950: [ 0, 1, 0, 0, 0 ], [ 1, 322, 36, 17 ]
575 / 4950: [ 0, 1, 0, 0, 0 ], [ 1, 323, 36, 17 ]
576 / 4950: [ 0, 1, 0, 0, 0 ], [ 1, 324, 36, 17 ]
577 / 4950: [ 0, 1, 0, 0, 0 ], [ 1, 325, 36, 17 ]
578 / 4950: [ 0, 0, 0, 0, 0 ], [ 1, 325, 36, 17 ]
579 / 4950: [ 0, 1, 0, 0, 0 ], [ 1, 326, 36, 17 ]
580 / 4950: [ 0, 1, 0, 0, 0 ], [ 1, 327, 36, 17 ]
581 / 4950: [ 0, 0, 0, 0, 0 ], [ 1, 327, 36, 17 ]
582 / 4950: [ 0, 1, 0, 0, 0 ], [ 1, 328, 36, 17 ]
583 / 4950: [ 0, 1, 0, 0, 0 ], [ 1, 329, 36, 17 ]
584 / 4950: [ 0, 1, 0, 0, 0 ], [ 1, 330, 36, 17 ]
585 / 4950: [ 0, 1, 0, 0, 0 ], [ 1, 331, 36, 17 ]
586 / 4950: [ 0, 0, 0, 1, 0 ], [ 1, 331, 36, 18 ]
587 / 4950: [ 0, 0, 0, 0, 0 ], [ 1, 331, 36, 18 ]
588 / 4950: [ 0, 0, 0, 1, 0 ], [ 1, 331, 36, 19 ]
589 / 4950: [ 0, 1, 0, 0, 0 ], [ 1, 332, 36, 19 ]
590 / 4950: [ 0, 1, 0, 0, 0 ], [ 1, 333, 36, 19 ]
591 / 4950: [ 0, 0, 0, 0, 0 ], [ 1, 333, 36, 19 ]
592 / 4950: [ 0, 1, 0, 0, 0 ], [ 1, 334, 36, 19 ]
593 / 4950: [ 0, 0, 0, 0, 0 ], [ 1, 334, 36, 19 ]
594 / 4950: [ 0, 1, 0, 0, 0 ], [ 1, 335, 36, 19 ]
595 / 4950: [ 0, 1, 0, 0, 0 ], [ 1, 336, 36, 19 ]
596 / 4950: [ 0, 1, 0, 0, 0 ], [ 1, 337, 36, 19 ]
597 / 4950: [ 0, 1, 0, 0, 0 ], [ 1, 338, 36, 19 ]
598 / 4950: [ 0, 1, 0, 0, 0 ], [ 1, 339, 36, 19 ]
599 / 4950: [ 0, 1, 0, 0, 0 ], [ 1, 340, 36, 19 ]
600 / 4950: [ 0, 1, 0, 0, 0 ], [ 1, 341, 36, 19 ]
601 / 4950: [ 0, 1, 0, 0, 0 ], [ 1, 342, 36, 19 ]
602 / 4950: [ 0, 1, 0, 0, 0 ], [ 1, 343, 36, 19 ]
603 / 4950: [ 0, 1, 0, 0, 0 ], [ 1, 344, 36, 19 ]
604 / 4950: [ 0, 1, 0, 0, 0 ], [ 1, 345, 36, 19 ]
605 / 4950: [ 0, 0, 0, 0, 0 ], [ 1, 345, 36, 19 ]
606 / 4950: [ 0, 1, 0, 0, 0 ], [ 1, 346, 36, 19 ]
607 / 4950: [ 0, 1, 0, 0, 0 ], [ 1, 347, 36, 19 ]
608 / 4950: [ 0, 1, 0, 0, 0 ], [ 1, 348, 36, 19 ]
609 / 4950: [ 0, 1, 0, 0, 0 ], [ 1, 349, 36, 19 ]
610 / 4950: [ 0, 1, 0, 0, 0 ], [ 1, 350, 36, 19 ]
611 / 4950: [ 0, 1, 0, 0, 0 ], [ 1, 351, 36, 19 ]
612 / 4950: [ 0, 1, 0, 0, 0 ], [ 1, 352, 36, 19 ]
613 / 4950: [ 0, 1, 0, 0, 0 ], [ 1, 353, 36, 19 ]
614 / 4950: [ 0, 1, 0, 0, 0 ], [ 1, 354, 36, 19 ]
615 / 4950: [ 0, 0, 0, 0, 0 ], [ 1, 354, 36, 19 ]
616 / 4950: [ 0, 1, 0, 0, 0 ], [ 1, 355, 36, 19 ]
617 / 4950: [ 0, 1, 0, 0, 0 ], [ 1, 356, 36, 19 ]
618 / 4950: [ 0, 0, 0, 0, 0 ], [ 1, 356, 36, 19 ]
619 / 4950: [ 0, 1, 0, 0, 0 ], [ 1, 357, 36, 19 ]
620 / 4950: [ 0, 1, 0, 0, 0 ], [ 1, 358, 36, 19 ]
621 / 4950: [ 0, 1, 0, 0, 0 ], [ 1, 359, 36, 19 ]
622 / 4950: [ 0, 0, 0, 0, 1 ], [ 1, 359, 36, 20 ]
623 / 4950: [ 0, 0, 1, 0, 0 ], [ 1, 359, 37, 20 ]
624 / 4950: [ 0, 1, 0, 0, 0 ], [ 1, 360, 37, 20 ]
625 / 4950: [ 0, 1, 0, 0, 0 ], [ 1, 361, 37, 20 ]
626 / 4950: [ 0, 1, 0, 0, 0 ], [ 1, 362, 37, 20 ]
627 / 4950: [ 0, 0, 0, 0, 0 ], [ 1, 362, 37, 20 ]
628 / 4950: [ 0, 1, 0, 0, 0 ], [ 1, 363, 37, 20 ]
629 / 4950: [ 0, 1, 0, 0, 0 ], [ 1, 364, 37, 20 ]
630 / 4950: [ 0, 1, 0, 0, 0 ], [ 1, 365, 37, 20 ]
631 / 4950: [ 0, 1, 0, 0, 0 ], [ 1, 366, 37, 20 ]
632 / 4950: [ 0, 1, 0, 0, 0 ], [ 1, 367, 37, 20 ]
633 / 4950: [ 0, 1, 0, 0, 0 ], [ 1, 368, 37, 20 ]
634 / 4950: [ 0, 1, 0, 0, 0 ], [ 1, 369, 37, 20 ]
635 / 4950: [ 0, 1, 0, 0, 0 ], [ 1, 370, 37, 20 ]
636 / 4950: [ 0, 1, 0, 0, 0 ], [ 1, 371, 37, 20 ]
637 / 4950: [ 0, 0, 0, 0, 0 ], [ 1, 371, 37, 20 ]
638 / 4950: [ 0, 1, 0, 0, 0 ], [ 1, 372, 37, 20 ]
639 / 4950: [ 0, 1, 0, 0, 0 ], [ 1, 373, 37, 20 ]
640 / 4950: [ 0, 0, 0, 0, 0 ], [ 1, 373, 37, 20 ]
641 / 4950: [ 0, 1, 0, 0, 0 ], [ 1, 374, 37, 20 ]
642 / 4950: [ 0, 0, 1, 0, 0 ], [ 1, 374, 38, 20 ]
643 / 4950: [ 0, 1, 0, 0, 0 ], [ 1, 375, 38, 20 ]
644 / 4950: [ 0, 0, 0, 0, 1 ], [ 1, 375, 38, 21 ]
645 / 4950: [ 0, 1, 0, 0, 0 ], [ 1, 376, 38, 21 ]
646 / 4950: [ 0, 1, 0, 0, 0 ], [ 1, 377, 38, 21 ]
647 / 4950: [ 0, 0, 0, 0, 0 ], [ 1, 377, 38, 21 ]
648 / 4950: [ 0, 1, 0, 0, 0 ], [ 1, 378, 38, 21 ]
649 / 4950: [ 0, 1, 0, 0, 0 ], [ 1, 379, 38, 21 ]
650 / 4950: [ 0, 0, 0, 0, 0 ], [ 1, 379, 38, 21 ]
651 / 4950: [ 0, 1, 0, 0, 0 ], [ 1, 380, 38, 21 ]
652 / 4950: [ 0, 1, 0, 0, 0 ], [ 1, 381, 38, 21 ]
653 / 4950: [ 0, 0, 0, 0, 0 ], [ 1, 381, 38, 21 ]
654 / 4950: [ 0, 1, 0, 0, 0 ], [ 1, 382, 38, 21 ]
655 / 4950: [ 0, 0, 0, 1, 0 ], [ 1, 382, 38, 22 ]
656 / 4950: [ 0, 0, 0, 0, 0 ], [ 1, 382, 38, 22 ]
657 / 4950: [ 0, 0, 0, 0, 0 ], [ 1, 382, 38, 22 ]
658 / 4950: [ 0, 0, 0, 0, 0 ], [ 1, 382, 38, 22 ]
659 / 4950: [ 0, 0, 0, 0, 0 ], [ 1, 382, 38, 22 ]
660 / 4950: [ 0, 0, 0, 0, 0 ], [ 1, 382, 38, 22 ]
661 / 4950: [ 0, 1, 0, 0, 0 ], [ 1, 383, 38, 22 ]
662 / 4950: [ 0, 0, 0, 0, 0 ], [ 1, 383, 38, 22 ]
663 / 4950: [ 0, 1, 0, 0, 0 ], [ 1, 384, 38, 22 ]
664 / 4950: [ 0, 1, 0, 0, 0 ], [ 1, 385, 38, 22 ]
665 / 4950: [ 0, 1, 0, 0, 0 ], [ 1, 386, 38, 22 ]
666 / 4950: [ 0, 1, 0, 0, 0 ], [ 1, 387, 38, 22 ]
667 / 4950: [ 0, 1, 0, 0, 0 ], [ 1, 388, 38, 22 ]
668 / 4950: [ 0, 1, 0, 0, 0 ], [ 1, 389, 38, 22 ]
669 / 4950: [ 0, 0, 0, 0, 0 ], [ 1, 389, 38, 22 ]
670 / 4950: [ 0, 1, 0, 0, 0 ], [ 1, 390, 38, 22 ]
671 / 4950: [ 0, 0, 0, 0, 0 ], [ 1, 390, 38, 22 ]
672 / 4950: [ 0, 1, 0, 0, 0 ], [ 1, 391, 38, 22 ]
673 / 4950: [ 0, 1, 0, 0, 0 ], [ 1, 392, 38, 22 ]
674 / 4950: [ 0, 0, 0, 0, 0 ], [ 1, 392, 38, 22 ]
675 / 4950: [ 0, 0, 0, 0, 0 ], [ 1, 392, 38, 22 ]
676 / 4950: [ 0, 0, 0, 0, 0 ], [ 1, 392, 38, 22 ]
677 / 4950: [ 0, 0, 0, 0, 0 ], [ 1, 392, 38, 22 ]
678 / 4950: [ 0, 0, 1, 0, 0 ], [ 1, 392, 39, 22 ]
679 / 4950: [ 0, 1, 0, 0, 0 ], [ 1, 393, 39, 22 ]
680 / 4950: [ 0, 1, 0, 0, 0 ], [ 1, 394, 39, 22 ]
681 / 4950: [ 0, 1, 0, 0, 0 ], [ 1, 395, 39, 22 ]
682 / 4950: [ 0, 0, 0, 0, 0 ], [ 1, 395, 39, 22 ]
683 / 4950: [ 0, 1, 0, 0, 0 ], [ 1, 396, 39, 22 ]
684 / 4950: [ 0, 1, 0, 0, 0 ], [ 1, 397, 39, 22 ]
685 / 4950: [ 0, 0, 0, 0, 0 ], [ 1, 397, 39, 22 ]
686 / 4950: [ 0, 0, 0, 0, 0 ], [ 1, 397, 39, 22 ]
687 / 4950: [ 0, 1, 0, 0, 0 ], [ 1, 398, 39, 22 ]
688 / 4950: [ 0, 0, 0, 0, 0 ], [ 1, 398, 39, 22 ]
689 / 4950: [ 0, 0, 0, 0, 0 ], [ 1, 398, 39, 22 ]
690 / 4950: [ 0, 0, 0, 0, 0 ], [ 1, 398, 39, 22 ]
691 / 4950: [ 0, 1, 0, 0, 0 ], [ 1, 399, 39, 22 ]
692 / 4950: [ 0, 1, 0, 0, 0 ], [ 1, 400, 39, 22 ]
693 / 4950: [ 0, 0, 0, 0, 0 ], [ 1, 400, 39, 22 ]
694 / 4950: [ 0, 0, 0, 0, 0 ], [ 1, 400, 39, 22 ]
695 / 4950: [ 0, 0, 0, 0, 0 ], [ 1, 400, 39, 22 ]
696 / 4950: [ 0, 0, 0, 0, 0 ], [ 1, 400, 39, 22 ]
697 / 4950: [ 0, 1, 0, 0, 0 ], [ 1, 401, 39, 22 ]
698 / 4950: [ 0, 0, 0, 0, 0 ], [ 1, 401, 39, 22 ]
699 / 4950: [ 0, 0, 0, 0, 0 ], [ 1, 401, 39, 22 ]
700 / 4950: [ 0, 1, 0, 0, 0 ], [ 1, 402, 39, 22 ]
701 / 4950: [ 0, 0, 0, 0, 0 ], [ 1, 402, 39, 22 ]
702 / 4950: [ 0, 1, 0, 0, 0 ], [ 1, 403, 39, 22 ]
703 / 4950: [ 0, 0, 0, 0, 0 ], [ 1, 403, 39, 22 ]
704 / 4950: [ 0, 1, 0, 0, 0 ], [ 1, 404, 39, 22 ]
705 / 4950: [ 0, 1, 0, 0, 0 ], [ 1, 405, 39, 22 ]
706 / 4950: [ 0, 1, 0, 0, 0 ], [ 1, 406, 39, 22 ]
707 / 4950: [ 0, 1, 0, 0, 0 ], [ 1, 407, 39, 22 ]
708 / 4950: [ 0, 1, 0, 0, 0 ], [ 1, 408, 39, 22 ]
709 / 4950: [ 0, 1, 0, 0, 0 ], [ 1, 409, 39, 22 ]
710 / 4950: [ 0, 1, 0, 0, 0 ], [ 1, 410, 39, 22 ]
711 / 4950: [ 0, 0, 0, 0, 0 ], [ 1, 410, 39, 22 ]
712 / 4950: [ 0, 1, 0, 0, 0 ], [ 1, 411, 39, 22 ]
713 / 4950: [ 0, 0, 0, 0, 0 ], [ 1, 411, 39, 22 ]
714 / 4950: [ 0, 1, 0, 0, 0 ], [ 1, 412, 39, 22 ]
715 / 4950: [ 0, 0, 1, 0, 0 ], [ 1, 412, 40, 22 ]
716 / 4950: [ 0, 1, 0, 0, 0 ], [ 1, 413, 40, 22 ]
717 / 4950: [ 0, 1, 0, 0, 0 ], [ 1, 414, 40, 22 ]
718 / 4950: [ 0, 1, 0, 0, 0 ], [ 1, 415, 40, 22 ]
719 / 4950: [ 0, 0, 0, 0, 0 ], [ 1, 415, 40, 22 ]
720 / 4950: [ 0, 1, 0, 0, 0 ], [ 1, 416, 40, 22 ]
721 / 4950: [ 0, 1, 0, 0, 0 ], [ 1, 417, 40, 22 ]
722 / 4950: [ 0, 0, 0, 0, 0 ], [ 1, 417, 40, 22 ]
723 / 4950: [ 0, 0, 0, 0, 0 ], [ 1, 417, 40, 22 ]
724 / 4950: [ 0, 1, 0, 0, 0 ], [ 1, 418, 40, 22 ]
725 / 4950: [ 0, 1, 0, 0, 0 ], [ 1, 419, 40, 22 ]
726 / 4950: [ 0, 0, 0, 0, 0 ], [ 1, 419, 40, 22 ]
727 / 4950: [ 0, 0, 0, 0, 0 ], [ 1, 419, 40, 22 ]
728 / 4950: [ 0, 1, 0, 0, 0 ], [ 1, 420, 40, 22 ]
729 / 4950: [ 0, 1, 0, 0, 0 ], [ 1, 421, 40, 22 ]
730 / 4950: [ 0, 1, 0, 0, 0 ], [ 1, 422, 40, 22 ]
731 / 4950: [ 0, 0, 0, 1, 0 ], [ 1, 422, 40, 23 ]
732 / 4950: [ 0, 1, 0, 0, 0 ], [ 1, 423, 40, 23 ]
733 / 4950: [ 0, 0, 1, 0, 0 ], [ 1, 423, 41, 23 ]
734 / 4950: [ 0, 1, 0, 0, 0 ], [ 1, 424, 41, 23 ]
735 / 4950: [ 0, 0, 0, 0, 0 ], [ 1, 424, 41, 23 ]
736 / 4950: [ 0, 1, 0, 0, 0 ], [ 1, 425, 41, 23 ]
737 / 4950: [ 0, 1, 0, 0, 0 ], [ 1, 426, 41, 23 ]
738 / 4950: [ 0, 1, 0, 0, 0 ], [ 1, 427, 41, 23 ]
739 / 4950: [ 0, 1, 0, 0, 0 ], [ 1, 428, 41, 23 ]
740 / 4950: [ 0, 1, 0, 0, 0 ], [ 1, 429, 41, 23 ]
741 / 4950: [ 0, 1, 0, 0, 0 ], [ 1, 430, 41, 23 ]
742 / 4950: [ 0, 1, 0, 0, 0 ], [ 1, 431, 41, 23 ]
743 / 4950: [ 0, 0, 0, 0, 0 ], [ 1, 431, 41, 23 ]
744 / 4950: [ 0, 0, 0, 0, 0 ], [ 1, 431, 41, 23 ]
745 / 4950: [ 0, 0, 0, 0, 0 ], [ 1, 431, 41, 23 ]
746 / 4950: [ 0, 1, 0, 0, 0 ], [ 1, 432, 41, 23 ]
747 / 4950: [ 0, 0, 0, 0, 0 ], [ 1, 432, 41, 23 ]
748 / 4950: [ 0, 0, 0, 0, 0 ], [ 1, 432, 41, 23 ]
749 / 4950: [ 0, 0, 0, 0, 0 ], [ 1, 432, 41, 23 ]
750 / 4950: [ 0, 0, 0, 0, 0 ], [ 1, 432, 41, 23 ]
751 / 4950: [ 0, 0, 0, 0, 0 ], [ 1, 432, 41, 23 ]
752 / 4950: [ 0, 0, 0, 0, 0 ], [ 1, 432, 41, 23 ]
753 / 4950: [ 0, 0, 0, 0, 0 ], [ 1, 432, 41, 23 ]
754 / 4950: [ 0, 0, 0, 0, 0 ], [ 1, 432, 41, 23 ]
755 / 4950: [ 0, 0, 0, 0, 1 ], [ 1, 432, 41, 24 ]
756 / 4950: [ 0, 0, 0, 0, 0 ], [ 1, 432, 41, 24 ]
757 / 4950: [ 0, 0, 0, 0, 0 ], [ 1, 432, 41, 24 ]
758 / 4950: [ 0, 1, 0, 0, 0 ], [ 1, 433, 41, 24 ]
759 / 4950: [ 0, 0, 0, 0, 0 ], [ 1, 433, 41, 24 ]
760 / 4950: [ 0, 1, 0, 0, 0 ], [ 1, 434, 41, 24 ]
761 / 4950: [ 0, 0, 0, 0, 0 ], [ 1, 434, 41, 24 ]
762 / 4950: [ 0, 0, 0, 0, 0 ], [ 1, 434, 41, 24 ]
763 / 4950: [ 0, 1, 0, 0, 0 ], [ 1, 435, 41, 24 ]
764 / 4950: [ 0, 0, 0, 0, 0 ], [ 1, 435, 41, 24 ]
765 / 4950: [ 0, 0, 0, 0, 0 ], [ 1, 435, 41, 24 ]
766 / 4950: [ 0, 1, 0, 0, 0 ], [ 1, 436, 41, 24 ]
767 / 4950: [ 0, 0, 0, 0, 0 ], [ 1, 436, 41, 24 ]
768 / 4950: [ 0, 0, 0, 0, 0 ], [ 1, 436, 41, 24 ]
769 / 4950: [ 0, 0, 0, 0, 0 ], [ 1, 436, 41, 24 ]
770 / 4950: [ 0, 0, 0, 0, 0 ], [ 1, 436, 41, 24 ]
771 / 4950: [ 0, 0, 0, 0, 0 ], [ 1, 436, 41, 24 ]
772 / 4950: [ 0, 1, 0, 0, 0 ], [ 1, 437, 41, 24 ]
773 / 4950: [ 0, 1, 0, 0, 0 ], [ 1, 438, 41, 24 ]
774 / 4950: [ 0, 0, 1, 0, 0 ], [ 1, 438, 42, 24 ]
775 / 4950: [ 0, 0, 0, 0, 0 ], [ 1, 438, 42, 24 ]
776 / 4950: [ 0, 0, 0, 0, 0 ], [ 1, 438, 42, 24 ]
777 / 4950: [ 0, 0, 0, 0, 0 ], [ 1, 438, 42, 24 ]
778 / 4950: [ 0, 0, 1, 0, 0 ], [ 1, 438, 43, 24 ]
779 / 4950: [ 0, 0, 0, 0, 0 ], [ 1, 438, 43, 24 ]
780 / 4950: [ 0, 0, 0, 0, 0 ], [ 1, 438, 43, 24 ]
781 / 4950: [ 0, 1, 0, 0, 0 ], [ 1, 439, 43, 24 ]
782 / 4950: [ 0, 1, 0, 0, 0 ], [ 1, 440, 43, 24 ]
783 / 4950: [ 0, 1, 0, 0, 0 ], [ 1, 441, 43, 24 ]
784 / 4950: [ 0, 1, 0, 0, 0 ], [ 1, 442, 43, 24 ]
785 / 4950: [ 0, 1, 0, 0, 0 ], [ 1, 443, 43, 24 ]
786 / 4950: [ 0, 1, 0, 0, 0 ], [ 1, 444, 43, 24 ]
787 / 4950: [ 0, 1, 0, 0, 0 ], [ 1, 445, 43, 24 ]
788 / 4950: [ 0, 0, 0, 0, 0 ], [ 1, 445, 43, 24 ]
789 / 4950: [ 0, 1, 0, 0, 0 ], [ 1, 446, 43, 24 ]
790 / 4950: [ 0, 0, 0, 0, 0 ], [ 1, 446, 43, 24 ]
791 / 4950: [ 0, 0, 0, 0, 0 ], [ 1, 446, 43, 24 ]
792 / 4950: [ 0, 1, 0, 0, 0 ], [ 1, 447, 43, 24 ]
793 / 4950: [ 0, 1, 0, 0, 0 ], [ 1, 448, 43, 24 ]
794 / 4950: [ 0, 1, 0, 0, 0 ], [ 1, 449, 43, 24 ]
795 / 4950: [ 0, 0, 0, 0, 0 ], [ 1, 449, 43, 24 ]
796 / 4950: [ 0, 1, 0, 0, 0 ], [ 1, 450, 43, 24 ]
797 / 4950: [ 0, 1, 0, 0, 0 ], [ 1, 451, 43, 24 ]
798 / 4950: [ 0, 1, 0, 0, 0 ], [ 1, 452, 43, 24 ]
799 / 4950: [ 0, 1, 0, 0, 0 ], [ 1, 453, 43, 24 ]
800 / 4950: [ 0, 0, 0, 0, 0 ], [ 1, 453, 43, 24 ]
801 / 4950: [ 0, 1, 0, 0, 0 ], [ 1, 454, 43, 24 ]
802 / 4950: [ 0, 1, 0, 0, 0 ], [ 1, 455, 43, 24 ]
803 / 4950: [ 0, 0, 0, 0, 0 ], [ 1, 455, 43, 24 ]
804 / 4950: [ 0, 0, 0, 0, 0 ], [ 1, 455, 43, 24 ]
805 / 4950: [ 0, 1, 0, 0, 0 ], [ 1, 456, 43, 24 ]
806 / 4950: [ 0, 1, 0, 0, 0 ], [ 1, 457, 43, 24 ]
807 / 4950: [ 0, 0, 0, 0, 0 ], [ 1, 457, 43, 24 ]
808 / 4950: [ 0, 0, 0, 0, 0 ], [ 1, 457, 43, 24 ]
809 / 4950: [ 0, 1, 0, 0, 0 ], [ 1, 458, 43, 24 ]
810 / 4950: [ 0, 1, 0, 0, 0 ], [ 1, 459, 43, 24 ]
811 / 4950: [ 0, 1, 0, 0, 0 ], [ 1, 460, 43, 24 ]
812 / 4950: [ 0, 0, 0, 0, 0 ], [ 1, 460, 43, 24 ]
813 / 4950: [ 0, 1, 0, 0, 0 ], [ 1, 461, 43, 24 ]
814 / 4950: [ 0, 1, 0, 0, 0 ], [ 1, 462, 43, 24 ]
815 / 4950: [ 0, 0, 0, 0, 0 ], [ 1, 462, 43, 24 ]
816 / 4950: [ 0, 1, 0, 0, 0 ], [ 1, 463, 43, 24 ]
817 / 4950: [ 0, 0, 0, 0, 0 ], [ 1, 463, 43, 24 ]
818 / 4950: [ 0, 1, 0, 0, 0 ], [ 1, 464, 43, 24 ]
819 / 4950: [ 0, 1, 0, 0, 0 ], [ 1, 465, 43, 24 ]
820 / 4950: [ 0, 0, 0, 0, 0 ], [ 1, 465, 43, 24 ]
821 / 4950: [ 0, 0, 0, 0, 0 ], [ 1, 465, 43, 24 ]
822 / 4950: [ 0, 1, 0, 0, 0 ], [ 1, 466, 43, 24 ]
823 / 4950: [ 0, 1, 0, 0, 0 ], [ 1, 467, 43, 24 ]
824 / 4950: [ 0, 0, 0, 0, 0 ], [ 1, 467, 43, 24 ]
825 / 4950: [ 0, 1, 0, 0, 0 ], [ 1, 468, 43, 24 ]
826 / 4950: [ 0, 1, 0, 0, 0 ], [ 1, 469, 43, 24 ]
827 / 4950: [ 0, 1, 0, 0, 0 ], [ 1, 470, 43, 24 ]
828 / 4950: [ 0, 0, 0, 0, 0 ], [ 1, 470, 43, 24 ]
829 / 4950: [ 0, 1, 0, 0, 0 ], [ 1, 471, 43, 24 ]
830 / 4950: [ 0, 0, 0, 0, 0 ], [ 1, 471, 43, 24 ]
831 / 4950: [ 0, 0, 0, 0, 0 ], [ 1, 471, 43, 24 ]
832 / 4950: [ 0, 1, 0, 0, 0 ], [ 1, 472, 43, 24 ]
833 / 4950: [ 0, 0, 0, 0, 0 ], [ 1, 472, 43, 24 ]
834 / 4950: [ 0, 1, 0, 0, 0 ], [ 1, 473, 43, 24 ]
835 / 4950: [ 0, 0, 0, 0, 0 ], [ 1, 473, 43, 24 ]
836 / 4950: [ 0, 1, 0, 0, 0 ], [ 1, 474, 43, 24 ]
837 / 4950: [ 0, 0, 0, 0, 0 ], [ 1, 474, 43, 24 ]
838 / 4950: [ 0, 0, 0, 0, 0 ], [ 1, 474, 43, 24 ]
839 / 4950: [ 0, 1, 0, 0, 0 ], [ 1, 475, 43, 24 ]
840 / 4950: [ 0, 0, 0, 0, 0 ], [ 1, 475, 43, 24 ]
841 / 4950: [ 0, 0, 0, 0, 0 ], [ 1, 475, 43, 24 ]
842 / 4950: [ 0, 1, 0, 0, 0 ], [ 1, 476, 43, 24 ]
843 / 4950: [ 0, 0, 0, 0, 0 ], [ 1, 476, 43, 24 ]
844 / 4950: [ 0, 0, 0, 0, 0 ], [ 1, 476, 43, 24 ]
845 / 4950: [ 0, 0, 0, 0, 0 ], [ 1, 476, 43, 24 ]
846 / 4950: [ 0, 1, 0, 0, 0 ], [ 1, 477, 43, 24 ]
847 / 4950: [ 0, 0, 0, 0, 0 ], [ 1, 477, 43, 24 ]
848 / 4950: [ 0, 0, 0, 0, 0 ], [ 1, 477, 43, 24 ]
849 / 4950: [ 0, 1, 0, 0, 0 ], [ 1, 478, 43, 24 ]
850 / 4950: [ 0, 1, 0, 0, 0 ], [ 1, 479, 43, 24 ]
851 / 4950: [ 0, 0, 0, 0, 0 ], [ 1, 479, 43, 24 ]
852 / 4950: [ 0, 0, 0, 0, 0 ], [ 1, 479, 43, 24 ]
853 / 4950: [ 0, 1, 0, 0, 0 ], [ 1, 480, 43, 24 ]
854 / 4950: [ 0, 0, 0, 0, 0 ], [ 1, 480, 43, 24 ]
855 / 4950: [ 0, 0, 0, 0, 0 ], [ 1, 480, 43, 24 ]
856 / 4950: [ 0, 1, 0, 0, 0 ], [ 1, 481, 43, 24 ]
857 / 4950: [ 0, 0, 0, 0, 0 ], [ 1, 481, 43, 24 ]
858 / 4950: [ 0, 0, 0, 0, 0 ], [ 1, 481, 43, 24 ]
859 / 4950: [ 0, 0, 0, 0, 0 ], [ 1, 481, 43, 24 ]
860 / 4950: [ 0, 0, 0, 0, 0 ], [ 1, 481, 43, 24 ]
861 / 4950: [ 0, 1, 0, 0, 0 ], [ 1, 482, 43, 24 ]
862 / 4950: [ 0, 1, 0, 0, 0 ], [ 1, 483, 43, 24 ]
863 / 4950: [ 0, 1, 0, 0, 0 ], [ 1, 484, 43, 24 ]
864 / 4950: [ 0, 1, 0, 0, 0 ], [ 1, 485, 43, 24 ]
865 / 4950: [ 0, 1, 0, 0, 0 ], [ 1, 486, 43, 24 ]
866 / 4950: [ 0, 1, 0, 0, 0 ], [ 1, 487, 43, 24 ]
867 / 4950: [ 0, 1, 0, 0, 0 ], [ 1, 488, 43, 24 ]
868 / 4950: [ 0, 1, 0, 0, 0 ], [ 1, 489, 43, 24 ]
869 / 4950: [ 0, 1, 0, 0, 0 ], [ 1, 490, 43, 24 ]
870 / 4950: [ 0, 1, 0, 0, 0 ], [ 1, 491, 43, 24 ]
871 / 4950: [ 0, 0, 0, 0, 0 ], [ 1, 491, 43, 24 ]
872 / 4950: [ 0, 0, 0, 0, 0 ], [ 1, 491, 43, 24 ]
873 / 4950: [ 0, 1, 0, 0, 0 ], [ 1, 492, 43, 24 ]
874 / 4950: [ 0, 1, 0, 0, 0 ], [ 1, 493, 43, 24 ]
875 / 4950: [ 0, 1, 0, 0, 0 ], [ 1, 494, 43, 24 ]
876 / 4950: [ 0, 1, 0, 0, 0 ], [ 1, 495, 43, 24 ]
877 / 4950: [ 0, 1, 0, 0, 0 ], [ 1, 496, 43, 24 ]
878 / 4950: [ 0, 1, 0, 0, 0 ], [ 1, 497, 43, 24 ]
879 / 4950: [ 0, 1, 0, 0, 0 ], [ 1, 498, 43, 24 ]
880 / 4950: [ 0, 1, 0, 0, 0 ], [ 1, 499, 43, 24 ]
881 / 4950: [ 0, 0, 0, 0, 0 ], [ 1, 499, 43, 24 ]
882 / 4950: [ 0, 1, 0, 0, 0 ], [ 1, 500, 43, 24 ]
883 / 4950: [ 0, 1, 0, 0, 0 ], [ 1, 501, 43, 24 ]
884 / 4950: [ 0, 0, 0, 0, 0 ], [ 1, 501, 43, 24 ]
885 / 4950: [ 0, 1, 0, 0, 0 ], [ 1, 502, 43, 24 ]
886 / 4950: [ 0, 1, 0, 0, 0 ], [ 1, 503, 43, 24 ]
887 / 4950: [ 0, 1, 0, 0, 0 ], [ 1, 504, 43, 24 ]
888 / 4950: [ 0, 0, 0, 0, 0 ], [ 1, 504, 43, 24 ]
889 / 4950: [ 0, 0, 0, 0, 0 ], [ 1, 504, 43, 24 ]
890 / 4950: [ 0, 1, 0, 0, 0 ], [ 1, 505, 43, 24 ]
891 / 4950: [ 0, 1, 0, 0, 0 ], [ 1, 506, 43, 24 ]
892 / 4950: [ 0, 1, 0, 0, 0 ], [ 1, 507, 43, 24 ]
893 / 4950: [ 0, 1, 0, 0, 0 ], [ 1, 508, 43, 24 ]
894 / 4950: [ 0, 1, 0, 0, 0 ], [ 1, 509, 43, 24 ]
895 / 4950: [ 0, 0, 0, 0, 0 ], [ 1, 509, 43, 24 ]
896 / 4950: [ 0, 1, 0, 0, 0 ], [ 1, 510, 43, 24 ]
897 / 4950: [ 0, 1, 0, 0, 0 ], [ 1, 511, 43, 24 ]
898 / 4950: [ 0, 1, 0, 0, 0 ], [ 1, 512, 43, 24 ]
899 / 4950: [ 0, 0, 0, 0, 0 ], [ 1, 512, 43, 24 ]
900 / 4950: [ 0, 0, 1, 0, 0 ], [ 1, 512, 44, 24 ]
901 / 4950: [ 0, 1, 0, 0, 0 ], [ 1, 513, 44, 24 ]
902 / 4950: [ 0, 1, 0, 0, 0 ], [ 1, 514, 44, 24 ]
903 / 4950: [ 0, 1, 0, 0, 0 ], [ 1, 515, 44, 24 ]
904 / 4950: [ 0, 0, 0, 0, 0 ], [ 1, 515, 44, 24 ]
905 / 4950: [ 0, 0, 1, 0, 0 ], [ 1, 515, 45, 24 ]
906 / 4950: [ 0, 0, 1, 0, 0 ], [ 1, 515, 46, 24 ]
907 / 4950: [ 0, 1, 0, 0, 0 ], [ 1, 516, 46, 24 ]
908 / 4950: [ 0, 1, 0, 0, 0 ], [ 1, 517, 46, 24 ]
909 / 4950: [ 0, 1, 0, 0, 0 ], [ 1, 518, 46, 24 ]
910 / 4950: [ 0, 1, 0, 0, 0 ], [ 1, 519, 46, 24 ]
911 / 4950: [ 0, 1, 0, 0, 0 ], [ 1, 520, 46, 24 ]
912 / 4950: [ 0, 1, 0, 0, 0 ], [ 1, 521, 46, 24 ]
913 / 4950: [ 0, 0, 0, 0, 0 ], [ 1, 521, 46, 24 ]
914 / 4950: [ 0, 1, 0, 0, 0 ], [ 1, 522, 46, 24 ]
915 / 4950: [ 0, 1, 0, 0, 0 ], [ 1, 523, 46, 24 ]
916 / 4950: [ 0, 1, 0, 0, 0 ], [ 1, 524, 46, 24 ]
917 / 4950: [ 0, 0, 0, 1, 0 ], [ 1, 524, 46, 25 ]
918 / 4950: [ 0, 1, 0, 0, 0 ], [ 1, 525, 46, 25 ]
919 / 4950: [ 0, 1, 0, 0, 0 ], [ 1, 526, 46, 25 ]
920 / 4950: [ 0, 0, 0, 0, 0 ], [ 1, 526, 46, 25 ]
921 / 4950: [ 0, 1, 0, 0, 0 ], [ 1, 527, 46, 25 ]
922 / 4950: [ 0, 1, 0, 0, 0 ], [ 1, 528, 46, 25 ]
923 / 4950: [ 0, 0, 0, 0, 0 ], [ 1, 528, 46, 25 ]
924 / 4950: [ 0, 1, 0, 0, 0 ], [ 1, 529, 46, 25 ]
925 / 4950: [ 0, 0, 1, 0, 0 ], [ 1, 529, 47, 25 ]
926 / 4950: [ 0, 0, 0, 0, 0 ], [ 1, 529, 47, 25 ]
927 / 4950: [ 0, 1, 0, 0, 0 ], [ 1, 530, 47, 25 ]
928 / 4950: [ 0, 0, 0, 0, 0 ], [ 1, 530, 47, 25 ]
929 / 4950: [ 0, 0, 0, 0, 0 ], [ 1, 530, 47, 25 ]
930 / 4950: [ 0, 0, 0, 0, 0 ], [ 1, 530, 47, 25 ]
931 / 4950: [ 0, 0, 0, 0, 0 ], [ 1, 530, 47, 25 ]
932 / 4950: [ 0, 0, 0, 0, 0 ], [ 1, 530, 47, 25 ]
933 / 4950: [ 0, 0, 0, 0, 0 ], [ 1, 530, 47, 25 ]
934 / 4950: [ 0, 1, 0, 0, 0 ], [ 1, 531, 47, 25 ]
935 / 4950: [ 0, 0, 0, 0, 0 ], [ 1, 531, 47, 25 ]
936 / 4950: [ 0, 1, 0, 0, 0 ], [ 1, 532, 47, 25 ]
937 / 4950: [ 0, 1, 0, 0, 0 ], [ 1, 533, 47, 25 ]
938 / 4950: [ 0, 1, 0, 0, 0 ], [ 1, 534, 47, 25 ]
939 / 4950: [ 0, 1, 0, 0, 0 ], [ 1, 535, 47, 25 ]
940 / 4950: [ 0, 1, 0, 0, 0 ], [ 1, 536, 47, 25 ]
941 / 4950: [ 0, 0, 0, 0, 0 ], [ 1, 536, 47, 25 ]
942 / 4950: [ 0, 1, 0, 0, 0 ], [ 1, 537, 47, 25 ]
943 / 4950: [ 0, 0, 0, 0, 0 ], [ 1, 537, 47, 25 ]
944 / 4950: [ 0, 1, 0, 0, 0 ], [ 1, 538, 47, 25 ]
945 / 4950: [ 0, 0, 0, 0, 0 ], [ 1, 538, 47, 25 ]
946 / 4950: [ 0, 1, 0, 0, 0 ], [ 1, 539, 47, 25 ]
947 / 4950: [ 0, 1, 0, 0, 0 ], [ 1, 540, 47, 25 ]
948 / 4950: [ 0, 1, 0, 0, 0 ], [ 1, 541, 47, 25 ]
949 / 4950: [ 0, 1, 0, 0, 0 ], [ 1, 542, 47, 25 ]
950 / 4950: [ 0, 1, 0, 0, 0 ], [ 1, 543, 47, 25 ]
951 / 4950: [ 0, 1, 0, 0, 0 ], [ 1, 544, 47, 25 ]
952 / 4950: [ 0, 1, 0, 0, 0 ], [ 1, 545, 47, 25 ]
953 / 4950: [ 0, 1, 0, 0, 0 ], [ 1, 546, 47, 25 ]
954 / 4950: [ 0, 1, 0, 0, 0 ], [ 1, 547, 47, 25 ]
955 / 4950: [ 0, 1, 0, 0, 0 ], [ 1, 548, 47, 25 ]
956 / 4950: [ 0, 0, 0, 0, 0 ], [ 1, 548, 47, 25 ]
957 / 4950: [ 0, 1, 0, 0, 0 ], [ 1, 549, 47, 25 ]
958 / 4950: [ 0, 1, 0, 0, 0 ], [ 1, 550, 47, 25 ]
959 / 4950: [ 0, 1, 0, 0, 0 ], [ 1, 551, 47, 25 ]
960 / 4950: [ 0, 1, 0, 0, 0 ], [ 1, 552, 47, 25 ]
961 / 4950: [ 0, 1, 0, 0, 0 ], [ 1, 553, 47, 25 ]
962 / 4950: [ 0, 1, 0, 0, 0 ], [ 1, 554, 47, 25 ]
963 / 4950: [ 0, 1, 0, 0, 0 ], [ 1, 555, 47, 25 ]
964 / 4950: [ 0, 1, 0, 0, 0 ], [ 1, 556, 47, 25 ]
965 / 4950: [ 0, 1, 0, 0, 0 ], [ 1, 557, 47, 25 ]
966 / 4950: [ 0, 1, 0, 0, 0 ], [ 1, 558, 47, 25 ]
967 / 4950: [ 0, 1, 0, 0, 0 ], [ 1, 559, 47, 25 ]
968 / 4950: [ 0, 1, 0, 0, 0 ], [ 1, 560, 47, 25 ]
969 / 4950: [ 0, 0, 0, 0, 0 ], [ 1, 560, 47, 25 ]
970 / 4950: [ 0, 0, 0, 0, 0 ], [ 1, 560, 47, 25 ]
971 / 4950: [ 0, 1, 0, 0, 0 ], [ 1, 561, 47, 25 ]
972 / 4950: [ 0, 1, 0, 0, 0 ], [ 1, 562, 47, 25 ]
973 / 4950: [ 0, 0, 0, 0, 0 ], [ 1, 562, 47, 25 ]
974 / 4950: [ 0, 0, 0, 0, 0 ], [ 1, 562, 47, 25 ]
975 / 4950: [ 0, 1, 0, 0, 0 ], [ 1, 563, 47, 25 ]
976 / 4950: [ 0, 1, 0, 0, 0 ], [ 1, 564, 47, 25 ]
977 / 4950: [ 0, 1, 0, 0, 0 ], [ 1, 565, 47, 25 ]
978 / 4950: [ 0, 0, 0, 0, 0 ], [ 1, 565, 47, 25 ]
979 / 4950: [ 0, 1, 0, 0, 0 ], [ 1, 566, 47, 25 ]
980 / 4950: [ 0, 1, 0, 0, 0 ], [ 1, 567, 47, 25 ]
981 / 4950: [ 0, 1, 0, 0, 0 ], [ 1, 568, 47, 25 ]
982 / 4950: [ 0, 1, 0, 0, 0 ], [ 1, 569, 47, 25 ]
983 / 4950: [ 0, 1, 0, 0, 0 ], [ 1, 570, 47, 25 ]
984 / 4950: [ 0, 1, 0, 0, 0 ], [ 1, 571, 47, 25 ]
985 / 4950: [ 0, 1, 0, 0, 0 ], [ 1, 572, 47, 25 ]
986 / 4950: [ 0, 0, 0, 0, 0 ], [ 1, 572, 47, 25 ]
987 / 4950: [ 0, 1, 0, 0, 0 ], [ 1, 573, 47, 25 ]
988 / 4950: [ 0, 1, 0, 0, 0 ], [ 1, 574, 47, 25 ]
989 / 4950: [ 0, 1, 0, 0, 0 ], [ 1, 575, 47, 25 ]
990 / 4950: [ 0, 0, 0, 0, 0 ], [ 1, 575, 47, 25 ]
991 / 4950: [ 0, 1, 0, 0, 0 ], [ 1, 576, 47, 25 ]
992 / 4950: [ 0, 1, 0, 0, 0 ], [ 1, 577, 47, 25 ]
993 / 4950: [ 0, 0, 1, 0, 0 ], [ 1, 577, 48, 25 ]
994 / 4950: [ 0, 1, 0, 0, 0 ], [ 1, 578, 48, 25 ]
995 / 4950: [ 0, 1, 0, 0, 0 ], [ 1, 579, 48, 25 ]
996 / 4950: [ 0, 1, 0, 0, 0 ], [ 1, 580, 48, 25 ]
997 / 4950: [ 0, 1, 0, 0, 0 ], [ 1, 581, 48, 25 ]
998 / 4950: [ 0, 1, 0, 0, 0 ], [ 1, 582, 48, 25 ]
999 / 4950: [ 0, 0, 0, 0, 0 ], [ 1, 582, 48, 25 ]
1000 / 4950: [ 0, 0, 0, 0, 0 ], [ 1, 582, 48, 25 ]
1001 / 4950: [ 0, 0, 0, 0, 0 ], [ 1, 582, 48, 25 ]
1002 / 4950: [ 0, 0, 0, 0, 0 ], [ 1, 582, 48, 25 ]
1003 / 4950: [ 0, 1, 0, 0, 0 ], [ 1, 583, 48, 25 ]
1004 / 4950: [ 0, 1, 0, 0, 0 ], [ 1, 584, 48, 25 ]
1005 / 4950: [ 0, 1, 0, 0, 0 ], [ 1, 585, 48, 25 ]
1006 / 4950: [ 0, 1, 0, 0, 0 ], [ 1, 586, 48, 25 ]
1007 / 4950: [ 0, 1, 0, 0, 0 ], [ 1, 587, 48, 25 ]
1008 / 4950: [ 0, 1, 0, 0, 0 ], [ 1, 588, 48, 25 ]
1009 / 4950: [ 0, 1, 0, 0, 0 ], [ 1, 589, 48, 25 ]
1010 / 4950: [ 0, 0, 0, 0, 0 ], [ 1, 589, 48, 25 ]
1011 / 4950: [ 0, 1, 0, 0, 0 ], [ 1, 590, 48, 25 ]
1012 / 4950: [ 0, 0, 0, 0, 0 ], [ 1, 590, 48, 25 ]
1013 / 4950: [ 0, 0, 0, 0, 0 ], [ 1, 590, 48, 25 ]
1014 / 4950: [ 0, 1, 0, 0, 0 ], [ 1, 591, 48, 25 ]
1015 / 4950: [ 0, 1, 0, 0, 0 ], [ 1, 592, 48, 25 ]
1016 / 4950: [ 0, 1, 0, 0, 0 ], [ 1, 593, 48, 25 ]
1017 / 4950: [ 0, 0, 0, 0, 0 ], [ 1, 593, 48, 25 ]
1018 / 4950: [ 0, 0, 0, 0, 0 ], [ 1, 593, 48, 25 ]
1019 / 4950: [ 0, 0, 0, 0, 0 ], [ 1, 593, 48, 25 ]
1020 / 4950: [ 0, 1, 0, 0, 0 ], [ 1, 594, 48, 25 ]
1021 / 4950: [ 0, 1, 0, 0, 0 ], [ 1, 595, 48, 25 ]
1022 / 4950: [ 0, 0, 0, 0, 0 ], [ 1, 595, 48, 25 ]
1023 / 4950: [ 0, 0, 0, 0, 0 ], [ 1, 595, 48, 25 ]
1024 / 4950: [ 0, 1, 0, 0, 0 ], [ 1, 596, 48, 25 ]
1025 / 4950: [ 0, 1, 0, 0, 0 ], [ 1, 597, 48, 25 ]
1026 / 4950: [ 0, 1, 0, 0, 0 ], [ 1, 598, 48, 25 ]
1027 / 4950: [ 0, 1, 0, 0, 0 ], [ 1, 599, 48, 25 ]
1028 / 4950: [ 0, 1, 0, 0, 0 ], [ 1, 600, 48, 25 ]
1029 / 4950: [ 0, 1, 0, 0, 0 ], [ 1, 601, 48, 25 ]
1030 / 4950: [ 0, 0, 0, 0, 0 ], [ 1, 601, 48, 25 ]
1031 / 4950: [ 0, 1, 0, 0, 0 ], [ 1, 602, 48, 25 ]
1032 / 4950: [ 0, 0, 0, 0, 0 ], [ 1, 602, 48, 25 ]
1033 / 4950: [ 0, 1, 0, 0, 0 ], [ 1, 603, 48, 25 ]
1034 / 4950: [ 0, 1, 0, 0, 0 ], [ 1, 604, 48, 25 ]
1035 / 4950: [ 0, 1, 0, 0, 0 ], [ 1, 605, 48, 25 ]
1036 / 4950: [ 0, 1, 0, 0, 0 ], [ 1, 606, 48, 25 ]
1037 / 4950: [ 0, 1, 0, 0, 0 ], [ 1, 607, 48, 25 ]
1038 / 4950: [ 0, 1, 0, 0, 0 ], [ 1, 608, 48, 25 ]
1039 / 4950: [ 0, 1, 0, 0, 0 ], [ 1, 609, 48, 25 ]
1040 / 4950: [ 0, 1, 0, 0, 0 ], [ 1, 610, 48, 25 ]
1041 / 4950: [ 0, 1, 0, 0, 0 ], [ 1, 611, 48, 25 ]
1042 / 4950: [ 0, 1, 0, 0, 0 ], [ 1, 612, 48, 25 ]
1043 / 4950: [ 0, 0, 0, 0, 0 ], [ 1, 612, 48, 25 ]
1044 / 4950: [ 0, 1, 0, 0, 0 ], [ 1, 613, 48, 25 ]
1045 / 4950: [ 0, 0, 0, 0, 0 ], [ 1, 613, 48, 25 ]
1046 / 4950: [ 0, 1, 0, 0, 0 ], [ 1, 614, 48, 25 ]
1047 / 4950: [ 0, 0, 0, 0, 0 ], [ 1, 614, 48, 25 ]
1048 / 4950: [ 0, 1, 0, 0, 0 ], [ 1, 615, 48, 25 ]
1049 / 4950: [ 0, 1, 0, 0, 0 ], [ 1, 616, 48, 25 ]
1050 / 4950: [ 0, 1, 0, 0, 0 ], [ 1, 617, 48, 25 ]
1051 / 4950: [ 0, 0, 0, 0, 0 ], [ 1, 617, 48, 25 ]
1052 / 4950: [ 0, 1, 0, 0, 0 ], [ 1, 618, 48, 25 ]
1053 / 4950: [ 0, 1, 0, 0, 0 ], [ 1, 619, 48, 25 ]
1054 / 4950: [ 0, 1, 0, 0, 0 ], [ 1, 620, 48, 25 ]
1055 / 4950: [ 0, 1, 0, 0, 0 ], [ 1, 621, 48, 25 ]
1056 / 4950: [ 0, 1, 0, 0, 0 ], [ 1, 622, 48, 25 ]
1057 / 4950: [ 0, 1, 0, 0, 0 ], [ 1, 623, 48, 25 ]
1058 / 4950: [ 0, 0, 0, 0, 0 ], [ 1, 623, 48, 25 ]
1059 / 4950: [ 0, 0, 0, 0, 0 ], [ 1, 623, 48, 25 ]
1060 / 4950: [ 0, 1, 0, 0, 0 ], [ 1, 624, 48, 25 ]
1061 / 4950: [ 0, 1, 0, 0, 0 ], [ 1, 625, 48, 25 ]
1062 / 4950: [ 0, 0, 0, 1, 0 ], [ 1, 625, 48, 26 ]
1063 / 4950: [ 0, 1, 0, 0, 0 ], [ 1, 626, 48, 26 ]
1064 / 4950: [ 0, 1, 0, 0, 0 ], [ 1, 627, 48, 26 ]
1065 / 4950: [ 0, 1, 0, 0, 0 ], [ 1, 628, 48, 26 ]
1066 / 4950: [ 0, 1, 0, 0, 0 ], [ 1, 629, 48, 26 ]
1067 / 4950: [ 0, 1, 0, 0, 0 ], [ 1, 630, 48, 26 ]
1068 / 4950: [ 0, 1, 0, 0, 0 ], [ 1, 631, 48, 26 ]
1069 / 4950: [ 0, 1, 0, 0, 0 ], [ 1, 632, 48, 26 ]
1070 / 4950: [ 0, 1, 0, 0, 0 ], [ 1, 633, 48, 26 ]
1071 / 4950: [ 0, 1, 0, 0, 0 ], [ 1, 634, 48, 26 ]
1072 / 4950: [ 0, 1, 0, 0, 0 ], [ 1, 635, 48, 26 ]
1073 / 4950: [ 0, 1, 0, 0, 0 ], [ 1, 636, 48, 26 ]
1074 / 4950: [ 0, 1, 0, 0, 0 ], [ 1, 637, 48, 26 ]
1075 / 4950: [ 0, 1, 0, 0, 0 ], [ 1, 638, 48, 26 ]
1076 / 4950: [ 0, 1, 0, 0, 0 ], [ 1, 639, 48, 26 ]
1077 / 4950: [ 0, 0, 0, 0, 0 ], [ 1, 639, 48, 26 ]
1078 / 4950: [ 0, 1, 0, 0, 0 ], [ 1, 640, 48, 26 ]
1079 / 4950: [ 0, 0, 0, 0, 0 ], [ 1, 640, 48, 26 ]
1080 / 4950: [ 0, 1, 0, 0, 0 ], [ 1, 641, 48, 26 ]
1081 / 4950: [ 0, 1, 0, 0, 0 ], [ 1, 642, 48, 26 ]
1082 / 4950: [ 0, 0, 1, 0, 0 ], [ 1, 642, 49, 26 ]
1083 / 4950: [ 0, 1, 0, 0, 0 ], [ 1, 643, 49, 26 ]
1084 / 4950: [ 0, 0, 0, 0, 0 ], [ 1, 643, 49, 26 ]
1085 / 4950: [ 0, 0, 0, 0, 0 ], [ 1, 643, 49, 26 ]
1086 / 4950: [ 0, 0, 0, 0, 0 ], [ 1, 643, 49, 26 ]
1087 / 4950: [ 0, 1, 0, 0, 0 ], [ 1, 644, 49, 26 ]
1088 / 4950: [ 0, 1, 0, 0, 0 ], [ 1, 645, 49, 26 ]
1089 / 4950: [ 0, 0, 0, 0, 0 ], [ 1, 645, 49, 26 ]
1090 / 4950: [ 0, 1, 0, 0, 0 ], [ 1, 646, 49, 26 ]
1091 / 4950: [ 0, 0, 0, 0, 0 ], [ 1, 646, 49, 26 ]
1092 / 4950: [ 0, 0, 0, 0, 0 ], [ 1, 646, 49, 26 ]
1093 / 4950: [ 0, 1, 0, 0, 0 ], [ 1, 647, 49, 26 ]
1094 / 4950: [ 0, 1, 0, 0, 0 ], [ 1, 648, 49, 26 ]
1095 / 4950: [ 0, 1, 0, 0, 0 ], [ 1, 649, 49, 26 ]
1096 / 4950: [ 0, 1, 0, 0, 0 ], [ 1, 650, 49, 26 ]
1097 / 4950: [ 0, 0, 0, 0, 0 ], [ 1, 650, 49, 26 ]
1098 / 4950: [ 0, 0, 0, 0, 0 ], [ 1, 650, 49, 26 ]
1099 / 4950: [ 0, 0, 0, 0, 0 ], [ 1, 650, 49, 26 ]
1100 / 4950: [ 0, 0, 0, 0, 0 ], [ 1, 650, 49, 26 ]
1101 / 4950: [ 0, 0, 0, 0, 0 ], [ 1, 650, 49, 26 ]
1102 / 4950: [ 0, 0, 0, 0, 0 ], [ 1, 650, 49, 26 ]
1103 / 4950: [ 0, 0, 0, 0, 0 ], [ 1, 650, 49, 26 ]
1104 / 4950: [ 0, 0, 0, 0, 0 ], [ 1, 650, 49, 26 ]
1105 / 4950: [ 0, 0, 0, 0, 0 ], [ 1, 650, 49, 26 ]
1106 / 4950: [ 0, 0, 0, 0, 0 ], [ 1, 650, 49, 26 ]
1107 / 4950: [ 0, 0, 0, 0, 0 ], [ 1, 650, 49, 26 ]
1108 / 4950: [ 0, 0, 0, 0, 0 ], [ 1, 650, 49, 26 ]
1109 / 4950: [ 0, 0, 0, 0, 0 ], [ 1, 650, 49, 26 ]
1110 / 4950: [ 0, 1, 0, 0, 0 ], [ 1, 651, 49, 26 ]
1111 / 4950: [ 0, 0, 0, 0, 0 ], [ 1, 651, 49, 26 ]
1112 / 4950: [ 0, 0, 0, 0, 0 ], [ 1, 651, 49, 26 ]
1113 / 4950: [ 0, 0, 0, 0, 0 ], [ 1, 651, 49, 26 ]
1114 / 4950: [ 0, 0, 0, 0, 0 ], [ 1, 651, 49, 26 ]
1115 / 4950: [ 0, 0, 0, 0, 0 ], [ 1, 651, 49, 26 ]
1116 / 4950: [ 0, 1, 0, 0, 0 ], [ 1, 652, 49, 26 ]
1117 / 4950: [ 0, 1, 0, 0, 0 ], [ 1, 653, 49, 26 ]
1118 / 4950: [ 0, 1, 0, 0, 0 ], [ 1, 654, 49, 26 ]
1119 / 4950: [ 0, 0, 0, 0, 0 ], [ 1, 654, 49, 26 ]
1120 / 4950: [ 0, 0, 0, 0, 0 ], [ 1, 654, 49, 26 ]
1121 / 4950: [ 0, 0, 0, 0, 0 ], [ 1, 654, 49, 26 ]
1122 / 4950: [ 0, 1, 0, 0, 0 ], [ 1, 655, 49, 26 ]
1123 / 4950: [ 0, 0, 0, 0, 0 ], [ 1, 655, 49, 26 ]
1124 / 4950: [ 0, 0, 0, 0, 0 ], [ 1, 655, 49, 26 ]
1125 / 4950: [ 0, 1, 0, 0, 0 ], [ 1, 656, 49, 26 ]
1126 / 4950: [ 0, 0, 0, 0, 0 ], [ 1, 656, 49, 26 ]
1127 / 4950: [ 0, 0, 0, 0, 0 ], [ 1, 656, 49, 26 ]
1128 / 4950: [ 0, 0, 0, 0, 0 ], [ 1, 656, 49, 26 ]
1129 / 4950: [ 0, 1, 0, 0, 0 ], [ 1, 657, 49, 26 ]
1130 / 4950: [ 0, 1, 0, 0, 0 ], [ 1, 658, 49, 26 ]
1131 / 4950: [ 0, 1, 0, 0, 0 ], [ 1, 659, 49, 26 ]
1132 / 4950: [ 0, 0, 0, 0, 0 ], [ 1, 659, 49, 26 ]
1133 / 4950: [ 0, 1, 0, 0, 0 ], [ 1, 660, 49, 26 ]
1134 / 4950: [ 0, 1, 0, 0, 0 ], [ 1, 661, 49, 26 ]
1135 / 4950: [ 0, 1, 0, 0, 0 ], [ 1, 662, 49, 26 ]
1136 / 4950: [ 0, 0, 0, 0, 0 ], [ 1, 662, 49, 26 ]
1137 / 4950: [ 0, 1, 0, 0, 0 ], [ 1, 663, 49, 26 ]
1138 / 4950: [ 0, 0, 0, 0, 0 ], [ 1, 663, 49, 26 ]
1139 / 4950: [ 0, 1, 0, 0, 0 ], [ 1, 664, 49, 26 ]
1140 / 4950: [ 0, 1, 0, 0, 0 ], [ 1, 665, 49, 26 ]
1141 / 4950: [ 0, 1, 0, 0, 0 ], [ 1, 666, 49, 26 ]
1142 / 4950: [ 0, 1, 0, 0, 0 ], [ 1, 667, 49, 26 ]
1143 / 4950: [ 0, 1, 0, 0, 0 ], [ 1, 668, 49, 26 ]
1144 / 4950: [ 0, 1, 0, 0, 0 ], [ 1, 669, 49, 26 ]
1145 / 4950: [ 0, 0, 0, 0, 0 ], [ 1, 669, 49, 26 ]
1146 / 4950: [ 0, 0, 0, 0, 0 ], [ 1, 669, 49, 26 ]
1147 / 4950: [ 0, 1, 0, 0, 0 ], [ 1, 670, 49, 26 ]
1148 / 4950: [ 0, 0, 0, 0, 0 ], [ 1, 670, 49, 26 ]
1149 / 4950: [ 0, 0, 0, 0, 0 ], [ 1, 670, 49, 26 ]
1150 / 4950: [ 0, 1, 0, 0, 0 ], [ 1, 671, 49, 26 ]
1151 / 4950: [ 0, 0, 0, 0, 0 ], [ 1, 671, 49, 26 ]
1152 / 4950: [ 0, 0, 1, 0, 0 ], [ 1, 671, 50, 26 ]
1153 / 4950: [ 0, 0, 0, 1, 0 ], [ 1, 671, 50, 27 ]
1154 / 4950: [ 0, 1, 0, 0, 0 ], [ 1, 672, 50, 27 ]
1155 / 4950: [ 0, 0, 0, 0, 0 ], [ 1, 672, 50, 27 ]
1156 / 4950: [ 0, 0, 0, 0, 0 ], [ 1, 672, 50, 27 ]
1157 / 4950: [ 0, 1, 0, 0, 0 ], [ 1, 673, 50, 27 ]
1158 / 4950: [ 0, 1, 0, 0, 0 ], [ 1, 674, 50, 27 ]
1159 / 4950: [ 0, 0, 0, 0, 0 ], [ 1, 674, 50, 27 ]
1160 / 4950: [ 0, 0, 0, 0, 0 ], [ 1, 674, 50, 27 ]
1161 / 4950: [ 0, 1, 0, 0, 0 ], [ 1, 675, 50, 27 ]
1162 / 4950: [ 0, 1, 0, 0, 0 ], [ 1, 676, 50, 27 ]
1163 / 4950: [ 0, 1, 0, 0, 0 ], [ 1, 677, 50, 27 ]
1164 / 4950: [ 0, 1, 0, 0, 0 ], [ 1, 678, 50, 27 ]
1165 / 4950: [ 0, 1, 0, 0, 0 ], [ 1, 679, 50, 27 ]
1166 / 4950: [ 0, 0, 0, 0, 0 ], [ 1, 679, 50, 27 ]
1167 / 4950: [ 0, 1, 0, 0, 0 ], [ 1, 680, 50, 27 ]
1168 / 4950: [ 0, 0, 0, 0, 0 ], [ 1, 680, 50, 27 ]
1169 / 4950: [ 0, 1, 0, 0, 0 ], [ 1, 681, 50, 27 ]
1170 / 4950: [ 0, 1, 0, 0, 0 ], [ 1, 682, 50, 27 ]
1171 / 4950: [ 0, 1, 0, 0, 0 ], [ 1, 683, 50, 27 ]
1172 / 4950: [ 0, 1, 0, 0, 0 ], [ 1, 684, 50, 27 ]
1173 / 4950: [ 0, 1, 0, 0, 0 ], [ 1, 685, 50, 27 ]
1174 / 4950: [ 0, 0, 0, 0, 0 ], [ 1, 685, 50, 27 ]
1175 / 4950: [ 0, 1, 0, 0, 0 ], [ 1, 686, 50, 27 ]
1176 / 4950: [ 0, 1, 0, 0, 0 ], [ 1, 687, 50, 27 ]
1177 / 4950: [ 0, 1, 0, 0, 0 ], [ 1, 688, 50, 27 ]
1178 / 4950: [ 0, 1, 0, 0, 0 ], [ 1, 689, 50, 27 ]
1179 / 4950: [ 0, 0, 0, 0, 0 ], [ 1, 689, 50, 27 ]
1180 / 4950: [ 0, 1, 0, 0, 0 ], [ 1, 690, 50, 27 ]
1181 / 4950: [ 0, 0, 0, 0, 0 ], [ 1, 690, 50, 27 ]
1182 / 4950: [ 0, 1, 0, 0, 0 ], [ 1, 691, 50, 27 ]
1183 / 4950: [ 0, 1, 0, 0, 0 ], [ 1, 692, 50, 27 ]
1184 / 4950: [ 0, 1, 0, 0, 0 ], [ 1, 693, 50, 27 ]
1185 / 4950: [ 0, 0, 0, 0, 0 ], [ 1, 693, 50, 27 ]
1186 / 4950: [ 0, 0, 0, 0, 0 ], [ 1, 693, 50, 27 ]
1187 / 4950: [ 0, 1, 0, 0, 0 ], [ 1, 694, 50, 27 ]
1188 / 4950: [ 0, 1, 0, 0, 0 ], [ 1, 695, 50, 27 ]
1189 / 4950: [ 0, 1, 0, 0, 0 ], [ 1, 696, 50, 27 ]
1190 / 4950: [ 0, 1, 0, 0, 0 ], [ 1, 697, 50, 27 ]
1191 / 4950: [ 0, 1, 0, 0, 0 ], [ 1, 698, 50, 27 ]
1192 / 4950: [ 0, 0, 1, 0, 0 ], [ 1, 698, 51, 27 ]
1193 / 4950: [ 0, 1, 0, 0, 0 ], [ 1, 699, 51, 27 ]
1194 / 4950: [ 0, 1, 0, 0, 0 ], [ 1, 700, 51, 27 ]
1195 / 4950: [ 0, 0, 0, 0, 0 ], [ 1, 700, 51, 27 ]
1196 / 4950: [ 0, 1, 0, 0, 0 ], [ 1, 701, 51, 27 ]
1197 / 4950: [ 0, 1, 0, 0, 0 ], [ 1, 702, 51, 27 ]
1198 / 4950: [ 0, 0, 0, 0, 0 ], [ 1, 702, 51, 27 ]
1199 / 4950: [ 0, 0, 0, 0, 0 ], [ 1, 702, 51, 27 ]
1200 / 4950: [ 0, 0, 0, 0, 0 ], [ 1, 702, 51, 27 ]
1201 / 4950: [ 0, 1, 0, 0, 0 ], [ 1, 703, 51, 27 ]
1202 / 4950: [ 0, 1, 0, 0, 0 ], [ 1, 704, 51, 27 ]
1203 / 4950: [ 0, 0, 0, 1, 0 ], [ 1, 704, 51, 28 ]
1204 / 4950: [ 0, 1, 0, 0, 0 ], [ 1, 705, 51, 28 ]
1205 / 4950: [ 0, 1, 0, 0, 0 ], [ 1, 706, 51, 28 ]
1206 / 4950: [ 0, 1, 0, 0, 0 ], [ 1, 707, 51, 28 ]
1207 / 4950: [ 0, 1, 0, 0, 0 ], [ 1, 708, 51, 28 ]
1208 / 4950: [ 0, 0, 0, 0, 0 ], [ 1, 708, 51, 28 ]
1209 / 4950: [ 0, 0, 0, 0, 0 ], [ 1, 708, 51, 28 ]
1210 / 4950: [ 0, 1, 0, 0, 0 ], [ 1, 709, 51, 28 ]
1211 / 4950: [ 0, 1, 0, 0, 0 ], [ 1, 710, 51, 28 ]
1212 / 4950: [ 0, 1, 0, 0, 0 ], [ 1, 711, 51, 28 ]
1213 / 4950: [ 0, 0, 0, 0, 0 ], [ 1, 711, 51, 28 ]
1214 / 4950: [ 0, 1, 0, 0, 0 ], [ 1, 712, 51, 28 ]
1215 / 4950: [ 0, 1, 0, 0, 0 ], [ 1, 713, 51, 28 ]
1216 / 4950: [ 0, 0, 0, 0, 0 ], [ 1, 713, 51, 28 ]
1217 / 4950: [ 0, 1, 0, 0, 0 ], [ 1, 714, 51, 28 ]
1218 / 4950: [ 0, 1, 0, 0, 0 ], [ 1, 715, 51, 28 ]
1219 / 4950: [ 0, 0, 1, 0, 0 ], [ 1, 715, 52, 28 ]
1220 / 4950: [ 0, 0, 0, 0, 0 ], [ 1, 715, 52, 28 ]
1221 / 4950: [ 0, 1, 0, 0, 0 ], [ 1, 716, 52, 28 ]
1222 / 4950: [ 0, 1, 0, 0, 0 ], [ 1, 717, 52, 28 ]
1223 / 4950: [ 0, 1, 0, 0, 0 ], [ 1, 718, 52, 28 ]
1224 / 4950: [ 0, 1, 0, 0, 0 ], [ 1, 719, 52, 28 ]
1225 / 4950: [ 0, 0, 0, 0, 0 ], [ 1, 719, 52, 28 ]
1226 / 4950: [ 0, 1, 0, 0, 0 ], [ 1, 720, 52, 28 ]
1227 / 4950: [ 0, 1, 0, 0, 0 ], [ 1, 721, 52, 28 ]
1228 / 4950: [ 0, 1, 0, 0, 0 ], [ 1, 722, 52, 28 ]
1229 / 4950: [ 0, 1, 0, 0, 0 ], [ 1, 723, 52, 28 ]
1230 / 4950: [ 0, 1, 0, 0, 0 ], [ 1, 724, 52, 28 ]
1231 / 4950: [ 0, 1, 0, 0, 0 ], [ 1, 725, 52, 28 ]
1232 / 4950: [ 0, 1, 0, 0, 0 ], [ 1, 726, 52, 28 ]
1233 / 4950: [ 0, 1, 0, 0, 0 ], [ 1, 727, 52, 28 ]
1234 / 4950: [ 0, 1, 0, 0, 0 ], [ 1, 728, 52, 28 ]
1235 / 4950: [ 0, 0, 0, 0, 0 ], [ 1, 728, 52, 28 ]
1236 / 4950: [ 0, 1, 0, 0, 0 ], [ 1, 729, 52, 28 ]
1237 / 4950: [ 0, 1, 0, 0, 0 ], [ 1, 730, 52, 28 ]
1238 / 4950: [ 0, 1, 0, 0, 0 ], [ 1, 731, 52, 28 ]
1239 / 4950: [ 0, 1, 0, 0, 0 ], [ 1, 732, 52, 28 ]
1240 / 4950: [ 0, 1, 0, 0, 0 ], [ 1, 733, 52, 28 ]
1241 / 4950: [ 0, 0, 0, 0, 0 ], [ 1, 733, 52, 28 ]
1242 / 4950: [ 0, 1, 0, 0, 0 ], [ 1, 734, 52, 28 ]
1243 / 4950: [ 0, 1, 0, 0, 0 ], [ 1, 735, 52, 28 ]
1244 / 4950: [ 0, 0, 0, 0, 0 ], [ 1, 735, 52, 28 ]
1245 / 4950: [ 0, 0, 0, 0, 0 ], [ 1, 735, 52, 28 ]
1246 / 4950: [ 0, 1, 0, 0, 0 ], [ 1, 736, 52, 28 ]
1247 / 4950: [ 0, 1, 0, 0, 0 ], [ 1, 737, 52, 28 ]
1248 / 4950: [ 0, 1, 0, 0, 0 ], [ 1, 738, 52, 28 ]
1249 / 4950: [ 0, 0, 0, 0, 0 ], [ 1, 738, 52, 28 ]
1250 / 4950: [ 0, 1, 0, 0, 0 ], [ 1, 739, 52, 28 ]
1251 / 4950: [ 0, 1, 0, 0, 0 ], [ 1, 740, 52, 28 ]
1252 / 4950: [ 0, 0, 0, 1, 0 ], [ 1, 740, 52, 29 ]
1253 / 4950: [ 0, 1, 0, 0, 0 ], [ 1, 741, 52, 29 ]
1254 / 4950: [ 0, 0, 0, 0, 0 ], [ 1, 741, 52, 29 ]
1255 / 4950: [ 0, 0, 0, 0, 0 ], [ 1, 741, 52, 29 ]
1256 / 4950: [ 0, 1, 0, 0, 0 ], [ 1, 742, 52, 29 ]
1257 / 4950: [ 0, 0, 0, 0, 0 ], [ 1, 742, 52, 29 ]
1258 / 4950: [ 0, 1, 0, 0, 0 ], [ 1, 743, 52, 29 ]
1259 / 4950: [ 0, 1, 0, 0, 0 ], [ 1, 744, 52, 29 ]
1260 / 4950: [ 0, 1, 0, 0, 0 ], [ 1, 745, 52, 29 ]
1261 / 4950: [ 0, 1, 0, 0, 0 ], [ 1, 746, 52, 29 ]
1262 / 4950: [ 0, 1, 0, 0, 0 ], [ 1, 747, 52, 29 ]
1263 / 4950: [ 0, 1, 0, 0, 0 ], [ 1, 748, 52, 29 ]
1264 / 4950: [ 0, 1, 0, 0, 0 ], [ 1, 749, 52, 29 ]
1265 / 4950: [ 0, 0, 0, 0, 0 ], [ 1, 749, 52, 29 ]
1266 / 4950: [ 0, 1, 0, 0, 0 ], [ 1, 750, 52, 29 ]
1267 / 4950: [ 0, 0, 0, 0, 0 ], [ 1, 750, 52, 29 ]
1268 / 4950: [ 0, 0, 0, 0, 0 ], [ 1, 750, 52, 29 ]
1269 / 4950: [ 0, 1, 0, 0, 0 ], [ 1, 751, 52, 29 ]
1270 / 4950: [ 0, 1, 0, 0, 0 ], [ 1, 752, 52, 29 ]
1271 / 4950: [ 0, 1, 0, 0, 0 ], [ 1, 753, 52, 29 ]
1272 / 4950: [ 0, 1, 0, 0, 0 ], [ 1, 754, 52, 29 ]
1273 / 4950: [ 0, 0, 0, 0, 0 ], [ 1, 754, 52, 29 ]
1274 / 4950: [ 0, 1, 0, 0, 0 ], [ 1, 755, 52, 29 ]
1275 / 4950: [ 0, 1, 0, 0, 0 ], [ 1, 756, 52, 29 ]
1276 / 4950: [ 0, 1, 0, 0, 0 ], [ 1, 757, 52, 29 ]
1277 / 4950: [ 0, 1, 0, 0, 0 ], [ 1, 758, 52, 29 ]
1278 / 4950: [ 0, 1, 0, 0, 0 ], [ 1, 759, 52, 29 ]
1279 / 4950: [ 0, 1, 0, 0, 0 ], [ 1, 760, 52, 29 ]
1280 / 4950: [ 0, 0, 0, 1, 0 ], [ 1, 760, 52, 30 ]
1281 / 4950: [ 0, 0, 1, 0, 0 ], [ 1, 760, 53, 30 ]
1282 / 4950: [ 0, 1, 0, 0, 0 ], [ 1, 761, 53, 30 ]
1283 / 4950: [ 0, 0, 0, 0, 1 ], [ 1, 761, 53, 31 ]
1284 / 4950: [ 0, 1, 0, 0, 0 ], [ 1, 762, 53, 31 ]
1285 / 4950: [ 0, 0, 0, 0, 0 ], [ 1, 762, 53, 31 ]
1286 / 4950: [ 0, 0, 0, 1, 0 ], [ 1, 762, 53, 32 ]
1287 / 4950: [ 0, 0, 0, 1, 0 ], [ 1, 762, 53, 33 ]
1288 / 4950: [ 0, 1, 0, 0, 0 ], [ 1, 763, 53, 33 ]
1289 / 4950: [ 0, 1, 0, 0, 0 ], [ 1, 764, 53, 33 ]
1290 / 4950: [ 0, 1, 0, 0, 0 ], [ 1, 765, 53, 33 ]
1291 / 4950: [ 0, 0, 1, 0, 0 ], [ 1, 765, 54, 33 ]
1292 / 4950: [ 0, 1, 0, 0, 0 ], [ 1, 766, 54, 33 ]
1293 / 4950: [ 0, 1, 0, 0, 0 ], [ 1, 767, 54, 33 ]
1294 / 4950: [ 0, 0, 0, 1, 0 ], [ 1, 767, 54, 34 ]
1295 / 4950: [ 0, 0, 0, 1, 0 ], [ 1, 767, 54, 35 ]
1296 / 4950: [ 0, 1, 0, 0, 0 ], [ 1, 768, 54, 35 ]
1297 / 4950: [ 0, 0, 1, 0, 0 ], [ 1, 768, 55, 35 ]
1298 / 4950: [ 0, 0, 0, 0, 1 ], [ 1, 768, 55, 36 ]
1299 / 4950: [ 0, 0, 0, 0, 0 ], [ 1, 768, 55, 36 ]
1300 / 4950: [ 0, 1, 0, 0, 0 ], [ 1, 769, 55, 36 ]
1301 / 4950: [ 0, 1, 0, 0, 0 ], [ 1, 770, 55, 36 ]
1302 / 4950: [ 0, 0, 0, 0, 0 ], [ 1, 770, 55, 36 ]
1303 / 4950: [ 0, 0, 0, 0, 0 ], [ 1, 770, 55, 36 ]
1304 / 4950: [ 0, 0, 0, 1, 0 ], [ 1, 770, 55, 37 ]
1305 / 4950: [ 0, 0, 1, 0, 0 ], [ 1, 770, 56, 37 ]
1306 / 4950: [ 0, 1, 0, 0, 0 ], [ 1, 771, 56, 37 ]
1307 / 4950: [ 0, 0, 0, 0, 0 ], [ 1, 771, 56, 37 ]
1308 / 4950: [ 0, 0, 1, 0, 0 ], [ 1, 771, 57, 37 ]
1309 / 4950: [ 0, 1, 0, 0, 0 ], [ 1, 772, 57, 37 ]
1310 / 4950: [ 0, 0, 0, 1, 0 ], [ 1, 772, 57, 38 ]
1311 / 4950: [ 0, 1, 0, 0, 0 ], [ 1, 773, 57, 38 ]
1312 / 4950: [ 0, 0, 0, 1, 0 ], [ 1, 773, 57, 39 ]
1313 / 4950: [ 0, 1, 0, 0, 0 ], [ 1, 774, 57, 39 ]
1314 / 4950: [ 0, 1, 0, 0, 0 ], [ 1, 775, 57, 39 ]
1315 / 4950: [ 0, 0, 0, 0, 0 ], [ 1, 775, 57, 39 ]
1316 / 4950: [ 0, 1, 0, 0, 0 ], [ 1, 776, 57, 39 ]
1317 / 4950: [ 0, 0, 0, 1, 0 ], [ 1, 776, 57, 40 ]
1318 / 4950: [ 0, 0, 0, 1, 0 ], [ 1, 776, 57, 41 ]
1319 / 4950: [ 0, 0, 1, 0, 0 ], [ 1, 776, 58, 41 ]
1320 / 4950: [ 0, 1, 0, 0, 0 ], [ 1, 777, 58, 41 ]
1321 / 4950: [ 0, 1, 0, 0, 0 ], [ 1, 778, 58, 41 ]
1322 / 4950: [ 0, 1, 0, 0, 0 ], [ 1, 779, 58, 41 ]
1323 / 4950: [ 0, 1, 0, 0, 0 ], [ 1, 780, 58, 41 ]
1324 / 4950: [ 0, 0, 0, 1, 0 ], [ 1, 780, 58, 42 ]
1325 / 4950: [ 0, 1, 0, 0, 0 ], [ 1, 781, 58, 42 ]
1326 / 4950: [ 0, 1, 0, 0, 0 ], [ 1, 782, 58, 42 ]
1327 / 4950: [ 0, 1, 0, 0, 0 ], [ 1, 783, 58, 42 ]
1328 / 4950: [ 0, 1, 0, 0, 0 ], [ 1, 784, 58, 42 ]
1329 / 4950: [ 0, 1, 0, 0, 0 ], [ 1, 785, 58, 42 ]
1330 / 4950: [ 0, 0, 1, 0, 0 ], [ 1, 785, 59, 42 ]
1331 / 4950: [ 0, 1, 0, 0, 0 ], [ 1, 786, 59, 42 ]
1332 / 4950: [ 0, 1, 0, 0, 0 ], [ 1, 787, 59, 42 ]
1333 / 4950: [ 0, 1, 0, 0, 0 ], [ 1, 788, 59, 42 ]
1334 / 4950: [ 0, 0, 1, 0, 0 ], [ 1, 788, 60, 42 ]
1335 / 4950: [ 0, 1, 0, 0, 0 ], [ 1, 789, 60, 42 ]
1336 / 4950: [ 0, 0, 0, 0, 0 ], [ 1, 789, 60, 42 ]
1337 / 4950: [ 0, 1, 0, 0, 0 ], [ 1, 790, 60, 42 ]
1338 / 4950: [ 0, 1, 0, 0, 0 ], [ 1, 791, 60, 42 ]
1339 / 4950: [ 0, 1, 0, 0, 0 ], [ 1, 792, 60, 42 ]
1340 / 4950: [ 0, 1, 0, 0, 0 ], [ 1, 793, 60, 42 ]
1341 / 4950: [ 0, 1, 0, 0, 0 ], [ 1, 794, 60, 42 ]
1342 / 4950: [ 0, 1, 0, 0, 0 ], [ 1, 795, 60, 42 ]
1343 / 4950: [ 0, 0, 0, 1, 0 ], [ 1, 795, 60, 43 ]
1344 / 4950: [ 0, 0, 0, 1, 0 ], [ 1, 795, 60, 44 ]
1345 / 4950: [ 0, 1, 0, 0, 0 ], [ 1, 796, 60, 44 ]
1346 / 4950: [ 0, 1, 0, 0, 0 ], [ 1, 797, 60, 44 ]
1347 / 4950: [ 0, 0, 1, 0, 0 ], [ 1, 797, 61, 44 ]
1348 / 4950: [ 0, 1, 0, 0, 0 ], [ 1, 798, 61, 44 ]
1349 / 4950: [ 0, 0, 1, 0, 0 ], [ 1, 798, 62, 44 ]
1350 / 4950: [ 0, 0, 0, 0, 0 ], [ 1, 798, 62, 44 ]
1351 / 4950: [ 0, 1, 0, 0, 0 ], [ 1, 799, 62, 44 ]
1352 / 4950: [ 0, 1, 0, 0, 0 ], [ 1, 800, 62, 44 ]
1353 / 4950: [ 0, 0, 0, 0, 0 ], [ 1, 800, 62, 44 ]
1354 / 4950: [ 0, 0, 0, 0, 0 ], [ 1, 800, 62, 44 ]
1355 / 4950: [ 0, 1, 0, 0, 0 ], [ 1, 801, 62, 44 ]
1356 / 4950: [ 0, 1, 0, 0, 0 ], [ 1, 802, 62, 44 ]
1357 / 4950: [ 0, 0, 0, 1, 0 ], [ 1, 802, 62, 45 ]
1358 / 4950: [ 0, 0, 0, 0, 0 ], [ 1, 802, 62, 45 ]
1359 / 4950: [ 0, 1, 0, 0, 0 ], [ 1, 803, 62, 45 ]
1360 / 4950: [ 0, 1, 0, 0, 0 ], [ 1, 804, 62, 45 ]
1361 / 4950: [ 0, 1, 0, 0, 0 ], [ 1, 805, 62, 45 ]
1362 / 4950: [ 0, 1, 0, 0, 0 ], [ 1, 806, 62, 45 ]
1363 / 4950: [ 0, 1, 0, 0, 0 ], [ 1, 807, 62, 45 ]
1364 / 4950: [ 0, 0, 1, 0, 0 ], [ 1, 807, 63, 45 ]
1365 / 4950: [ 0, 1, 0, 0, 0 ], [ 1, 808, 63, 45 ]
1366 / 4950: [ 0, 0, 0, 0, 0 ], [ 1, 808, 63, 45 ]
1367 / 4950: [ 0, 1, 0, 0, 0 ], [ 1, 809, 63, 45 ]
1368 / 4950: [ 0, 1, 0, 0, 0 ], [ 1, 810, 63, 45 ]
1369 / 4950: [ 0, 1, 0, 0, 0 ], [ 1, 811, 63, 45 ]
1370 / 4950: [ 0, 0, 0, 0, 1 ], [ 1, 811, 63, 46 ]
1371 / 4950: [ 0, 1, 0, 0, 0 ], [ 1, 812, 63, 46 ]
1372 / 4950: [ 0, 0, 0, 1, 0 ], [ 1, 812, 63, 47 ]
1373 / 4950: [ 0, 1, 0, 0, 0 ], [ 1, 813, 63, 47 ]
1374 / 4950: [ 0, 0, 0, 1, 0 ], [ 1, 813, 63, 48 ]
1375 / 4950: [ 0, 1, 0, 0, 0 ], [ 1, 814, 63, 48 ]
1376 / 4950: [ 0, 0, 0, 1, 0 ], [ 1, 814, 63, 49 ]
1377 / 4950: [ 0, 1, 0, 0, 0 ], [ 1, 815, 63, 49 ]
1378 / 4950: [ 1, 0, 0, 0, 0 ], [ 2, 815, 63, 49 ]
1379 / 4950: [ 0, 1, 0, 0, 0 ], [ 2, 816, 63, 49 ]
1380 / 4950: [ 0, 1, 0, 0, 0 ], [ 2, 817, 63, 49 ]
1381 / 4950: [ 0, 1, 0, 0, 0 ], [ 2, 818, 63, 49 ]
1382 / 4950: [ 0, 0, 1, 0, 0 ], [ 2, 818, 64, 49 ]
1383 / 4950: [ 0, 1, 0, 0, 0 ], [ 2, 819, 64, 49 ]
1384 / 4950: [ 0, 1, 0, 0, 0 ], [ 2, 820, 64, 49 ]
1385 / 4950: [ 0, 1, 0, 0, 0 ], [ 2, 821, 64, 49 ]
1386 / 4950: [ 0, 0, 0, 0, 0 ], [ 2, 821, 64, 49 ]
1387 / 4950: [ 0, 1, 0, 0, 0 ], [ 2, 822, 64, 49 ]
1388 / 4950: [ 0, 0, 0, 0, 0 ], [ 2, 822, 64, 49 ]
1389 / 4950: [ 0, 1, 0, 0, 0 ], [ 2, 823, 64, 49 ]
1390 / 4950: [ 0, 1, 0, 0, 0 ], [ 2, 824, 64, 49 ]
1391 / 4950: [ 0, 1, 0, 0, 0 ], [ 2, 825, 64, 49 ]
1392 / 4950: [ 0, 1, 0, 0, 0 ], [ 2, 826, 64, 49 ]
1393 / 4950: [ 0, 1, 0, 0, 0 ], [ 2, 827, 64, 49 ]
1394 / 4950: [ 0, 0, 1, 0, 0 ], [ 2, 827, 65, 49 ]
1395 / 4950: [ 0, 0, 0, 0, 0 ], [ 2, 827, 65, 49 ]
1396 / 4950: [ 0, 0, 0, 0, 0 ], [ 2, 827, 65, 49 ]
1397 / 4950: [ 0, 0, 0, 0, 0 ], [ 2, 827, 65, 49 ]
1398 / 4950: [ 0, 0, 0, 0, 0 ], [ 2, 827, 65, 49 ]
1399 / 4950: [ 0, 0, 1, 0, 0 ], [ 2, 827, 66, 49 ]
1400 / 4950: [ 0, 1, 0, 0, 0 ], [ 2, 828, 66, 49 ]
1401 / 4950: [ 0, 1, 0, 0, 0 ], [ 2, 829, 66, 49 ]
1402 / 4950: [ 0, 0, 0, 0, 0 ], [ 2, 829, 66, 49 ]
1403 / 4950: [ 0, 0, 0, 1, 0 ], [ 2, 829, 66, 50 ]
1404 / 4950: [ 0, 0, 0, 0, 0 ], [ 2, 829, 66, 50 ]
1405 / 4950: [ 0, 0, 0, 1, 0 ], [ 2, 829, 66, 51 ]
1406 / 4950: [ 0, 1, 0, 0, 0 ], [ 2, 830, 66, 51 ]
1407 / 4950: [ 0, 1, 0, 0, 0 ], [ 2, 831, 66, 51 ]
1408 / 4950: [ 0, 0, 1, 0, 0 ], [ 2, 831, 67, 51 ]
1409 / 4950: [ 0, 0, 0, 0, 0 ], [ 2, 831, 67, 51 ]
1410 / 4950: [ 0, 0, 0, 0, 0 ], [ 2, 831, 67, 51 ]
1411 / 4950: [ 0, 1, 0, 0, 0 ], [ 2, 832, 67, 51 ]
1412 / 4950: [ 0, 1, 0, 0, 0 ], [ 2, 833, 67, 51 ]
1413 / 4950: [ 0, 1, 0, 0, 0 ], [ 2, 834, 67, 51 ]
1414 / 4950: [ 0, 1, 0, 0, 0 ], [ 2, 835, 67, 51 ]
1415 / 4950: [ 0, 1, 0, 0, 0 ], [ 2, 836, 67, 51 ]
1416 / 4950: [ 0, 1, 0, 0, 0 ], [ 2, 837, 67, 51 ]
1417 / 4950: [ 0, 1, 0, 0, 0 ], [ 2, 838, 67, 51 ]
1418 / 4950: [ 0, 0, 0, 0, 0 ], [ 2, 838, 67, 51 ]
1419 / 4950: [ 0, 0, 0, 0, 0 ], [ 2, 838, 67, 51 ]
1420 / 4950: [ 0, 0, 0, 0, 0 ], [ 2, 838, 67, 51 ]
1421 / 4950: [ 0, 0, 0, 0, 0 ], [ 2, 838, 67, 51 ]
1422 / 4950: [ 0, 0, 1, 0, 0 ], [ 2, 838, 68, 51 ]
1423 / 4950: [ 0, 1, 0, 0, 0 ], [ 2, 839, 68, 51 ]
1424 / 4950: [ 0, 0, 0, 0, 0 ], [ 2, 839, 68, 51 ]
1425 / 4950: [ 0, 1, 0, 0, 0 ], [ 2, 840, 68, 51 ]
1426 / 4950: [ 0, 1, 0, 0, 0 ], [ 2, 841, 68, 51 ]
1427 / 4950: [ 0, 1, 0, 0, 0 ], [ 2, 842, 68, 51 ]
1428 / 4950: [ 0, 1, 0, 0, 0 ], [ 2, 843, 68, 51 ]
1429 / 4950: [ 0, 1, 0, 0, 0 ], [ 2, 844, 68, 51 ]
1430 / 4950: [ 0, 1, 0, 0, 0 ], [ 2, 845, 68, 51 ]
1431 / 4950: [ 0, 1, 0, 0, 0 ], [ 2, 846, 68, 51 ]
1432 / 4950: [ 0, 1, 0, 0, 0 ], [ 2, 847, 68, 51 ]
1433 / 4950: [ 0, 0, 0, 0, 0 ], [ 2, 847, 68, 51 ]
1434 / 4950: [ 0, 1, 0, 0, 0 ], [ 2, 848, 68, 51 ]
1435 / 4950: [ 0, 0, 0, 0, 0 ], [ 2, 848, 68, 51 ]
1436 / 4950: [ 0, 0, 1, 0, 0 ], [ 2, 848, 69, 51 ]
1437 / 4950: [ 0, 0, 0, 0, 0 ], [ 2, 848, 69, 51 ]
1438 / 4950: [ 0, 0, 0, 0, 0 ], [ 2, 848, 69, 51 ]
1439 / 4950: [ 0, 0, 0, 0, 0 ], [ 2, 848, 69, 51 ]
1440 / 4950: [ 0, 0, 0, 0, 0 ], [ 2, 848, 69, 51 ]
1441 / 4950: [ 0, 0, 0, 0, 0 ], [ 2, 848, 69, 51 ]
1442 / 4950: [ 0, 0, 0, 1, 0 ], [ 2, 848, 69, 52 ]
1443 / 4950: [ 0, 0, 0, 0, 0 ], [ 2, 848, 69, 52 ]
1444 / 4950: [ 0, 0, 0, 1, 0 ], [ 2, 848, 69, 53 ]
1445 / 4950: [ 0, 0, 0, 1, 0 ], [ 2, 848, 69, 54 ]
1446 / 4950: [ 0, 0, 0, 1, 0 ], [ 2, 848, 69, 55 ]
1447 / 4950: [ 0, 0, 0, 0, 0 ], [ 2, 848, 69, 55 ]
1448 / 4950: [ 0, 0, 0, 1, 0 ], [ 2, 848, 69, 56 ]
1449 / 4950: [ 0, 0, 0, 1, 0 ], [ 2, 848, 69, 57 ]
1450 / 4950: [ 0, 0, 0, 1, 0 ], [ 2, 848, 69, 58 ]
1451 / 4950: [ 0, 0, 0, 0, 0 ], [ 2, 848, 69, 58 ]
1452 / 4950: [ 0, 0, 0, 0, 0 ], [ 2, 848, 69, 58 ]
1453 / 4950: [ 0, 0, 0, 0, 0 ], [ 2, 848, 69, 58 ]
1454 / 4950: [ 0, 1, 0, 0, 0 ], [ 2, 849, 69, 58 ]
1455 / 4950: [ 0, 0, 0, 1, 0 ], [ 2, 849, 69, 59 ]
1456 / 4950: [ 0, 1, 0, 0, 0 ], [ 2, 850, 69, 59 ]
1457 / 4950: [ 0, 0, 0, 0, 0 ], [ 2, 850, 69, 59 ]
1458 / 4950: [ 0, 0, 0, 1, 0 ], [ 2, 850, 69, 60 ]
1459 / 4950: [ 0, 1, 0, 0, 0 ], [ 2, 851, 69, 60 ]
1460 / 4950: [ 0, 1, 0, 0, 0 ], [ 2, 852, 69, 60 ]
1461 / 4950: [ 0, 0, 0, 0, 0 ], [ 2, 852, 69, 60 ]
1462 / 4950: [ 0, 0, 0, 1, 0 ], [ 2, 852, 69, 61 ]
1463 / 4950: [ 0, 0, 0, 1, 0 ], [ 2, 852, 69, 62 ]
1464 / 4950: [ 0, 1, 0, 0, 0 ], [ 2, 853, 69, 62 ]
1465 / 4950: [ 0, 0, 0, 0, 0 ], [ 2, 853, 69, 62 ]
1466 / 4950: [ 0, 1, 0, 0, 0 ], [ 2, 854, 69, 62 ]
1467 / 4950: [ 0, 0, 0, 0, 0 ], [ 2, 854, 69, 62 ]
1468 / 4950: [ 0, 0, 0, 0, 0 ], [ 2, 854, 69, 62 ]
1469 / 4950: [ 0, 0, 0, 0, 0 ], [ 2, 854, 69, 62 ]
1470 / 4950: [ 0, 0, 0, 0, 0 ], [ 2, 854, 69, 62 ]
1471 / 4950: [ 0, 0, 0, 1, 0 ], [ 2, 854, 69, 63 ]
1472 / 4950: [ 0, 1, 0, 0, 0 ], [ 2, 855, 69, 63 ]
1473 / 4950: [ 0, 0, 0, 0, 0 ], [ 2, 855, 69, 63 ]
1474 / 4950: [ 0, 0, 0, 1, 0 ], [ 2, 855, 69, 64 ]
1475 / 4950: [ 0, 0, 0, 0, 0 ], [ 2, 855, 69, 64 ]
1476 / 4950: [ 0, 0, 0, 1, 0 ], [ 2, 855, 69, 65 ]
1477 / 4950: [ 0, 0, 0, 0, 0 ], [ 2, 855, 69, 65 ]
1478 / 4950: [ 0, 0, 0, 1, 0 ], [ 2, 855, 69, 66 ]
1479 / 4950: [ 0, 0, 0, 0, 0 ], [ 2, 855, 69, 66 ]
1480 / 4950: [ 0, 0, 0, 0, 0 ], [ 2, 855, 69, 66 ]
1481 / 4950: [ 0, 0, 0, 0, 0 ], [ 2, 855, 69, 66 ]
1482 / 4950: [ 0, 1, 0, 0, 0 ], [ 2, 856, 69, 66 ]
1483 / 4950: [ 0, 0, 0, 0, 0 ], [ 2, 856, 69, 66 ]
1484 / 4950: [ 0, 0, 0, 0, 0 ], [ 2, 856, 69, 66 ]
1485 / 4950: [ 0, 1, 0, 0, 0 ], [ 2, 857, 69, 66 ]
1486 / 4950: [ 0, 1, 0, 0, 0 ], [ 2, 858, 69, 66 ]
1487 / 4950: [ 0, 0, 0, 0, 0 ], [ 2, 858, 69, 66 ]
1488 / 4950: [ 0, 1, 0, 0, 0 ], [ 2, 859, 69, 66 ]
1489 / 4950: [ 0, 0, 0, 0, 0 ], [ 2, 859, 69, 66 ]
1490 / 4950: [ 0, 0, 0, 0, 1 ], [ 2, 859, 69, 67 ]
1491 / 4950: [ 0, 0, 0, 0, 0 ], [ 2, 859, 69, 67 ]
1492 / 4950: [ 0, 0, 0, 0, 0 ], [ 2, 859, 69, 67 ]
1493 / 4950: [ 0, 0, 0, 0, 0 ], [ 2, 859, 69, 67 ]
1494 / 4950: [ 0, 0, 0, 0, 0 ], [ 2, 859, 69, 67 ]
1495 / 4950: [ 0, 0, 0, 0, 0 ], [ 2, 859, 69, 67 ]
1496 / 4950: [ 0, 0, 0, 1, 0 ], [ 2, 859, 69, 68 ]
1497 / 4950: [ 0, 0, 0, 0, 0 ], [ 2, 859, 69, 68 ]
1498 / 4950: [ 0, 0, 0, 1, 0 ], [ 2, 859, 69, 69 ]
1499 / 4950: [ 0, 0, 0, 1, 0 ], [ 2, 859, 69, 70 ]
1500 / 4950: [ 0, 0, 0, 1, 0 ], [ 2, 859, 69, 71 ]
1501 / 4950: [ 0, 0, 0, 0, 0 ], [ 2, 859, 69, 71 ]
1502 / 4950: [ 0, 1, 0, 0, 0 ], [ 2, 860, 69, 71 ]
1503 / 4950: [ 0, 1, 0, 0, 0 ], [ 2, 861, 69, 71 ]
1504 / 4950: [ 0, 1, 0, 0, 0 ], [ 2, 862, 69, 71 ]
1505 / 4950: [ 0, 0, 0, 0, 0 ], [ 2, 862, 69, 71 ]
1506 / 4950: [ 0, 0, 0, 0, 0 ], [ 2, 862, 69, 71 ]
1507 / 4950: [ 0, 0, 0, 0, 0 ], [ 2, 862, 69, 71 ]
1508 / 4950: [ 0, 1, 0, 0, 0 ], [ 2, 863, 69, 71 ]
1509 / 4950: [ 0, 0, 0, 1, 0 ], [ 2, 863, 69, 72 ]
1510 / 4950: [ 0, 1, 0, 0, 0 ], [ 2, 864, 69, 72 ]
1511 / 4950: [ 0, 0, 0, 0, 0 ], [ 2, 864, 69, 72 ]
1512 / 4950: [ 0, 1, 0, 0, 0 ], [ 2, 865, 69, 72 ]
1513 / 4950: [ 0, 1, 0, 0, 0 ], [ 2, 866, 69, 72 ]
1514 / 4950: [ 0, 0, 0, 1, 0 ], [ 2, 866, 69, 73 ]
1515 / 4950: [ 0, 0, 0, 0, 0 ], [ 2, 866, 69, 73 ]
1516 / 4950: [ 0, 1, 0, 0, 0 ], [ 2, 867, 69, 73 ]
1517 / 4950: [ 0, 1, 0, 0, 0 ], [ 2, 868, 69, 73 ]
1518 / 4950: [ 0, 1, 0, 0, 0 ], [ 2, 869, 69, 73 ]
1519 / 4950: [ 0, 0, 0, 0, 0 ], [ 2, 869, 69, 73 ]
1520 / 4950: [ 0, 1, 0, 0, 0 ], [ 2, 870, 69, 73 ]
1521 / 4950: [ 0, 0, 0, 0, 0 ], [ 2, 870, 69, 73 ]
1522 / 4950: [ 0, 0, 0, 0, 0 ], [ 2, 870, 69, 73 ]
1523 / 4950: [ 0, 0, 0, 0, 0 ], [ 2, 870, 69, 73 ]
1524 / 4950: [ 0, 0, 0, 0, 0 ], [ 2, 870, 69, 73 ]
1525 / 4950: [ 0, 1, 0, 0, 0 ], [ 2, 871, 69, 73 ]
1526 / 4950: [ 0, 0, 0, 1, 0 ], [ 2, 871, 69, 74 ]
1527 / 4950: [ 0, 0, 0, 0, 0 ], [ 2, 871, 69, 74 ]
1528 / 4950: [ 0, 1, 0, 0, 0 ], [ 2, 872, 69, 74 ]
1529 / 4950: [ 0, 0, 0, 0, 0 ], [ 2, 872, 69, 74 ]
1530 / 4950: [ 0, 1, 0, 0, 0 ], [ 2, 873, 69, 74 ]
1531 / 4950: [ 0, 0, 0, 0, 0 ], [ 2, 873, 69, 74 ]
1532 / 4950: [ 0, 1, 0, 0, 0 ], [ 2, 874, 69, 74 ]
1533 / 4950: [ 0, 0, 0, 0, 0 ], [ 2, 874, 69, 74 ]
1534 / 4950: [ 0, 0, 0, 0, 0 ], [ 2, 874, 69, 74 ]
1535 / 4950: [ 0, 0, 0, 0, 0 ], [ 2, 874, 69, 74 ]
1536 / 4950: [ 0, 1, 0, 0, 0 ], [ 2, 875, 69, 74 ]
1537 / 4950: [ 0, 0, 0, 0, 0 ], [ 2, 875, 69, 74 ]
1538 / 4950: [ 0, 0, 0, 0, 0 ], [ 2, 875, 69, 74 ]
1539 / 4950: [ 0, 1, 0, 0, 0 ], [ 2, 876, 69, 74 ]
1540 / 4950: [ 1, 0, 0, 0, 0 ], [ 3, 876, 69, 74 ]
1541 / 4950: [ 0, 0, 0, 1, 0 ], [ 3, 876, 69, 75 ]
1542 / 4950: [ 0, 0, 0, 0, 0 ], [ 3, 876, 69, 75 ]
1543 / 4950: [ 0, 0, 0, 1, 0 ], [ 3, 876, 69, 76 ]
1544 / 4950: [ 0, 0, 0, 0, 0 ], [ 3, 876, 69, 76 ]
1545 / 4950: [ 0, 0, 0, 0, 1 ], [ 3, 876, 69, 77 ]
1546 / 4950: [ 0, 0, 0, 0, 0 ], [ 3, 876, 69, 77 ]
1547 / 4950: [ 0, 0, 0, 0, 0 ], [ 3, 876, 69, 77 ]
1548 / 4950: [ 0, 0, 0, 0, 0 ], [ 3, 876, 69, 77 ]
1549 / 4950: [ 0, 0, 0, 0, 0 ], [ 3, 876, 69, 77 ]
1550 / 4950: [ 0, 0, 0, 0, 0 ], [ 3, 876, 69, 77 ]
1551 / 4950: [ 0, 1, 0, 0, 0 ], [ 3, 877, 69, 77 ]
1552 / 4950: [ 0, 0, 0, 0, 0 ], [ 3, 877, 69, 77 ]
1553 / 4950: [ 0, 1, 0, 0, 0 ], [ 3, 878, 69, 77 ]
1554 / 4950: [ 0, 0, 0, 1, 0 ], [ 3, 878, 69, 78 ]
1555 / 4950: [ 0, 1, 0, 0, 0 ], [ 3, 879, 69, 78 ]
1556 / 4950: [ 0, 0, 0, 0, 0 ], [ 3, 879, 69, 78 ]
1557 / 4950: [ 0, 0, 0, 1, 0 ], [ 3, 879, 69, 79 ]
1558 / 4950: [ 0, 0, 0, 1, 0 ], [ 3, 879, 69, 80 ]
1559 / 4950: [ 0, 0, 0, 1, 0 ], [ 3, 879, 69, 81 ]
1560 / 4950: [ 0, 0, 0, 0, 0 ], [ 3, 879, 69, 81 ]
1561 / 4950: [ 0, 0, 0, 0, 0 ], [ 3, 879, 69, 81 ]
1562 / 4950: [ 0, 0, 0, 0, 0 ], [ 3, 879, 69, 81 ]
1563 / 4950: [ 0, 0, 0, 1, 0 ], [ 3, 879, 69, 82 ]
1564 / 4950: [ 0, 1, 0, 0, 0 ], [ 3, 880, 69, 82 ]
1565 / 4950: [ 0, 0, 0, 1, 0 ], [ 3, 880, 69, 83 ]
1566 / 4950: [ 0, 0, 0, 0, 0 ], [ 3, 880, 69, 83 ]
1567 / 4950: [ 0, 0, 0, 1, 0 ], [ 3, 880, 69, 84 ]
1568 / 4950: [ 0, 0, 0, 1, 0 ], [ 3, 880, 69, 85 ]
1569 / 4950: [ 0, 0, 0, 1, 0 ], [ 3, 880, 69, 86 ]
1570 / 4950: [ 0, 0, 0, 0, 0 ], [ 3, 880, 69, 86 ]
1571 / 4950: [ 0, 0, 0, 1, 0 ], [ 3, 880, 69, 87 ]
1572 / 4950: [ 0, 0, 0, 1, 0 ], [ 3, 880, 69, 88 ]
1573 / 4950: [ 0, 0, 0, 1, 0 ], [ 3, 880, 69, 89 ]
1574 / 4950: [ 0, 0, 0, 0, 0 ], [ 3, 880, 69, 89 ]
1575 / 4950: [ 0, 1, 0, 0, 0 ], [ 3, 881, 69, 89 ]
1576 / 4950: [ 0, 0, 0, 0, 0 ], [ 3, 881, 69, 89 ]
1577 / 4950: [ 0, 0, 0, 0, 0 ], [ 3, 881, 69, 89 ]
1578 / 4950: [ 0, 0, 0, 0, 0 ], [ 3, 881, 69, 89 ]
1579 / 4950: [ 0, 0, 0, 0, 0 ], [ 3, 881, 69, 89 ]
1580 / 4950: [ 0, 0, 0, 1, 0 ], [ 3, 881, 69, 90 ]
1581 / 4950: [ 0, 0, 0, 1, 0 ], [ 3, 881, 69, 91 ]
1582 / 4950: [ 0, 0, 0, 0, 0 ], [ 3, 881, 69, 91 ]
1583 / 4950: [ 0, 0, 0, 1, 0 ], [ 3, 881, 69, 92 ]
1584 / 4950: [ 0, 0, 0, 0, 0 ], [ 3, 881, 69, 92 ]
1585 / 4950: [ 0, 0, 0, 1, 0 ], [ 3, 881, 69, 93 ]
1586 / 4950: [ 0, 0, 0, 0, 0 ], [ 3, 881, 69, 93 ]
1587 / 4950: [ 0, 1, 0, 0, 0 ], [ 3, 882, 69, 93 ]
1588 / 4950: [ 0, 0, 0, 0, 0 ], [ 3, 882, 69, 93 ]
1589 / 4950: [ 0, 0, 0, 0, 0 ], [ 3, 882, 69, 93 ]
1590 / 4950: [ 0, 0, 0, 0, 0 ], [ 3, 882, 69, 93 ]
1591 / 4950: [ 0, 1, 0, 0, 0 ], [ 3, 883, 69, 93 ]
1592 / 4950: [ 0, 0, 0, 0, 0 ], [ 3, 883, 69, 93 ]
1593 / 4950: [ 0, 0, 0, 0, 0 ], [ 3, 883, 69, 93 ]
1594 / 4950: [ 0, 0, 0, 1, 0 ], [ 3, 883, 69, 94 ]
1595 / 4950: [ 1, 0, 0, 0, 0 ], [ 4, 883, 69, 94 ]
1596 / 4950: [ 1, 0, 0, 0, 0 ], [ 5, 883, 69, 94 ]
1597 / 4950: [ 0, 0, 0, 1, 0 ], [ 5, 883, 69, 95 ]
1598 / 4950: [ 0, 0, 0, 1, 0 ], [ 5, 883, 69, 96 ]
1599 / 4950: [ 0, 0, 0, 0, 0 ], [ 5, 883, 69, 96 ]
1600 / 4950: [ 0, 1, 0, 0, 0 ], [ 5, 884, 69, 96 ]
1601 / 4950: [ 0, 1, 0, 0, 0 ], [ 5, 885, 69, 96 ]
1602 / 4950: [ 0, 1, 0, 0, 0 ], [ 5, 886, 69, 96 ]
1603 / 4950: [ 0, 0, 0, 1, 0 ], [ 5, 886, 69, 97 ]
1604 / 4950: [ 0, 1, 0, 0, 0 ], [ 5, 887, 69, 97 ]
1605 / 4950: [ 0, 1, 0, 0, 0 ], [ 5, 888, 69, 97 ]
1606 / 4950: [ 0, 0, 0, 0, 0 ], [ 5, 888, 69, 97 ]
1607 / 4950: [ 0, 0, 0, 1, 0 ], [ 5, 888, 69, 98 ]
1608 / 4950: [ 0, 0, 0, 1, 0 ], [ 5, 888, 69, 99 ]
1609 / 4950: [ 0, 1, 0, 0, 0 ], [ 5, 889, 69, 99 ]
1610 / 4950: [ 0, 0, 0, 1, 0 ], [ 5, 889, 69, 100 ]
1611 / 4950: [ 0, 1, 0, 0, 0 ], [ 5, 890, 69, 100 ]
1612 / 4950: [ 0, 1, 0, 0, 0 ], [ 5, 891, 69, 100 ]
1613 / 4950: [ 0, 0, 0, 1, 0 ], [ 5, 891, 69, 101 ]
1614 / 4950: [ 0, 1, 0, 0, 0 ], [ 5, 892, 69, 101 ]
1615 / 4950: [ 0, 1, 0, 0, 0 ], [ 5, 893, 69, 101 ]
1616 / 4950: [ 0, 0, 0, 0, 0 ], [ 5, 893, 69, 101 ]
1617 / 4950: [ 0, 1, 0, 0, 0 ], [ 5, 894, 69, 101 ]
1618 / 4950: [ 0, 0, 0, 0, 0 ], [ 5, 894, 69, 101 ]
1619 / 4950: [ 0, 0, 0, 0, 1 ], [ 5, 894, 69, 102 ]
1620 / 4950: [ 0, 1, 0, 0, 0 ], [ 5, 895, 69, 102 ]
1621 / 4950: [ 0, 0, 0, 1, 0 ], [ 5, 895, 69, 103 ]
1622 / 4950: [ 0, 0, 0, 1, 0 ], [ 5, 895, 69, 104 ]
1623 / 4950: [ 0, 0, 0, 0, 0 ], [ 5, 895, 69, 104 ]
1624 / 4950: [ 0, 0, 0, 0, 0 ], [ 5, 895, 69, 104 ]
1625 / 4950: [ 0, 0, 0, 0, 0 ], [ 5, 895, 69, 104 ]
1626 / 4950: [ 0, 0, 0, 0, 1 ], [ 5, 895, 69, 105 ]
1627 / 4950: [ 0, 1, 0, 0, 0 ], [ 5, 896, 69, 105 ]
1628 / 4950: [ 0, 1, 0, 0, 0 ], [ 5, 897, 69, 105 ]
1629 / 4950: [ 0, 0, 0, 0, 0 ], [ 5, 897, 69, 105 ]
1630 / 4950: [ 0, 0, 1, 0, 0 ], [ 5, 897, 70, 105 ]
1631 / 4950: [ 0, 1, 0, 0, 0 ], [ 5, 898, 70, 105 ]
1632 / 4950: [ 0, 1, 0, 0, 0 ], [ 5, 899, 70, 105 ]
1633 / 4950: [ 0, 1, 0, 0, 0 ], [ 5, 900, 70, 105 ]
1634 / 4950: [ 0, 0, 0, 1, 0 ], [ 5, 900, 70, 106 ]
1635 / 4950: [ 0, 0, 0, 1, 0 ], [ 5, 900, 70, 107 ]
1636 / 4950: [ 0, 0, 0, 0, 0 ], [ 5, 900, 70, 107 ]
1637 / 4950: [ 0, 0, 0, 1, 0 ], [ 5, 900, 70, 108 ]
1638 / 4950: [ 0, 0, 0, 0, 0 ], [ 5, 900, 70, 108 ]
1639 / 4950: [ 0, 1, 0, 0, 0 ], [ 5, 901, 70, 108 ]
1640 / 4950: [ 0, 1, 0, 0, 0 ], [ 5, 902, 70, 108 ]
1641 / 4950: [ 0, 0, 0, 1, 0 ], [ 5, 902, 70, 109 ]
1642 / 4950: [ 0, 1, 0, 0, 0 ], [ 5, 903, 70, 109 ]
1643 / 4950: [ 0, 0, 0, 1, 0 ], [ 5, 903, 70, 110 ]
1644 / 4950: [ 0, 0, 0, 0, 0 ], [ 5, 903, 70, 110 ]
1645 / 4950: [ 0, 0, 0, 0, 0 ], [ 5, 903, 70, 110 ]
1646 / 4950: [ 0, 0, 0, 1, 0 ], [ 5, 903, 70, 111 ]
1647 / 4950: [ 0, 0, 0, 1, 0 ], [ 5, 903, 70, 112 ]
1648 / 4950: [ 0, 0, 0, 0, 1 ], [ 5, 903, 70, 113 ]
1649 / 4950: [ 0, 1, 0, 0, 0 ], [ 5, 904, 70, 113 ]
1650 / 4950: [ 0, 0, 0, 0, 1 ], [ 5, 904, 70, 114 ]
1651 / 4950: [ 0, 0, 0, 0, 0 ], [ 5, 904, 70, 114 ]
1652 / 4950: [ 0, 0, 0, 0, 0 ], [ 5, 904, 70, 114 ]
1653 / 4950: [ 0, 0, 0, 0, 0 ], [ 5, 904, 70, 114 ]
1654 / 4950: [ 0, 1, 0, 0, 0 ], [ 5, 905, 70, 114 ]
1655 / 4950: [ 0, 1, 0, 0, 0 ], [ 5, 906, 70, 114 ]
1656 / 4950: [ 0, 0, 0, 0, 0 ], [ 5, 906, 70, 114 ]
1657 / 4950: [ 0, 1, 0, 0, 0 ], [ 5, 907, 70, 114 ]
1658 / 4950: [ 0, 1, 0, 0, 0 ], [ 5, 908, 70, 114 ]
1659 / 4950: [ 0, 1, 0, 0, 0 ], [ 5, 909, 70, 114 ]
1660 / 4950: [ 0, 1, 0, 0, 0 ], [ 5, 910, 70, 114 ]
1661 / 4950: [ 0, 1, 0, 0, 0 ], [ 5, 911, 70, 114 ]
1662 / 4950: [ 0, 0, 1, 0, 0 ], [ 5, 911, 71, 114 ]
1663 / 4950: [ 0, 0, 0, 0, 0 ], [ 5, 911, 71, 114 ]
1664 / 4950: [ 0, 1, 0, 0, 0 ], [ 5, 912, 71, 114 ]
1665 / 4950: [ 0, 1, 0, 0, 0 ], [ 5, 913, 71, 114 ]
1666 / 4950: [ 0, 1, 0, 0, 0 ], [ 5, 914, 71, 114 ]
1667 / 4950: [ 0, 1, 0, 0, 0 ], [ 5, 915, 71, 114 ]
1668 / 4950: [ 0, 1, 0, 0, 0 ], [ 5, 916, 71, 114 ]
1669 / 4950: [ 0, 1, 0, 0, 0 ], [ 5, 917, 71, 114 ]
1670 / 4950: [ 0, 1, 0, 0, 0 ], [ 5, 918, 71, 114 ]
1671 / 4950: [ 0, 1, 0, 0, 0 ], [ 5, 919, 71, 114 ]
1672 / 4950: [ 0, 1, 0, 0, 0 ], [ 5, 920, 71, 114 ]
1673 / 4950: [ 0, 0, 0, 0, 0 ], [ 5, 920, 71, 114 ]
1674 / 4950: [ 0, 1, 0, 0, 0 ], [ 5, 921, 71, 114 ]
1675 / 4950: [ 0, 0, 0, 0, 0 ], [ 5, 921, 71, 114 ]
1676 / 4950: [ 0, 0, 1, 0, 0 ], [ 5, 921, 72, 114 ]
1677 / 4950: [ 0, 1, 0, 0, 0 ], [ 5, 922, 72, 114 ]
1678 / 4950: [ 0, 1, 0, 0, 0 ], [ 5, 923, 72, 114 ]
1679 / 4950: [ 0, 1, 0, 0, 0 ], [ 5, 924, 72, 114 ]
1680 / 4950: [ 0, 0, 0, 0, 0 ], [ 5, 924, 72, 114 ]
1681 / 4950: [ 0, 0, 0, 0, 0 ], [ 5, 924, 72, 114 ]
1682 / 4950: [ 0, 0, 0, 0, 0 ], [ 5, 924, 72, 114 ]
1683 / 4950: [ 0, 0, 1, 0, 0 ], [ 5, 924, 73, 114 ]
1684 / 4950: [ 0, 1, 0, 0, 0 ], [ 5, 925, 73, 114 ]
1685 / 4950: [ 0, 0, 0, 1, 0 ], [ 5, 925, 73, 115 ]
1686 / 4950: [ 0, 0, 0, 0, 0 ], [ 5, 925, 73, 115 ]
1687 / 4950: [ 0, 1, 0, 0, 0 ], [ 5, 926, 73, 115 ]
1688 / 4950: [ 0, 1, 0, 0, 0 ], [ 5, 927, 73, 115 ]
1689 / 4950: [ 0, 1, 0, 0, 0 ], [ 5, 928, 73, 115 ]
1690 / 4950: [ 0, 1, 0, 0, 0 ], [ 5, 929, 73, 115 ]
1691 / 4950: [ 0, 1, 0, 0, 0 ], [ 5, 930, 73, 115 ]
1692 / 4950: [ 0, 1, 0, 0, 0 ], [ 5, 931, 73, 115 ]
1693 / 4950: [ 0, 0, 0, 0, 0 ], [ 5, 931, 73, 115 ]
1694 / 4950: [ 0, 1, 0, 0, 0 ], [ 5, 932, 73, 115 ]
1695 / 4950: [ 0, 0, 0, 0, 0 ], [ 5, 932, 73, 115 ]
1696 / 4950: [ 0, 1, 0, 0, 0 ], [ 5, 933, 73, 115 ]
1697 / 4950: [ 0, 1, 0, 0, 0 ], [ 5, 934, 73, 115 ]
1698 / 4950: [ 0, 1, 0, 0, 0 ], [ 5, 935, 73, 115 ]
1699 / 4950: [ 0, 1, 0, 0, 0 ], [ 5, 936, 73, 115 ]
1700 / 4950: [ 0, 1, 0, 0, 0 ], [ 5, 937, 73, 115 ]
1701 / 4950: [ 0, 0, 0, 0, 0 ], [ 5, 937, 73, 115 ]
1702 / 4950: [ 0, 0, 0, 0, 0 ], [ 5, 937, 73, 115 ]
1703 / 4950: [ 0, 1, 0, 0, 0 ], [ 5, 938, 73, 115 ]
1704 / 4950: [ 0, 1, 0, 0, 0 ], [ 5, 939, 73, 115 ]
1705 / 4950: [ 0, 1, 0, 0, 0 ], [ 5, 940, 73, 115 ]
1706 / 4950: [ 0, 0, 1, 0, 0 ], [ 5, 940, 74, 115 ]
1707 / 4950: [ 0, 0, 1, 0, 0 ], [ 5, 940, 75, 115 ]
1708 / 4950: [ 0, 0, 0, 0, 0 ], [ 5, 940, 75, 115 ]
1709 / 4950: [ 0, 0, 0, 0, 0 ], [ 5, 940, 75, 115 ]
1710 / 4950: [ 0, 0, 0, 0, 0 ], [ 5, 940, 75, 115 ]
1711 / 4950: [ 1, 0, 0, 0, 0 ], [ 6, 940, 75, 115 ]
1712 / 4950: [ 0, 0, 0, 0, 0 ], [ 6, 940, 75, 115 ]
1713 / 4950: [ 0, 0, 0, 0, 0 ], [ 6, 940, 75, 115 ]
1714 / 4950: [ 0, 1, 0, 0, 0 ], [ 6, 941, 75, 115 ]
1715 / 4950: [ 0, 0, 0, 0, 0 ], [ 6, 941, 75, 115 ]
1716 / 4950: [ 0, 0, 0, 0, 0 ], [ 6, 941, 75, 115 ]
1717 / 4950: [ 0, 1, 0, 0, 0 ], [ 6, 942, 75, 115 ]
1718 / 4950: [ 0, 0, 0, 0, 0 ], [ 6, 942, 75, 115 ]
1719 / 4950: [ 0, 1, 0, 0, 0 ], [ 6, 943, 75, 115 ]
1720 / 4950: [ 0, 0, 0, 0, 0 ], [ 6, 943, 75, 115 ]
1721 / 4950: [ 0, 0, 0, 0, 0 ], [ 6, 943, 75, 115 ]
1722 / 4950: [ 0, 0, 0, 0, 0 ], [ 6, 943, 75, 115 ]
1723 / 4950: [ 0, 0, 0, 0, 0 ], [ 6, 943, 75, 115 ]
1724 / 4950: [ 0, 1, 0, 0, 0 ], [ 6, 944, 75, 115 ]
1725 / 4950: [ 0, 0, 0, 0, 0 ], [ 6, 944, 75, 115 ]
1726 / 4950: [ 0, 0, 0, 0, 0 ], [ 6, 944, 75, 115 ]
1727 / 4950: [ 0, 0, 1, 0, 0 ], [ 6, 944, 76, 115 ]
1728 / 4950: [ 0, 0, 0, 0, 0 ], [ 6, 944, 76, 115 ]
1729 / 4950: [ 0, 1, 0, 0, 0 ], [ 6, 945, 76, 115 ]
1730 / 4950: [ 0, 1, 0, 0, 0 ], [ 6, 946, 76, 115 ]
1731 / 4950: [ 0, 0, 0, 0, 0 ], [ 6, 946, 76, 115 ]
1732 / 4950: [ 0, 0, 0, 0, 0 ], [ 6, 946, 76, 115 ]
1733 / 4950: [ 0, 0, 0, 0, 0 ], [ 6, 946, 76, 115 ]
1734 / 4950: [ 0, 0, 0, 0, 0 ], [ 6, 946, 76, 115 ]
1735 / 4950: [ 0, 0, 0, 0, 0 ], [ 6, 946, 76, 115 ]
1736 / 4950: [ 0, 0, 0, 1, 0 ], [ 6, 946, 76, 116 ]
1737 / 4950: [ 0, 0, 0, 0, 0 ], [ 6, 946, 76, 116 ]
1738 / 4950: [ 0, 0, 0, 0, 0 ], [ 6, 946, 76, 116 ]
1739 / 4950: [ 0, 0, 0, 0, 0 ], [ 6, 946, 76, 116 ]
1740 / 4950: [ 0, 0, 0, 0, 0 ], [ 6, 946, 76, 116 ]
1741 / 4950: [ 0, 0, 0, 0, 0 ], [ 6, 946, 76, 116 ]
1742 / 4950: [ 0, 0, 0, 0, 0 ], [ 6, 946, 76, 116 ]
1743 / 4950: [ 0, 1, 0, 0, 0 ], [ 6, 947, 76, 116 ]
1744 / 4950: [ 0, 1, 0, 0, 0 ], [ 6, 948, 76, 116 ]
1745 / 4950: [ 0, 0, 0, 0, 0 ], [ 6, 948, 76, 116 ]
1746 / 4950: [ 0, 0, 0, 0, 0 ], [ 6, 948, 76, 116 ]
1747 / 4950: [ 0, 0, 0, 0, 0 ], [ 6, 948, 76, 116 ]
1748 / 4950: [ 0, 0, 0, 0, 0 ], [ 6, 948, 76, 116 ]
1749 / 4950: [ 0, 0, 0, 0, 0 ], [ 6, 948, 76, 116 ]
1750 / 4950: [ 0, 0, 0, 0, 0 ], [ 6, 948, 76, 116 ]
1751 / 4950: [ 0, 0, 0, 0, 0 ], [ 6, 948, 76, 116 ]
1752 / 4950: [ 0, 0, 0, 0, 0 ], [ 6, 948, 76, 116 ]
1753 / 4950: [ 0, 0, 0, 0, 0 ], [ 6, 948, 76, 116 ]
1754 / 4950: [ 0, 0, 0, 0, 0 ], [ 6, 948, 76, 116 ]
1755 / 4950: [ 0, 0, 0, 0, 0 ], [ 6, 948, 76, 116 ]
1756 / 4950: [ 0, 1, 0, 0, 0 ], [ 6, 949, 76, 116 ]
1757 / 4950: [ 0, 0, 0, 0, 0 ], [ 6, 949, 76, 116 ]
1758 / 4950: [ 0, 0, 0, 0, 0 ], [ 6, 949, 76, 116 ]
1759 / 4950: [ 0, 0, 0, 0, 0 ], [ 6, 949, 76, 116 ]
1760 / 4950: [ 0, 0, 0, 0, 0 ], [ 6, 949, 76, 116 ]
1761 / 4950: [ 0, 0, 0, 0, 0 ], [ 6, 949, 76, 116 ]
1762 / 4950: [ 0, 0, 0, 0, 0 ], [ 6, 949, 76, 116 ]
1763 / 4950: [ 0, 0, 1, 0, 0 ], [ 6, 949, 77, 116 ]
1764 / 4950: [ 0, 0, 0, 0, 1 ], [ 6, 949, 77, 117 ]
1765 / 4950: [ 0, 0, 0, 0, 0 ], [ 6, 949, 77, 117 ]
1766 / 4950: [ 0, 0, 0, 0, 0 ], [ 6, 949, 77, 117 ]
1767 / 4950: [ 0, 0, 0, 0, 0 ], [ 6, 949, 77, 117 ]
1768 / 4950: [ 0, 0, 0, 0, 0 ], [ 6, 949, 77, 117 ]
1769 / 4950: [ 0, 1, 0, 0, 0 ], [ 6, 950, 77, 117 ]
1770 / 4950: [ 0, 0, 0, 1, 0 ], [ 6, 950, 77, 118 ]
1771 / 4950: [ 0, 0, 0, 1, 0 ], [ 6, 950, 77, 119 ]
1772 / 4950: [ 0, 0, 0, 0, 0 ], [ 6, 950, 77, 119 ]
1773 / 4950: [ 0, 0, 0, 0, 0 ], [ 6, 950, 77, 119 ]
1774 / 4950: [ 0, 0, 0, 0, 0 ], [ 6, 950, 77, 119 ]
1775 / 4950: [ 0, 0, 0, 1, 0 ], [ 6, 950, 77, 120 ]
1776 / 4950: [ 0, 0, 0, 0, 0 ], [ 6, 950, 77, 120 ]
1777 / 4950: [ 0, 1, 0, 0, 0 ], [ 6, 951, 77, 120 ]
1778 / 4950: [ 0, 0, 0, 0, 0 ], [ 6, 951, 77, 120 ]
1779 / 4950: [ 0, 1, 0, 0, 0 ], [ 6, 952, 77, 120 ]
1780 / 4950: [ 0, 0, 0, 0, 0 ], [ 6, 952, 77, 120 ]
1781 / 4950: [ 0, 0, 0, 1, 0 ], [ 6, 952, 77, 121 ]
1782 / 4950: [ 0, 0, 0, 0, 0 ], [ 6, 952, 77, 121 ]
1783 / 4950: [ 0, 1, 0, 0, 0 ], [ 6, 953, 77, 121 ]
1784 / 4950: [ 0, 0, 0, 1, 0 ], [ 6, 953, 77, 122 ]
1785 / 4950: [ 0, 0, 0, 0, 0 ], [ 6, 953, 77, 122 ]
1786 / 4950: [ 0, 0, 0, 0, 0 ], [ 6, 953, 77, 122 ]
1787 / 4950: [ 0, 1, 0, 0, 0 ], [ 6, 954, 77, 122 ]
1788 / 4950: [ 0, 0, 0, 1, 0 ], [ 6, 954, 77, 123 ]
1789 / 4950: [ 0, 0, 0, 0, 0 ], [ 6, 954, 77, 123 ]
1790 / 4950: [ 0, 0, 0, 1, 0 ], [ 6, 954, 77, 124 ]
1791 / 4950: [ 0, 0, 0, 0, 0 ], [ 6, 954, 77, 124 ]
1792 / 4950: [ 0, 0, 0, 1, 0 ], [ 6, 954, 77, 125 ]
1793 / 4950: [ 0, 0, 0, 0, 0 ], [ 6, 954, 77, 125 ]
1794 / 4950: [ 0, 0, 0, 0, 0 ], [ 6, 954, 77, 125 ]
1795 / 4950: [ 0, 0, 0, 1, 0 ], [ 6, 954, 77, 126 ]
1796 / 4950: [ 0, 0, 0, 0, 0 ], [ 6, 954, 77, 126 ]
1797 / 4950: [ 0, 0, 0, 1, 0 ], [ 6, 954, 77, 127 ]
1798 / 4950: [ 0, 0, 0, 1, 0 ], [ 6, 954, 77, 128 ]
1799 / 4950: [ 0, 0, 0, 0, 0 ], [ 6, 954, 77, 128 ]
1800 / 4950: [ 0, 0, 0, 1, 0 ], [ 6, 954, 77, 129 ]
1801 / 4950: [ 0, 0, 0, 0, 0 ], [ 6, 954, 77, 129 ]
1802 / 4950: [ 0, 0, 0, 1, 0 ], [ 6, 954, 77, 130 ]
1803 / 4950: [ 0, 0, 0, 0, 0 ], [ 6, 954, 77, 130 ]
1804 / 4950: [ 0, 0, 0, 0, 0 ], [ 6, 954, 77, 130 ]
1805 / 4950: [ 0, 0, 0, 0, 0 ], [ 6, 954, 77, 130 ]
1806 / 4950: [ 0, 1, 0, 0, 0 ], [ 6, 955, 77, 130 ]
1807 / 4950: [ 0, 0, 0, 1, 0 ], [ 6, 955, 77, 131 ]
1808 / 4950: [ 0, 0, 0, 0, 0 ], [ 6, 955, 77, 131 ]
1809 / 4950: [ 0, 0, 0, 0, 0 ], [ 6, 955, 77, 131 ]
1810 / 4950: [ 0, 0, 0, 1, 0 ], [ 6, 955, 77, 132 ]
1811 / 4950: [ 0, 1, 0, 0, 0 ], [ 6, 956, 77, 132 ]
1812 / 4950: [ 0, 0, 0, 0, 0 ], [ 6, 956, 77, 132 ]
1813 / 4950: [ 0, 0, 0, 0, 0 ], [ 6, 956, 77, 132 ]
1814 / 4950: [ 0, 1, 0, 0, 0 ], [ 6, 957, 77, 132 ]
1815 / 4950: [ 0, 0, 0, 0, 0 ], [ 6, 957, 77, 132 ]
1816 / 4950: [ 0, 0, 0, 0, 0 ], [ 6, 957, 77, 132 ]
1817 / 4950: [ 0, 0, 0, 1, 0 ], [ 6, 957, 77, 133 ]
1818 / 4950: [ 0, 1, 0, 0, 0 ], [ 6, 958, 77, 133 ]
1819 / 4950: [ 0, 1, 0, 0, 0 ], [ 6, 959, 77, 133 ]
1820 / 4950: [ 0, 0, 0, 1, 0 ], [ 6, 959, 77, 134 ]
1821 / 4950: [ 0, 0, 0, 0, 0 ], [ 6, 959, 77, 134 ]
1822 / 4950: [ 0, 0, 0, 0, 0 ], [ 6, 959, 77, 134 ]
1823 / 4950: [ 0, 0, 0, 0, 0 ], [ 6, 959, 77, 134 ]
1824 / 4950: [ 0, 0, 0, 0, 0 ], [ 6, 959, 77, 134 ]
1825 / 4950: [ 0, 0, 0, 0, 0 ], [ 6, 959, 77, 134 ]
1826 / 4950: [ 0, 0, 0, 0, 0 ], [ 6, 959, 77, 134 ]
1827 / 4950: [ 0, 0, 0, 0, 0 ], [ 6, 959, 77, 134 ]
1828 / 4950: [ 0, 0, 0, 0, 0 ], [ 6, 959, 77, 134 ]
1829 / 4950: [ 0, 0, 0, 0, 0 ], [ 6, 959, 77, 134 ]
1830 / 4950: [ 0, 0, 0, 0, 0 ], [ 6, 959, 77, 134 ]
1831 / 4950: [ 0, 1, 0, 0, 0 ], [ 6, 960, 77, 134 ]
1832 / 4950: [ 0, 1, 0, 0, 0 ], [ 6, 961, 77, 134 ]
1833 / 4950: [ 0, 0, 0, 0, 0 ], [ 6, 961, 77, 134 ]
1834 / 4950: [ 0, 1, 0, 0, 0 ], [ 6, 962, 77, 134 ]
1835 / 4950: [ 0, 1, 0, 0, 0 ], [ 6, 963, 77, 134 ]
1836 / 4950: [ 0, 1, 0, 0, 0 ], [ 6, 964, 77, 134 ]
1837 / 4950: [ 0, 1, 0, 0, 0 ], [ 6, 965, 77, 134 ]
1838 / 4950: [ 0, 1, 0, 0, 0 ], [ 6, 966, 77, 134 ]
1839 / 4950: [ 0, 1, 0, 0, 0 ], [ 6, 967, 77, 134 ]
1840 / 4950: [ 0, 0, 0, 0, 0 ], [ 6, 967, 77, 134 ]
1841 / 4950: [ 0, 0, 0, 0, 0 ], [ 6, 967, 77, 134 ]
1842 / 4950: [ 0, 0, 0, 0, 0 ], [ 6, 967, 77, 134 ]
1843 / 4950: [ 0, 1, 0, 0, 0 ], [ 6, 968, 77, 134 ]
1844 / 4950: [ 0, 1, 0, 0, 0 ], [ 6, 969, 77, 134 ]
1845 / 4950: [ 0, 1, 0, 0, 0 ], [ 6, 970, 77, 134 ]
1846 / 4950: [ 0, 1, 0, 0, 0 ], [ 6, 971, 77, 134 ]
1847 / 4950: [ 0, 1, 0, 0, 0 ], [ 6, 972, 77, 134 ]
1848 / 4950: [ 0, 1, 0, 0, 0 ], [ 6, 973, 77, 134 ]
1849 / 4950: [ 0, 1, 0, 0, 0 ], [ 6, 974, 77, 134 ]
1850 / 4950: [ 0, 0, 0, 0, 0 ], [ 6, 974, 77, 134 ]
1851 / 4950: [ 0, 1, 0, 0, 0 ], [ 6, 975, 77, 134 ]
1852 / 4950: [ 0, 0, 0, 0, 0 ], [ 6, 975, 77, 134 ]
1853 / 4950: [ 0, 0, 0, 0, 0 ], [ 6, 975, 77, 134 ]
1854 / 4950: [ 0, 1, 0, 0, 0 ], [ 6, 976, 77, 134 ]
1855 / 4950: [ 0, 1, 0, 0, 0 ], [ 6, 977, 77, 134 ]
1856 / 4950: [ 0, 1, 0, 0, 0 ], [ 6, 978, 77, 134 ]
1857 / 4950: [ 0, 0, 0, 0, 0 ], [ 6, 978, 77, 134 ]
1858 / 4950: [ 0, 0, 0, 0, 0 ], [ 6, 978, 77, 134 ]
1859 / 4950: [ 0, 0, 0, 0, 0 ], [ 6, 978, 77, 134 ]
1860 / 4950: [ 0, 0, 0, 0, 0 ], [ 6, 978, 77, 134 ]
1861 / 4950: [ 0, 1, 0, 0, 0 ], [ 6, 979, 77, 134 ]
1862 / 4950: [ 0, 0, 0, 0, 0 ], [ 6, 979, 77, 134 ]
1863 / 4950: [ 0, 0, 0, 0, 0 ], [ 6, 979, 77, 134 ]
1864 / 4950: [ 0, 1, 0, 0, 0 ], [ 6, 980, 77, 134 ]
1865 / 4950: [ 0, 1, 0, 0, 0 ], [ 6, 981, 77, 134 ]
1866 / 4950: [ 0, 1, 0, 0, 0 ], [ 6, 982, 77, 134 ]
1867 / 4950: [ 0, 1, 0, 0, 0 ], [ 6, 983, 77, 134 ]
1868 / 4950: [ 0, 1, 0, 0, 0 ], [ 6, 984, 77, 134 ]
1869 / 4950: [ 0, 1, 0, 0, 0 ], [ 6, 985, 77, 134 ]
1870 / 4950: [ 0, 0, 0, 0, 0 ], [ 6, 985, 77, 134 ]
1871 / 4950: [ 0, 1, 0, 0, 0 ], [ 6, 986, 77, 134 ]
1872 / 4950: [ 0, 0, 0, 0, 0 ], [ 6, 986, 77, 134 ]
1873 / 4950: [ 0, 1, 0, 0, 0 ], [ 6, 987, 77, 134 ]
1874 / 4950: [ 0, 1, 0, 0, 0 ], [ 6, 988, 77, 134 ]
1875 / 4950: [ 0, 1, 0, 0, 0 ], [ 6, 989, 77, 134 ]
1876 / 4950: [ 0, 1, 0, 0, 0 ], [ 6, 990, 77, 134 ]
1877 / 4950: [ 0, 1, 0, 0, 0 ], [ 6, 991, 77, 134 ]
1878 / 4950: [ 0, 1, 0, 0, 0 ], [ 6, 992, 77, 134 ]
1879 / 4950: [ 0, 1, 0, 0, 0 ], [ 6, 993, 77, 134 ]
1880 / 4950: [ 0, 1, 0, 0, 0 ], [ 6, 994, 77, 134 ]
1881 / 4950: [ 0, 1, 0, 0, 0 ], [ 6, 995, 77, 134 ]
1882 / 4950: [ 0, 1, 0, 0, 0 ], [ 6, 996, 77, 134 ]
1883 / 4950: [ 0, 0, 0, 1, 0 ], [ 6, 996, 77, 135 ]
1884 / 4950: [ 0, 0, 0, 0, 0 ], [ 6, 996, 77, 135 ]
1885 / 4950: [ 0, 0, 0, 0, 0 ], [ 6, 996, 77, 135 ]
1886 / 4950: [ 0, 0, 0, 0, 0 ], [ 6, 996, 77, 135 ]
1887 / 4950: [ 0, 0, 0, 0, 0 ], [ 6, 996, 77, 135 ]
1888 / 4950: [ 0, 1, 0, 0, 0 ], [ 6, 997, 77, 135 ]
1889 / 4950: [ 0, 1, 0, 0, 0 ], [ 6, 998, 77, 135 ]
1890 / 4950: [ 0, 0, 0, 0, 0 ], [ 6, 998, 77, 135 ]
1891 / 4950: [ 0, 1, 0, 0, 0 ], [ 6, 999, 77, 135 ]
1892 / 4950: [ 0, 1, 0, 0, 0 ], [ 6, 1000, 77, 135 ]
1893 / 4950: [ 0, 1, 0, 0, 0 ], [ 6, 1001, 77, 135 ]
1894 / 4950: [ 0, 1, 0, 0, 0 ], [ 6, 1002, 77, 135 ]
1895 / 4950: [ 0, 1, 0, 0, 0 ], [ 6, 1003, 77, 135 ]
1896 / 4950: [ 0, 0, 0, 0, 0 ], [ 6, 1003, 77, 135 ]
1897 / 4950: [ 0, 1, 0, 0, 0 ], [ 6, 1004, 77, 135 ]
1898 / 4950: [ 0, 1, 0, 0, 0 ], [ 6, 1005, 77, 135 ]
1899 / 4950: [ 0, 0, 0, 0, 0 ], [ 6, 1005, 77, 135 ]
1900 / 4950: [ 0, 0, 1, 0, 0 ], [ 6, 1005, 78, 135 ]
1901 / 4950: [ 0, 0, 0, 0, 0 ], [ 6, 1005, 78, 135 ]
1902 / 4950: [ 0, 1, 0, 0, 0 ], [ 6, 1006, 78, 135 ]
1903 / 4950: [ 0, 1, 0, 0, 0 ], [ 6, 1007, 78, 135 ]
1904 / 4950: [ 0, 1, 0, 0, 0 ], [ 6, 1008, 78, 135 ]
1905 / 4950: [ 0, 1, 0, 0, 0 ], [ 6, 1009, 78, 135 ]
1906 / 4950: [ 0, 1, 0, 0, 0 ], [ 6, 1010, 78, 135 ]
1907 / 4950: [ 0, 0, 0, 0, 0 ], [ 6, 1010, 78, 135 ]
1908 / 4950: [ 0, 1, 0, 0, 0 ], [ 6, 1011, 78, 135 ]
1909 / 4950: [ 0, 1, 0, 0, 0 ], [ 6, 1012, 78, 135 ]
1910 / 4950: [ 0, 0, 0, 0, 0 ], [ 6, 1012, 78, 135 ]
1911 / 4950: [ 0, 0, 1, 0, 0 ], [ 6, 1012, 79, 135 ]
1912 / 4950: [ 0, 1, 0, 0, 0 ], [ 6, 1013, 79, 135 ]
1913 / 4950: [ 0, 0, 0, 0, 0 ], [ 6, 1013, 79, 135 ]
1914 / 4950: [ 0, 0, 0, 0, 0 ], [ 6, 1013, 79, 135 ]
1915 / 4950: [ 0, 0, 0, 0, 0 ], [ 6, 1013, 79, 135 ]
1916 / 4950: [ 0, 1, 0, 0, 0 ], [ 6, 1014, 79, 135 ]
1917 / 4950: [ 0, 1, 0, 0, 0 ], [ 6, 1015, 79, 135 ]
1918 / 4950: [ 0, 0, 0, 1, 0 ], [ 6, 1015, 79, 136 ]
1919 / 4950: [ 0, 1, 0, 0, 0 ], [ 6, 1016, 79, 136 ]
1920 / 4950: [ 0, 1, 0, 0, 0 ], [ 6, 1017, 79, 136 ]
1921 / 4950: [ 0, 1, 0, 0, 0 ], [ 6, 1018, 79, 136 ]
1922 / 4950: [ 0, 1, 0, 0, 0 ], [ 6, 1019, 79, 136 ]
1923 / 4950: [ 0, 0, 0, 0, 0 ], [ 6, 1019, 79, 136 ]
1924 / 4950: [ 0, 0, 1, 0, 0 ], [ 6, 1019, 80, 136 ]
1925 / 4950: [ 0, 1, 0, 0, 0 ], [ 6, 1020, 80, 136 ]
1926 / 4950: [ 0, 1, 0, 0, 0 ], [ 6, 1021, 80, 136 ]
1927 / 4950: [ 0, 1, 0, 0, 0 ], [ 6, 1022, 80, 136 ]
1928 / 4950: [ 0, 0, 0, 0, 0 ], [ 6, 1022, 80, 136 ]
1929 / 4950: [ 0, 1, 0, 0, 0 ], [ 6, 1023, 80, 136 ]
1930 / 4950: [ 0, 1, 0, 0, 0 ], [ 6, 1024, 80, 136 ]
1931 / 4950: [ 0, 0, 0, 0, 0 ], [ 6, 1024, 80, 136 ]
1932 / 4950: [ 0, 1, 0, 0, 0 ], [ 6, 1025, 80, 136 ]
1933 / 4950: [ 0, 0, 0, 0, 0 ], [ 6, 1025, 80, 136 ]
1934 / 4950: [ 0, 0, 1, 0, 0 ], [ 6, 1025, 81, 136 ]
1935 / 4950: [ 0, 0, 0, 0, 0 ], [ 6, 1025, 81, 136 ]
1936 / 4950: [ 0, 1, 0, 0, 0 ], [ 6, 1026, 81, 136 ]
1937 / 4950: [ 0, 1, 0, 0, 0 ], [ 6, 1027, 81, 136 ]
1938 / 4950: [ 0, 1, 0, 0, 0 ], [ 6, 1028, 81, 136 ]
1939 / 4950: [ 0, 1, 0, 0, 0 ], [ 6, 1029, 81, 136 ]
1940 / 4950: [ 0, 0, 1, 0, 0 ], [ 6, 1029, 82, 136 ]
1941 / 4950: [ 0, 1, 0, 0, 0 ], [ 6, 1030, 82, 136 ]
1942 / 4950: [ 0, 1, 0, 0, 0 ], [ 6, 1031, 82, 136 ]
1943 / 4950: [ 0, 1, 0, 0, 0 ], [ 6, 1032, 82, 136 ]
1944 / 4950: [ 0, 0, 1, 0, 0 ], [ 6, 1032, 83, 136 ]
1945 / 4950: [ 0, 1, 0, 0, 0 ], [ 6, 1033, 83, 136 ]
1946 / 4950: [ 0, 0, 0, 0, 0 ], [ 6, 1033, 83, 136 ]
1947 / 4950: [ 0, 0, 0, 0, 0 ], [ 6, 1033, 83, 136 ]
1948 / 4950: [ 0, 0, 0, 0, 0 ], [ 6, 1033, 83, 136 ]
1949 / 4950: [ 0, 0, 0, 1, 0 ], [ 6, 1033, 83, 137 ]
1950 / 4950: [ 0, 1, 0, 0, 0 ], [ 6, 1034, 83, 137 ]
1951 / 4950: [ 0, 1, 0, 0, 0 ], [ 6, 1035, 83, 137 ]
1952 / 4950: [ 0, 0, 0, 1, 0 ], [ 6, 1035, 83, 138 ]
1953 / 4950: [ 0, 1, 0, 0, 0 ], [ 6, 1036, 83, 138 ]
1954 / 4950: [ 0, 1, 0, 0, 0 ], [ 6, 1037, 83, 138 ]
1955 / 4950: [ 0, 1, 0, 0, 0 ], [ 6, 1038, 83, 138 ]
1956 / 4950: [ 0, 1, 0, 0, 0 ], [ 6, 1039, 83, 138 ]
1957 / 4950: [ 0, 1, 0, 0, 0 ], [ 6, 1040, 83, 138 ]
1958 / 4950: [ 0, 1, 0, 0, 0 ], [ 6, 1041, 83, 138 ]
1959 / 4950: [ 0, 1, 0, 0, 0 ], [ 6, 1042, 83, 138 ]
1960 / 4950: [ 0, 1, 0, 0, 0 ], [ 6, 1043, 83, 138 ]
1961 / 4950: [ 0, 1, 0, 0, 0 ], [ 6, 1044, 83, 138 ]
1962 / 4950: [ 0, 1, 0, 0, 0 ], [ 6, 1045, 83, 138 ]
1963 / 4950: [ 0, 0, 0, 0, 0 ], [ 6, 1045, 83, 138 ]
1964 / 4950: [ 0, 1, 0, 0, 0 ], [ 6, 1046, 83, 138 ]
1965 / 4950: [ 0, 0, 0, 0, 0 ], [ 6, 1046, 83, 138 ]
1966 / 4950: [ 0, 1, 0, 0, 0 ], [ 6, 1047, 83, 138 ]
1967 / 4950: [ 0, 1, 0, 0, 0 ], [ 6, 1048, 83, 138 ]
1968 / 4950: [ 0, 1, 0, 0, 0 ], [ 6, 1049, 83, 138 ]
1969 / 4950: [ 0, 0, 0, 0, 0 ], [ 6, 1049, 83, 138 ]
1970 / 4950: [ 0, 1, 0, 0, 0 ], [ 6, 1050, 83, 138 ]
1971 / 4950: [ 0, 1, 0, 0, 0 ], [ 6, 1051, 83, 138 ]
1972 / 4950: [ 0, 1, 0, 0, 0 ], [ 6, 1052, 83, 138 ]
1973 / 4950: [ 0, 0, 0, 0, 0 ], [ 6, 1052, 83, 138 ]
1974 / 4950: [ 0, 1, 0, 0, 0 ], [ 6, 1053, 83, 138 ]
1975 / 4950: [ 0, 1, 0, 0, 0 ], [ 6, 1054, 83, 138 ]
1976 / 4950: [ 0, 0, 0, 0, 0 ], [ 6, 1054, 83, 138 ]
1977 / 4950: [ 0, 0, 0, 0, 0 ], [ 6, 1054, 83, 138 ]
1978 / 4950: [ 0, 1, 0, 0, 0 ], [ 6, 1055, 83, 138 ]
1979 / 4950: [ 0, 1, 0, 0, 0 ], [ 6, 1056, 83, 138 ]
1980 / 4950: [ 0, 0, 0, 0, 0 ], [ 6, 1056, 83, 138 ]
1981 / 4950: [ 0, 0, 0, 0, 0 ], [ 6, 1056, 83, 138 ]
1982 / 4950: [ 0, 0, 1, 0, 0 ], [ 6, 1056, 84, 138 ]
1983 / 4950: [ 0, 0, 0, 0, 0 ], [ 6, 1056, 84, 138 ]
1984 / 4950: [ 0, 1, 0, 0, 0 ], [ 6, 1057, 84, 138 ]
1985 / 4950: [ 0, 0, 0, 0, 0 ], [ 6, 1057, 84, 138 ]
1986 / 4950: [ 0, 1, 0, 0, 0 ], [ 6, 1058, 84, 138 ]
1987 / 4950: [ 0, 1, 0, 0, 0 ], [ 6, 1059, 84, 138 ]
1988 / 4950: [ 0, 1, 0, 0, 0 ], [ 6, 1060, 84, 138 ]
1989 / 4950: [ 0, 1, 0, 0, 0 ], [ 6, 1061, 84, 138 ]
1990 / 4950: [ 0, 1, 0, 0, 0 ], [ 6, 1062, 84, 138 ]
1991 / 4950: [ 0, 1, 0, 0, 0 ], [ 6, 1063, 84, 138 ]
1992 / 4950: [ 0, 1, 0, 0, 0 ], [ 6, 1064, 84, 138 ]
1993 / 4950: [ 0, 0, 0, 0, 0 ], [ 6, 1064, 84, 138 ]
1994 / 4950: [ 0, 1, 0, 0, 0 ], [ 6, 1065, 84, 138 ]
1995 / 4950: [ 0, 0, 0, 0, 0 ], [ 6, 1065, 84, 138 ]
1996 / 4950: [ 0, 0, 0, 0, 0 ], [ 6, 1065, 84, 138 ]
1997 / 4950: [ 0, 0, 0, 0, 0 ], [ 6, 1065, 84, 138 ]
1998 / 4950: [ 0, 1, 0, 0, 0 ], [ 6, 1066, 84, 138 ]
1999 / 4950: [ 0, 1, 0, 0, 0 ], [ 6, 1067, 84, 138 ]
2000 / 4950: [ 0, 1, 0, 0, 0 ], [ 6, 1068, 84, 138 ]
2001 / 4950: [ 0, 0, 0, 0, 0 ], [ 6, 1068, 84, 138 ]
2002 / 4950: [ 0, 1, 0, 0, 0 ], [ 6, 1069, 84, 138 ]
2003 / 4950: [ 0, 1, 0, 0, 0 ], [ 6, 1070, 84, 138 ]
2004 / 4950: [ 0, 1, 0, 0, 0 ], [ 6, 1071, 84, 138 ]
2005 / 4950: [ 0, 1, 0, 0, 0 ], [ 6, 1072, 84, 138 ]
2006 / 4950: [ 0, 1, 0, 0, 0 ], [ 6, 1073, 84, 138 ]
2007 / 4950: [ 0, 1, 0, 0, 0 ], [ 6, 1074, 84, 138 ]
2008 / 4950: [ 0, 1, 0, 0, 0 ], [ 6, 1075, 84, 138 ]
2009 / 4950: [ 0, 1, 0, 0, 0 ], [ 6, 1076, 84, 138 ]
2010 / 4950: [ 0, 1, 0, 0, 0 ], [ 6, 1077, 84, 138 ]
2011 / 4950: [ 0, 0, 0, 1, 0 ], [ 6, 1077, 84, 139 ]
2012 / 4950: [ 0, 1, 0, 0, 0 ], [ 6, 1078, 84, 139 ]
2013 / 4950: [ 0, 0, 0, 0, 0 ], [ 6, 1078, 84, 139 ]
2014 / 4950: [ 0, 0, 0, 0, 0 ], [ 6, 1078, 84, 139 ]
2015 / 4950: [ 0, 1, 0, 0, 0 ], [ 6, 1079, 84, 139 ]
2016 / 4950: [ 0, 1, 0, 0, 0 ], [ 6, 1080, 84, 139 ]
2017 / 4950: [ 0, 1, 0, 0, 0 ], [ 6, 1081, 84, 139 ]
2018 / 4950: [ 0, 1, 0, 0, 0 ], [ 6, 1082, 84, 139 ]
2019 / 4950: [ 0, 1, 0, 0, 0 ], [ 6, 1083, 84, 139 ]
2020 / 4950: [ 0, 0, 0, 0, 0 ], [ 6, 1083, 84, 139 ]
2021 / 4950: [ 0, 1, 0, 0, 0 ], [ 6, 1084, 84, 139 ]
2022 / 4950: [ 0, 1, 0, 0, 0 ], [ 6, 1085, 84, 139 ]
2023 / 4950: [ 0, 1, 0, 0, 0 ], [ 6, 1086, 84, 139 ]
2024 / 4950: [ 0, 0, 0, 1, 0 ], [ 6, 1086, 84, 140 ]
2025 / 4950: [ 0, 1, 0, 0, 0 ], [ 6, 1087, 84, 140 ]
2026 / 4950: [ 0, 0, 0, 0, 0 ], [ 6, 1087, 84, 140 ]
2027 / 4950: [ 0, 1, 0, 0, 0 ], [ 6, 1088, 84, 140 ]
2028 / 4950: [ 0, 1, 0, 0, 0 ], [ 6, 1089, 84, 140 ]
2029 / 4950: [ 0, 1, 0, 0, 0 ], [ 6, 1090, 84, 140 ]
2030 / 4950: [ 0, 1, 0, 0, 0 ], [ 6, 1091, 84, 140 ]
2031 / 4950: [ 0, 1, 0, 0, 0 ], [ 6, 1092, 84, 140 ]
2032 / 4950: [ 0, 1, 0, 0, 0 ], [ 6, 1093, 84, 140 ]
2033 / 4950: [ 0, 0, 0, 0, 0 ], [ 6, 1093, 84, 140 ]
2034 / 4950: [ 0, 0, 0, 0, 0 ], [ 6, 1093, 84, 140 ]
2035 / 4950: [ 0, 1, 0, 0, 0 ], [ 6, 1094, 84, 140 ]
2036 / 4950: [ 0, 0, 0, 1, 0 ], [ 6, 1094, 84, 141 ]
2037 / 4950: [ 0, 0, 0, 0, 0 ], [ 6, 1094, 84, 141 ]
2038 / 4950: [ 0, 1, 0, 0, 0 ], [ 6, 1095, 84, 141 ]
2039 / 4950: [ 0, 0, 0, 1, 0 ], [ 6, 1095, 84, 142 ]
2040 / 4950: [ 0, 0, 0, 0, 0 ], [ 6, 1095, 84, 142 ]
2041 / 4950: [ 0, 0, 0, 1, 0 ], [ 6, 1095, 84, 143 ]
2042 / 4950: [ 0, 1, 0, 0, 0 ], [ 6, 1096, 84, 143 ]
2043 / 4950: [ 0, 1, 0, 0, 0 ], [ 6, 1097, 84, 143 ]
2044 / 4950: [ 0, 1, 0, 0, 0 ], [ 6, 1098, 84, 143 ]
2045 / 4950: [ 0, 1, 0, 0, 0 ], [ 6, 1099, 84, 143 ]
2046 / 4950: [ 0, 1, 0, 0, 0 ], [ 6, 1100, 84, 143 ]
2047 / 4950: [ 0, 0, 0, 1, 0 ], [ 6, 1100, 84, 144 ]
2048 / 4950: [ 0, 0, 0, 0, 0 ], [ 6, 1100, 84, 144 ]
2049 / 4950: [ 0, 1, 0, 0, 0 ], [ 6, 1101, 84, 144 ]
2050 / 4950: [ 0, 1, 0, 0, 0 ], [ 6, 1102, 84, 144 ]
2051 / 4950: [ 0, 1, 0, 0, 0 ], [ 6, 1103, 84, 144 ]
2052 / 4950: [ 0, 1, 0, 0, 0 ], [ 6, 1104, 84, 144 ]
2053 / 4950: [ 0, 1, 0, 0, 0 ], [ 6, 1105, 84, 144 ]
2054 / 4950: [ 0, 0, 0, 0, 0 ], [ 6, 1105, 84, 144 ]
2055 / 4950: [ 0, 1, 0, 0, 0 ], [ 6, 1106, 84, 144 ]
2056 / 4950: [ 0, 0, 0, 0, 0 ], [ 6, 1106, 84, 144 ]
2057 / 4950: [ 0, 1, 0, 0, 0 ], [ 6, 1107, 84, 144 ]
2058 / 4950: [ 0, 1, 0, 0, 0 ], [ 6, 1108, 84, 144 ]
2059 / 4950: [ 0, 1, 0, 0, 0 ], [ 6, 1109, 84, 144 ]
2060 / 4950: [ 0, 0, 0, 0, 0 ], [ 6, 1109, 84, 144 ]
2061 / 4950: [ 0, 1, 0, 0, 0 ], [ 6, 1110, 84, 144 ]
2062 / 4950: [ 0, 0, 0, 0, 0 ], [ 6, 1110, 84, 144 ]
2063 / 4950: [ 0, 1, 0, 0, 0 ], [ 6, 1111, 84, 144 ]
2064 / 4950: [ 0, 1, 0, 0, 0 ], [ 6, 1112, 84, 144 ]
2065 / 4950: [ 0, 1, 0, 0, 0 ], [ 6, 1113, 84, 144 ]
2066 / 4950: [ 0, 0, 0, 1, 0 ], [ 6, 1113, 84, 145 ]
2067 / 4950: [ 0, 1, 0, 0, 0 ], [ 6, 1114, 84, 145 ]
2068 / 4950: [ 0, 1, 0, 0, 0 ], [ 6, 1115, 84, 145 ]
2069 / 4950: [ 0, 1, 0, 0, 0 ], [ 6, 1116, 84, 145 ]
2070 / 4950: [ 0, 1, 0, 0, 0 ], [ 6, 1117, 84, 145 ]
2071 / 4950: [ 0, 0, 0, 1, 0 ], [ 6, 1117, 84, 146 ]
2072 / 4950: [ 0, 0, 0, 1, 0 ], [ 6, 1117, 84, 147 ]
2073 / 4950: [ 0, 0, 0, 1, 0 ], [ 6, 1117, 84, 148 ]
2074 / 4950: [ 0, 0, 0, 0, 1 ], [ 6, 1117, 84, 149 ]
2075 / 4950: [ 0, 0, 0, 0, 1 ], [ 6, 1117, 84, 150 ]
2076 / 4950: [ 0, 0, 0, 0, 0 ], [ 6, 1117, 84, 150 ]
2077 / 4950: [ 0, 0, 0, 1, 0 ], [ 6, 1117, 84, 151 ]
2078 / 4950: [ 0, 0, 0, 1, 0 ], [ 6, 1117, 84, 152 ]
2079 / 4950: [ 0, 0, 0, 0, 0 ], [ 6, 1117, 84, 152 ]
2080 / 4950: [ 0, 1, 0, 0, 0 ], [ 6, 1118, 84, 152 ]
2081 / 4950: [ 0, 1, 0, 0, 0 ], [ 6, 1119, 84, 152 ]
2082 / 4950: [ 0, 1, 0, 0, 0 ], [ 6, 1120, 84, 152 ]
2083 / 4950: [ 0, 1, 0, 0, 0 ], [ 6, 1121, 84, 152 ]
2084 / 4950: [ 0, 0, 0, 0, 0 ], [ 6, 1121, 84, 152 ]
2085 / 4950: [ 0, 1, 0, 0, 0 ], [ 6, 1122, 84, 152 ]
2086 / 4950: [ 0, 1, 0, 0, 0 ], [ 6, 1123, 84, 152 ]
2087 / 4950: [ 0, 0, 0, 1, 0 ], [ 6, 1123, 84, 153 ]
2088 / 4950: [ 0, 1, 0, 0, 0 ], [ 6, 1124, 84, 153 ]
2089 / 4950: [ 0, 1, 0, 0, 0 ], [ 6, 1125, 84, 153 ]
2090 / 4950: [ 0, 0, 0, 0, 0 ], [ 6, 1125, 84, 153 ]
2091 / 4950: [ 0, 1, 0, 0, 0 ], [ 6, 1126, 84, 153 ]
2092 / 4950: [ 0, 0, 0, 1, 0 ], [ 6, 1126, 84, 154 ]
2093 / 4950: [ 0, 1, 0, 0, 0 ], [ 6, 1127, 84, 154 ]
2094 / 4950: [ 0, 1, 0, 0, 0 ], [ 6, 1128, 84, 154 ]
2095 / 4950: [ 0, 1, 0, 0, 0 ], [ 6, 1129, 84, 154 ]
2096 / 4950: [ 0, 1, 0, 0, 0 ], [ 6, 1130, 84, 154 ]
2097 / 4950: [ 0, 0, 0, 0, 0 ], [ 6, 1130, 84, 154 ]
2098 / 4950: [ 0, 0, 0, 0, 0 ], [ 6, 1130, 84, 154 ]
2099 / 4950: [ 0, 1, 0, 0, 0 ], [ 6, 1131, 84, 154 ]
2100 / 4950: [ 0, 1, 0, 0, 0 ], [ 6, 1132, 84, 154 ]
2101 / 4950: [ 0, 0, 0, 0, 0 ], [ 6, 1132, 84, 154 ]
2102 / 4950: [ 0, 1, 0, 0, 0 ], [ 6, 1133, 84, 154 ]
2103 / 4950: [ 0, 1, 0, 0, 0 ], [ 6, 1134, 84, 154 ]
2104 / 4950: [ 0, 0, 0, 0, 0 ], [ 6, 1134, 84, 154 ]
2105 / 4950: [ 0, 0, 0, 1, 0 ], [ 6, 1134, 84, 155 ]
2106 / 4950: [ 0, 0, 0, 1, 0 ], [ 6, 1134, 84, 156 ]
2107 / 4950: [ 0, 1, 0, 0, 0 ], [ 6, 1135, 84, 156 ]
2108 / 4950: [ 0, 1, 0, 0, 0 ], [ 6, 1136, 84, 156 ]
2109 / 4950: [ 0, 1, 0, 0, 0 ], [ 6, 1137, 84, 156 ]
2110 / 4950: [ 0, 0, 0, 1, 0 ], [ 6, 1137, 84, 157 ]
2111 / 4950: [ 0, 1, 0, 0, 0 ], [ 6, 1138, 84, 157 ]
2112 / 4950: [ 0, 0, 0, 0, 0 ], [ 6, 1138, 84, 157 ]
2113 / 4950: [ 0, 1, 0, 0, 0 ], [ 6, 1139, 84, 157 ]
2114 / 4950: [ 0, 1, 0, 0, 0 ], [ 6, 1140, 84, 157 ]
2115 / 4950: [ 0, 1, 0, 0, 0 ], [ 6, 1141, 84, 157 ]
2116 / 4950: [ 0, 0, 0, 1, 0 ], [ 6, 1141, 84, 158 ]
2117 / 4950: [ 0, 1, 0, 0, 0 ], [ 6, 1142, 84, 158 ]
2118 / 4950: [ 0, 0, 0, 0, 0 ], [ 6, 1142, 84, 158 ]
2119 / 4950: [ 0, 1, 0, 0, 0 ], [ 6, 1143, 84, 158 ]
2120 / 4950: [ 0, 0, 0, 0, 0 ], [ 6, 1143, 84, 158 ]
2121 / 4950: [ 0, 0, 1, 0, 0 ], [ 6, 1143, 85, 158 ]
2122 / 4950: [ 0, 0, 0, 1, 0 ], [ 6, 1143, 85, 159 ]
2123 / 4950: [ 0, 0, 0, 1, 0 ], [ 6, 1143, 85, 160 ]
2124 / 4950: [ 0, 0, 0, 0, 0 ], [ 6, 1143, 85, 160 ]
2125 / 4950: [ 0, 1, 0, 0, 0 ], [ 6, 1144, 85, 160 ]
2126 / 4950: [ 0, 0, 0, 0, 0 ], [ 6, 1144, 85, 160 ]
2127 / 4950: [ 0, 1, 0, 0, 0 ], [ 6, 1145, 85, 160 ]
2128 / 4950: [ 0, 0, 0, 1, 0 ], [ 6, 1145, 85, 161 ]
2129 / 4950: [ 0, 1, 0, 0, 0 ], [ 6, 1146, 85, 161 ]
2130 / 4950: [ 0, 1, 0, 0, 0 ], [ 6, 1147, 85, 161 ]
2131 / 4950: [ 0, 1, 0, 0, 0 ], [ 6, 1148, 85, 161 ]
2132 / 4950: [ 0, 0, 1, 0, 0 ], [ 6, 1148, 86, 161 ]
2133 / 4950: [ 0, 1, 0, 0, 0 ], [ 6, 1149, 86, 161 ]
2134 / 4950: [ 0, 1, 0, 0, 0 ], [ 6, 1150, 86, 161 ]
2135 / 4950: [ 0, 1, 0, 0, 0 ], [ 6, 1151, 86, 161 ]
2136 / 4950: [ 0, 1, 0, 0, 0 ], [ 6, 1152, 86, 161 ]
2137 / 4950: [ 0, 1, 0, 0, 0 ], [ 6, 1153, 86, 161 ]
2138 / 4950: [ 0, 0, 0, 0, 1 ], [ 6, 1153, 86, 162 ]
2139 / 4950: [ 0, 0, 1, 0, 0 ], [ 6, 1153, 87, 162 ]
2140 / 4950: [ 0, 0, 0, 0, 0 ], [ 6, 1153, 87, 162 ]
2141 / 4950: [ 0, 0, 0, 1, 0 ], [ 6, 1153, 87, 163 ]
2142 / 4950: [ 0, 1, 0, 0, 0 ], [ 6, 1154, 87, 163 ]
2143 / 4950: [ 0, 0, 0, 0, 0 ], [ 6, 1154, 87, 163 ]
2144 / 4950: [ 0, 1, 0, 0, 0 ], [ 6, 1155, 87, 163 ]
2145 / 4950: [ 1, 0, 0, 0, 0 ], [ 7, 1155, 87, 163 ]
2146 / 4950: [ 0, 1, 0, 0, 0 ], [ 7, 1156, 87, 163 ]
2147 / 4950: [ 0, 1, 0, 0, 0 ], [ 7, 1157, 87, 163 ]
2148 / 4950: [ 0, 1, 0, 0, 0 ], [ 7, 1158, 87, 163 ]
2149 / 4950: [ 0, 1, 0, 0, 0 ], [ 7, 1159, 87, 163 ]
2150 / 4950: [ 0, 1, 0, 0, 0 ], [ 7, 1160, 87, 163 ]
2151 / 4950: [ 0, 1, 0, 0, 0 ], [ 7, 1161, 87, 163 ]
2152 / 4950: [ 0, 0, 0, 0, 0 ], [ 7, 1161, 87, 163 ]
2153 / 4950: [ 0, 1, 0, 0, 0 ], [ 7, 1162, 87, 163 ]
2154 / 4950: [ 0, 1, 0, 0, 0 ], [ 7, 1163, 87, 163 ]
2155 / 4950: [ 0, 0, 0, 0, 0 ], [ 7, 1163, 87, 163 ]
2156 / 4950: [ 0, 1, 0, 0, 0 ], [ 7, 1164, 87, 163 ]
2157 / 4950: [ 0, 1, 0, 0, 0 ], [ 7, 1165, 87, 163 ]
2158 / 4950: [ 0, 1, 0, 0, 0 ], [ 7, 1166, 87, 163 ]
2159 / 4950: [ 0, 1, 0, 0, 0 ], [ 7, 1167, 87, 163 ]
2160 / 4950: [ 0, 1, 0, 0, 0 ], [ 7, 1168, 87, 163 ]
2161 / 4950: [ 0, 1, 0, 0, 0 ], [ 7, 1169, 87, 163 ]
2162 / 4950: [ 0, 0, 0, 0, 0 ], [ 7, 1169, 87, 163 ]
2163 / 4950: [ 0, 1, 0, 0, 0 ], [ 7, 1170, 87, 163 ]
2164 / 4950: [ 0, 1, 0, 0, 0 ], [ 7, 1171, 87, 163 ]
2165 / 4950: [ 0, 0, 0, 0, 0 ], [ 7, 1171, 87, 163 ]
2166 / 4950: [ 0, 1, 0, 0, 0 ], [ 7, 1172, 87, 163 ]
2167 / 4950: [ 0, 1, 0, 0, 0 ], [ 7, 1173, 87, 163 ]
2168 / 4950: [ 0, 0, 0, 0, 0 ], [ 7, 1173, 87, 163 ]
2169 / 4950: [ 0, 1, 0, 0, 0 ], [ 7, 1174, 87, 163 ]
2170 / 4950: [ 0, 1, 0, 0, 0 ], [ 7, 1175, 87, 163 ]
2171 / 4950: [ 0, 0, 0, 0, 0 ], [ 7, 1175, 87, 163 ]
2172 / 4950: [ 0, 0, 0, 0, 0 ], [ 7, 1175, 87, 163 ]
2173 / 4950: [ 0, 0, 0, 0, 0 ], [ 7, 1175, 87, 163 ]
2174 / 4950: [ 0, 1, 0, 0, 0 ], [ 7, 1176, 87, 163 ]
2175 / 4950: [ 0, 1, 0, 0, 0 ], [ 7, 1177, 87, 163 ]
2176 / 4950: [ 0, 1, 0, 0, 0 ], [ 7, 1178, 87, 163 ]
2177 / 4950: [ 0, 0, 0, 0, 0 ], [ 7, 1178, 87, 163 ]
2178 / 4950: [ 0, 1, 0, 0, 0 ], [ 7, 1179, 87, 163 ]
2179 / 4950: [ 0, 1, 0, 0, 0 ], [ 7, 1180, 87, 163 ]
2180 / 4950: [ 0, 1, 0, 0, 0 ], [ 7, 1181, 87, 163 ]
2181 / 4950: [ 0, 1, 0, 0, 0 ], [ 7, 1182, 87, 163 ]
2182 / 4950: [ 0, 1, 0, 0, 0 ], [ 7, 1183, 87, 163 ]
2183 / 4950: [ 0, 0, 0, 0, 0 ], [ 7, 1183, 87, 163 ]
2184 / 4950: [ 0, 1, 0, 0, 0 ], [ 7, 1184, 87, 163 ]
2185 / 4950: [ 0, 0, 1, 0, 0 ], [ 7, 1184, 88, 163 ]
2186 / 4950: [ 0, 0, 0, 0, 0 ], [ 7, 1184, 88, 163 ]
2187 / 4950: [ 0, 0, 0, 0, 0 ], [ 7, 1184, 88, 163 ]
2188 / 4950: [ 0, 1, 0, 0, 0 ], [ 7, 1185, 88, 163 ]
2189 / 4950: [ 0, 1, 0, 0, 0 ], [ 7, 1186, 88, 163 ]
2190 / 4950: [ 0, 1, 0, 0, 0 ], [ 7, 1187, 88, 163 ]
2191 / 4950: [ 0, 1, 0, 0, 0 ], [ 7, 1188, 88, 163 ]
2192 / 4950: [ 0, 1, 0, 0, 0 ], [ 7, 1189, 88, 163 ]
2193 / 4950: [ 0, 0, 0, 0, 0 ], [ 7, 1189, 88, 163 ]
2194 / 4950: [ 0, 1, 0, 0, 0 ], [ 7, 1190, 88, 163 ]
2195 / 4950: [ 0, 0, 0, 0, 0 ], [ 7, 1190, 88, 163 ]
2196 / 4950: [ 0, 1, 0, 0, 0 ], [ 7, 1191, 88, 163 ]
2197 / 4950: [ 0, 1, 0, 0, 0 ], [ 7, 1192, 88, 163 ]
2198 / 4950: [ 0, 1, 0, 0, 0 ], [ 7, 1193, 88, 163 ]
2199 / 4950: [ 0, 1, 0, 0, 0 ], [ 7, 1194, 88, 163 ]
2200 / 4950: [ 0, 0, 0, 0, 1 ], [ 7, 1194, 88, 164 ]
2201 / 4950: [ 0, 0, 0, 0, 1 ], [ 7, 1194, 88, 165 ]
2202 / 4950: [ 0, 0, 1, 0, 0 ], [ 7, 1194, 89, 165 ]
2203 / 4950: [ 0, 1, 0, 0, 0 ], [ 7, 1195, 89, 165 ]
2204 / 4950: [ 0, 1, 0, 0, 0 ], [ 7, 1196, 89, 165 ]
2205 / 4950: [ 0, 0, 0, 0, 0 ], [ 7, 1196, 89, 165 ]
2206 / 4950: [ 0, 0, 0, 0, 0 ], [ 7, 1196, 89, 165 ]
2207 / 4950: [ 0, 1, 0, 0, 0 ], [ 7, 1197, 89, 165 ]
2208 / 4950: [ 0, 0, 0, 0, 0 ], [ 7, 1197, 89, 165 ]
2209 / 4950: [ 0, 1, 0, 0, 0 ], [ 7, 1198, 89, 165 ]
2210 / 4950: [ 0, 1, 0, 0, 0 ], [ 7, 1199, 89, 165 ]
2211 / 4950: [ 0, 1, 0, 0, 0 ], [ 7, 1200, 89, 165 ]
2212 / 4950: [ 0, 0, 0, 0, 0 ], [ 7, 1200, 89, 165 ]
2213 / 4950: [ 0, 0, 0, 0, 0 ], [ 7, 1200, 89, 165 ]
2214 / 4950: [ 0, 0, 0, 0, 0 ], [ 7, 1200, 89, 165 ]
2215 / 4950: [ 0, 1, 0, 0, 0 ], [ 7, 1201, 89, 165 ]
2216 / 4950: [ 0, 1, 0, 0, 0 ], [ 7, 1202, 89, 165 ]
2217 / 4950: [ 0, 1, 0, 0, 0 ], [ 7, 1203, 89, 165 ]
2218 / 4950: [ 0, 0, 0, 0, 0 ], [ 7, 1203, 89, 165 ]
2219 / 4950: [ 0, 1, 0, 0, 0 ], [ 7, 1204, 89, 165 ]
2220 / 4950: [ 0, 0, 0, 0, 0 ], [ 7, 1204, 89, 165 ]
2221 / 4950: [ 0, 0, 0, 0, 0 ], [ 7, 1204, 89, 165 ]
2222 / 4950: [ 0, 0, 0, 0, 0 ], [ 7, 1204, 89, 165 ]
2223 / 4950: [ 0, 0, 0, 0, 0 ], [ 7, 1204, 89, 165 ]
2224 / 4950: [ 0, 1, 0, 0, 0 ], [ 7, 1205, 89, 165 ]
2225 / 4950: [ 0, 0, 0, 0, 0 ], [ 7, 1205, 89, 165 ]
2226 / 4950: [ 0, 1, 0, 0, 0 ], [ 7, 1206, 89, 165 ]
2227 / 4950: [ 0, 1, 0, 0, 0 ], [ 7, 1207, 89, 165 ]
2228 / 4950: [ 0, 0, 0, 0, 0 ], [ 7, 1207, 89, 165 ]
2229 / 4950: [ 0, 1, 0, 0, 0 ], [ 7, 1208, 89, 165 ]
2230 / 4950: [ 0, 1, 0, 0, 0 ], [ 7, 1209, 89, 165 ]
2231 / 4950: [ 0, 0, 0, 0, 0 ], [ 7, 1209, 89, 165 ]
2232 / 4950: [ 0, 1, 0, 0, 0 ], [ 7, 1210, 89, 165 ]
2233 / 4950: [ 0, 0, 0, 0, 0 ], [ 7, 1210, 89, 165 ]
2234 / 4950: [ 0, 0, 0, 0, 0 ], [ 7, 1210, 89, 165 ]
2235 / 4950: [ 0, 1, 0, 0, 0 ], [ 7, 1211, 89, 165 ]
2236 / 4950: [ 0, 0, 0, 1, 0 ], [ 7, 1211, 89, 166 ]
2237 / 4950: [ 0, 0, 0, 0, 0 ], [ 7, 1211, 89, 166 ]
2238 / 4950: [ 0, 0, 0, 0, 0 ], [ 7, 1211, 89, 166 ]
2239 / 4950: [ 0, 0, 0, 0, 0 ], [ 7, 1211, 89, 166 ]
2240 / 4950: [ 0, 0, 0, 0, 0 ], [ 7, 1211, 89, 166 ]
2241 / 4950: [ 0, 0, 0, 0, 0 ], [ 7, 1211, 89, 166 ]
2242 / 4950: [ 0, 1, 0, 0, 0 ], [ 7, 1212, 89, 166 ]
2243 / 4950: [ 0, 0, 0, 0, 0 ], [ 7, 1212, 89, 166 ]
2244 / 4950: [ 0, 0, 0, 0, 0 ], [ 7, 1212, 89, 166 ]
2245 / 4950: [ 0, 0, 0, 0, 0 ], [ 7, 1212, 89, 166 ]
2246 / 4950: [ 0, 1, 0, 0, 0 ], [ 7, 1213, 89, 166 ]
2247 / 4950: [ 0, 1, 0, 0, 0 ], [ 7, 1214, 89, 166 ]
2248 / 4950: [ 0, 1, 0, 0, 0 ], [ 7, 1215, 89, 166 ]
2249 / 4950: [ 0, 0, 0, 0, 0 ], [ 7, 1215, 89, 166 ]
2250 / 4950: [ 0, 0, 0, 0, 0 ], [ 7, 1215, 89, 166 ]
2251 / 4950: [ 0, 0, 0, 0, 0 ], [ 7, 1215, 89, 166 ]
2252 / 4950: [ 0, 0, 0, 0, 0 ], [ 7, 1215, 89, 166 ]
2253 / 4950: [ 0, 0, 0, 0, 0 ], [ 7, 1215, 89, 166 ]
2254 / 4950: [ 0, 1, 0, 0, 0 ], [ 7, 1216, 89, 166 ]
2255 / 4950: [ 0, 1, 0, 0, 0 ], [ 7, 1217, 89, 166 ]
2256 / 4950: [ 0, 0, 0, 0, 0 ], [ 7, 1217, 89, 166 ]
2257 / 4950: [ 0, 1, 0, 0, 0 ], [ 7, 1218, 89, 166 ]
2258 / 4950: [ 0, 0, 0, 0, 0 ], [ 7, 1218, 89, 166 ]
2259 / 4950: [ 0, 0, 0, 0, 0 ], [ 7, 1218, 89, 166 ]
2260 / 4950: [ 0, 0, 0, 0, 0 ], [ 7, 1218, 89, 166 ]
2261 / 4950: [ 0, 0, 0, 0, 0 ], [ 7, 1218, 89, 166 ]
2262 / 4950: [ 0, 0, 0, 0, 0 ], [ 7, 1218, 89, 166 ]
2263 / 4950: [ 0, 0, 0, 0, 0 ], [ 7, 1218, 89, 166 ]
2264 / 4950: [ 0, 0, 0, 0, 0 ], [ 7, 1218, 89, 166 ]
2265 / 4950: [ 0, 0, 0, 0, 0 ], [ 7, 1218, 89, 166 ]
2266 / 4950: [ 0, 0, 0, 1, 0 ], [ 7, 1218, 89, 167 ]
2267 / 4950: [ 0, 0, 0, 1, 0 ], [ 7, 1218, 89, 168 ]
2268 / 4950: [ 0, 1, 0, 0, 0 ], [ 7, 1219, 89, 168 ]
2269 / 4950: [ 0, 1, 0, 0, 0 ], [ 7, 1220, 89, 168 ]
2270 / 4950: [ 0, 1, 0, 0, 0 ], [ 7, 1221, 89, 168 ]
2271 / 4950: [ 0, 0, 0, 0, 0 ], [ 7, 1221, 89, 168 ]
2272 / 4950: [ 0, 0, 0, 0, 0 ], [ 7, 1221, 89, 168 ]
2273 / 4950: [ 0, 1, 0, 0, 0 ], [ 7, 1222, 89, 168 ]
2274 / 4950: [ 0, 0, 0, 0, 0 ], [ 7, 1222, 89, 168 ]
2275 / 4950: [ 0, 0, 0, 0, 0 ], [ 7, 1222, 89, 168 ]
2276 / 4950: [ 0, 0, 0, 0, 0 ], [ 7, 1222, 89, 168 ]
2277 / 4950: [ 0, 0, 0, 0, 0 ], [ 7, 1222, 89, 168 ]
2278 / 4950: [ 0, 1, 0, 0, 0 ], [ 7, 1223, 89, 168 ]
2279 / 4950: [ 0, 1, 0, 0, 0 ], [ 7, 1224, 89, 168 ]
2280 / 4950: [ 0, 1, 0, 0, 0 ], [ 7, 1225, 89, 168 ]
2281 / 4950: [ 0, 1, 0, 0, 0 ], [ 7, 1226, 89, 168 ]
2282 / 4950: [ 0, 1, 0, 0, 0 ], [ 7, 1227, 89, 168 ]
2283 / 4950: [ 0, 1, 0, 0, 0 ], [ 7, 1228, 89, 168 ]
2284 / 4950: [ 0, 1, 0, 0, 0 ], [ 7, 1229, 89, 168 ]
2285 / 4950: [ 0, 1, 0, 0, 0 ], [ 7, 1230, 89, 168 ]
2286 / 4950: [ 0, 0, 1, 0, 0 ], [ 7, 1230, 90, 168 ]
2287 / 4950: [ 0, 1, 0, 0, 0 ], [ 7, 1231, 90, 168 ]
2288 / 4950: [ 0, 0, 0, 0, 0 ], [ 7, 1231, 90, 168 ]
2289 / 4950: [ 0, 1, 0, 0, 0 ], [ 7, 1232, 90, 168 ]
2290 / 4950: [ 0, 0, 0, 0, 0 ], [ 7, 1232, 90, 168 ]
2291 / 4950: [ 0, 1, 0, 0, 0 ], [ 7, 1233, 90, 168 ]
2292 / 4950: [ 0, 1, 0, 0, 0 ], [ 7, 1234, 90, 168 ]
2293 / 4950: [ 0, 1, 0, 0, 0 ], [ 7, 1235, 90, 168 ]
2294 / 4950: [ 0, 0, 0, 0, 0 ], [ 7, 1235, 90, 168 ]
2295 / 4950: [ 0, 1, 0, 0, 0 ], [ 7, 1236, 90, 168 ]
2296 / 4950: [ 0, 1, 0, 0, 0 ], [ 7, 1237, 90, 168 ]
2297 / 4950: [ 0, 0, 0, 0, 0 ], [ 7, 1237, 90, 168 ]
2298 / 4950: [ 0, 1, 0, 0, 0 ], [ 7, 1238, 90, 168 ]
2299 / 4950: [ 0, 1, 0, 0, 0 ], [ 7, 1239, 90, 168 ]
2300 / 4950: [ 0, 1, 0, 0, 0 ], [ 7, 1240, 90, 168 ]
2301 / 4950: [ 0, 0, 0, 0, 0 ], [ 7, 1240, 90, 168 ]
2302 / 4950: [ 0, 0, 0, 0, 0 ], [ 7, 1240, 90, 168 ]
2303 / 4950: [ 0, 1, 0, 0, 0 ], [ 7, 1241, 90, 168 ]
2304 / 4950: [ 0, 1, 0, 0, 0 ], [ 7, 1242, 90, 168 ]
2305 / 4950: [ 0, 0, 0, 1, 0 ], [ 7, 1242, 90, 169 ]
2306 / 4950: [ 0, 1, 0, 0, 0 ], [ 7, 1243, 90, 169 ]
2307 / 4950: [ 0, 1, 0, 0, 0 ], [ 7, 1244, 90, 169 ]
2308 / 4950: [ 0, 0, 0, 0, 0 ], [ 7, 1244, 90, 169 ]
2309 / 4950: [ 0, 1, 0, 0, 0 ], [ 7, 1245, 90, 169 ]
2310 / 4950: [ 0, 0, 0, 0, 0 ], [ 7, 1245, 90, 169 ]
2311 / 4950: [ 0, 1, 0, 0, 0 ], [ 7, 1246, 90, 169 ]
2312 / 4950: [ 0, 1, 0, 0, 0 ], [ 7, 1247, 90, 169 ]
2313 / 4950: [ 0, 1, 0, 0, 0 ], [ 7, 1248, 90, 169 ]
2314 / 4950: [ 0, 1, 0, 0, 0 ], [ 7, 1249, 90, 169 ]
2315 / 4950: [ 0, 1, 0, 0, 0 ], [ 7, 1250, 90, 169 ]
2316 / 4950: [ 0, 1, 0, 0, 0 ], [ 7, 1251, 90, 169 ]
2317 / 4950: [ 0, 1, 0, 0, 0 ], [ 7, 1252, 90, 169 ]
2318 / 4950: [ 0, 0, 0, 0, 0 ], [ 7, 1252, 90, 169 ]
2319 / 4950: [ 0, 1, 0, 0, 0 ], [ 7, 1253, 90, 169 ]
2320 / 4950: [ 0, 0, 0, 0, 0 ], [ 7, 1253, 90, 169 ]
2321 / 4950: [ 0, 0, 0, 0, 0 ], [ 7, 1253, 90, 169 ]
2322 / 4950: [ 0, 0, 1, 0, 0 ], [ 7, 1253, 91, 169 ]
2323 / 4950: [ 0, 1, 0, 0, 0 ], [ 7, 1254, 91, 169 ]
2324 / 4950: [ 0, 1, 0, 0, 0 ], [ 7, 1255, 91, 169 ]
2325 / 4950: [ 0, 1, 0, 0, 0 ], [ 7, 1256, 91, 169 ]
2326 / 4950: [ 0, 0, 0, 0, 0 ], [ 7, 1256, 91, 169 ]
2327 / 4950: [ 0, 1, 0, 0, 0 ], [ 7, 1257, 91, 169 ]
2328 / 4950: [ 0, 1, 0, 0, 0 ], [ 7, 1258, 91, 169 ]
2329 / 4950: [ 0, 1, 0, 0, 0 ], [ 7, 1259, 91, 169 ]
2330 / 4950: [ 0, 1, 0, 0, 0 ], [ 7, 1260, 91, 169 ]
2331 / 4950: [ 0, 1, 0, 0, 0 ], [ 7, 1261, 91, 169 ]
2332 / 4950: [ 0, 1, 0, 0, 0 ], [ 7, 1262, 91, 169 ]
2333 / 4950: [ 0, 0, 0, 0, 0 ], [ 7, 1262, 91, 169 ]
2334 / 4950: [ 0, 0, 0, 0, 0 ], [ 7, 1262, 91, 169 ]
2335 / 4950: [ 0, 0, 0, 0, 0 ], [ 7, 1262, 91, 169 ]
2336 / 4950: [ 0, 0, 0, 1, 0 ], [ 7, 1262, 91, 170 ]
2337 / 4950: [ 0, 1, 0, 0, 0 ], [ 7, 1263, 91, 170 ]
2338 / 4950: [ 0, 0, 0, 0, 0 ], [ 7, 1263, 91, 170 ]
2339 / 4950: [ 0, 0, 0, 0, 0 ], [ 7, 1263, 91, 170 ]
2340 / 4950: [ 0, 1, 0, 0, 0 ], [ 7, 1264, 91, 170 ]
2341 / 4950: [ 0, 1, 0, 0, 0 ], [ 7, 1265, 91, 170 ]
2342 / 4950: [ 0, 1, 0, 0, 0 ], [ 7, 1266, 91, 170 ]
2343 / 4950: [ 0, 1, 0, 0, 0 ], [ 7, 1267, 91, 170 ]
2344 / 4950: [ 0, 1, 0, 0, 0 ], [ 7, 1268, 91, 170 ]
2345 / 4950: [ 0, 1, 0, 0, 0 ], [ 7, 1269, 91, 170 ]
2346 / 4950: [ 0, 0, 0, 0, 0 ], [ 7, 1269, 91, 170 ]
2347 / 4950: [ 0, 1, 0, 0, 0 ], [ 7, 1270, 91, 170 ]
2348 / 4950: [ 0, 1, 0, 0, 0 ], [ 7, 1271, 91, 170 ]
2349 / 4950: [ 0, 0, 0, 0, 0 ], [ 7, 1271, 91, 170 ]
2350 / 4950: [ 0, 1, 0, 0, 0 ], [ 7, 1272, 91, 170 ]
2351 / 4950: [ 0, 0, 0, 0, 1 ], [ 7, 1272, 91, 171 ]
2352 / 4950: [ 0, 0, 0, 0, 0 ], [ 7, 1272, 91, 171 ]
2353 / 4950: [ 0, 1, 0, 0, 0 ], [ 7, 1273, 91, 171 ]
2354 / 4950: [ 0, 0, 0, 0, 0 ], [ 7, 1273, 91, 171 ]
2355 / 4950: [ 0, 0, 0, 1, 0 ], [ 7, 1273, 91, 172 ]
2356 / 4950: [ 0, 0, 0, 1, 0 ], [ 7, 1273, 91, 173 ]
2357 / 4950: [ 0, 0, 0, 0, 0 ], [ 7, 1273, 91, 173 ]
2358 / 4950: [ 0, 0, 0, 0, 0 ], [ 7, 1273, 91, 173 ]
2359 / 4950: [ 0, 1, 0, 0, 0 ], [ 7, 1274, 91, 173 ]
2360 / 4950: [ 0, 1, 0, 0, 0 ], [ 7, 1275, 91, 173 ]
2361 / 4950: [ 0, 0, 0, 0, 0 ], [ 7, 1275, 91, 173 ]
2362 / 4950: [ 0, 0, 0, 0, 0 ], [ 7, 1275, 91, 173 ]
2363 / 4950: [ 0, 1, 0, 0, 0 ], [ 7, 1276, 91, 173 ]
2364 / 4950: [ 0, 1, 0, 0, 0 ], [ 7, 1277, 91, 173 ]
2365 / 4950: [ 0, 0, 0, 1, 0 ], [ 7, 1277, 91, 174 ]
2366 / 4950: [ 0, 0, 0, 0, 0 ], [ 7, 1277, 91, 174 ]
2367 / 4950: [ 0, 1, 0, 0, 0 ], [ 7, 1278, 91, 174 ]
2368 / 4950: [ 0, 0, 0, 0, 0 ], [ 7, 1278, 91, 174 ]
2369 / 4950: [ 0, 0, 0, 0, 0 ], [ 7, 1278, 91, 174 ]
2370 / 4950: [ 0, 1, 0, 0, 0 ], [ 7, 1279, 91, 174 ]
2371 / 4950: [ 0, 1, 0, 0, 0 ], [ 7, 1280, 91, 174 ]
2372 / 4950: [ 0, 1, 0, 0, 0 ], [ 7, 1281, 91, 174 ]
2373 / 4950: [ 0, 0, 0, 0, 0 ], [ 7, 1281, 91, 174 ]
2374 / 4950: [ 0, 0, 0, 0, 0 ], [ 7, 1281, 91, 174 ]
2375 / 4950: [ 0, 0, 0, 0, 0 ], [ 7, 1281, 91, 174 ]
2376 / 4950: [ 0, 0, 0, 0, 0 ], [ 7, 1281, 91, 174 ]
2377 / 4950: [ 0, 1, 0, 0, 0 ], [ 7, 1282, 91, 174 ]
2378 / 4950: [ 0, 0, 0, 0, 0 ], [ 7, 1282, 91, 174 ]
2379 / 4950: [ 0, 0, 0, 0, 0 ], [ 7, 1282, 91, 174 ]
2380 / 4950: [ 0, 1, 0, 0, 0 ], [ 7, 1283, 91, 174 ]
2381 / 4950: [ 0, 0, 0, 0, 0 ], [ 7, 1283, 91, 174 ]
2382 / 4950: [ 0, 1, 0, 0, 0 ], [ 7, 1284, 91, 174 ]
2383 / 4950: [ 0, 0, 0, 0, 1 ], [ 7, 1284, 91, 175 ]
2384 / 4950: [ 0, 1, 0, 0, 0 ], [ 7, 1285, 91, 175 ]
2385 / 4950: [ 0, 1, 0, 0, 0 ], [ 7, 1286, 91, 175 ]
2386 / 4950: [ 0, 0, 0, 1, 0 ], [ 7, 1286, 91, 176 ]
2387 / 4950: [ 0, 1, 0, 0, 0 ], [ 7, 1287, 91, 176 ]
2388 / 4950: [ 0, 0, 0, 0, 0 ], [ 7, 1287, 91, 176 ]
2389 / 4950: [ 0, 0, 0, 0, 0 ], [ 7, 1287, 91, 176 ]
2390 / 4950: [ 0, 0, 0, 1, 0 ], [ 7, 1287, 91, 177 ]
2391 / 4950: [ 0, 1, 0, 0, 0 ], [ 7, 1288, 91, 177 ]
2392 / 4950: [ 0, 1, 0, 0, 0 ], [ 7, 1289, 91, 177 ]
2393 / 4950: [ 0, 1, 0, 0, 0 ], [ 7, 1290, 91, 177 ]
2394 / 4950: [ 0, 0, 0, 1, 0 ], [ 7, 1290, 91, 178 ]
2395 / 4950: [ 0, 0, 0, 1, 0 ], [ 7, 1290, 91, 179 ]
2396 / 4950: [ 0, 1, 0, 0, 0 ], [ 7, 1291, 91, 179 ]
2397 / 4950: [ 0, 1, 0, 0, 0 ], [ 7, 1292, 91, 179 ]
2398 / 4950: [ 0, 1, 0, 0, 0 ], [ 7, 1293, 91, 179 ]
2399 / 4950: [ 0, 0, 0, 1, 0 ], [ 7, 1293, 91, 180 ]
2400 / 4950: [ 0, 0, 0, 0, 0 ], [ 7, 1293, 91, 180 ]
2401 / 4950: [ 0, 0, 0, 0, 0 ], [ 7, 1293, 91, 180 ]
2402 / 4950: [ 0, 0, 0, 0, 0 ], [ 7, 1293, 91, 180 ]
2403 / 4950: [ 0, 0, 0, 0, 0 ], [ 7, 1293, 91, 180 ]
2404 / 4950: [ 0, 0, 0, 1, 0 ], [ 7, 1293, 91, 181 ]
2405 / 4950: [ 0, 1, 0, 0, 0 ], [ 7, 1294, 91, 181 ]
2406 / 4950: [ 0, 0, 0, 0, 0 ], [ 7, 1294, 91, 181 ]
2407 / 4950: [ 0, 0, 0, 1, 0 ], [ 7, 1294, 91, 182 ]
2408 / 4950: [ 0, 1, 0, 0, 0 ], [ 7, 1295, 91, 182 ]
2409 / 4950: [ 0, 1, 0, 0, 0 ], [ 7, 1296, 91, 182 ]
2410 / 4950: [ 0, 1, 0, 0, 0 ], [ 7, 1297, 91, 182 ]
2411 / 4950: [ 0, 0, 0, 0, 0 ], [ 7, 1297, 91, 182 ]
2412 / 4950: [ 0, 0, 0, 0, 0 ], [ 7, 1297, 91, 182 ]
2413 / 4950: [ 0, 0, 0, 0, 0 ], [ 7, 1297, 91, 182 ]
2414 / 4950: [ 0, 0, 0, 0, 0 ], [ 7, 1297, 91, 182 ]
2415 / 4950: [ 0, 1, 0, 0, 0 ], [ 7, 1298, 91, 182 ]
2416 / 4950: [ 0, 0, 0, 0, 0 ], [ 7, 1298, 91, 182 ]
2417 / 4950: [ 0, 0, 0, 0, 0 ], [ 7, 1298, 91, 182 ]
2418 / 4950: [ 0, 0, 0, 0, 0 ], [ 7, 1298, 91, 182 ]
2419 / 4950: [ 0, 1, 0, 0, 0 ], [ 7, 1299, 91, 182 ]
2420 / 4950: [ 0, 1, 0, 0, 0 ], [ 7, 1300, 91, 182 ]
2421 / 4950: [ 0, 1, 0, 0, 0 ], [ 7, 1301, 91, 182 ]
2422 / 4950: [ 0, 0, 0, 0, 0 ], [ 7, 1301, 91, 182 ]
2423 / 4950: [ 0, 1, 0, 0, 0 ], [ 7, 1302, 91, 182 ]
2424 / 4950: [ 0, 0, 0, 0, 0 ], [ 7, 1302, 91, 182 ]
2425 / 4950: [ 0, 0, 0, 0, 0 ], [ 7, 1302, 91, 182 ]
2426 / 4950: [ 0, 0, 0, 0, 0 ], [ 7, 1302, 91, 182 ]
2427 / 4950: [ 0, 0, 1, 0, 0 ], [ 7, 1302, 92, 182 ]
2428 / 4950: [ 0, 1, 0, 0, 0 ], [ 7, 1303, 92, 182 ]
2429 / 4950: [ 0, 1, 0, 0, 0 ], [ 7, 1304, 92, 182 ]
2430 / 4950: [ 0, 1, 0, 0, 0 ], [ 7, 1305, 92, 182 ]
2431 / 4950: [ 0, 1, 0, 0, 0 ], [ 7, 1306, 92, 182 ]
2432 / 4950: [ 0, 0, 0, 0, 0 ], [ 7, 1306, 92, 182 ]
2433 / 4950: [ 0, 1, 0, 0, 0 ], [ 7, 1307, 92, 182 ]
2434 / 4950: [ 0, 1, 0, 0, 0 ], [ 7, 1308, 92, 182 ]
2435 / 4950: [ 0, 1, 0, 0, 0 ], [ 7, 1309, 92, 182 ]
2436 / 4950: [ 0, 1, 0, 0, 0 ], [ 7, 1310, 92, 182 ]
2437 / 4950: [ 0, 0, 0, 0, 0 ], [ 7, 1310, 92, 182 ]
2438 / 4950: [ 0, 0, 0, 0, 0 ], [ 7, 1310, 92, 182 ]
2439 / 4950: [ 0, 1, 0, 0, 0 ], [ 7, 1311, 92, 182 ]
2440 / 4950: [ 0, 0, 0, 0, 0 ], [ 7, 1311, 92, 182 ]
2441 / 4950: [ 0, 0, 0, 0, 0 ], [ 7, 1311, 92, 182 ]
2442 / 4950: [ 0, 0, 0, 0, 0 ], [ 7, 1311, 92, 182 ]
2443 / 4950: [ 0, 0, 0, 0, 0 ], [ 7, 1311, 92, 182 ]
2444 / 4950: [ 0, 1, 0, 0, 0 ], [ 7, 1312, 92, 182 ]
2445 / 4950: [ 0, 1, 0, 0, 0 ], [ 7, 1313, 92, 182 ]
2446 / 4950: [ 0, 1, 0, 0, 0 ], [ 7, 1314, 92, 182 ]
2447 / 4950: [ 0, 0, 0, 0, 0 ], [ 7, 1314, 92, 182 ]
2448 / 4950: [ 0, 0, 0, 0, 0 ], [ 7, 1314, 92, 182 ]
2449 / 4950: [ 0, 0, 1, 0, 0 ], [ 7, 1314, 93, 182 ]
2450 / 4950: [ 0, 1, 0, 0, 0 ], [ 7, 1315, 93, 182 ]
2451 / 4950: [ 0, 1, 0, 0, 0 ], [ 7, 1316, 93, 182 ]
2452 / 4950: [ 0, 1, 0, 0, 0 ], [ 7, 1317, 93, 182 ]
2453 / 4950: [ 0, 0, 0, 0, 0 ], [ 7, 1317, 93, 182 ]
2454 / 4950: [ 0, 0, 0, 0, 0 ], [ 7, 1317, 93, 182 ]
2455 / 4950: [ 0, 0, 0, 0, 0 ], [ 7, 1317, 93, 182 ]
2456 / 4950: [ 0, 0, 0, 0, 0 ], [ 7, 1317, 93, 182 ]
2457 / 4950: [ 0, 0, 0, 0, 0 ], [ 7, 1317, 93, 182 ]
2458 / 4950: [ 0, 1, 0, 0, 0 ], [ 7, 1318, 93, 182 ]
2459 / 4950: [ 0, 1, 0, 0, 0 ], [ 7, 1319, 93, 182 ]
2460 / 4950: [ 0, 0, 1, 0, 0 ], [ 7, 1319, 94, 182 ]
2461 / 4950: [ 0, 1, 0, 0, 0 ], [ 7, 1320, 94, 182 ]
2462 / 4950: [ 0, 1, 0, 0, 0 ], [ 7, 1321, 94, 182 ]
2463 / 4950: [ 0, 0, 0, 0, 0 ], [ 7, 1321, 94, 182 ]
2464 / 4950: [ 0, 0, 0, 0, 0 ], [ 7, 1321, 94, 182 ]
2465 / 4950: [ 0, 1, 0, 0, 0 ], [ 7, 1322, 94, 182 ]
2466 / 4950: [ 0, 0, 1, 0, 0 ], [ 7, 1322, 95, 182 ]
2467 / 4950: [ 0, 0, 0, 0, 1 ], [ 7, 1322, 95, 183 ]
2468 / 4950: [ 0, 0, 1, 0, 0 ], [ 7, 1322, 96, 183 ]
2469 / 4950: [ 0, 0, 0, 0, 0 ], [ 7, 1322, 96, 183 ]
2470 / 4950: [ 0, 0, 0, 0, 0 ], [ 7, 1322, 96, 183 ]
2471 / 4950: [ 0, 0, 0, 0, 0 ], [ 7, 1322, 96, 183 ]
2472 / 4950: [ 0, 0, 0, 0, 0 ], [ 7, 1322, 96, 183 ]
2473 / 4950: [ 0, 1, 0, 0, 0 ], [ 7, 1323, 96, 183 ]
2474 / 4950: [ 0, 1, 0, 0, 0 ], [ 7, 1324, 96, 183 ]
2475 / 4950: [ 0, 0, 0, 0, 0 ], [ 7, 1324, 96, 183 ]
2476 / 4950: [ 0, 0, 0, 0, 0 ], [ 7, 1324, 96, 183 ]
2477 / 4950: [ 0, 1, 0, 0, 0 ], [ 7, 1325, 96, 183 ]
2478 / 4950: [ 0, 0, 0, 0, 0 ], [ 7, 1325, 96, 183 ]
2479 / 4950: [ 0, 0, 0, 0, 0 ], [ 7, 1325, 96, 183 ]
2480 / 4950: [ 0, 0, 0, 1, 0 ], [ 7, 1325, 96, 184 ]
2481 / 4950: [ 0, 1, 0, 0, 0 ], [ 7, 1326, 96, 184 ]
2482 / 4950: [ 0, 1, 0, 0, 0 ], [ 7, 1327, 96, 184 ]
2483 / 4950: [ 0, 1, 0, 0, 0 ], [ 7, 1328, 96, 184 ]
2484 / 4950: [ 0, 1, 0, 0, 0 ], [ 7, 1329, 96, 184 ]
2485 / 4950: [ 0, 0, 0, 0, 0 ], [ 7, 1329, 96, 184 ]
2486 / 4950: [ 0, 1, 0, 0, 0 ], [ 7, 1330, 96, 184 ]
2487 / 4950: [ 0, 1, 0, 0, 0 ], [ 7, 1331, 96, 184 ]
2488 / 4950: [ 0, 1, 0, 0, 0 ], [ 7, 1332, 96, 184 ]
2489 / 4950: [ 0, 1, 0, 0, 0 ], [ 7, 1333, 96, 184 ]
2490 / 4950: [ 0, 1, 0, 0, 0 ], [ 7, 1334, 96, 184 ]
2491 / 4950: [ 0, 1, 0, 0, 0 ], [ 7, 1335, 96, 184 ]
2492 / 4950: [ 0, 1, 0, 0, 0 ], [ 7, 1336, 96, 184 ]
2493 / 4950: [ 0, 0, 1, 0, 0 ], [ 7, 1336, 97, 184 ]
2494 / 4950: [ 0, 1, 0, 0, 0 ], [ 7, 1337, 97, 184 ]
2495 / 4950: [ 0, 0, 0, 0, 0 ], [ 7, 1337, 97, 184 ]
2496 / 4950: [ 0, 1, 0, 0, 0 ], [ 7, 1338, 97, 184 ]
2497 / 4950: [ 0, 1, 0, 0, 0 ], [ 7, 1339, 97, 184 ]
2498 / 4950: [ 0, 1, 0, 0, 0 ], [ 7, 1340, 97, 184 ]
2499 / 4950: [ 0, 1, 0, 0, 0 ], [ 7, 1341, 97, 184 ]
2500 / 4950: [ 0, 1, 0, 0, 0 ], [ 7, 1342, 97, 184 ]
2501 / 4950: [ 0, 0, 0, 0, 0 ], [ 7, 1342, 97, 184 ]
2502 / 4950: [ 0, 1, 0, 0, 0 ], [ 7, 1343, 97, 184 ]
2503 / 4950: [ 0, 1, 0, 0, 0 ], [ 7, 1344, 97, 184 ]
2504 / 4950: [ 0, 0, 0, 0, 0 ], [ 7, 1344, 97, 184 ]
2505 / 4950: [ 0, 1, 0, 0, 0 ], [ 7, 1345, 97, 184 ]
2506 / 4950: [ 0, 1, 0, 0, 0 ], [ 7, 1346, 97, 184 ]
2507 / 4950: [ 0, 1, 0, 0, 0 ], [ 7, 1347, 97, 184 ]
2508 / 4950: [ 0, 0, 0, 0, 0 ], [ 7, 1347, 97, 184 ]
2509 / 4950: [ 0, 0, 0, 0, 0 ], [ 7, 1347, 97, 184 ]
2510 / 4950: [ 0, 1, 0, 0, 0 ], [ 7, 1348, 97, 184 ]
2511 / 4950: [ 0, 1, 0, 0, 0 ], [ 7, 1349, 97, 184 ]
2512 / 4950: [ 0, 0, 0, 1, 0 ], [ 7, 1349, 97, 185 ]
2513 / 4950: [ 0, 1, 0, 0, 0 ], [ 7, 1350, 97, 185 ]
2514 / 4950: [ 0, 1, 0, 0, 0 ], [ 7, 1351, 97, 185 ]
2515 / 4950: [ 0, 1, 0, 0, 0 ], [ 7, 1352, 97, 185 ]
2516 / 4950: [ 0, 1, 0, 0, 0 ], [ 7, 1353, 97, 185 ]
2517 / 4950: [ 0, 1, 0, 0, 0 ], [ 7, 1354, 97, 185 ]
2518 / 4950: [ 0, 1, 0, 0, 0 ], [ 7, 1355, 97, 185 ]
2519 / 4950: [ 0, 1, 0, 0, 0 ], [ 7, 1356, 97, 185 ]
2520 / 4950: [ 0, 1, 0, 0, 0 ], [ 7, 1357, 97, 185 ]
2521 / 4950: [ 0, 1, 0, 0, 0 ], [ 7, 1358, 97, 185 ]
2522 / 4950: [ 0, 1, 0, 0, 0 ], [ 7, 1359, 97, 185 ]
2523 / 4950: [ 0, 1, 0, 0, 0 ], [ 7, 1360, 97, 185 ]
2524 / 4950: [ 0, 1, 0, 0, 0 ], [ 7, 1361, 97, 185 ]
2525 / 4950: [ 0, 0, 0, 0, 0 ], [ 7, 1361, 97, 185 ]
2526 / 4950: [ 0, 1, 0, 0, 0 ], [ 7, 1362, 97, 185 ]
2527 / 4950: [ 0, 0, 0, 0, 0 ], [ 7, 1362, 97, 185 ]
2528 / 4950: [ 0, 0, 0, 0, 0 ], [ 7, 1362, 97, 185 ]
2529 / 4950: [ 0, 0, 1, 0, 0 ], [ 7, 1362, 98, 185 ]
2530 / 4950: [ 0, 1, 0, 0, 0 ], [ 7, 1363, 98, 185 ]
2531 / 4950: [ 0, 1, 0, 0, 0 ], [ 7, 1364, 98, 185 ]
2532 / 4950: [ 0, 1, 0, 0, 0 ], [ 7, 1365, 98, 185 ]
2533 / 4950: [ 0, 1, 0, 0, 0 ], [ 7, 1366, 98, 185 ]
2534 / 4950: [ 0, 1, 0, 0, 0 ], [ 7, 1367, 98, 185 ]
2535 / 4950: [ 0, 1, 0, 0, 0 ], [ 7, 1368, 98, 185 ]
2536 / 4950: [ 0, 1, 0, 0, 0 ], [ 7, 1369, 98, 185 ]
2537 / 4950: [ 0, 1, 0, 0, 0 ], [ 7, 1370, 98, 185 ]
2538 / 4950: [ 0, 1, 0, 0, 0 ], [ 7, 1371, 98, 185 ]
2539 / 4950: [ 0, 1, 0, 0, 0 ], [ 7, 1372, 98, 185 ]
2540 / 4950: [ 0, 0, 0, 0, 0 ], [ 7, 1372, 98, 185 ]
2541 / 4950: [ 0, 0, 0, 0, 0 ], [ 7, 1372, 98, 185 ]
2542 / 4950: [ 0, 0, 0, 0, 0 ], [ 7, 1372, 98, 185 ]
2543 / 4950: [ 0, 1, 0, 0, 0 ], [ 7, 1373, 98, 185 ]
2544 / 4950: [ 0, 1, 0, 0, 0 ], [ 7, 1374, 98, 185 ]
2545 / 4950: [ 0, 0, 0, 0, 0 ], [ 7, 1374, 98, 185 ]
2546 / 4950: [ 0, 0, 0, 1, 0 ], [ 7, 1374, 98, 186 ]
2547 / 4950: [ 0, 1, 0, 0, 0 ], [ 7, 1375, 98, 186 ]
2548 / 4950: [ 0, 1, 0, 0, 0 ], [ 7, 1376, 98, 186 ]
2549 / 4950: [ 0, 1, 0, 0, 0 ], [ 7, 1377, 98, 186 ]
2550 / 4950: [ 0, 1, 0, 0, 0 ], [ 7, 1378, 98, 186 ]
2551 / 4950: [ 0, 1, 0, 0, 0 ], [ 7, 1379, 98, 186 ]
2552 / 4950: [ 0, 1, 0, 0, 0 ], [ 7, 1380, 98, 186 ]
2553 / 4950: [ 0, 0, 0, 0, 0 ], [ 7, 1380, 98, 186 ]
2554 / 4950: [ 0, 1, 0, 0, 0 ], [ 7, 1381, 98, 186 ]
2555 / 4950: [ 0, 1, 0, 0, 0 ], [ 7, 1382, 98, 186 ]
2556 / 4950: [ 0, 0, 0, 0, 0 ], [ 7, 1382, 98, 186 ]
2557 / 4950: [ 0, 1, 0, 0, 0 ], [ 7, 1383, 98, 186 ]
2558 / 4950: [ 0, 1, 0, 0, 0 ], [ 7, 1384, 98, 186 ]
2559 / 4950: [ 0, 1, 0, 0, 0 ], [ 7, 1385, 98, 186 ]
2560 / 4950: [ 0, 0, 0, 0, 0 ], [ 7, 1385, 98, 186 ]
2561 / 4950: [ 0, 1, 0, 0, 0 ], [ 7, 1386, 98, 186 ]
2562 / 4950: [ 0, 1, 0, 0, 0 ], [ 7, 1387, 98, 186 ]
2563 / 4950: [ 0, 1, 0, 0, 0 ], [ 7, 1388, 98, 186 ]
2564 / 4950: [ 0, 0, 0, 0, 0 ], [ 7, 1388, 98, 186 ]
2565 / 4950: [ 0, 1, 0, 0, 0 ], [ 7, 1389, 98, 186 ]
2566 / 4950: [ 0, 0, 0, 0, 0 ], [ 7, 1389, 98, 186 ]
2567 / 4950: [ 0, 1, 0, 0, 0 ], [ 7, 1390, 98, 186 ]
2568 / 4950: [ 0, 1, 0, 0, 0 ], [ 7, 1391, 98, 186 ]
2569 / 4950: [ 0, 1, 0, 0, 0 ], [ 7, 1392, 98, 186 ]
2570 / 4950: [ 0, 1, 0, 0, 0 ], [ 7, 1393, 98, 186 ]
2571 / 4950: [ 0, 1, 0, 0, 0 ], [ 7, 1394, 98, 186 ]
2572 / 4950: [ 0, 1, 0, 0, 0 ], [ 7, 1395, 98, 186 ]
2573 / 4950: [ 0, 0, 0, 0, 0 ], [ 7, 1395, 98, 186 ]
2574 / 4950: [ 0, 1, 0, 0, 0 ], [ 7, 1396, 98, 186 ]
2575 / 4950: [ 0, 1, 0, 0, 0 ], [ 7, 1397, 98, 186 ]
2576 / 4950: [ 0, 0, 0, 0, 0 ], [ 7, 1397, 98, 186 ]
2577 / 4950: [ 0, 0, 1, 0, 0 ], [ 7, 1397, 99, 186 ]
2578 / 4950: [ 0, 1, 0, 0, 0 ], [ 7, 1398, 99, 186 ]
2579 / 4950: [ 0, 0, 0, 0, 0 ], [ 7, 1398, 99, 186 ]
2580 / 4950: [ 0, 0, 0, 0, 0 ], [ 7, 1398, 99, 186 ]
2581 / 4950: [ 0, 0, 0, 1, 0 ], [ 7, 1398, 99, 187 ]
2582 / 4950: [ 0, 1, 0, 0, 0 ], [ 7, 1399, 99, 187 ]
2583 / 4950: [ 0, 1, 0, 0, 0 ], [ 7, 1400, 99, 187 ]
2584 / 4950: [ 0, 1, 0, 0, 0 ], [ 7, 1401, 99, 187 ]
2585 / 4950: [ 0, 1, 0, 0, 0 ], [ 7, 1402, 99, 187 ]
2586 / 4950: [ 0, 1, 0, 0, 0 ], [ 7, 1403, 99, 187 ]
2587 / 4950: [ 0, 0, 0, 0, 0 ], [ 7, 1403, 99, 187 ]
2588 / 4950: [ 0, 0, 0, 0, 0 ], [ 7, 1403, 99, 187 ]
2589 / 4950: [ 0, 1, 0, 0, 0 ], [ 7, 1404, 99, 187 ]
2590 / 4950: [ 0, 1, 0, 0, 0 ], [ 7, 1405, 99, 187 ]
2591 / 4950: [ 0, 1, 0, 0, 0 ], [ 7, 1406, 99, 187 ]
2592 / 4950: [ 0, 1, 0, 0, 0 ], [ 7, 1407, 99, 187 ]
2593 / 4950: [ 0, 1, 0, 0, 0 ], [ 7, 1408, 99, 187 ]
2594 / 4950: [ 0, 0, 0, 0, 0 ], [ 7, 1408, 99, 187 ]
2595 / 4950: [ 0, 1, 0, 0, 0 ], [ 7, 1409, 99, 187 ]
2596 / 4950: [ 0, 0, 0, 0, 0 ], [ 7, 1409, 99, 187 ]
2597 / 4950: [ 0, 1, 0, 0, 0 ], [ 7, 1410, 99, 187 ]
2598 / 4950: [ 0, 1, 0, 0, 0 ], [ 7, 1411, 99, 187 ]
2599 / 4950: [ 0, 1, 0, 0, 0 ], [ 7, 1412, 99, 187 ]
2600 / 4950: [ 0, 0, 0, 0, 0 ], [ 7, 1412, 99, 187 ]
2601 / 4950: [ 0, 1, 0, 0, 0 ], [ 7, 1413, 99, 187 ]
2602 / 4950: [ 0, 0, 0, 0, 0 ], [ 7, 1413, 99, 187 ]
2603 / 4950: [ 0, 1, 0, 0, 0 ], [ 7, 1414, 99, 187 ]
2604 / 4950: [ 0, 0, 0, 0, 0 ], [ 7, 1414, 99, 187 ]
2605 / 4950: [ 0, 1, 0, 0, 0 ], [ 7, 1415, 99, 187 ]
2606 / 4950: [ 0, 0, 0, 0, 0 ], [ 7, 1415, 99, 187 ]
2607 / 4950: [ 0, 1, 0, 0, 0 ], [ 7, 1416, 99, 187 ]
2608 / 4950: [ 0, 0, 0, 1, 0 ], [ 7, 1416, 99, 188 ]
2609 / 4950: [ 0, 1, 0, 0, 0 ], [ 7, 1417, 99, 188 ]
2610 / 4950: [ 0, 1, 0, 0, 0 ], [ 7, 1418, 99, 188 ]
2611 / 4950: [ 0, 0, 0, 1, 0 ], [ 7, 1418, 99, 189 ]
2612 / 4950: [ 0, 1, 0, 0, 0 ], [ 7, 1419, 99, 189 ]
2613 / 4950: [ 0, 0, 0, 1, 0 ], [ 7, 1419, 99, 190 ]
2614 / 4950: [ 0, 0, 0, 0, 0 ], [ 7, 1419, 99, 190 ]
2615 / 4950: [ 0, 0, 0, 0, 0 ], [ 7, 1419, 99, 190 ]
2616 / 4950: [ 0, 0, 0, 0, 0 ], [ 7, 1419, 99, 190 ]
2617 / 4950: [ 0, 0, 0, 0, 0 ], [ 7, 1419, 99, 190 ]
2618 / 4950: [ 0, 0, 0, 0, 0 ], [ 7, 1419, 99, 190 ]
2619 / 4950: [ 0, 1, 0, 0, 0 ], [ 7, 1420, 99, 190 ]
2620 / 4950: [ 0, 1, 0, 0, 0 ], [ 7, 1421, 99, 190 ]
2621 / 4950: [ 0, 1, 0, 0, 0 ], [ 7, 1422, 99, 190 ]
2622 / 4950: [ 0, 1, 0, 0, 0 ], [ 7, 1423, 99, 190 ]
2623 / 4950: [ 0, 1, 0, 0, 0 ], [ 7, 1424, 99, 190 ]
2624 / 4950: [ 0, 0, 0, 0, 0 ], [ 7, 1424, 99, 190 ]
2625 / 4950: [ 0, 1, 0, 0, 0 ], [ 7, 1425, 99, 190 ]
2626 / 4950: [ 0, 0, 0, 0, 0 ], [ 7, 1425, 99, 190 ]
2627 / 4950: [ 0, 0, 0, 0, 0 ], [ 7, 1425, 99, 190 ]
2628 / 4950: [ 0, 1, 0, 0, 0 ], [ 7, 1426, 99, 190 ]
2629 / 4950: [ 0, 1, 0, 0, 0 ], [ 7, 1427, 99, 190 ]
2630 / 4950: [ 0, 1, 0, 0, 0 ], [ 7, 1428, 99, 190 ]
2631 / 4950: [ 0, 1, 0, 0, 0 ], [ 7, 1429, 99, 190 ]
2632 / 4950: [ 0, 1, 0, 0, 0 ], [ 7, 1430, 99, 190 ]
2633 / 4950: [ 0, 1, 0, 0, 0 ], [ 7, 1431, 99, 190 ]
2634 / 4950: [ 0, 1, 0, 0, 0 ], [ 7, 1432, 99, 190 ]
2635 / 4950: [ 0, 1, 0, 0, 0 ], [ 7, 1433, 99, 190 ]
2636 / 4950: [ 0, 0, 0, 0, 0 ], [ 7, 1433, 99, 190 ]
2637 / 4950: [ 0, 1, 0, 0, 0 ], [ 7, 1434, 99, 190 ]
2638 / 4950: [ 0, 0, 0, 0, 0 ], [ 7, 1434, 99, 190 ]
2639 / 4950: [ 0, 0, 0, 0, 0 ], [ 7, 1434, 99, 190 ]
2640 / 4950: [ 0, 1, 0, 0, 0 ], [ 7, 1435, 99, 190 ]
2641 / 4950: [ 0, 1, 0, 0, 0 ], [ 7, 1436, 99, 190 ]
2642 / 4950: [ 0, 1, 0, 0, 0 ], [ 7, 1437, 99, 190 ]
2643 / 4950: [ 0, 0, 1, 0, 0 ], [ 7, 1437, 100, 190 ]
2644 / 4950: [ 0, 1, 0, 0, 0 ], [ 7, 1438, 100, 190 ]
2645 / 4950: [ 0, 1, 0, 0, 0 ], [ 7, 1439, 100, 190 ]
2646 / 4950: [ 0, 1, 0, 0, 0 ], [ 7, 1440, 100, 190 ]
2647 / 4950: [ 0, 1, 0, 0, 0 ], [ 7, 1441, 100, 190 ]
2648 / 4950: [ 0, 0, 0, 0, 0 ], [ 7, 1441, 100, 190 ]
2649 / 4950: [ 0, 1, 0, 0, 0 ], [ 7, 1442, 100, 190 ]
2650 / 4950: [ 0, 1, 0, 0, 0 ], [ 7, 1443, 100, 190 ]
2651 / 4950: [ 0, 0, 0, 0, 0 ], [ 7, 1443, 100, 190 ]
2652 / 4950: [ 0, 0, 0, 0, 0 ], [ 7, 1443, 100, 190 ]
2653 / 4950: [ 0, 1, 0, 0, 0 ], [ 7, 1444, 100, 190 ]
2654 / 4950: [ 0, 1, 0, 0, 0 ], [ 7, 1445, 100, 190 ]
2655 / 4950: [ 0, 0, 0, 0, 0 ], [ 7, 1445, 100, 190 ]
2656 / 4950: [ 0, 0, 0, 0, 0 ], [ 7, 1445, 100, 190 ]
2657 / 4950: [ 0, 1, 0, 0, 0 ], [ 7, 1446, 100, 190 ]
2658 / 4950: [ 0, 1, 0, 0, 0 ], [ 7, 1447, 100, 190 ]
2659 / 4950: [ 0, 1, 0, 0, 0 ], [ 7, 1448, 100, 190 ]
2660 / 4950: [ 0, 0, 0, 0, 0 ], [ 7, 1448, 100, 190 ]
2661 / 4950: [ 0, 1, 0, 0, 0 ], [ 7, 1449, 100, 190 ]
2662 / 4950: [ 0, 1, 0, 0, 0 ], [ 7, 1450, 100, 190 ]
2663 / 4950: [ 0, 0, 0, 0, 0 ], [ 7, 1450, 100, 190 ]
2664 / 4950: [ 0, 1, 0, 0, 0 ], [ 7, 1451, 100, 190 ]
2665 / 4950: [ 0, 0, 0, 0, 0 ], [ 7, 1451, 100, 190 ]
2666 / 4950: [ 0, 1, 0, 0, 0 ], [ 7, 1452, 100, 190 ]
2667 / 4950: [ 0, 1, 0, 0, 0 ], [ 7, 1453, 100, 190 ]
2668 / 4950: [ 0, 0, 0, 0, 0 ], [ 7, 1453, 100, 190 ]
2669 / 4950: [ 0, 1, 0, 0, 0 ], [ 7, 1454, 100, 190 ]
2670 / 4950: [ 0, 1, 0, 0, 0 ], [ 7, 1455, 100, 190 ]
2671 / 4950: [ 0, 1, 0, 0, 0 ], [ 7, 1456, 100, 190 ]
2672 / 4950: [ 0, 0, 0, 0, 0 ], [ 7, 1456, 100, 190 ]
2673 / 4950: [ 0, 1, 0, 0, 0 ], [ 7, 1457, 100, 190 ]
2674 / 4950: [ 0, 1, 0, 0, 0 ], [ 7, 1458, 100, 190 ]
2675 / 4950: [ 0, 1, 0, 0, 0 ], [ 7, 1459, 100, 190 ]
2676 / 4950: [ 0, 0, 0, 0, 0 ], [ 7, 1459, 100, 190 ]
2677 / 4950: [ 0, 1, 0, 0, 0 ], [ 7, 1460, 100, 190 ]
2678 / 4950: [ 0, 1, 0, 0, 0 ], [ 7, 1461, 100, 190 ]
2679 / 4950: [ 0, 1, 0, 0, 0 ], [ 7, 1462, 100, 190 ]
2680 / 4950: [ 0, 1, 0, 0, 0 ], [ 7, 1463, 100, 190 ]
2681 / 4950: [ 0, 1, 0, 0, 0 ], [ 7, 1464, 100, 190 ]
2682 / 4950: [ 0, 0, 0, 0, 0 ], [ 7, 1464, 100, 190 ]
2683 / 4950: [ 0, 0, 0, 0, 0 ], [ 7, 1464, 100, 190 ]
2684 / 4950: [ 0, 0, 0, 0, 0 ], [ 7, 1464, 100, 190 ]
2685 / 4950: [ 0, 0, 0, 0, 0 ], [ 7, 1464, 100, 190 ]
2686 / 4950: [ 0, 0, 0, 1, 0 ], [ 7, 1464, 100, 191 ]
2687 / 4950: [ 0, 1, 0, 0, 0 ], [ 7, 1465, 100, 191 ]
2688 / 4950: [ 0, 0, 0, 0, 0 ], [ 7, 1465, 100, 191 ]
2689 / 4950: [ 0, 0, 0, 0, 0 ], [ 7, 1465, 100, 191 ]
2690 / 4950: [ 0, 1, 0, 0, 0 ], [ 7, 1466, 100, 191 ]
2691 / 4950: [ 0, 1, 0, 0, 0 ], [ 7, 1467, 100, 191 ]
2692 / 4950: [ 0, 1, 0, 0, 0 ], [ 7, 1468, 100, 191 ]
2693 / 4950: [ 0, 1, 0, 0, 0 ], [ 7, 1469, 100, 191 ]
2694 / 4950: [ 0, 0, 0, 1, 0 ], [ 7, 1469, 100, 192 ]
2695 / 4950: [ 0, 0, 0, 0, 0 ], [ 7, 1469, 100, 192 ]
2696 / 4950: [ 0, 0, 0, 0, 0 ], [ 7, 1469, 100, 192 ]
2697 / 4950: [ 0, 1, 0, 0, 0 ], [ 7, 1470, 100, 192 ]
2698 / 4950: [ 0, 1, 0, 0, 0 ], [ 7, 1471, 100, 192 ]
2699 / 4950: [ 0, 0, 0, 0, 0 ], [ 7, 1471, 100, 192 ]
2700 / 4950: [ 0, 1, 0, 0, 0 ], [ 7, 1472, 100, 192 ]
2701 / 4950: [ 0, 1, 0, 0, 0 ], [ 7, 1473, 100, 192 ]
2702 / 4950: [ 0, 1, 0, 0, 0 ], [ 7, 1474, 100, 192 ]
2703 / 4950: [ 0, 1, 0, 0, 0 ], [ 7, 1475, 100, 192 ]
2704 / 4950: [ 0, 1, 0, 0, 0 ], [ 7, 1476, 100, 192 ]
2705 / 4950: [ 0, 1, 0, 0, 0 ], [ 7, 1477, 100, 192 ]
2706 / 4950: [ 0, 1, 0, 0, 0 ], [ 7, 1478, 100, 192 ]
2707 / 4950: [ 0, 1, 0, 0, 0 ], [ 7, 1479, 100, 192 ]
2708 / 4950: [ 0, 0, 0, 0, 0 ], [ 7, 1479, 100, 192 ]
2709 / 4950: [ 0, 1, 0, 0, 0 ], [ 7, 1480, 100, 192 ]
2710 / 4950: [ 0, 1, 0, 0, 0 ], [ 7, 1481, 100, 192 ]
2711 / 4950: [ 0, 0, 0, 0, 0 ], [ 7, 1481, 100, 192 ]
2712 / 4950: [ 0, 1, 0, 0, 0 ], [ 7, 1482, 100, 192 ]
2713 / 4950: [ 0, 1, 0, 0, 0 ], [ 7, 1483, 100, 192 ]
2714 / 4950: [ 0, 1, 0, 0, 0 ], [ 7, 1484, 100, 192 ]
2715 / 4950: [ 0, 0, 0, 0, 0 ], [ 7, 1484, 100, 192 ]
2716 / 4950: [ 0, 1, 0, 0, 0 ], [ 7, 1485, 100, 192 ]
2717 / 4950: [ 0, 0, 0, 0, 0 ], [ 7, 1485, 100, 192 ]
2718 / 4950: [ 0, 0, 0, 0, 0 ], [ 7, 1485, 100, 192 ]
2719 / 4950: [ 0, 0, 0, 0, 0 ], [ 7, 1485, 100, 192 ]
2720 / 4950: [ 0, 0, 1, 0, 0 ], [ 7, 1485, 101, 192 ]
2721 / 4950: [ 0, 0, 0, 0, 0 ], [ 7, 1485, 101, 192 ]
2722 / 4950: [ 0, 1, 0, 0, 0 ], [ 7, 1486, 101, 192 ]
2723 / 4950: [ 0, 1, 0, 0, 0 ], [ 7, 1487, 101, 192 ]
2724 / 4950: [ 0, 0, 0, 0, 0 ], [ 7, 1487, 101, 192 ]
2725 / 4950: [ 0, 1, 0, 0, 0 ], [ 7, 1488, 101, 192 ]
2726 / 4950: [ 0, 0, 0, 1, 0 ], [ 7, 1488, 101, 193 ]
2727 / 4950: [ 0, 0, 0, 0, 0 ], [ 7, 1488, 101, 193 ]
2728 / 4950: [ 0, 0, 0, 0, 0 ], [ 7, 1488, 101, 193 ]
2729 / 4950: [ 0, 0, 0, 0, 0 ], [ 7, 1488, 101, 193 ]
2730 / 4950: [ 0, 0, 0, 0, 0 ], [ 7, 1488, 101, 193 ]
2731 / 4950: [ 0, 0, 0, 0, 0 ], [ 7, 1488, 101, 193 ]
2732 / 4950: [ 0, 0, 0, 0, 0 ], [ 7, 1488, 101, 193 ]
2733 / 4950: [ 0, 0, 0, 0, 0 ], [ 7, 1488, 101, 193 ]
2734 / 4950: [ 0, 1, 0, 0, 0 ], [ 7, 1489, 101, 193 ]
2735 / 4950: [ 0, 1, 0, 0, 0 ], [ 7, 1490, 101, 193 ]
2736 / 4950: [ 0, 1, 0, 0, 0 ], [ 7, 1491, 101, 193 ]
2737 / 4950: [ 0, 1, 0, 0, 0 ], [ 7, 1492, 101, 193 ]
2738 / 4950: [ 0, 1, 0, 0, 0 ], [ 7, 1493, 101, 193 ]
2739 / 4950: [ 0, 0, 0, 0, 0 ], [ 7, 1493, 101, 193 ]
2740 / 4950: [ 0, 1, 0, 0, 0 ], [ 7, 1494, 101, 193 ]
2741 / 4950: [ 0, 0, 0, 0, 0 ], [ 7, 1494, 101, 193 ]
2742 / 4950: [ 0, 0, 0, 0, 0 ], [ 7, 1494, 101, 193 ]
2743 / 4950: [ 0, 0, 0, 0, 0 ], [ 7, 1494, 101, 193 ]
2744 / 4950: [ 0, 0, 0, 0, 0 ], [ 7, 1494, 101, 193 ]
2745 / 4950: [ 0, 1, 0, 0, 0 ], [ 7, 1495, 101, 193 ]
2746 / 4950: [ 0, 1, 0, 0, 0 ], [ 7, 1496, 101, 193 ]
2747 / 4950: [ 0, 0, 0, 0, 0 ], [ 7, 1496, 101, 193 ]
2748 / 4950: [ 0, 1, 0, 0, 0 ], [ 7, 1497, 101, 193 ]
2749 / 4950: [ 0, 0, 0, 0, 0 ], [ 7, 1497, 101, 193 ]
2750 / 4950: [ 0, 1, 0, 0, 0 ], [ 7, 1498, 101, 193 ]
2751 / 4950: [ 0, 0, 0, 0, 0 ], [ 7, 1498, 101, 193 ]
2752 / 4950: [ 0, 1, 0, 0, 0 ], [ 7, 1499, 101, 193 ]
2753 / 4950: [ 0, 0, 0, 1, 0 ], [ 7, 1499, 101, 194 ]
2754 / 4950: [ 0, 1, 0, 0, 0 ], [ 7, 1500, 101, 194 ]
2755 / 4950: [ 0, 1, 0, 0, 0 ], [ 7, 1501, 101, 194 ]
2756 / 4950: [ 0, 0, 0, 1, 0 ], [ 7, 1501, 101, 195 ]
2757 / 4950: [ 0, 0, 0, 1, 0 ], [ 7, 1501, 101, 196 ]
2758 / 4950: [ 0, 1, 0, 0, 0 ], [ 7, 1502, 101, 196 ]
2759 / 4950: [ 0, 0, 0, 1, 0 ], [ 7, 1502, 101, 197 ]
2760 / 4950: [ 0, 1, 0, 0, 0 ], [ 7, 1503, 101, 197 ]
2761 / 4950: [ 0, 0, 0, 0, 0 ], [ 7, 1503, 101, 197 ]
2762 / 4950: [ 0, 0, 0, 0, 0 ], [ 7, 1503, 101, 197 ]
2763 / 4950: [ 0, 0, 0, 0, 0 ], [ 7, 1503, 101, 197 ]
2764 / 4950: [ 0, 0, 0, 0, 0 ], [ 7, 1503, 101, 197 ]
2765 / 4950: [ 0, 1, 0, 0, 0 ], [ 7, 1504, 101, 197 ]
2766 / 4950: [ 0, 1, 0, 0, 0 ], [ 7, 1505, 101, 197 ]
2767 / 4950: [ 0, 1, 0, 0, 0 ], [ 7, 1506, 101, 197 ]
2768 / 4950: [ 0, 1, 0, 0, 0 ], [ 7, 1507, 101, 197 ]
2769 / 4950: [ 0, 1, 0, 0, 0 ], [ 7, 1508, 101, 197 ]
2770 / 4950: [ 0, 1, 0, 0, 0 ], [ 7, 1509, 101, 197 ]
2771 / 4950: [ 0, 0, 0, 0, 0 ], [ 7, 1509, 101, 197 ]
2772 / 4950: [ 0, 0, 0, 0, 0 ], [ 7, 1509, 101, 197 ]
2773 / 4950: [ 0, 1, 0, 0, 0 ], [ 7, 1510, 101, 197 ]
2774 / 4950: [ 0, 1, 0, 0, 0 ], [ 7, 1511, 101, 197 ]
2775 / 4950: [ 0, 0, 0, 0, 0 ], [ 7, 1511, 101, 197 ]
2776 / 4950: [ 0, 1, 0, 0, 0 ], [ 7, 1512, 101, 197 ]
2777 / 4950: [ 0, 1, 0, 0, 0 ], [ 7, 1513, 101, 197 ]
2778 / 4950: [ 0, 1, 0, 0, 0 ], [ 7, 1514, 101, 197 ]
2779 / 4950: [ 0, 1, 0, 0, 0 ], [ 7, 1515, 101, 197 ]
2780 / 4950: [ 0, 1, 0, 0, 0 ], [ 7, 1516, 101, 197 ]
2781 / 4950: [ 0, 1, 0, 0, 0 ], [ 7, 1517, 101, 197 ]
2782 / 4950: [ 0, 1, 0, 0, 0 ], [ 7, 1518, 101, 197 ]
2783 / 4950: [ 0, 0, 0, 0, 0 ], [ 7, 1518, 101, 197 ]
2784 / 4950: [ 0, 1, 0, 0, 0 ], [ 7, 1519, 101, 197 ]
2785 / 4950: [ 0, 0, 0, 0, 0 ], [ 7, 1519, 101, 197 ]
2786 / 4950: [ 0, 0, 0, 0, 0 ], [ 7, 1519, 101, 197 ]
2787 / 4950: [ 0, 1, 0, 0, 0 ], [ 7, 1520, 101, 197 ]
2788 / 4950: [ 0, 1, 0, 0, 0 ], [ 7, 1521, 101, 197 ]
2789 / 4950: [ 0, 1, 0, 0, 0 ], [ 7, 1522, 101, 197 ]
2790 / 4950: [ 0, 0, 0, 0, 0 ], [ 7, 1522, 101, 197 ]
2791 / 4950: [ 0, 1, 0, 0, 0 ], [ 7, 1523, 101, 197 ]
2792 / 4950: [ 0, 1, 0, 0, 0 ], [ 7, 1524, 101, 197 ]
2793 / 4950: [ 0, 1, 0, 0, 0 ], [ 7, 1525, 101, 197 ]
2794 / 4950: [ 0, 1, 0, 0, 0 ], [ 7, 1526, 101, 197 ]
2795 / 4950: [ 0, 1, 0, 0, 0 ], [ 7, 1527, 101, 197 ]
2796 / 4950: [ 0, 1, 0, 0, 0 ], [ 7, 1528, 101, 197 ]
2797 / 4950: [ 0, 1, 0, 0, 0 ], [ 7, 1529, 101, 197 ]
2798 / 4950: [ 0, 0, 0, 0, 0 ], [ 7, 1529, 101, 197 ]
2799 / 4950: [ 0, 0, 0, 0, 0 ], [ 7, 1529, 101, 197 ]
2800 / 4950: [ 0, 1, 0, 0, 0 ], [ 7, 1530, 101, 197 ]
2801 / 4950: [ 0, 1, 0, 0, 0 ], [ 7, 1531, 101, 197 ]
2802 / 4950: [ 0, 0, 0, 0, 0 ], [ 7, 1531, 101, 197 ]
2803 / 4950: [ 0, 0, 0, 0, 0 ], [ 7, 1531, 101, 197 ]
2804 / 4950: [ 0, 1, 0, 0, 0 ], [ 7, 1532, 101, 197 ]
2805 / 4950: [ 0, 1, 0, 0, 0 ], [ 7, 1533, 101, 197 ]
2806 / 4950: [ 0, 1, 0, 0, 0 ], [ 7, 1534, 101, 197 ]
2807 / 4950: [ 0, 1, 0, 0, 0 ], [ 7, 1535, 101, 197 ]
2808 / 4950: [ 0, 1, 0, 0, 0 ], [ 7, 1536, 101, 197 ]
2809 / 4950: [ 0, 1, 0, 0, 0 ], [ 7, 1537, 101, 197 ]
2810 / 4950: [ 0, 0, 0, 0, 0 ], [ 7, 1537, 101, 197 ]
2811 / 4950: [ 0, 1, 0, 0, 0 ], [ 7, 1538, 101, 197 ]
2812 / 4950: [ 0, 0, 0, 0, 0 ], [ 7, 1538, 101, 197 ]
2813 / 4950: [ 0, 1, 0, 0, 0 ], [ 7, 1539, 101, 197 ]
2814 / 4950: [ 0, 1, 0, 0, 0 ], [ 7, 1540, 101, 197 ]
2815 / 4950: [ 0, 0, 0, 0, 0 ], [ 7, 1540, 101, 197 ]
2816 / 4950: [ 0, 1, 0, 0, 0 ], [ 7, 1541, 101, 197 ]
2817 / 4950: [ 0, 1, 0, 0, 0 ], [ 7, 1542, 101, 197 ]
2818 / 4950: [ 0, 1, 0, 0, 0 ], [ 7, 1543, 101, 197 ]
2819 / 4950: [ 0, 0, 1, 0, 0 ], [ 7, 1543, 102, 197 ]
2820 / 4950: [ 0, 1, 0, 0, 0 ], [ 7, 1544, 102, 197 ]
2821 / 4950: [ 0, 1, 0, 0, 0 ], [ 7, 1545, 102, 197 ]
2822 / 4950: [ 0, 1, 0, 0, 0 ], [ 7, 1546, 102, 197 ]
2823 / 4950: [ 0, 0, 0, 0, 0 ], [ 7, 1546, 102, 197 ]
2824 / 4950: [ 0, 1, 0, 0, 0 ], [ 7, 1547, 102, 197 ]
2825 / 4950: [ 0, 1, 0, 0, 0 ], [ 7, 1548, 102, 197 ]
2826 / 4950: [ 0, 1, 0, 0, 0 ], [ 7, 1549, 102, 197 ]
2827 / 4950: [ 0, 1, 0, 0, 0 ], [ 7, 1550, 102, 197 ]
2828 / 4950: [ 0, 1, 0, 0, 0 ], [ 7, 1551, 102, 197 ]
2829 / 4950: [ 0, 0, 0, 0, 0 ], [ 7, 1551, 102, 197 ]
2830 / 4950: [ 0, 0, 0, 0, 0 ], [ 7, 1551, 102, 197 ]
2831 / 4950: [ 0, 0, 0, 0, 0 ], [ 7, 1551, 102, 197 ]
2832 / 4950: [ 0, 0, 0, 0, 0 ], [ 7, 1551, 102, 197 ]
2833 / 4950: [ 0, 0, 0, 1, 0 ], [ 7, 1551, 102, 198 ]
2834 / 4950: [ 0, 1, 0, 0, 0 ], [ 7, 1552, 102, 198 ]
2835 / 4950: [ 0, 0, 0, 0, 0 ], [ 7, 1552, 102, 198 ]
2836 / 4950: [ 0, 0, 0, 1, 0 ], [ 7, 1552, 102, 199 ]
2837 / 4950: [ 0, 1, 0, 0, 0 ], [ 7, 1553, 102, 199 ]
2838 / 4950: [ 0, 1, 0, 0, 0 ], [ 7, 1554, 102, 199 ]
2839 / 4950: [ 0, 1, 0, 0, 0 ], [ 7, 1555, 102, 199 ]
2840 / 4950: [ 0, 1, 0, 0, 0 ], [ 7, 1556, 102, 199 ]
2841 / 4950: [ 0, 1, 0, 0, 0 ], [ 7, 1557, 102, 199 ]
2842 / 4950: [ 0, 1, 0, 0, 0 ], [ 7, 1558, 102, 199 ]
2843 / 4950: [ 0, 0, 0, 0, 0 ], [ 7, 1558, 102, 199 ]
2844 / 4950: [ 0, 1, 0, 0, 0 ], [ 7, 1559, 102, 199 ]
2845 / 4950: [ 0, 1, 0, 0, 0 ], [ 7, 1560, 102, 199 ]
2846 / 4950: [ 0, 1, 0, 0, 0 ], [ 7, 1561, 102, 199 ]
2847 / 4950: [ 0, 1, 0, 0, 0 ], [ 7, 1562, 102, 199 ]
2848 / 4950: [ 0, 1, 0, 0, 0 ], [ 7, 1563, 102, 199 ]
2849 / 4950: [ 0, 1, 0, 0, 0 ], [ 7, 1564, 102, 199 ]
2850 / 4950: [ 0, 0, 0, 0, 0 ], [ 7, 1564, 102, 199 ]
2851 / 4950: [ 0, 0, 0, 1, 0 ], [ 7, 1564, 102, 200 ]
2852 / 4950: [ 0, 1, 0, 0, 0 ], [ 7, 1565, 102, 200 ]
2853 / 4950: [ 0, 0, 0, 1, 0 ], [ 7, 1565, 102, 201 ]
2854 / 4950: [ 0, 0, 0, 0, 0 ], [ 7, 1565, 102, 201 ]
2855 / 4950: [ 0, 0, 0, 1, 0 ], [ 7, 1565, 102, 202 ]
2856 / 4950: [ 0, 0, 0, 1, 0 ], [ 7, 1565, 102, 203 ]
2857 / 4950: [ 0, 0, 0, 1, 0 ], [ 7, 1565, 102, 204 ]
2858 / 4950: [ 0, 0, 0, 1, 0 ], [ 7, 1565, 102, 205 ]
2859 / 4950: [ 0, 1, 0, 0, 0 ], [ 7, 1566, 102, 205 ]
2860 / 4950: [ 0, 0, 0, 0, 0 ], [ 7, 1566, 102, 205 ]
2861 / 4950: [ 0, 0, 0, 1, 0 ], [ 7, 1566, 102, 206 ]
2862 / 4950: [ 0, 0, 0, 1, 0 ], [ 7, 1566, 102, 207 ]
2863 / 4950: [ 0, 0, 0, 1, 0 ], [ 7, 1566, 102, 208 ]
2864 / 4950: [ 0, 0, 0, 1, 0 ], [ 7, 1566, 102, 209 ]
2865 / 4950: [ 0, 1, 0, 0, 0 ], [ 7, 1567, 102, 209 ]
2866 / 4950: [ 0, 0, 0, 1, 0 ], [ 7, 1567, 102, 210 ]
2867 / 4950: [ 0, 0, 0, 0, 0 ], [ 7, 1567, 102, 210 ]
2868 / 4950: [ 0, 0, 0, 0, 0 ], [ 7, 1567, 102, 210 ]
2869 / 4950: [ 0, 0, 0, 1, 0 ], [ 7, 1567, 102, 211 ]
2870 / 4950: [ 0, 0, 0, 0, 0 ], [ 7, 1567, 102, 211 ]
2871 / 4950: [ 0, 0, 0, 0, 1 ], [ 7, 1567, 102, 212 ]
2872 / 4950: [ 0, 0, 0, 1, 0 ], [ 7, 1567, 102, 213 ]
2873 / 4950: [ 0, 0, 0, 1, 0 ], [ 7, 1567, 102, 214 ]
2874 / 4950: [ 0, 0, 0, 0, 0 ], [ 7, 1567, 102, 214 ]
2875 / 4950: [ 0, 0, 0, 1, 0 ], [ 7, 1567, 102, 215 ]
2876 / 4950: [ 0, 0, 0, 1, 0 ], [ 7, 1567, 102, 216 ]
2877 / 4950: [ 0, 0, 0, 1, 0 ], [ 7, 1567, 102, 217 ]
2878 / 4950: [ 0, 0, 0, 1, 0 ], [ 7, 1567, 102, 218 ]
2879 / 4950: [ 0, 0, 0, 1, 0 ], [ 7, 1567, 102, 219 ]
2880 / 4950: [ 0, 0, 1, 0, 0 ], [ 7, 1567, 103, 219 ]
2881 / 4950: [ 0, 0, 0, 1, 0 ], [ 7, 1567, 103, 220 ]
2882 / 4950: [ 0, 0, 0, 0, 0 ], [ 7, 1567, 103, 220 ]
2883 / 4950: [ 0, 0, 0, 1, 0 ], [ 7, 1567, 103, 221 ]
2884 / 4950: [ 0, 0, 0, 1, 0 ], [ 7, 1567, 103, 222 ]
2885 / 4950: [ 0, 0, 0, 1, 0 ], [ 7, 1567, 103, 223 ]
2886 / 4950: [ 0, 0, 0, 1, 0 ], [ 7, 1567, 103, 224 ]
2887 / 4950: [ 0, 0, 0, 1, 0 ], [ 7, 1567, 103, 225 ]
2888 / 4950: [ 0, 0, 0, 0, 0 ], [ 7, 1567, 103, 225 ]
2889 / 4950: [ 0, 1, 0, 0, 0 ], [ 7, 1568, 103, 225 ]
2890 / 4950: [ 0, 0, 0, 1, 0 ], [ 7, 1568, 103, 226 ]
2891 / 4950: [ 0, 0, 0, 1, 0 ], [ 7, 1568, 103, 227 ]
2892 / 4950: [ 0, 0, 0, 1, 0 ], [ 7, 1568, 103, 228 ]
2893 / 4950: [ 0, 0, 0, 1, 0 ], [ 7, 1568, 103, 229 ]
2894 / 4950: [ 0, 0, 0, 0, 0 ], [ 7, 1568, 103, 229 ]
2895 / 4950: [ 0, 1, 0, 0, 0 ], [ 7, 1569, 103, 229 ]
2896 / 4950: [ 0, 0, 0, 0, 0 ], [ 7, 1569, 103, 229 ]
2897 / 4950: [ 0, 0, 0, 1, 0 ], [ 7, 1569, 103, 230 ]
2898 / 4950: [ 0, 0, 0, 1, 0 ], [ 7, 1569, 103, 231 ]
2899 / 4950: [ 0, 0, 0, 1, 0 ], [ 7, 1569, 103, 232 ]
2900 / 4950: [ 0, 0, 0, 0, 1 ], [ 7, 1569, 103, 233 ]
2901 / 4950: [ 0, 0, 0, 1, 0 ], [ 7, 1569, 103, 234 ]
2902 / 4950: [ 0, 1, 0, 0, 0 ], [ 7, 1570, 103, 234 ]
2903 / 4950: [ 0, 1, 0, 0, 0 ], [ 7, 1571, 103, 234 ]
2904 / 4950: [ 0, 1, 0, 0, 0 ], [ 7, 1572, 103, 234 ]
2905 / 4950: [ 0, 0, 0, 0, 1 ], [ 7, 1572, 103, 235 ]
2906 / 4950: [ 0, 0, 0, 0, 1 ], [ 7, 1572, 103, 236 ]
2907 / 4950: [ 0, 0, 0, 0, 1 ], [ 7, 1572, 103, 237 ]
2908 / 4950: [ 0, 1, 0, 0, 0 ], [ 7, 1573, 103, 237 ]
2909 / 4950: [ 0, 0, 0, 1, 0 ], [ 7, 1573, 103, 238 ]
2910 / 4950: [ 0, 0, 0, 0, 0 ], [ 7, 1573, 103, 238 ]
2911 / 4950: [ 0, 0, 0, 1, 0 ], [ 7, 1573, 103, 239 ]
2912 / 4950: [ 0, 0, 0, 1, 0 ], [ 7, 1573, 103, 240 ]
2913 / 4950: [ 0, 0, 0, 0, 1 ], [ 7, 1573, 103, 241 ]
2914 / 4950: [ 0, 0, 0, 1, 0 ], [ 7, 1573, 103, 242 ]
2915 / 4950: [ 0, 0, 0, 1, 0 ], [ 7, 1573, 103, 243 ]
2916 / 4950: [ 0, 0, 0, 1, 0 ], [ 7, 1573, 103, 244 ]
2917 / 4950: [ 0, 0, 0, 1, 0 ], [ 7, 1573, 103, 245 ]
2918 / 4950: [ 0, 0, 0, 0, 0 ], [ 7, 1573, 103, 245 ]
2919 / 4950: [ 0, 0, 0, 1, 0 ], [ 7, 1573, 103, 246 ]
2920 / 4950: [ 0, 0, 0, 0, 0 ], [ 7, 1573, 103, 246 ]
2921 / 4950: [ 0, 0, 0, 0, 1 ], [ 7, 1573, 103, 247 ]
2922 / 4950: [ 0, 0, 0, 1, 0 ], [ 7, 1573, 103, 248 ]
2923 / 4950: [ 0, 0, 0, 1, 0 ], [ 7, 1573, 103, 249 ]
2924 / 4950: [ 0, 0, 0, 1, 0 ], [ 7, 1573, 103, 250 ]
2925 / 4950: [ 0, 0, 0, 1, 0 ], [ 7, 1573, 103, 251 ]
2926 / 4950: [ 0, 0, 0, 1, 0 ], [ 7, 1573, 103, 252 ]
2927 / 4950: [ 0, 1, 0, 0, 0 ], [ 7, 1574, 103, 252 ]
2928 / 4950: [ 0, 1, 0, 0, 0 ], [ 7, 1575, 103, 252 ]
2929 / 4950: [ 0, 1, 0, 0, 0 ], [ 7, 1576, 103, 252 ]
2930 / 4950: [ 0, 0, 0, 0, 0 ], [ 7, 1576, 103, 252 ]
2931 / 4950: [ 0, 1, 0, 0, 0 ], [ 7, 1577, 103, 252 ]
2932 / 4950: [ 0, 1, 0, 0, 0 ], [ 7, 1578, 103, 252 ]
2933 / 4950: [ 0, 1, 0, 0, 0 ], [ 7, 1579, 103, 252 ]
2934 / 4950: [ 0, 0, 0, 1, 0 ], [ 7, 1579, 103, 253 ]
2935 / 4950: [ 0, 1, 0, 0, 0 ], [ 7, 1580, 103, 253 ]
2936 / 4950: [ 0, 0, 0, 0, 0 ], [ 7, 1580, 103, 253 ]
2937 / 4950: [ 0, 1, 0, 0, 0 ], [ 7, 1581, 103, 253 ]
2938 / 4950: [ 0, 1, 0, 0, 0 ], [ 7, 1582, 103, 253 ]
2939 / 4950: [ 0, 0, 0, 1, 0 ], [ 7, 1582, 103, 254 ]
2940 / 4950: [ 0, 1, 0, 0, 0 ], [ 7, 1583, 103, 254 ]
2941 / 4950: [ 0, 1, 0, 0, 0 ], [ 7, 1584, 103, 254 ]
2942 / 4950: [ 0, 1, 0, 0, 0 ], [ 7, 1585, 103, 254 ]
2943 / 4950: [ 0, 0, 0, 0, 0 ], [ 7, 1585, 103, 254 ]
2944 / 4950: [ 0, 0, 0, 0, 0 ], [ 7, 1585, 103, 254 ]
2945 / 4950: [ 0, 1, 0, 0, 0 ], [ 7, 1586, 103, 254 ]
2946 / 4950: [ 0, 0, 0, 0, 0 ], [ 7, 1586, 103, 254 ]
2947 / 4950: [ 0, 0, 1, 0, 0 ], [ 7, 1586, 104, 254 ]
2948 / 4950: [ 0, 1, 0, 0, 0 ], [ 7, 1587, 104, 254 ]
2949 / 4950: [ 0, 0, 0, 1, 0 ], [ 7, 1587, 104, 255 ]
2950 / 4950: [ 0, 0, 0, 0, 0 ], [ 7, 1587, 104, 255 ]
2951 / 4950: [ 0, 1, 0, 0, 0 ], [ 7, 1588, 104, 255 ]
2952 / 4950: [ 0, 1, 0, 0, 0 ], [ 7, 1589, 104, 255 ]
2953 / 4950: [ 0, 0, 0, 1, 0 ], [ 7, 1589, 104, 256 ]
2954 / 4950: [ 0, 0, 0, 1, 0 ], [ 7, 1589, 104, 257 ]
2955 / 4950: [ 0, 1, 0, 0, 0 ], [ 7, 1590, 104, 257 ]
2956 / 4950: [ 0, 1, 0, 0, 0 ], [ 7, 1591, 104, 257 ]
2957 / 4950: [ 0, 0, 0, 1, 0 ], [ 7, 1591, 104, 258 ]
2958 / 4950: [ 0, 0, 0, 0, 0 ], [ 7, 1591, 104, 258 ]
2959 / 4950: [ 0, 1, 0, 0, 0 ], [ 7, 1592, 104, 258 ]
2960 / 4950: [ 0, 0, 0, 1, 0 ], [ 7, 1592, 104, 259 ]
2961 / 4950: [ 0, 0, 1, 0, 0 ], [ 7, 1592, 105, 259 ]
2962 / 4950: [ 0, 1, 0, 0, 0 ], [ 7, 1593, 105, 259 ]
2963 / 4950: [ 0, 0, 0, 1, 0 ], [ 7, 1593, 105, 260 ]
2964 / 4950: [ 0, 0, 0, 0, 0 ], [ 7, 1593, 105, 260 ]
2965 / 4950: [ 0, 1, 0, 0, 0 ], [ 7, 1594, 105, 260 ]
2966 / 4950: [ 0, 1, 0, 0, 0 ], [ 7, 1595, 105, 260 ]
2967 / 4950: [ 0, 1, 0, 0, 0 ], [ 7, 1596, 105, 260 ]
2968 / 4950: [ 0, 1, 0, 0, 0 ], [ 7, 1597, 105, 260 ]
2969 / 4950: [ 0, 1, 0, 0, 0 ], [ 7, 1598, 105, 260 ]
2970 / 4950: [ 0, 0, 0, 0, 0 ], [ 7, 1598, 105, 260 ]
2971 / 4950: [ 0, 1, 0, 0, 0 ], [ 7, 1599, 105, 260 ]
2972 / 4950: [ 0, 0, 0, 0, 0 ], [ 7, 1599, 105, 260 ]
2973 / 4950: [ 0, 1, 0, 0, 0 ], [ 7, 1600, 105, 260 ]
2974 / 4950: [ 0, 1, 0, 0, 0 ], [ 7, 1601, 105, 260 ]
2975 / 4950: [ 0, 1, 0, 0, 0 ], [ 7, 1602, 105, 260 ]
2976 / 4950: [ 0, 0, 0, 0, 1 ], [ 7, 1602, 105, 261 ]
2977 / 4950: [ 0, 0, 0, 1, 0 ], [ 7, 1602, 105, 262 ]
2978 / 4950: [ 0, 1, 0, 0, 0 ], [ 7, 1603, 105, 262 ]
2979 / 4950: [ 0, 1, 0, 0, 0 ], [ 7, 1604, 105, 262 ]
2980 / 4950: [ 0, 1, 0, 0, 0 ], [ 7, 1605, 105, 262 ]
2981 / 4950: [ 0, 0, 0, 0, 1 ], [ 7, 1605, 105, 263 ]
2982 / 4950: [ 0, 0, 0, 0, 1 ], [ 7, 1605, 105, 264 ]
2983 / 4950: [ 0, 0, 0, 0, 1 ], [ 7, 1605, 105, 265 ]
2984 / 4950: [ 0, 0, 0, 1, 0 ], [ 7, 1605, 105, 266 ]
2985 / 4950: [ 0, 0, 0, 1, 0 ], [ 7, 1605, 105, 267 ]
2986 / 4950: [ 0, 0, 0, 0, 0 ], [ 7, 1605, 105, 267 ]
2987 / 4950: [ 0, 0, 0, 1, 0 ], [ 7, 1605, 105, 268 ]
2988 / 4950: [ 0, 0, 0, 1, 0 ], [ 7, 1605, 105, 269 ]
2989 / 4950: [ 0, 0, 0, 0, 1 ], [ 7, 1605, 105, 270 ]
2990 / 4950: [ 0, 0, 0, 1, 0 ], [ 7, 1605, 105, 271 ]
2991 / 4950: [ 0, 1, 0, 0, 0 ], [ 7, 1606, 105, 271 ]
2992 / 4950: [ 0, 1, 0, 0, 0 ], [ 7, 1607, 105, 271 ]
2993 / 4950: [ 0, 1, 0, 0, 0 ], [ 7, 1608, 105, 271 ]
2994 / 4950: [ 0, 0, 0, 0, 0 ], [ 7, 1608, 105, 271 ]
2995 / 4950: [ 0, 0, 0, 1, 0 ], [ 7, 1608, 105, 272 ]
2996 / 4950: [ 0, 0, 0, 0, 0 ], [ 7, 1608, 105, 272 ]
2997 / 4950: [ 0, 0, 0, 0, 1 ], [ 7, 1608, 105, 273 ]
2998 / 4950: [ 0, 0, 0, 1, 0 ], [ 7, 1608, 105, 274 ]
2999 / 4950: [ 0, 1, 0, 0, 0 ], [ 7, 1609, 105, 274 ]
3000 / 4950: [ 0, 1, 0, 0, 0 ], [ 7, 1610, 105, 274 ]
3001 / 4950: [ 0, 0, 1, 0, 0 ], [ 7, 1610, 106, 274 ]
3002 / 4950: [ 0, 1, 0, 0, 0 ], [ 7, 1611, 106, 274 ]
3003 / 4950: [ 1, 0, 0, 0, 0 ], [ 8, 1611, 106, 274 ]
3004 / 4950: [ 0, 1, 0, 0, 0 ], [ 8, 1612, 106, 274 ]
3005 / 4950: [ 0, 1, 0, 0, 0 ], [ 8, 1613, 106, 274 ]
3006 / 4950: [ 0, 1, 0, 0, 0 ], [ 8, 1614, 106, 274 ]
3007 / 4950: [ 0, 0, 0, 0, 0 ], [ 8, 1614, 106, 274 ]
3008 / 4950: [ 0, 1, 0, 0, 0 ], [ 8, 1615, 106, 274 ]
3009 / 4950: [ 0, 1, 0, 0, 0 ], [ 8, 1616, 106, 274 ]
3010 / 4950: [ 0, 1, 0, 0, 0 ], [ 8, 1617, 106, 274 ]
3011 / 4950: [ 0, 1, 0, 0, 0 ], [ 8, 1618, 106, 274 ]
3012 / 4950: [ 0, 1, 0, 0, 0 ], [ 8, 1619, 106, 274 ]
3013 / 4950: [ 0, 0, 0, 0, 0 ], [ 8, 1619, 106, 274 ]
3014 / 4950: [ 0, 1, 0, 0, 0 ], [ 8, 1620, 106, 274 ]
3015 / 4950: [ 0, 1, 0, 0, 0 ], [ 8, 1621, 106, 274 ]
3016 / 4950: [ 0, 1, 0, 0, 0 ], [ 8, 1622, 106, 274 ]
3017 / 4950: [ 0, 1, 0, 0, 0 ], [ 8, 1623, 106, 274 ]
3018 / 4950: [ 0, 1, 0, 0, 0 ], [ 8, 1624, 106, 274 ]
3019 / 4950: [ 0, 1, 0, 0, 0 ], [ 8, 1625, 106, 274 ]
3020 / 4950: [ 0, 0, 0, 0, 0 ], [ 8, 1625, 106, 274 ]
3021 / 4950: [ 0, 0, 0, 0, 0 ], [ 8, 1625, 106, 274 ]
3022 / 4950: [ 0, 1, 0, 0, 0 ], [ 8, 1626, 106, 274 ]
3023 / 4950: [ 0, 0, 0, 0, 0 ], [ 8, 1626, 106, 274 ]
3024 / 4950: [ 0, 0, 1, 0, 0 ], [ 8, 1626, 107, 274 ]
3025 / 4950: [ 0, 1, 0, 0, 0 ], [ 8, 1627, 107, 274 ]
3026 / 4950: [ 0, 1, 0, 0, 0 ], [ 8, 1628, 107, 274 ]
3027 / 4950: [ 0, 0, 0, 0, 0 ], [ 8, 1628, 107, 274 ]
3028 / 4950: [ 0, 0, 0, 1, 0 ], [ 8, 1628, 107, 275 ]
3029 / 4950: [ 0, 1, 0, 0, 0 ], [ 8, 1629, 107, 275 ]
3030 / 4950: [ 0, 0, 0, 1, 0 ], [ 8, 1629, 107, 276 ]
3031 / 4950: [ 0, 1, 0, 0, 0 ], [ 8, 1630, 107, 276 ]
3032 / 4950: [ 0, 1, 0, 0, 0 ], [ 8, 1631, 107, 276 ]
3033 / 4950: [ 0, 1, 0, 0, 0 ], [ 8, 1632, 107, 276 ]
3034 / 4950: [ 0, 1, 0, 0, 0 ], [ 8, 1633, 107, 276 ]
3035 / 4950: [ 0, 0, 0, 0, 0 ], [ 8, 1633, 107, 276 ]
3036 / 4950: [ 0, 1, 0, 0, 0 ], [ 8, 1634, 107, 276 ]
3037 / 4950: [ 0, 1, 0, 0, 0 ], [ 8, 1635, 107, 276 ]
3038 / 4950: [ 0, 1, 0, 0, 0 ], [ 8, 1636, 107, 276 ]
3039 / 4950: [ 0, 1, 0, 0, 0 ], [ 8, 1637, 107, 276 ]
3040 / 4950: [ 0, 1, 0, 0, 0 ], [ 8, 1638, 107, 276 ]
3041 / 4950: [ 0, 0, 0, 0, 0 ], [ 8, 1638, 107, 276 ]
3042 / 4950: [ 0, 1, 0, 0, 0 ], [ 8, 1639, 107, 276 ]
3043 / 4950: [ 0, 0, 0, 1, 0 ], [ 8, 1639, 107, 277 ]
3044 / 4950: [ 0, 1, 0, 0, 0 ], [ 8, 1640, 107, 277 ]
3045 / 4950: [ 0, 1, 0, 0, 0 ], [ 8, 1641, 107, 277 ]
3046 / 4950: [ 0, 1, 0, 0, 0 ], [ 8, 1642, 107, 277 ]
3047 / 4950: [ 0, 0, 0, 0, 0 ], [ 8, 1642, 107, 277 ]
3048 / 4950: [ 0, 1, 0, 0, 0 ], [ 8, 1643, 107, 277 ]
3049 / 4950: [ 0, 0, 0, 0, 0 ], [ 8, 1643, 107, 277 ]
3050 / 4950: [ 0, 1, 0, 0, 0 ], [ 8, 1644, 107, 277 ]
3051 / 4950: [ 0, 0, 0, 1, 0 ], [ 8, 1644, 107, 278 ]
3052 / 4950: [ 0, 1, 0, 0, 0 ], [ 8, 1645, 107, 278 ]
3053 / 4950: [ 0, 0, 1, 0, 0 ], [ 8, 1645, 108, 278 ]
3054 / 4950: [ 0, 1, 0, 0, 0 ], [ 8, 1646, 108, 278 ]
3055 / 4950: [ 0, 1, 0, 0, 0 ], [ 8, 1647, 108, 278 ]
3056 / 4950: [ 0, 1, 0, 0, 0 ], [ 8, 1648, 108, 278 ]
3057 / 4950: [ 0, 1, 0, 0, 0 ], [ 8, 1649, 108, 278 ]
3058 / 4950: [ 0, 1, 0, 0, 0 ], [ 8, 1650, 108, 278 ]
3059 / 4950: [ 0, 1, 0, 0, 0 ], [ 8, 1651, 108, 278 ]
3060 / 4950: [ 0, 0, 1, 0, 0 ], [ 8, 1651, 109, 278 ]
3061 / 4950: [ 0, 0, 0, 1, 0 ], [ 8, 1651, 109, 279 ]
3062 / 4950: [ 0, 0, 0, 1, 0 ], [ 8, 1651, 109, 280 ]
3063 / 4950: [ 0, 0, 0, 0, 0 ], [ 8, 1651, 109, 280 ]
3064 / 4950: [ 0, 0, 0, 1, 0 ], [ 8, 1651, 109, 281 ]
3065 / 4950: [ 0, 1, 0, 0, 0 ], [ 8, 1652, 109, 281 ]
3066 / 4950: [ 0, 0, 1, 0, 0 ], [ 8, 1652, 110, 281 ]
3067 / 4950: [ 0, 1, 0, 0, 0 ], [ 8, 1653, 110, 281 ]
3068 / 4950: [ 0, 1, 0, 0, 0 ], [ 8, 1654, 110, 281 ]
3069 / 4950: [ 0, 1, 0, 0, 0 ], [ 8, 1655, 110, 281 ]
3070 / 4950: [ 0, 1, 0, 0, 0 ], [ 8, 1656, 110, 281 ]
3071 / 4950: [ 0, 0, 0, 0, 0 ], [ 8, 1656, 110, 281 ]
3072 / 4950: [ 0, 1, 0, 0, 0 ], [ 8, 1657, 110, 281 ]
3073 / 4950: [ 0, 0, 0, 0, 0 ], [ 8, 1657, 110, 281 ]
3074 / 4950: [ 0, 0, 1, 0, 0 ], [ 8, 1657, 111, 281 ]
3075 / 4950: [ 0, 1, 0, 0, 0 ], [ 8, 1658, 111, 281 ]
3076 / 4950: [ 0, 1, 0, 0, 0 ], [ 8, 1659, 111, 281 ]
3077 / 4950: [ 0, 1, 0, 0, 0 ], [ 8, 1660, 111, 281 ]
3078 / 4950: [ 0, 1, 0, 0, 0 ], [ 8, 1661, 111, 281 ]
3079 / 4950: [ 0, 1, 0, 0, 0 ], [ 8, 1662, 111, 281 ]
3080 / 4950: [ 1, 0, 0, 0, 0 ], [ 9, 1662, 111, 281 ]
3081 / 4950: [ 1, 0, 0, 0, 0 ], [ 10, 1662, 111, 281 ]
3082 / 4950: [ 0, 1, 0, 0, 0 ], [ 10, 1663, 111, 281 ]
3083 / 4950: [ 0, 1, 0, 0, 0 ], [ 10, 1664, 111, 281 ]
3084 / 4950: [ 0, 1, 0, 0, 0 ], [ 10, 1665, 111, 281 ]
3085 / 4950: [ 0, 1, 0, 0, 0 ], [ 10, 1666, 111, 281 ]
3086 / 4950: [ 0, 1, 0, 0, 0 ], [ 10, 1667, 111, 281 ]
3087 / 4950: [ 0, 1, 0, 0, 0 ], [ 10, 1668, 111, 281 ]
3088 / 4950: [ 0, 1, 0, 0, 0 ], [ 10, 1669, 111, 281 ]
3089 / 4950: [ 0, 1, 0, 0, 0 ], [ 10, 1670, 111, 281 ]
3090 / 4950: [ 0, 1, 0, 0, 0 ], [ 10, 1671, 111, 281 ]
3091 / 4950: [ 0, 0, 0, 0, 0 ], [ 10, 1671, 111, 281 ]
3092 / 4950: [ 0, 1, 0, 0, 0 ], [ 10, 1672, 111, 281 ]
3093 / 4950: [ 0, 1, 0, 0, 0 ], [ 10, 1673, 111, 281 ]
3094 / 4950: [ 0, 1, 0, 0, 0 ], [ 10, 1674, 111, 281 ]
3095 / 4950: [ 0, 1, 0, 0, 0 ], [ 10, 1675, 111, 281 ]
3096 / 4950: [ 0, 1, 0, 0, 0 ], [ 10, 1676, 111, 281 ]
3097 / 4950: [ 0, 0, 0, 0, 0 ], [ 10, 1676, 111, 281 ]
3098 / 4950: [ 0, 1, 0, 0, 0 ], [ 10, 1677, 111, 281 ]
3099 / 4950: [ 0, 1, 0, 0, 0 ], [ 10, 1678, 111, 281 ]
3100 / 4950: [ 0, 0, 1, 0, 0 ], [ 10, 1678, 112, 281 ]
3101 / 4950: [ 0, 0, 0, 0, 0 ], [ 10, 1678, 112, 281 ]
3102 / 4950: [ 0, 1, 0, 0, 0 ], [ 10, 1679, 112, 281 ]
3103 / 4950: [ 0, 1, 0, 0, 0 ], [ 10, 1680, 112, 281 ]
3104 / 4950: [ 0, 0, 0, 0, 0 ], [ 10, 1680, 112, 281 ]
3105 / 4950: [ 0, 0, 1, 0, 0 ], [ 10, 1680, 113, 281 ]
3106 / 4950: [ 0, 1, 0, 0, 0 ], [ 10, 1681, 113, 281 ]
3107 / 4950: [ 0, 1, 0, 0, 0 ], [ 10, 1682, 113, 281 ]
3108 / 4950: [ 0, 0, 0, 0, 0 ], [ 10, 1682, 113, 281 ]
3109 / 4950: [ 0, 0, 0, 0, 0 ], [ 10, 1682, 113, 281 ]
3110 / 4950: [ 0, 0, 1, 0, 0 ], [ 10, 1682, 114, 281 ]
3111 / 4950: [ 0, 0, 0, 0, 0 ], [ 10, 1682, 114, 281 ]
3112 / 4950: [ 0, 1, 0, 0, 0 ], [ 10, 1683, 114, 281 ]
3113 / 4950: [ 0, 0, 0, 0, 0 ], [ 10, 1683, 114, 281 ]
3114 / 4950: [ 0, 1, 0, 0, 0 ], [ 10, 1684, 114, 281 ]
3115 / 4950: [ 0, 1, 0, 0, 0 ], [ 10, 1685, 114, 281 ]
3116 / 4950: [ 0, 1, 0, 0, 0 ], [ 10, 1686, 114, 281 ]
3117 / 4950: [ 0, 1, 0, 0, 0 ], [ 10, 1687, 114, 281 ]
3118 / 4950: [ 0, 1, 0, 0, 0 ], [ 10, 1688, 114, 281 ]
3119 / 4950: [ 0, 1, 0, 0, 0 ], [ 10, 1689, 114, 281 ]
3120 / 4950: [ 0, 1, 0, 0, 0 ], [ 10, 1690, 114, 281 ]
3121 / 4950: [ 0, 0, 0, 0, 0 ], [ 10, 1690, 114, 281 ]
3122 / 4950: [ 0, 1, 0, 0, 0 ], [ 10, 1691, 114, 281 ]
3123 / 4950: [ 0, 0, 0, 0, 0 ], [ 10, 1691, 114, 281 ]
3124 / 4950: [ 0, 0, 1, 0, 0 ], [ 10, 1691, 115, 281 ]
3125 / 4950: [ 0, 1, 0, 0, 0 ], [ 10, 1692, 115, 281 ]
3126 / 4950: [ 0, 1, 0, 0, 0 ], [ 10, 1693, 115, 281 ]
3127 / 4950: [ 0, 1, 0, 0, 0 ], [ 10, 1694, 115, 281 ]
3128 / 4950: [ 0, 1, 0, 0, 0 ], [ 10, 1695, 115, 281 ]
3129 / 4950: [ 0, 0, 1, 0, 0 ], [ 10, 1695, 116, 281 ]
3130 / 4950: [ 0, 1, 0, 0, 0 ], [ 10, 1696, 116, 281 ]
3131 / 4950: [ 0, 1, 0, 0, 0 ], [ 10, 1697, 116, 281 ]
3132 / 4950: [ 0, 1, 0, 0, 0 ], [ 10, 1698, 116, 281 ]
3133 / 4950: [ 0, 1, 0, 0, 0 ], [ 10, 1699, 116, 281 ]
3134 / 4950: [ 0, 1, 0, 0, 0 ], [ 10, 1700, 116, 281 ]
3135 / 4950: [ 0, 1, 0, 0, 0 ], [ 10, 1701, 116, 281 ]
3136 / 4950: [ 0, 0, 0, 1, 0 ], [ 10, 1701, 116, 282 ]
3137 / 4950: [ 0, 0, 0, 1, 0 ], [ 10, 1701, 116, 283 ]
3138 / 4950: [ 0, 1, 0, 0, 0 ], [ 10, 1702, 116, 283 ]
3139 / 4950: [ 0, 0, 0, 1, 0 ], [ 10, 1702, 116, 284 ]
3140 / 4950: [ 0, 1, 0, 0, 0 ], [ 10, 1703, 116, 284 ]
3141 / 4950: [ 0, 0, 0, 0, 0 ], [ 10, 1703, 116, 284 ]
3142 / 4950: [ 0, 0, 0, 0, 0 ], [ 10, 1703, 116, 284 ]
3143 / 4950: [ 0, 1, 0, 0, 0 ], [ 10, 1704, 116, 284 ]
3144 / 4950: [ 0, 1, 0, 0, 0 ], [ 10, 1705, 116, 284 ]
3145 / 4950: [ 0, 1, 0, 0, 0 ], [ 10, 1706, 116, 284 ]
3146 / 4950: [ 0, 1, 0, 0, 0 ], [ 10, 1707, 116, 284 ]
3147 / 4950: [ 0, 1, 0, 0, 0 ], [ 10, 1708, 116, 284 ]
3148 / 4950: [ 0, 1, 0, 0, 0 ], [ 10, 1709, 116, 284 ]
3149 / 4950: [ 0, 0, 0, 0, 0 ], [ 10, 1709, 116, 284 ]
3150 / 4950: [ 0, 1, 0, 0, 0 ], [ 10, 1710, 116, 284 ]
3151 / 4950: [ 0, 1, 0, 0, 0 ], [ 10, 1711, 116, 284 ]
3152 / 4950: [ 0, 0, 0, 0, 0 ], [ 10, 1711, 116, 284 ]
3153 / 4950: [ 0, 1, 0, 0, 0 ], [ 10, 1712, 116, 284 ]
3154 / 4950: [ 0, 1, 0, 0, 0 ], [ 10, 1713, 116, 284 ]
3155 / 4950: [ 0, 1, 0, 0, 0 ], [ 10, 1714, 116, 284 ]
3156 / 4950: [ 0, 1, 0, 0, 0 ], [ 10, 1715, 116, 284 ]
3157 / 4950: [ 0, 1, 0, 0, 0 ], [ 10, 1716, 116, 284 ]
3158 / 4950: [ 0, 1, 0, 0, 0 ], [ 10, 1717, 116, 284 ]
3159 / 4950: [ 0, 1, 0, 0, 0 ], [ 10, 1718, 116, 284 ]
3160 / 4950: [ 0, 1, 0, 0, 0 ], [ 10, 1719, 116, 284 ]
3161 / 4950: [ 0, 1, 0, 0, 0 ], [ 10, 1720, 116, 284 ]
3162 / 4950: [ 0, 1, 0, 0, 0 ], [ 10, 1721, 116, 284 ]
3163 / 4950: [ 0, 1, 0, 0, 0 ], [ 10, 1722, 116, 284 ]
3164 / 4950: [ 0, 1, 0, 0, 0 ], [ 10, 1723, 116, 284 ]
3165 / 4950: [ 0, 1, 0, 0, 0 ], [ 10, 1724, 116, 284 ]
3166 / 4950: [ 0, 1, 0, 0, 0 ], [ 10, 1725, 116, 284 ]
3167 / 4950: [ 0, 0, 0, 1, 0 ], [ 10, 1725, 116, 285 ]
3168 / 4950: [ 0, 1, 0, 0, 0 ], [ 10, 1726, 116, 285 ]
3169 / 4950: [ 0, 1, 0, 0, 0 ], [ 10, 1727, 116, 285 ]
3170 / 4950: [ 0, 0, 0, 0, 0 ], [ 10, 1727, 116, 285 ]
3171 / 4950: [ 0, 1, 0, 0, 0 ], [ 10, 1728, 116, 285 ]
3172 / 4950: [ 0, 1, 0, 0, 0 ], [ 10, 1729, 116, 285 ]
3173 / 4950: [ 0, 1, 0, 0, 0 ], [ 10, 1730, 116, 285 ]
3174 / 4950: [ 0, 1, 0, 0, 0 ], [ 10, 1731, 116, 285 ]
3175 / 4950: [ 0, 1, 0, 0, 0 ], [ 10, 1732, 116, 285 ]
3176 / 4950: [ 0, 0, 0, 0, 0 ], [ 10, 1732, 116, 285 ]
3177 / 4950: [ 0, 0, 0, 1, 0 ], [ 10, 1732, 116, 286 ]
3178 / 4950: [ 0, 1, 0, 0, 0 ], [ 10, 1733, 116, 286 ]
3179 / 4950: [ 0, 0, 0, 0, 0 ], [ 10, 1733, 116, 286 ]
3180 / 4950: [ 0, 1, 0, 0, 0 ], [ 10, 1734, 116, 286 ]
3181 / 4950: [ 0, 1, 0, 0, 0 ], [ 10, 1735, 116, 286 ]
3182 / 4950: [ 0, 1, 0, 0, 0 ], [ 10, 1736, 116, 286 ]
3183 / 4950: [ 0, 0, 0, 0, 1 ], [ 10, 1736, 116, 287 ]
3184 / 4950: [ 0, 0, 0, 0, 0 ], [ 10, 1736, 116, 287 ]
3185 / 4950: [ 0, 0, 0, 1, 0 ], [ 10, 1736, 116, 288 ]
3186 / 4950: [ 0, 0, 0, 1, 0 ], [ 10, 1736, 116, 289 ]
3187 / 4950: [ 0, 1, 0, 0, 0 ], [ 10, 1737, 116, 289 ]
3188 / 4950: [ 0, 1, 0, 0, 0 ], [ 10, 1738, 116, 289 ]
3189 / 4950: [ 0, 1, 0, 0, 0 ], [ 10, 1739, 116, 289 ]
3190 / 4950: [ 0, 1, 0, 0, 0 ], [ 10, 1740, 116, 289 ]
3191 / 4950: [ 0, 0, 0, 0, 1 ], [ 10, 1740, 116, 290 ]
3192 / 4950: [ 0, 1, 0, 0, 0 ], [ 10, 1741, 116, 290 ]
3193 / 4950: [ 0, 1, 0, 0, 0 ], [ 10, 1742, 116, 290 ]
3194 / 4950: [ 0, 1, 0, 0, 0 ], [ 10, 1743, 116, 290 ]
3195 / 4950: [ 0, 1, 0, 0, 0 ], [ 10, 1744, 116, 290 ]
3196 / 4950: [ 0, 1, 0, 0, 0 ], [ 10, 1745, 116, 290 ]
3197 / 4950: [ 0, 1, 0, 0, 0 ], [ 10, 1746, 116, 290 ]
3198 / 4950: [ 0, 0, 0, 1, 0 ], [ 10, 1746, 116, 291 ]
3199 / 4950: [ 0, 1, 0, 0, 0 ], [ 10, 1747, 116, 291 ]
3200 / 4950: [ 0, 0, 0, 0, 1 ], [ 10, 1747, 116, 292 ]
3201 / 4950: [ 0, 0, 0, 1, 0 ], [ 10, 1747, 116, 293 ]
3202 / 4950: [ 0, 0, 0, 0, 0 ], [ 10, 1747, 116, 293 ]
3203 / 4950: [ 0, 0, 0, 0, 0 ], [ 10, 1747, 116, 293 ]
3204 / 4950: [ 0, 1, 0, 0, 0 ], [ 10, 1748, 116, 293 ]
3205 / 4950: [ 0, 1, 0, 0, 0 ], [ 10, 1749, 116, 293 ]
3206 / 4950: [ 0, 1, 0, 0, 0 ], [ 10, 1750, 116, 293 ]
3207 / 4950: [ 0, 1, 0, 0, 0 ], [ 10, 1751, 116, 293 ]
3208 / 4950: [ 0, 1, 0, 0, 0 ], [ 10, 1752, 116, 293 ]
3209 / 4950: [ 0, 1, 0, 0, 0 ], [ 10, 1753, 116, 293 ]
3210 / 4950: [ 0, 1, 0, 0, 0 ], [ 10, 1754, 116, 293 ]
3211 / 4950: [ 0, 1, 0, 0, 0 ], [ 10, 1755, 116, 293 ]
3212 / 4950: [ 0, 0, 0, 0, 1 ], [ 10, 1755, 116, 294 ]
3213 / 4950: [ 0, 1, 0, 0, 0 ], [ 10, 1756, 116, 294 ]
3214 / 4950: [ 0, 1, 0, 0, 0 ], [ 10, 1757, 116, 294 ]
3215 / 4950: [ 0, 0, 0, 0, 1 ], [ 10, 1757, 116, 295 ]
3216 / 4950: [ 0, 0, 0, 0, 1 ], [ 10, 1757, 116, 296 ]
3217 / 4950: [ 0, 0, 1, 0, 0 ], [ 10, 1757, 117, 296 ]
3218 / 4950: [ 0, 0, 0, 1, 0 ], [ 10, 1757, 117, 297 ]
3219 / 4950: [ 0, 1, 0, 0, 0 ], [ 10, 1758, 117, 297 ]
3220 / 4950: [ 0, 0, 0, 0, 0 ], [ 10, 1758, 117, 297 ]
3221 / 4950: [ 0, 0, 0, 1, 0 ], [ 10, 1758, 117, 298 ]
3222 / 4950: [ 0, 0, 0, 1, 0 ], [ 10, 1758, 117, 299 ]
3223 / 4950: [ 0, 1, 0, 0, 0 ], [ 10, 1759, 117, 299 ]
3224 / 4950: [ 0, 1, 0, 0, 0 ], [ 10, 1760, 117, 299 ]
3225 / 4950: [ 0, 1, 0, 0, 0 ], [ 10, 1761, 117, 299 ]
3226 / 4950: [ 0, 1, 0, 0, 0 ], [ 10, 1762, 117, 299 ]
3227 / 4950: [ 0, 1, 0, 0, 0 ], [ 10, 1763, 117, 299 ]
3228 / 4950: [ 0, 0, 0, 0, 0 ], [ 10, 1763, 117, 299 ]
3229 / 4950: [ 0, 1, 0, 0, 0 ], [ 10, 1764, 117, 299 ]
3230 / 4950: [ 0, 0, 0, 1, 0 ], [ 10, 1764, 117, 300 ]
3231 / 4950: [ 0, 1, 0, 0, 0 ], [ 10, 1765, 117, 300 ]
3232 / 4950: [ 0, 1, 0, 0, 0 ], [ 10, 1766, 117, 300 ]
3233 / 4950: [ 0, 1, 0, 0, 0 ], [ 10, 1767, 117, 300 ]
3234 / 4950: [ 0, 0, 0, 1, 0 ], [ 10, 1767, 117, 301 ]
3235 / 4950: [ 0, 1, 0, 0, 0 ], [ 10, 1768, 117, 301 ]
3236 / 4950: [ 0, 1, 0, 0, 0 ], [ 10, 1769, 117, 301 ]
3237 / 4950: [ 0, 0, 0, 1, 0 ], [ 10, 1769, 117, 302 ]
3238 / 4950: [ 0, 0, 0, 1, 0 ], [ 10, 1769, 117, 303 ]
3239 / 4950: [ 0, 1, 0, 0, 0 ], [ 10, 1770, 117, 303 ]
3240 / 4950: [ 0, 1, 0, 0, 0 ], [ 10, 1771, 117, 303 ]
3241 / 4950: [ 0, 1, 0, 0, 0 ], [ 10, 1772, 117, 303 ]
3242 / 4950: [ 0, 1, 0, 0, 0 ], [ 10, 1773, 117, 303 ]
3243 / 4950: [ 0, 1, 0, 0, 0 ], [ 10, 1774, 117, 303 ]
3244 / 4950: [ 0, 1, 0, 0, 0 ], [ 10, 1775, 117, 303 ]
3245 / 4950: [ 0, 1, 0, 0, 0 ], [ 10, 1776, 117, 303 ]
3246 / 4950: [ 0, 1, 0, 0, 0 ], [ 10, 1777, 117, 303 ]
3247 / 4950: [ 0, 1, 0, 0, 0 ], [ 10, 1778, 117, 303 ]
3248 / 4950: [ 0, 0, 1, 0, 0 ], [ 10, 1778, 118, 303 ]
3249 / 4950: [ 0, 1, 0, 0, 0 ], [ 10, 1779, 118, 303 ]
3250 / 4950: [ 0, 0, 0, 0, 0 ], [ 10, 1779, 118, 303 ]
3251 / 4950: [ 0, 1, 0, 0, 0 ], [ 10, 1780, 118, 303 ]
3252 / 4950: [ 0, 0, 0, 1, 0 ], [ 10, 1780, 118, 304 ]
3253 / 4950: [ 0, 1, 0, 0, 0 ], [ 10, 1781, 118, 304 ]
3254 / 4950: [ 0, 1, 0, 0, 0 ], [ 10, 1782, 118, 304 ]
3255 / 4950: [ 0, 1, 0, 0, 0 ], [ 10, 1783, 118, 304 ]
3256 / 4950: [ 0, 0, 0, 0, 0 ], [ 10, 1783, 118, 304 ]
3257 / 4950: [ 0, 1, 0, 0, 0 ], [ 10, 1784, 118, 304 ]
3258 / 4950: [ 0, 1, 0, 0, 0 ], [ 10, 1785, 118, 304 ]
3259 / 4950: [ 0, 0, 0, 0, 0 ], [ 10, 1785, 118, 304 ]
3260 / 4950: [ 0, 1, 0, 0, 0 ], [ 10, 1786, 118, 304 ]
3261 / 4950: [ 0, 1, 0, 0, 0 ], [ 10, 1787, 118, 304 ]
3262 / 4950: [ 0, 1, 0, 0, 0 ], [ 10, 1788, 118, 304 ]
3263 / 4950: [ 0, 0, 1, 0, 0 ], [ 10, 1788, 119, 304 ]
3264 / 4950: [ 0, 0, 0, 0, 0 ], [ 10, 1788, 119, 304 ]
3265 / 4950: [ 0, 1, 0, 0, 0 ], [ 10, 1789, 119, 304 ]
3266 / 4950: [ 0, 1, 0, 0, 0 ], [ 10, 1790, 119, 304 ]
3267 / 4950: [ 0, 1, 0, 0, 0 ], [ 10, 1791, 119, 304 ]
3268 / 4950: [ 0, 1, 0, 0, 0 ], [ 10, 1792, 119, 304 ]
3269 / 4950: [ 0, 1, 0, 0, 0 ], [ 10, 1793, 119, 304 ]
3270 / 4950: [ 0, 0, 0, 1, 0 ], [ 10, 1793, 119, 305 ]
3271 / 4950: [ 0, 1, 0, 0, 0 ], [ 10, 1794, 119, 305 ]
3272 / 4950: [ 0, 0, 0, 1, 0 ], [ 10, 1794, 119, 306 ]
3273 / 4950: [ 0, 1, 0, 0, 0 ], [ 10, 1795, 119, 306 ]
3274 / 4950: [ 0, 1, 0, 0, 0 ], [ 10, 1796, 119, 306 ]
3275 / 4950: [ 0, 1, 0, 0, 0 ], [ 10, 1797, 119, 306 ]
3276 / 4950: [ 0, 1, 0, 0, 0 ], [ 10, 1798, 119, 306 ]
3277 / 4950: [ 0, 1, 0, 0, 0 ], [ 10, 1799, 119, 306 ]
3278 / 4950: [ 0, 1, 0, 0, 0 ], [ 10, 1800, 119, 306 ]
3279 / 4950: [ 0, 1, 0, 0, 0 ], [ 10, 1801, 119, 306 ]
3280 / 4950: [ 0, 0, 0, 0, 1 ], [ 10, 1801, 119, 307 ]
3281 / 4950: [ 0, 1, 0, 0, 0 ], [ 10, 1802, 119, 307 ]
3282 / 4950: [ 0, 0, 0, 0, 0 ], [ 10, 1802, 119, 307 ]
3283 / 4950: [ 0, 0, 0, 0, 0 ], [ 10, 1802, 119, 307 ]
3284 / 4950: [ 0, 1, 0, 0, 0 ], [ 10, 1803, 119, 307 ]
3285 / 4950: [ 0, 1, 0, 0, 0 ], [ 10, 1804, 119, 307 ]
3286 / 4950: [ 0, 1, 0, 0, 0 ], [ 10, 1805, 119, 307 ]
3287 / 4950: [ 0, 1, 0, 0, 0 ], [ 10, 1806, 119, 307 ]
3288 / 4950: [ 0, 0, 0, 1, 0 ], [ 10, 1806, 119, 308 ]
3289 / 4950: [ 0, 1, 0, 0, 0 ], [ 10, 1807, 119, 308 ]
3290 / 4950: [ 0, 1, 0, 0, 0 ], [ 10, 1808, 119, 308 ]
3291 / 4950: [ 0, 1, 0, 0, 0 ], [ 10, 1809, 119, 308 ]
3292 / 4950: [ 0, 1, 0, 0, 0 ], [ 10, 1810, 119, 308 ]
3293 / 4950: [ 0, 1, 0, 0, 0 ], [ 10, 1811, 119, 308 ]
3294 / 4950: [ 0, 1, 0, 0, 0 ], [ 10, 1812, 119, 308 ]
3295 / 4950: [ 0, 0, 0, 0, 1 ], [ 10, 1812, 119, 309 ]
3296 / 4950: [ 0, 0, 0, 0, 1 ], [ 10, 1812, 119, 310 ]
3297 / 4950: [ 0, 0, 0, 0, 1 ], [ 10, 1812, 119, 311 ]
3298 / 4950: [ 0, 0, 0, 1, 0 ], [ 10, 1812, 119, 312 ]
3299 / 4950: [ 0, 1, 0, 0, 0 ], [ 10, 1813, 119, 312 ]
3300 / 4950: [ 0, 0, 0, 0, 0 ], [ 10, 1813, 119, 312 ]
3301 / 4950: [ 0, 0, 0, 1, 0 ], [ 10, 1813, 119, 313 ]
3302 / 4950: [ 0, 1, 0, 0, 0 ], [ 10, 1814, 119, 313 ]
3303 / 4950: [ 0, 1, 0, 0, 0 ], [ 10, 1815, 119, 313 ]
3304 / 4950: [ 0, 1, 0, 0, 0 ], [ 10, 1816, 119, 313 ]
3305 / 4950: [ 0, 1, 0, 0, 0 ], [ 10, 1817, 119, 313 ]
3306 / 4950: [ 0, 1, 0, 0, 0 ], [ 10, 1818, 119, 313 ]
3307 / 4950: [ 0, 1, 0, 0, 0 ], [ 10, 1819, 119, 313 ]
3308 / 4950: [ 0, 0, 0, 0, 0 ], [ 10, 1819, 119, 313 ]
3309 / 4950: [ 0, 1, 0, 0, 0 ], [ 10, 1820, 119, 313 ]
3310 / 4950: [ 0, 1, 0, 0, 0 ], [ 10, 1821, 119, 313 ]
3311 / 4950: [ 0, 1, 0, 0, 0 ], [ 10, 1822, 119, 313 ]
3312 / 4950: [ 0, 1, 0, 0, 0 ], [ 10, 1823, 119, 313 ]
3313 / 4950: [ 0, 1, 0, 0, 0 ], [ 10, 1824, 119, 313 ]
3314 / 4950: [ 0, 1, 0, 0, 0 ], [ 10, 1825, 119, 313 ]
3315 / 4950: [ 0, 1, 0, 0, 0 ], [ 10, 1826, 119, 313 ]
3316 / 4950: [ 0, 1, 0, 0, 0 ], [ 10, 1827, 119, 313 ]
3317 / 4950: [ 0, 0, 0, 1, 0 ], [ 10, 1827, 119, 314 ]
3318 / 4950: [ 0, 0, 0, 1, 0 ], [ 10, 1827, 119, 315 ]
3319 / 4950: [ 0, 1, 0, 0, 0 ], [ 10, 1828, 119, 315 ]
3320 / 4950: [ 0, 1, 0, 0, 0 ], [ 10, 1829, 119, 315 ]
3321 / 4950: [ 1, 0, 0, 0, 0 ], [ 11, 1829, 119, 315 ]
3322 / 4950: [ 0, 0, 1, 0, 0 ], [ 11, 1829, 120, 315 ]
3323 / 4950: [ 0, 0, 1, 0, 0 ], [ 11, 1829, 121, 315 ]
3324 / 4950: [ 0, 0, 0, 1, 0 ], [ 11, 1829, 121, 316 ]
3325 / 4950: [ 0, 1, 0, 0, 0 ], [ 11, 1830, 121, 316 ]
3326 / 4950: [ 0, 1, 0, 0, 0 ], [ 11, 1831, 121, 316 ]
3327 / 4950: [ 0, 1, 0, 0, 0 ], [ 11, 1832, 121, 316 ]
3328 / 4950: [ 0, 0, 0, 1, 0 ], [ 11, 1832, 121, 317 ]
3329 / 4950: [ 0, 1, 0, 0, 0 ], [ 11, 1833, 121, 317 ]
3330 / 4950: [ 0, 0, 0, 1, 0 ], [ 11, 1833, 121, 318 ]
3331 / 4950: [ 0, 0, 0, 0, 0 ], [ 11, 1833, 121, 318 ]
3332 / 4950: [ 0, 1, 0, 0, 0 ], [ 11, 1834, 121, 318 ]
3333 / 4950: [ 0, 1, 0, 0, 0 ], [ 11, 1835, 121, 318 ]
3334 / 4950: [ 0, 0, 0, 1, 0 ], [ 11, 1835, 121, 319 ]
3335 / 4950: [ 0, 0, 0, 1, 0 ], [ 11, 1835, 121, 320 ]
3336 / 4950: [ 0, 0, 0, 1, 0 ], [ 11, 1835, 121, 321 ]
3337 / 4950: [ 0, 0, 0, 0, 0 ], [ 11, 1835, 121, 321 ]
3338 / 4950: [ 0, 0, 0, 1, 0 ], [ 11, 1835, 121, 322 ]
3339 / 4950: [ 0, 1, 0, 0, 0 ], [ 11, 1836, 121, 322 ]
3340 / 4950: [ 0, 0, 0, 0, 0 ], [ 11, 1836, 121, 322 ]
3341 / 4950: [ 0, 0, 0, 1, 0 ], [ 11, 1836, 121, 323 ]
3342 / 4950: [ 0, 1, 0, 0, 0 ], [ 11, 1837, 121, 323 ]
3343 / 4950: [ 0, 0, 0, 1, 0 ], [ 11, 1837, 121, 324 ]
3344 / 4950: [ 0, 0, 0, 0, 1 ], [ 11, 1837, 121, 325 ]
3345 / 4950: [ 0, 0, 0, 0, 0 ], [ 11, 1837, 121, 325 ]
3346 / 4950: [ 0, 0, 0, 1, 0 ], [ 11, 1837, 121, 326 ]
3347 / 4950: [ 0, 0, 0, 1, 0 ], [ 11, 1837, 121, 327 ]
3348 / 4950: [ 0, 0, 0, 1, 0 ], [ 11, 1837, 121, 328 ]
3349 / 4950: [ 0, 1, 0, 0, 0 ], [ 11, 1838, 121, 328 ]
3350 / 4950: [ 0, 0, 0, 1, 0 ], [ 11, 1838, 121, 329 ]
3351 / 4950: [ 0, 1, 0, 0, 0 ], [ 11, 1839, 121, 329 ]
3352 / 4950: [ 0, 0, 1, 0, 0 ], [ 11, 1839, 122, 329 ]
3353 / 4950: [ 0, 0, 0, 1, 0 ], [ 11, 1839, 122, 330 ]
3354 / 4950: [ 0, 0, 1, 0, 0 ], [ 11, 1839, 123, 330 ]
3355 / 4950: [ 0, 1, 0, 0, 0 ], [ 11, 1840, 123, 330 ]
3356 / 4950: [ 0, 0, 0, 1, 0 ], [ 11, 1840, 123, 331 ]
3357 / 4950: [ 0, 1, 0, 0, 0 ], [ 11, 1841, 123, 331 ]
3358 / 4950: [ 0, 0, 1, 0, 0 ], [ 11, 1841, 124, 331 ]
3359 / 4950: [ 0, 0, 0, 1, 0 ], [ 11, 1841, 124, 332 ]
3360 / 4950: [ 0, 0, 0, 1, 0 ], [ 11, 1841, 124, 333 ]
3361 / 4950: [ 0, 0, 1, 0, 0 ], [ 11, 1841, 125, 333 ]
3362 / 4950: [ 0, 0, 0, 1, 0 ], [ 11, 1841, 125, 334 ]
3363 / 4950: [ 0, 0, 0, 0, 0 ], [ 11, 1841, 125, 334 ]
3364 / 4950: [ 0, 0, 0, 0, 0 ], [ 11, 1841, 125, 334 ]
3365 / 4950: [ 0, 1, 0, 0, 0 ], [ 11, 1842, 125, 334 ]
3366 / 4950: [ 0, 0, 0, 1, 0 ], [ 11, 1842, 125, 335 ]
3367 / 4950: [ 0, 0, 0, 1, 0 ], [ 11, 1842, 125, 336 ]
3368 / 4950: [ 0, 1, 0, 0, 0 ], [ 11, 1843, 125, 336 ]
3369 / 4950: [ 0, 0, 0, 1, 0 ], [ 11, 1843, 125, 337 ]
3370 / 4950: [ 0, 0, 0, 1, 0 ], [ 11, 1843, 125, 338 ]
3371 / 4950: [ 0, 1, 0, 0, 0 ], [ 11, 1844, 125, 338 ]
3372 / 4950: [ 0, 1, 0, 0, 0 ], [ 11, 1845, 125, 338 ]
3373 / 4950: [ 0, 0, 1, 0, 0 ], [ 11, 1845, 126, 338 ]
3374 / 4950: [ 0, 0, 1, 0, 0 ], [ 11, 1845, 127, 338 ]
3375 / 4950: [ 0, 0, 0, 1, 0 ], [ 11, 1845, 127, 339 ]
3376 / 4950: [ 0, 0, 0, 0, 1 ], [ 11, 1845, 127, 340 ]
3377 / 4950: [ 0, 0, 0, 0, 1 ], [ 11, 1845, 127, 341 ]
3378 / 4950: [ 0, 0, 0, 0, 1 ], [ 11, 1845, 127, 342 ]
3379 / 4950: [ 0, 0, 0, 1, 0 ], [ 11, 1845, 127, 343 ]
3380 / 4950: [ 0, 1, 0, 0, 0 ], [ 11, 1846, 127, 343 ]
3381 / 4950: [ 0, 0, 0, 0, 0 ], [ 11, 1846, 127, 343 ]
3382 / 4950: [ 0, 0, 0, 1, 0 ], [ 11, 1846, 127, 344 ]
3383 / 4950: [ 0, 0, 0, 1, 0 ], [ 11, 1846, 127, 345 ]
3384 / 4950: [ 0, 1, 0, 0, 0 ], [ 11, 1847, 127, 345 ]
3385 / 4950: [ 0, 0, 0, 1, 0 ], [ 11, 1847, 127, 346 ]
3386 / 4950: [ 0, 1, 0, 0, 0 ], [ 11, 1848, 127, 346 ]
3387 / 4950: [ 0, 1, 0, 0, 0 ], [ 11, 1849, 127, 346 ]
3388 / 4950: [ 0, 0, 1, 0, 0 ], [ 11, 1849, 128, 346 ]
3389 / 4950: [ 0, 0, 0, 0, 0 ], [ 11, 1849, 128, 346 ]
3390 / 4950: [ 0, 1, 0, 0, 0 ], [ 11, 1850, 128, 346 ]
3391 / 4950: [ 0, 0, 0, 1, 0 ], [ 11, 1850, 128, 347 ]
3392 / 4950: [ 0, 0, 0, 1, 0 ], [ 11, 1850, 128, 348 ]
3393 / 4950: [ 0, 1, 0, 0, 0 ], [ 11, 1851, 128, 348 ]
3394 / 4950: [ 0, 1, 0, 0, 0 ], [ 11, 1852, 128, 348 ]
3395 / 4950: [ 0, 0, 0, 1, 0 ], [ 11, 1852, 128, 349 ]
3396 / 4950: [ 0, 1, 0, 0, 0 ], [ 11, 1853, 128, 349 ]
3397 / 4950: [ 0, 0, 0, 1, 0 ], [ 11, 1853, 128, 350 ]
3398 / 4950: [ 0, 0, 0, 1, 0 ], [ 11, 1853, 128, 351 ]
3399 / 4950: [ 0, 0, 0, 1, 0 ], [ 11, 1853, 128, 352 ]
3400 / 4950: [ 0, 0, 0, 1, 0 ], [ 11, 1853, 128, 353 ]
3401 / 4950: [ 0, 1, 0, 0, 0 ], [ 11, 1854, 128, 353 ]
3402 / 4950: [ 1, 0, 0, 0, 0 ], [ 12, 1854, 128, 353 ]
3403 / 4950: [ 1, 0, 0, 0, 0 ], [ 13, 1854, 128, 353 ]
3404 / 4950: [ 0, 1, 0, 0, 0 ], [ 13, 1855, 128, 353 ]
3405 / 4950: [ 0, 1, 0, 0, 0 ], [ 13, 1856, 128, 353 ]
3406 / 4950: [ 0, 0, 0, 1, 0 ], [ 13, 1856, 128, 354 ]
3407 / 4950: [ 0, 0, 0, 0, 0 ], [ 13, 1856, 128, 354 ]
3408 / 4950: [ 0, 0, 0, 1, 0 ], [ 13, 1856, 128, 355 ]
3409 / 4950: [ 0, 0, 0, 1, 0 ], [ 13, 1856, 128, 356 ]
3410 / 4950: [ 0, 0, 0, 0, 0 ], [ 13, 1856, 128, 356 ]
3411 / 4950: [ 0, 0, 0, 0, 0 ], [ 13, 1856, 128, 356 ]
3412 / 4950: [ 0, 0, 0, 1, 0 ], [ 13, 1856, 128, 357 ]
3413 / 4950: [ 0, 0, 0, 0, 0 ], [ 13, 1856, 128, 357 ]
3414 / 4950: [ 0, 0, 0, 1, 0 ], [ 13, 1856, 128, 358 ]
3415 / 4950: [ 0, 0, 0, 0, 0 ], [ 13, 1856, 128, 358 ]
3416 / 4950: [ 0, 1, 0, 0, 0 ], [ 13, 1857, 128, 358 ]
3417 / 4950: [ 0, 0, 0, 0, 0 ], [ 13, 1857, 128, 358 ]
3418 / 4950: [ 0, 0, 0, 1, 0 ], [ 13, 1857, 128, 359 ]
3419 / 4950: [ 0, 0, 0, 0, 0 ], [ 13, 1857, 128, 359 ]
3420 / 4950: [ 0, 0, 0, 0, 0 ], [ 13, 1857, 128, 359 ]
3421 / 4950: [ 0, 0, 0, 1, 0 ], [ 13, 1857, 128, 360 ]
3422 / 4950: [ 0, 0, 0, 0, 0 ], [ 13, 1857, 128, 360 ]
3423 / 4950: [ 0, 0, 0, 0, 0 ], [ 13, 1857, 128, 360 ]
3424 / 4950: [ 0, 0, 0, 0, 0 ], [ 13, 1857, 128, 360 ]
3425 / 4950: [ 0, 0, 0, 1, 0 ], [ 13, 1857, 128, 361 ]
3426 / 4950: [ 0, 0, 0, 0, 0 ], [ 13, 1857, 128, 361 ]
3427 / 4950: [ 0, 0, 0, 0, 0 ], [ 13, 1857, 128, 361 ]
3428 / 4950: [ 0, 0, 0, 1, 0 ], [ 13, 1857, 128, 362 ]
3429 / 4950: [ 0, 0, 0, 0, 0 ], [ 13, 1857, 128, 362 ]
3430 / 4950: [ 0, 0, 0, 0, 0 ], [ 13, 1857, 128, 362 ]
3431 / 4950: [ 0, 0, 0, 0, 0 ], [ 13, 1857, 128, 362 ]
3432 / 4950: [ 0, 0, 0, 0, 0 ], [ 13, 1857, 128, 362 ]
3433 / 4950: [ 0, 0, 0, 0, 0 ], [ 13, 1857, 128, 362 ]
3434 / 4950: [ 0, 0, 0, 0, 0 ], [ 13, 1857, 128, 362 ]
3435 / 4950: [ 0, 0, 0, 0, 0 ], [ 13, 1857, 128, 362 ]
3436 / 4950: [ 0, 0, 0, 1, 0 ], [ 13, 1857, 128, 363 ]
3437 / 4950: [ 0, 0, 0, 1, 0 ], [ 13, 1857, 128, 364 ]
3438 / 4950: [ 0, 0, 0, 1, 0 ], [ 13, 1857, 128, 365 ]
3439 / 4950: [ 0, 0, 0, 0, 0 ], [ 13, 1857, 128, 365 ]
3440 / 4950: [ 0, 1, 0, 0, 0 ], [ 13, 1858, 128, 365 ]
3441 / 4950: [ 0, 0, 0, 0, 0 ], [ 13, 1858, 128, 365 ]
3442 / 4950: [ 0, 0, 0, 1, 0 ], [ 13, 1858, 128, 366 ]
3443 / 4950: [ 0, 0, 0, 0, 0 ], [ 13, 1858, 128, 366 ]
3444 / 4950: [ 0, 0, 0, 0, 0 ], [ 13, 1858, 128, 366 ]
3445 / 4950: [ 0, 0, 0, 0, 0 ], [ 13, 1858, 128, 366 ]
3446 / 4950: [ 0, 0, 0, 0, 0 ], [ 13, 1858, 128, 366 ]
3447 / 4950: [ 0, 0, 0, 0, 0 ], [ 13, 1858, 128, 366 ]
3448 / 4950: [ 0, 0, 0, 1, 0 ], [ 13, 1858, 128, 367 ]
3449 / 4950: [ 0, 0, 0, 0, 0 ], [ 13, 1858, 128, 367 ]
3450 / 4950: [ 0, 0, 0, 1, 0 ], [ 13, 1858, 128, 368 ]
3451 / 4950: [ 0, 1, 0, 0, 0 ], [ 13, 1859, 128, 368 ]
3452 / 4950: [ 0, 0, 0, 1, 0 ], [ 13, 1859, 128, 369 ]
3453 / 4950: [ 0, 0, 0, 0, 0 ], [ 13, 1859, 128, 369 ]
3454 / 4950: [ 0, 0, 0, 1, 0 ], [ 13, 1859, 128, 370 ]
3455 / 4950: [ 0, 0, 0, 1, 0 ], [ 13, 1859, 128, 371 ]
3456 / 4950: [ 0, 0, 0, 1, 0 ], [ 13, 1859, 128, 372 ]
3457 / 4950: [ 0, 0, 0, 1, 0 ], [ 13, 1859, 128, 373 ]
3458 / 4950: [ 0, 0, 0, 0, 0 ], [ 13, 1859, 128, 373 ]
3459 / 4950: [ 0, 0, 0, 0, 0 ], [ 13, 1859, 128, 373 ]
3460 / 4950: [ 0, 0, 0, 0, 0 ], [ 13, 1859, 128, 373 ]
3461 / 4950: [ 0, 0, 0, 0, 0 ], [ 13, 1859, 128, 373 ]
3462 / 4950: [ 0, 0, 0, 0, 0 ], [ 13, 1859, 128, 373 ]
3463 / 4950: [ 0, 0, 0, 1, 0 ], [ 13, 1859, 128, 374 ]
3464 / 4950: [ 0, 0, 0, 1, 0 ], [ 13, 1859, 128, 375 ]
3465 / 4950: [ 0, 0, 0, 0, 0 ], [ 13, 1859, 128, 375 ]
3466 / 4950: [ 0, 0, 0, 1, 0 ], [ 13, 1859, 128, 376 ]
3467 / 4950: [ 0, 0, 0, 1, 0 ], [ 13, 1859, 128, 377 ]
3468 / 4950: [ 0, 1, 0, 0, 0 ], [ 13, 1860, 128, 377 ]
3469 / 4950: [ 0, 1, 0, 0, 0 ], [ 13, 1861, 128, 377 ]
3470 / 4950: [ 0, 0, 0, 1, 0 ], [ 13, 1861, 128, 378 ]
3471 / 4950: [ 0, 0, 0, 0, 0 ], [ 13, 1861, 128, 378 ]
3472 / 4950: [ 0, 0, 0, 1, 0 ], [ 13, 1861, 128, 379 ]
3473 / 4950: [ 0, 0, 0, 0, 0 ], [ 13, 1861, 128, 379 ]
3474 / 4950: [ 0, 0, 0, 0, 0 ], [ 13, 1861, 128, 379 ]
3475 / 4950: [ 0, 0, 0, 1, 0 ], [ 13, 1861, 128, 380 ]
3476 / 4950: [ 0, 0, 0, 1, 0 ], [ 13, 1861, 128, 381 ]
3477 / 4950: [ 0, 0, 0, 0, 0 ], [ 13, 1861, 128, 381 ]
3478 / 4950: [ 0, 0, 0, 1, 0 ], [ 13, 1861, 128, 382 ]
3479 / 4950: [ 0, 0, 0, 0, 0 ], [ 13, 1861, 128, 382 ]
3480 / 4950: [ 0, 0, 0, 1, 0 ], [ 13, 1861, 128, 383 ]
3481 / 4950: [ 0, 0, 0, 1, 0 ], [ 13, 1861, 128, 384 ]
3482 / 4950: [ 0, 0, 0, 1, 0 ], [ 13, 1861, 128, 385 ]
3483 / 4950: [ 0, 0, 0, 1, 0 ], [ 13, 1861, 128, 386 ]
3484 / 4950: [ 0, 1, 0, 0, 0 ], [ 13, 1862, 128, 386 ]
3485 / 4950: [ 0, 0, 0, 1, 0 ], [ 13, 1862, 128, 387 ]
3486 / 4950: [ 0, 0, 0, 1, 0 ], [ 13, 1862, 128, 388 ]
3487 / 4950: [ 0, 1, 0, 0, 0 ], [ 13, 1863, 128, 388 ]
3488 / 4950: [ 0, 1, 0, 0, 0 ], [ 13, 1864, 128, 388 ]
3489 / 4950: [ 0, 0, 0, 0, 0 ], [ 13, 1864, 128, 388 ]
3490 / 4950: [ 0, 1, 0, 0, 0 ], [ 13, 1865, 128, 388 ]
3491 / 4950: [ 0, 0, 0, 0, 0 ], [ 13, 1865, 128, 388 ]
3492 / 4950: [ 0, 1, 0, 0, 0 ], [ 13, 1866, 128, 388 ]
3493 / 4950: [ 0, 1, 0, 0, 0 ], [ 13, 1867, 128, 388 ]
3494 / 4950: [ 0, 1, 0, 0, 0 ], [ 13, 1868, 128, 388 ]
3495 / 4950: [ 0, 0, 0, 0, 0 ], [ 13, 1868, 128, 388 ]
3496 / 4950: [ 0, 0, 0, 0, 0 ], [ 13, 1868, 128, 388 ]
3497 / 4950: [ 0, 0, 0, 0, 0 ], [ 13, 1868, 128, 388 ]
3498 / 4950: [ 0, 1, 0, 0, 0 ], [ 13, 1869, 128, 388 ]
3499 / 4950: [ 0, 1, 0, 0, 0 ], [ 13, 1870, 128, 388 ]
3500 / 4950: [ 0, 1, 0, 0, 0 ], [ 13, 1871, 128, 388 ]
3501 / 4950: [ 0, 1, 0, 0, 0 ], [ 13, 1872, 128, 388 ]
3502 / 4950: [ 0, 0, 0, 0, 0 ], [ 13, 1872, 128, 388 ]
3503 / 4950: [ 0, 1, 0, 0, 0 ], [ 13, 1873, 128, 388 ]
3504 / 4950: [ 0, 1, 0, 0, 0 ], [ 13, 1874, 128, 388 ]
3505 / 4950: [ 0, 1, 0, 0, 0 ], [ 13, 1875, 128, 388 ]
3506 / 4950: [ 0, 0, 0, 0, 0 ], [ 13, 1875, 128, 388 ]
3507 / 4950: [ 0, 1, 0, 0, 0 ], [ 13, 1876, 128, 388 ]
3508 / 4950: [ 0, 0, 0, 0, 0 ], [ 13, 1876, 128, 388 ]
3509 / 4950: [ 0, 0, 0, 0, 0 ], [ 13, 1876, 128, 388 ]
3510 / 4950: [ 0, 0, 0, 0, 0 ], [ 13, 1876, 128, 388 ]
3511 / 4950: [ 0, 1, 0, 0, 0 ], [ 13, 1877, 128, 388 ]
3512 / 4950: [ 0, 1, 0, 0, 0 ], [ 13, 1878, 128, 388 ]
3513 / 4950: [ 0, 0, 0, 0, 0 ], [ 13, 1878, 128, 388 ]
3514 / 4950: [ 0, 0, 0, 0, 0 ], [ 13, 1878, 128, 388 ]
3515 / 4950: [ 0, 1, 0, 0, 0 ], [ 13, 1879, 128, 388 ]
3516 / 4950: [ 0, 0, 1, 0, 0 ], [ 13, 1879, 129, 388 ]
3517 / 4950: [ 0, 1, 0, 0, 0 ], [ 13, 1880, 129, 388 ]
3518 / 4950: [ 0, 0, 0, 0, 0 ], [ 13, 1880, 129, 388 ]
3519 / 4950: [ 0, 0, 0, 0, 0 ], [ 13, 1880, 129, 388 ]
3520 / 4950: [ 0, 1, 0, 0, 0 ], [ 13, 1881, 129, 388 ]
3521 / 4950: [ 0, 1, 0, 0, 0 ], [ 13, 1882, 129, 388 ]
3522 / 4950: [ 0, 1, 0, 0, 0 ], [ 13, 1883, 129, 388 ]
3523 / 4950: [ 0, 0, 0, 0, 0 ], [ 13, 1883, 129, 388 ]
3524 / 4950: [ 0, 1, 0, 0, 0 ], [ 13, 1884, 129, 388 ]
3525 / 4950: [ 0, 1, 0, 0, 0 ], [ 13, 1885, 129, 388 ]
3526 / 4950: [ 0, 0, 0, 0, 0 ], [ 13, 1885, 129, 388 ]
3527 / 4950: [ 0, 1, 0, 0, 0 ], [ 13, 1886, 129, 388 ]
3528 / 4950: [ 0, 0, 0, 0, 0 ], [ 13, 1886, 129, 388 ]
3529 / 4950: [ 0, 0, 1, 0, 0 ], [ 13, 1886, 130, 388 ]
3530 / 4950: [ 0, 0, 0, 0, 0 ], [ 13, 1886, 130, 388 ]
3531 / 4950: [ 0, 1, 0, 0, 0 ], [ 13, 1887, 130, 388 ]
3532 / 4950: [ 0, 1, 0, 0, 0 ], [ 13, 1888, 130, 388 ]
3533 / 4950: [ 0, 1, 0, 0, 0 ], [ 13, 1889, 130, 388 ]
3534 / 4950: [ 0, 1, 0, 0, 0 ], [ 13, 1890, 130, 388 ]
3535 / 4950: [ 0, 0, 0, 0, 0 ], [ 13, 1890, 130, 388 ]
3536 / 4950: [ 0, 1, 0, 0, 0 ], [ 13, 1891, 130, 388 ]
3537 / 4950: [ 0, 1, 0, 0, 0 ], [ 13, 1892, 130, 388 ]
3538 / 4950: [ 0, 1, 0, 0, 0 ], [ 13, 1893, 130, 388 ]
3539 / 4950: [ 0, 0, 0, 1, 0 ], [ 13, 1893, 130, 389 ]
3540 / 4950: [ 0, 1, 0, 0, 0 ], [ 13, 1894, 130, 389 ]
3541 / 4950: [ 0, 0, 0, 0, 0 ], [ 13, 1894, 130, 389 ]
3542 / 4950: [ 0, 0, 0, 0, 0 ], [ 13, 1894, 130, 389 ]
3543 / 4950: [ 0, 0, 0, 0, 0 ], [ 13, 1894, 130, 389 ]
3544 / 4950: [ 0, 0, 0, 1, 0 ], [ 13, 1894, 130, 390 ]
3545 / 4950: [ 0, 1, 0, 0, 0 ], [ 13, 1895, 130, 390 ]
3546 / 4950: [ 0, 0, 0, 0, 0 ], [ 13, 1895, 130, 390 ]
3547 / 4950: [ 0, 0, 0, 0, 0 ], [ 13, 1895, 130, 390 ]
3548 / 4950: [ 0, 1, 0, 0, 0 ], [ 13, 1896, 130, 390 ]
3549 / 4950: [ 0, 1, 0, 0, 0 ], [ 13, 1897, 130, 390 ]
3550 / 4950: [ 0, 1, 0, 0, 0 ], [ 13, 1898, 130, 390 ]
3551 / 4950: [ 0, 0, 0, 1, 0 ], [ 13, 1898, 130, 391 ]
3552 / 4950: [ 0, 1, 0, 0, 0 ], [ 13, 1899, 130, 391 ]
3553 / 4950: [ 0, 0, 0, 0, 0 ], [ 13, 1899, 130, 391 ]
3554 / 4950: [ 0, 0, 0, 0, 0 ], [ 13, 1899, 130, 391 ]
3555 / 4950: [ 0, 1, 0, 0, 0 ], [ 13, 1900, 130, 391 ]
3556 / 4950: [ 0, 1, 0, 0, 0 ], [ 13, 1901, 130, 391 ]
3557 / 4950: [ 0, 0, 1, 0, 0 ], [ 13, 1901, 131, 391 ]
3558 / 4950: [ 0, 1, 0, 0, 0 ], [ 13, 1902, 131, 391 ]
3559 / 4950: [ 0, 0, 0, 0, 0 ], [ 13, 1902, 131, 391 ]
3560 / 4950: [ 0, 1, 0, 0, 0 ], [ 13, 1903, 131, 391 ]
3561 / 4950: [ 0, 0, 0, 0, 0 ], [ 13, 1903, 131, 391 ]
3562 / 4950: [ 0, 1, 0, 0, 0 ], [ 13, 1904, 131, 391 ]
3563 / 4950: [ 0, 0, 0, 1, 0 ], [ 13, 1904, 131, 392 ]
3564 / 4950: [ 0, 0, 1, 0, 0 ], [ 13, 1904, 132, 392 ]
3565 / 4950: [ 0, 1, 0, 0, 0 ], [ 13, 1905, 132, 392 ]
3566 / 4950: [ 0, 1, 0, 0, 0 ], [ 13, 1906, 132, 392 ]
3567 / 4950: [ 0, 0, 0, 1, 0 ], [ 13, 1906, 132, 393 ]
3568 / 4950: [ 0, 1, 0, 0, 0 ], [ 13, 1907, 132, 393 ]
3569 / 4950: [ 0, 0, 0, 1, 0 ], [ 13, 1907, 132, 394 ]
3570 / 4950: [ 0, 0, 0, 0, 0 ], [ 13, 1907, 132, 394 ]
3571 / 4950: [ 0, 0, 0, 0, 0 ], [ 13, 1907, 132, 394 ]
3572 / 4950: [ 0, 0, 0, 0, 0 ], [ 13, 1907, 132, 394 ]
3573 / 4950: [ 0, 0, 0, 0, 0 ], [ 13, 1907, 132, 394 ]
3574 / 4950: [ 0, 0, 0, 0, 0 ], [ 13, 1907, 132, 394 ]
3575 / 4950: [ 0, 1, 0, 0, 0 ], [ 13, 1908, 132, 394 ]
3576 / 4950: [ 0, 0, 0, 0, 0 ], [ 13, 1908, 132, 394 ]
3577 / 4950: [ 0, 0, 0, 0, 0 ], [ 13, 1908, 132, 394 ]
3578 / 4950: [ 0, 1, 0, 0, 0 ], [ 13, 1909, 132, 394 ]
3579 / 4950: [ 0, 0, 0, 0, 0 ], [ 13, 1909, 132, 394 ]
3580 / 4950: [ 0, 0, 0, 0, 0 ], [ 13, 1909, 132, 394 ]
3581 / 4950: [ 0, 1, 0, 0, 0 ], [ 13, 1910, 132, 394 ]
3582 / 4950: [ 0, 0, 0, 0, 0 ], [ 13, 1910, 132, 394 ]
3583 / 4950: [ 0, 0, 0, 0, 0 ], [ 13, 1910, 132, 394 ]
3584 / 4950: [ 0, 0, 0, 1, 0 ], [ 13, 1910, 132, 395 ]
3585 / 4950: [ 0, 0, 0, 0, 0 ], [ 13, 1910, 132, 395 ]
3586 / 4950: [ 0, 0, 0, 0, 0 ], [ 13, 1910, 132, 395 ]
3587 / 4950: [ 0, 0, 0, 0, 0 ], [ 13, 1910, 132, 395 ]
3588 / 4950: [ 0, 1, 0, 0, 0 ], [ 13, 1911, 132, 395 ]
3589 / 4950: [ 0, 1, 0, 0, 0 ], [ 13, 1912, 132, 395 ]
3590 / 4950: [ 0, 0, 0, 0, 0 ], [ 13, 1912, 132, 395 ]
3591 / 4950: [ 0, 0, 0, 0, 0 ], [ 13, 1912, 132, 395 ]
3592 / 4950: [ 0, 0, 0, 0, 0 ], [ 13, 1912, 132, 395 ]
3593 / 4950: [ 0, 0, 0, 0, 0 ], [ 13, 1912, 132, 395 ]
3594 / 4950: [ 0, 0, 0, 0, 0 ], [ 13, 1912, 132, 395 ]
3595 / 4950: [ 0, 0, 0, 0, 0 ], [ 13, 1912, 132, 395 ]
3596 / 4950: [ 0, 0, 0, 0, 0 ], [ 13, 1912, 132, 395 ]
3597 / 4950: [ 0, 0, 0, 1, 0 ], [ 13, 1912, 132, 396 ]
3598 / 4950: [ 0, 1, 0, 0, 0 ], [ 13, 1913, 132, 396 ]
3599 / 4950: [ 0, 1, 0, 0, 0 ], [ 13, 1914, 132, 396 ]
3600 / 4950: [ 0, 1, 0, 0, 0 ], [ 13, 1915, 132, 396 ]
3601 / 4950: [ 0, 1, 0, 0, 0 ], [ 13, 1916, 132, 396 ]
3602 / 4950: [ 0, 0, 0, 0, 0 ], [ 13, 1916, 132, 396 ]
3603 / 4950: [ 0, 1, 0, 0, 0 ], [ 13, 1917, 132, 396 ]
3604 / 4950: [ 0, 0, 0, 0, 0 ], [ 13, 1917, 132, 396 ]
3605 / 4950: [ 0, 0, 0, 0, 0 ], [ 13, 1917, 132, 396 ]
3606 / 4950: [ 0, 0, 0, 0, 0 ], [ 13, 1917, 132, 396 ]
3607 / 4950: [ 0, 0, 0, 0, 0 ], [ 13, 1917, 132, 396 ]
3608 / 4950: [ 0, 0, 0, 0, 0 ], [ 13, 1917, 132, 396 ]
3609 / 4950: [ 0, 0, 0, 0, 0 ], [ 13, 1917, 132, 396 ]
3610 / 4950: [ 0, 0, 0, 0, 0 ], [ 13, 1917, 132, 396 ]
3611 / 4950: [ 0, 1, 0, 0, 0 ], [ 13, 1918, 132, 396 ]
3612 / 4950: [ 0, 0, 0, 0, 0 ], [ 13, 1918, 132, 396 ]
3613 / 4950: [ 0, 0, 0, 0, 0 ], [ 13, 1918, 132, 396 ]
3614 / 4950: [ 0, 0, 0, 0, 0 ], [ 13, 1918, 132, 396 ]
3615 / 4950: [ 0, 0, 0, 0, 0 ], [ 13, 1918, 132, 396 ]
3616 / 4950: [ 0, 0, 0, 0, 0 ], [ 13, 1918, 132, 396 ]
3617 / 4950: [ 0, 1, 0, 0, 0 ], [ 13, 1919, 132, 396 ]
3618 / 4950: [ 0, 0, 0, 0, 0 ], [ 13, 1919, 132, 396 ]
3619 / 4950: [ 0, 0, 0, 0, 0 ], [ 13, 1919, 132, 396 ]
3620 / 4950: [ 0, 1, 0, 0, 0 ], [ 13, 1920, 132, 396 ]
3621 / 4950: [ 0, 0, 0, 0, 0 ], [ 13, 1920, 132, 396 ]
3622 / 4950: [ 0, 0, 0, 0, 0 ], [ 13, 1920, 132, 396 ]
3623 / 4950: [ 0, 0, 0, 0, 0 ], [ 13, 1920, 132, 396 ]
3624 / 4950: [ 0, 0, 0, 0, 0 ], [ 13, 1920, 132, 396 ]
3625 / 4950: [ 0, 1, 0, 0, 0 ], [ 13, 1921, 132, 396 ]
3626 / 4950: [ 0, 0, 0, 1, 0 ], [ 13, 1921, 132, 397 ]
3627 / 4950: [ 0, 0, 0, 1, 0 ], [ 13, 1921, 132, 398 ]
3628 / 4950: [ 0, 0, 0, 0, 0 ], [ 13, 1921, 132, 398 ]
3629 / 4950: [ 0, 0, 0, 0, 0 ], [ 13, 1921, 132, 398 ]
3630 / 4950: [ 0, 0, 0, 0, 0 ], [ 13, 1921, 132, 398 ]
3631 / 4950: [ 0, 0, 0, 1, 0 ], [ 13, 1921, 132, 399 ]
3632 / 4950: [ 0, 1, 0, 0, 0 ], [ 13, 1922, 132, 399 ]
3633 / 4950: [ 0, 1, 0, 0, 0 ], [ 13, 1923, 132, 399 ]
3634 / 4950: [ 0, 0, 0, 0, 0 ], [ 13, 1923, 132, 399 ]
3635 / 4950: [ 0, 0, 0, 1, 0 ], [ 13, 1923, 132, 400 ]
3636 / 4950: [ 0, 1, 0, 0, 0 ], [ 13, 1924, 132, 400 ]
3637 / 4950: [ 0, 0, 1, 0, 0 ], [ 13, 1924, 133, 400 ]
3638 / 4950: [ 0, 0, 0, 0, 0 ], [ 13, 1924, 133, 400 ]
3639 / 4950: [ 0, 0, 0, 0, 0 ], [ 13, 1924, 133, 400 ]
3640 / 4950: [ 0, 0, 0, 0, 0 ], [ 13, 1924, 133, 400 ]
3641 / 4950: [ 0, 0, 0, 0, 0 ], [ 13, 1924, 133, 400 ]
3642 / 4950: [ 0, 0, 0, 0, 0 ], [ 13, 1924, 133, 400 ]
3643 / 4950: [ 0, 0, 0, 0, 0 ], [ 13, 1924, 133, 400 ]
3644 / 4950: [ 0, 0, 0, 0, 0 ], [ 13, 1924, 133, 400 ]
3645 / 4950: [ 0, 0, 0, 0, 0 ], [ 13, 1924, 133, 400 ]
3646 / 4950: [ 0, 0, 0, 0, 0 ], [ 13, 1924, 133, 400 ]
3647 / 4950: [ 0, 0, 0, 1, 0 ], [ 13, 1924, 133, 401 ]
3648 / 4950: [ 0, 0, 0, 1, 0 ], [ 13, 1924, 133, 402 ]
3649 / 4950: [ 0, 1, 0, 0, 0 ], [ 13, 1925, 133, 402 ]
3650 / 4950: [ 0, 0, 0, 0, 0 ], [ 13, 1925, 133, 402 ]
3651 / 4950: [ 0, 1, 0, 0, 0 ], [ 13, 1926, 133, 402 ]
3652 / 4950: [ 0, 0, 0, 1, 0 ], [ 13, 1926, 133, 403 ]
3653 / 4950: [ 0, 1, 0, 0, 0 ], [ 13, 1927, 133, 403 ]
3654 / 4950: [ 0, 0, 0, 0, 0 ], [ 13, 1927, 133, 403 ]
3655 / 4950: [ 0, 1, 0, 0, 0 ], [ 13, 1928, 133, 403 ]
3656 / 4950: [ 0, 1, 0, 0, 0 ], [ 13, 1929, 133, 403 ]
3657 / 4950: [ 0, 1, 0, 0, 0 ], [ 13, 1930, 133, 403 ]
3658 / 4950: [ 0, 1, 0, 0, 0 ], [ 13, 1931, 133, 403 ]
3659 / 4950: [ 0, 1, 0, 0, 0 ], [ 13, 1932, 133, 403 ]
3660 / 4950: [ 0, 1, 0, 0, 0 ], [ 13, 1933, 133, 403 ]
3661 / 4950: [ 0, 1, 0, 0, 0 ], [ 13, 1934, 133, 403 ]
3662 / 4950: [ 0, 1, 0, 0, 0 ], [ 13, 1935, 133, 403 ]
3663 / 4950: [ 0, 0, 0, 0, 0 ], [ 13, 1935, 133, 403 ]
3664 / 4950: [ 0, 1, 0, 0, 0 ], [ 13, 1936, 133, 403 ]
3665 / 4950: [ 0, 0, 0, 0, 0 ], [ 13, 1936, 133, 403 ]
3666 / 4950: [ 0, 1, 0, 0, 0 ], [ 13, 1937, 133, 403 ]
3667 / 4950: [ 0, 0, 0, 0, 0 ], [ 13, 1937, 133, 403 ]
3668 / 4950: [ 0, 1, 0, 0, 0 ], [ 13, 1938, 133, 403 ]
3669 / 4950: [ 0, 1, 0, 0, 0 ], [ 13, 1939, 133, 403 ]
3670 / 4950: [ 0, 1, 0, 0, 0 ], [ 13, 1940, 133, 403 ]
3671 / 4950: [ 0, 1, 0, 0, 0 ], [ 13, 1941, 133, 403 ]
3672 / 4950: [ 0, 1, 0, 0, 0 ], [ 13, 1942, 133, 403 ]
3673 / 4950: [ 0, 1, 0, 0, 0 ], [ 13, 1943, 133, 403 ]
3674 / 4950: [ 0, 0, 1, 0, 0 ], [ 13, 1943, 134, 403 ]
3675 / 4950: [ 0, 0, 0, 0, 0 ], [ 13, 1943, 134, 403 ]
3676 / 4950: [ 0, 1, 0, 0, 0 ], [ 13, 1944, 134, 403 ]
3677 / 4950: [ 0, 1, 0, 0, 0 ], [ 13, 1945, 134, 403 ]
3678 / 4950: [ 0, 0, 0, 0, 0 ], [ 13, 1945, 134, 403 ]
3679 / 4950: [ 0, 0, 0, 0, 0 ], [ 13, 1945, 134, 403 ]
3680 / 4950: [ 0, 1, 0, 0, 0 ], [ 13, 1946, 134, 403 ]
3681 / 4950: [ 0, 1, 0, 0, 0 ], [ 13, 1947, 134, 403 ]
3682 / 4950: [ 0, 0, 1, 0, 0 ], [ 13, 1947, 135, 403 ]
3683 / 4950: [ 0, 1, 0, 0, 0 ], [ 13, 1948, 135, 403 ]
3684 / 4950: [ 0, 0, 0, 0, 0 ], [ 13, 1948, 135, 403 ]
3685 / 4950: [ 0, 1, 0, 0, 0 ], [ 13, 1949, 135, 403 ]
3686 / 4950: [ 0, 1, 0, 0, 0 ], [ 13, 1950, 135, 403 ]
3687 / 4950: [ 0, 0, 0, 0, 0 ], [ 13, 1950, 135, 403 ]
3688 / 4950: [ 0, 1, 0, 0, 0 ], [ 13, 1951, 135, 403 ]
3689 / 4950: [ 0, 1, 0, 0, 0 ], [ 13, 1952, 135, 403 ]
3690 / 4950: [ 0, 1, 0, 0, 0 ], [ 13, 1953, 135, 403 ]
3691 / 4950: [ 0, 1, 0, 0, 0 ], [ 13, 1954, 135, 403 ]
3692 / 4950: [ 0, 1, 0, 0, 0 ], [ 13, 1955, 135, 403 ]
3693 / 4950: [ 0, 1, 0, 0, 0 ], [ 13, 1956, 135, 403 ]
3694 / 4950: [ 0, 1, 0, 0, 0 ], [ 13, 1957, 135, 403 ]
3695 / 4950: [ 0, 0, 0, 0, 0 ], [ 13, 1957, 135, 403 ]
3696 / 4950: [ 0, 1, 0, 0, 0 ], [ 13, 1958, 135, 403 ]
3697 / 4950: [ 0, 0, 0, 0, 0 ], [ 13, 1958, 135, 403 ]
3698 / 4950: [ 0, 0, 0, 0, 0 ], [ 13, 1958, 135, 403 ]
3699 / 4950: [ 0, 0, 1, 0, 0 ], [ 13, 1958, 136, 403 ]
3700 / 4950: [ 0, 1, 0, 0, 0 ], [ 13, 1959, 136, 403 ]
3701 / 4950: [ 0, 1, 0, 0, 0 ], [ 13, 1960, 136, 403 ]
3702 / 4950: [ 0, 1, 0, 0, 0 ], [ 13, 1961, 136, 403 ]
3703 / 4950: [ 0, 0, 0, 0, 0 ], [ 13, 1961, 136, 403 ]
3704 / 4950: [ 0, 1, 0, 0, 0 ], [ 13, 1962, 136, 403 ]
3705 / 4950: [ 0, 1, 0, 0, 0 ], [ 13, 1963, 136, 403 ]
3706 / 4950: [ 0, 1, 0, 0, 0 ], [ 13, 1964, 136, 403 ]
3707 / 4950: [ 0, 1, 0, 0, 0 ], [ 13, 1965, 136, 403 ]
3708 / 4950: [ 0, 1, 0, 0, 0 ], [ 13, 1966, 136, 403 ]
3709 / 4950: [ 0, 1, 0, 0, 0 ], [ 13, 1967, 136, 403 ]
3710 / 4950: [ 0, 0, 0, 0, 0 ], [ 13, 1967, 136, 403 ]
3711 / 4950: [ 0, 0, 0, 0, 0 ], [ 13, 1967, 136, 403 ]
3712 / 4950: [ 0, 0, 0, 0, 0 ], [ 13, 1967, 136, 403 ]
3713 / 4950: [ 0, 0, 0, 1, 0 ], [ 13, 1967, 136, 404 ]
3714 / 4950: [ 0, 1, 0, 0, 0 ], [ 13, 1968, 136, 404 ]
3715 / 4950: [ 0, 0, 0, 0, 0 ], [ 13, 1968, 136, 404 ]
3716 / 4950: [ 0, 0, 0, 1, 0 ], [ 13, 1968, 136, 405 ]
3717 / 4950: [ 0, 1, 0, 0, 0 ], [ 13, 1969, 136, 405 ]
3718 / 4950: [ 0, 1, 0, 0, 0 ], [ 13, 1970, 136, 405 ]
3719 / 4950: [ 0, 1, 0, 0, 0 ], [ 13, 1971, 136, 405 ]
3720 / 4950: [ 0, 1, 0, 0, 0 ], [ 13, 1972, 136, 405 ]
3721 / 4950: [ 0, 1, 0, 0, 0 ], [ 13, 1973, 136, 405 ]
3722 / 4950: [ 0, 1, 0, 0, 0 ], [ 13, 1974, 136, 405 ]
3723 / 4950: [ 0, 0, 1, 0, 0 ], [ 13, 1974, 137, 405 ]
3724 / 4950: [ 0, 1, 0, 0, 0 ], [ 13, 1975, 137, 405 ]
3725 / 4950: [ 0, 1, 0, 0, 0 ], [ 13, 1976, 137, 405 ]
3726 / 4950: [ 0, 0, 0, 0, 0 ], [ 13, 1976, 137, 405 ]
3727 / 4950: [ 0, 1, 0, 0, 0 ], [ 13, 1977, 137, 405 ]
3728 / 4950: [ 0, 1, 0, 0, 0 ], [ 13, 1978, 137, 405 ]
3729 / 4950: [ 0, 1, 0, 0, 0 ], [ 13, 1979, 137, 405 ]
3730 / 4950: [ 0, 1, 0, 0, 0 ], [ 13, 1980, 137, 405 ]
3731 / 4950: [ 0, 1, 0, 0, 0 ], [ 13, 1981, 137, 405 ]
3732 / 4950: [ 0, 0, 0, 1, 0 ], [ 13, 1981, 137, 406 ]
3733 / 4950: [ 0, 0, 0, 1, 0 ], [ 13, 1981, 137, 407 ]
3734 / 4950: [ 0, 1, 0, 0, 0 ], [ 13, 1982, 137, 407 ]
3735 / 4950: [ 0, 1, 0, 0, 0 ], [ 13, 1983, 137, 407 ]
3736 / 4950: [ 0, 1, 0, 0, 0 ], [ 13, 1984, 137, 407 ]
3737 / 4950: [ 0, 1, 0, 0, 0 ], [ 13, 1985, 137, 407 ]
3738 / 4950: [ 0, 1, 0, 0, 0 ], [ 13, 1986, 137, 407 ]
3739 / 4950: [ 0, 0, 0, 1, 0 ], [ 13, 1986, 137, 408 ]
3740 / 4950: [ 0, 1, 0, 0, 0 ], [ 13, 1987, 137, 408 ]
3741 / 4950: [ 0, 1, 0, 0, 0 ], [ 13, 1988, 137, 408 ]
3742 / 4950: [ 0, 0, 0, 0, 0 ], [ 13, 1988, 137, 408 ]
3743 / 4950: [ 0, 0, 0, 0, 0 ], [ 13, 1988, 137, 408 ]
3744 / 4950: [ 0, 1, 0, 0, 0 ], [ 13, 1989, 137, 408 ]
3745 / 4950: [ 0, 0, 0, 0, 0 ], [ 13, 1989, 137, 408 ]
3746 / 4950: [ 0, 0, 0, 0, 0 ], [ 13, 1989, 137, 408 ]
3747 / 4950: [ 0, 0, 0, 0, 0 ], [ 13, 1989, 137, 408 ]
3748 / 4950: [ 0, 0, 0, 0, 0 ], [ 13, 1989, 137, 408 ]
3749 / 4950: [ 0, 0, 0, 0, 0 ], [ 13, 1989, 137, 408 ]
3750 / 4950: [ 0, 0, 0, 0, 0 ], [ 13, 1989, 137, 408 ]
3751 / 4950: [ 0, 0, 0, 0, 0 ], [ 13, 1989, 137, 408 ]
3752 / 4950: [ 0, 0, 0, 0, 0 ], [ 13, 1989, 137, 408 ]
3753 / 4950: [ 0, 0, 0, 0, 0 ], [ 13, 1989, 137, 408 ]
3754 / 4950: [ 0, 0, 0, 0, 0 ], [ 13, 1989, 137, 408 ]
3755 / 4950: [ 0, 1, 0, 0, 0 ], [ 13, 1990, 137, 408 ]
3756 / 4950: [ 0, 0, 0, 0, 0 ], [ 13, 1990, 137, 408 ]
3757 / 4950: [ 0, 1, 0, 0, 0 ], [ 13, 1991, 137, 408 ]
3758 / 4950: [ 0, 0, 0, 0, 0 ], [ 13, 1991, 137, 408 ]
3759 / 4950: [ 0, 0, 0, 0, 0 ], [ 13, 1991, 137, 408 ]
3760 / 4950: [ 0, 0, 0, 0, 0 ], [ 13, 1991, 137, 408 ]
3761 / 4950: [ 0, 1, 0, 0, 0 ], [ 13, 1992, 137, 408 ]
3762 / 4950: [ 0, 0, 0, 0, 0 ], [ 13, 1992, 137, 408 ]
3763 / 4950: [ 0, 0, 0, 0, 0 ], [ 13, 1992, 137, 408 ]
3764 / 4950: [ 0, 1, 0, 0, 0 ], [ 13, 1993, 137, 408 ]
3765 / 4950: [ 0, 0, 0, 0, 0 ], [ 13, 1993, 137, 408 ]
3766 / 4950: [ 0, 0, 0, 1, 0 ], [ 13, 1993, 137, 409 ]
3767 / 4950: [ 0, 0, 0, 0, 0 ], [ 13, 1993, 137, 409 ]
3768 / 4950: [ 0, 0, 0, 1, 0 ], [ 13, 1993, 137, 410 ]
3769 / 4950: [ 0, 1, 0, 0, 0 ], [ 13, 1994, 137, 410 ]
3770 / 4950: [ 0, 1, 0, 0, 0 ], [ 13, 1995, 137, 410 ]
3771 / 4950: [ 0, 0, 0, 0, 0 ], [ 13, 1995, 137, 410 ]
3772 / 4950: [ 0, 0, 0, 0, 0 ], [ 13, 1995, 137, 410 ]
3773 / 4950: [ 0, 0, 0, 0, 0 ], [ 13, 1995, 137, 410 ]
3774 / 4950: [ 0, 1, 0, 0, 0 ], [ 13, 1996, 137, 410 ]
3775 / 4950: [ 0, 0, 0, 0, 0 ], [ 13, 1996, 137, 410 ]
3776 / 4950: [ 0, 1, 0, 0, 0 ], [ 13, 1997, 137, 410 ]
3777 / 4950: [ 0, 0, 0, 0, 0 ], [ 13, 1997, 137, 410 ]
3778 / 4950: [ 0, 0, 0, 0, 0 ], [ 13, 1997, 137, 410 ]
3779 / 4950: [ 0, 0, 0, 0, 0 ], [ 13, 1997, 137, 410 ]
3780 / 4950: [ 0, 0, 0, 0, 0 ], [ 13, 1997, 137, 410 ]
3781 / 4950: [ 0, 0, 0, 0, 0 ], [ 13, 1997, 137, 410 ]
3782 / 4950: [ 0, 0, 0, 0, 0 ], [ 13, 1997, 137, 410 ]
3783 / 4950: [ 0, 0, 0, 0, 0 ], [ 13, 1997, 137, 410 ]
3784 / 4950: [ 0, 0, 0, 0, 0 ], [ 13, 1997, 137, 410 ]
3785 / 4950: [ 0, 0, 0, 0, 0 ], [ 13, 1997, 137, 410 ]
3786 / 4950: [ 0, 0, 0, 0, 0 ], [ 13, 1997, 137, 410 ]
3787 / 4950: [ 0, 0, 0, 0, 0 ], [ 13, 1997, 137, 410 ]
3788 / 4950: [ 0, 1, 0, 0, 0 ], [ 13, 1998, 137, 410 ]
3789 / 4950: [ 0, 0, 0, 0, 0 ], [ 13, 1998, 137, 410 ]
3790 / 4950: [ 0, 0, 0, 0, 0 ], [ 13, 1998, 137, 410 ]
3791 / 4950: [ 0, 1, 0, 0, 0 ], [ 13, 1999, 137, 410 ]
3792 / 4950: [ 0, 1, 0, 0, 0 ], [ 13, 2000, 137, 410 ]
3793 / 4950: [ 0, 0, 0, 0, 0 ], [ 13, 2000, 137, 410 ]
3794 / 4950: [ 0, 0, 0, 0, 0 ], [ 13, 2000, 137, 410 ]
3795 / 4950: [ 0, 1, 0, 0, 0 ], [ 13, 2001, 137, 410 ]
3796 / 4950: [ 0, 1, 0, 0, 0 ], [ 13, 2002, 137, 410 ]
3797 / 4950: [ 0, 1, 0, 0, 0 ], [ 13, 2003, 137, 410 ]
3798 / 4950: [ 0, 0, 0, 1, 0 ], [ 13, 2003, 137, 411 ]
3799 / 4950: [ 0, 0, 0, 0, 0 ], [ 13, 2003, 137, 411 ]
3800 / 4950: [ 0, 0, 0, 0, 0 ], [ 13, 2003, 137, 411 ]
3801 / 4950: [ 0, 0, 0, 0, 0 ], [ 13, 2003, 137, 411 ]
3802 / 4950: [ 0, 0, 0, 0, 0 ], [ 13, 2003, 137, 411 ]
3803 / 4950: [ 0, 0, 0, 0, 0 ], [ 13, 2003, 137, 411 ]
3804 / 4950: [ 0, 0, 0, 0, 0 ], [ 13, 2003, 137, 411 ]
3805 / 4950: [ 0, 0, 0, 0, 0 ], [ 13, 2003, 137, 411 ]
3806 / 4950: [ 0, 1, 0, 0, 0 ], [ 13, 2004, 137, 411 ]
3807 / 4950: [ 0, 1, 0, 0, 0 ], [ 13, 2005, 137, 411 ]
3808 / 4950: [ 0, 0, 0, 0, 0 ], [ 13, 2005, 137, 411 ]
3809 / 4950: [ 0, 0, 0, 0, 0 ], [ 13, 2005, 137, 411 ]
3810 / 4950: [ 0, 1, 0, 0, 0 ], [ 13, 2006, 137, 411 ]
3811 / 4950: [ 0, 0, 0, 0, 0 ], [ 13, 2006, 137, 411 ]
3812 / 4950: [ 0, 1, 0, 0, 0 ], [ 13, 2007, 137, 411 ]
3813 / 4950: [ 0, 0, 0, 0, 0 ], [ 13, 2007, 137, 411 ]
3814 / 4950: [ 0, 1, 0, 0, 0 ], [ 13, 2008, 137, 411 ]
3815 / 4950: [ 0, 0, 0, 0, 0 ], [ 13, 2008, 137, 411 ]
3816 / 4950: [ 0, 0, 0, 0, 0 ], [ 13, 2008, 137, 411 ]
3817 / 4950: [ 0, 1, 0, 0, 0 ], [ 13, 2009, 137, 411 ]
3818 / 4950: [ 0, 0, 0, 1, 0 ], [ 13, 2009, 137, 412 ]
3819 / 4950: [ 0, 0, 0, 1, 0 ], [ 13, 2009, 137, 413 ]
3820 / 4950: [ 0, 1, 0, 0, 0 ], [ 13, 2010, 137, 413 ]
3821 / 4950: [ 0, 0, 0, 0, 0 ], [ 13, 2010, 137, 413 ]
3822 / 4950: [ 0, 1, 0, 0, 0 ], [ 13, 2011, 137, 413 ]
3823 / 4950: [ 0, 1, 0, 0, 0 ], [ 13, 2012, 137, 413 ]
3824 / 4950: [ 0, 1, 0, 0, 0 ], [ 13, 2013, 137, 413 ]
3825 / 4950: [ 0, 0, 0, 0, 0 ], [ 13, 2013, 137, 413 ]
3826 / 4950: [ 0, 0, 0, 0, 0 ], [ 13, 2013, 137, 413 ]
3827 / 4950: [ 0, 0, 0, 0, 0 ], [ 13, 2013, 137, 413 ]
3828 / 4950: [ 0, 1, 0, 0, 0 ], [ 13, 2014, 137, 413 ]
3829 / 4950: [ 0, 1, 0, 0, 0 ], [ 13, 2015, 137, 413 ]
3830 / 4950: [ 0, 1, 0, 0, 0 ], [ 13, 2016, 137, 413 ]
3831 / 4950: [ 0, 0, 0, 0, 0 ], [ 13, 2016, 137, 413 ]
3832 / 4950: [ 0, 1, 0, 0, 0 ], [ 13, 2017, 137, 413 ]
3833 / 4950: [ 0, 0, 0, 0, 0 ], [ 13, 2017, 137, 413 ]
3834 / 4950: [ 0, 0, 0, 0, 0 ], [ 13, 2017, 137, 413 ]
3835 / 4950: [ 0, 1, 0, 0, 0 ], [ 13, 2018, 137, 413 ]
3836 / 4950: [ 0, 0, 0, 0, 0 ], [ 13, 2018, 137, 413 ]
3837 / 4950: [ 0, 0, 0, 0, 0 ], [ 13, 2018, 137, 413 ]
3838 / 4950: [ 0, 0, 0, 0, 0 ], [ 13, 2018, 137, 413 ]
3839 / 4950: [ 0, 0, 0, 0, 0 ], [ 13, 2018, 137, 413 ]
3840 / 4950: [ 0, 0, 0, 0, 0 ], [ 13, 2018, 137, 413 ]
3841 / 4950: [ 0, 1, 0, 0, 0 ], [ 13, 2019, 137, 413 ]
3842 / 4950: [ 0, 1, 0, 0, 0 ], [ 13, 2020, 137, 413 ]
3843 / 4950: [ 0, 0, 0, 0, 0 ], [ 13, 2020, 137, 413 ]
3844 / 4950: [ 0, 0, 0, 0, 0 ], [ 13, 2020, 137, 413 ]
3845 / 4950: [ 0, 1, 0, 0, 0 ], [ 13, 2021, 137, 413 ]
3846 / 4950: [ 0, 1, 0, 0, 0 ], [ 13, 2022, 137, 413 ]
3847 / 4950: [ 0, 0, 0, 0, 0 ], [ 13, 2022, 137, 413 ]
3848 / 4950: [ 0, 0, 0, 0, 0 ], [ 13, 2022, 137, 413 ]
3849 / 4950: [ 0, 1, 0, 0, 0 ], [ 13, 2023, 137, 413 ]
3850 / 4950: [ 0, 0, 0, 0, 0 ], [ 13, 2023, 137, 413 ]
3851 / 4950: [ 0, 0, 0, 0, 0 ], [ 13, 2023, 137, 413 ]
3852 / 4950: [ 0, 0, 0, 0, 0 ], [ 13, 2023, 137, 413 ]
3853 / 4950: [ 0, 1, 0, 0, 0 ], [ 13, 2024, 137, 413 ]
3854 / 4950: [ 0, 1, 0, 0, 0 ], [ 13, 2025, 137, 413 ]
3855 / 4950: [ 0, 0, 0, 0, 0 ], [ 13, 2025, 137, 413 ]
3856 / 4950: [ 0, 0, 0, 0, 0 ], [ 13, 2025, 137, 413 ]
3857 / 4950: [ 0, 0, 0, 0, 0 ], [ 13, 2025, 137, 413 ]
3858 / 4950: [ 0, 0, 0, 0, 0 ], [ 13, 2025, 137, 413 ]
3859 / 4950: [ 0, 1, 0, 0, 0 ], [ 13, 2026, 137, 413 ]
3860 / 4950: [ 0, 0, 0, 0, 0 ], [ 13, 2026, 137, 413 ]
3861 / 4950: [ 0, 0, 0, 0, 0 ], [ 13, 2026, 137, 413 ]
3862 / 4950: [ 0, 1, 0, 0, 0 ], [ 13, 2027, 137, 413 ]
3863 / 4950: [ 0, 0, 0, 0, 0 ], [ 13, 2027, 137, 413 ]
3864 / 4950: [ 0, 1, 0, 0, 0 ], [ 13, 2028, 137, 413 ]
3865 / 4950: [ 0, 0, 0, 0, 0 ], [ 13, 2028, 137, 413 ]
3866 / 4950: [ 0, 1, 0, 0, 0 ], [ 13, 2029, 137, 413 ]
3867 / 4950: [ 0, 1, 0, 0, 0 ], [ 13, 2030, 137, 413 ]
3868 / 4950: [ 0, 0, 0, 0, 0 ], [ 13, 2030, 137, 413 ]
3869 / 4950: [ 0, 1, 0, 0, 0 ], [ 13, 2031, 137, 413 ]
3870 / 4950: [ 0, 0, 0, 0, 0 ], [ 13, 2031, 137, 413 ]
3871 / 4950: [ 0, 0, 0, 0, 0 ], [ 13, 2031, 137, 413 ]
3872 / 4950: [ 0, 0, 0, 0, 0 ], [ 13, 2031, 137, 413 ]
3873 / 4950: [ 0, 1, 0, 0, 0 ], [ 13, 2032, 137, 413 ]
3874 / 4950: [ 0, 1, 0, 0, 0 ], [ 13, 2033, 137, 413 ]
3875 / 4950: [ 0, 1, 0, 0, 0 ], [ 13, 2034, 137, 413 ]
3876 / 4950: [ 0, 0, 0, 0, 0 ], [ 13, 2034, 137, 413 ]
3877 / 4950: [ 0, 0, 0, 0, 0 ], [ 13, 2034, 137, 413 ]
3878 / 4950: [ 0, 1, 0, 0, 0 ], [ 13, 2035, 137, 413 ]
3879 / 4950: [ 0, 1, 0, 0, 0 ], [ 13, 2036, 137, 413 ]
3880 / 4950: [ 0, 1, 0, 0, 0 ], [ 13, 2037, 137, 413 ]
3881 / 4950: [ 0, 0, 0, 1, 0 ], [ 13, 2037, 137, 414 ]
3882 / 4950: [ 0, 0, 0, 0, 0 ], [ 13, 2037, 137, 414 ]
3883 / 4950: [ 0, 0, 0, 0, 0 ], [ 13, 2037, 137, 414 ]
3884 / 4950: [ 0, 0, 0, 0, 0 ], [ 13, 2037, 137, 414 ]
3885 / 4950: [ 0, 0, 0, 0, 0 ], [ 13, 2037, 137, 414 ]
3886 / 4950: [ 0, 0, 0, 1, 0 ], [ 13, 2037, 137, 415 ]
3887 / 4950: [ 0, 1, 0, 0, 0 ], [ 13, 2038, 137, 415 ]
3888 / 4950: [ 0, 0, 0, 0, 0 ], [ 13, 2038, 137, 415 ]
3889 / 4950: [ 0, 0, 0, 0, 0 ], [ 13, 2038, 137, 415 ]
3890 / 4950: [ 0, 1, 0, 0, 0 ], [ 13, 2039, 137, 415 ]
3891 / 4950: [ 0, 1, 0, 0, 0 ], [ 13, 2040, 137, 415 ]
3892 / 4950: [ 0, 1, 0, 0, 0 ], [ 13, 2041, 137, 415 ]
3893 / 4950: [ 0, 0, 0, 0, 0 ], [ 13, 2041, 137, 415 ]
3894 / 4950: [ 0, 0, 0, 0, 0 ], [ 13, 2041, 137, 415 ]
3895 / 4950: [ 0, 0, 0, 0, 0 ], [ 13, 2041, 137, 415 ]
3896 / 4950: [ 0, 0, 0, 0, 0 ], [ 13, 2041, 137, 415 ]
3897 / 4950: [ 0, 1, 0, 0, 0 ], [ 13, 2042, 137, 415 ]
3898 / 4950: [ 0, 1, 0, 0, 0 ], [ 13, 2043, 137, 415 ]
3899 / 4950: [ 0, 0, 0, 0, 0 ], [ 13, 2043, 137, 415 ]
3900 / 4950: [ 0, 1, 0, 0, 0 ], [ 13, 2044, 137, 415 ]
3901 / 4950: [ 0, 0, 0, 0, 0 ], [ 13, 2044, 137, 415 ]
3902 / 4950: [ 0, 1, 0, 0, 0 ], [ 13, 2045, 137, 415 ]
3903 / 4950: [ 0, 0, 0, 0, 0 ], [ 13, 2045, 137, 415 ]
3904 / 4950: [ 0, 1, 0, 0, 0 ], [ 13, 2046, 137, 415 ]
3905 / 4950: [ 0, 0, 0, 0, 0 ], [ 13, 2046, 137, 415 ]
3906 / 4950: [ 0, 0, 0, 0, 0 ], [ 13, 2046, 137, 415 ]
3907 / 4950: [ 0, 0, 0, 0, 0 ], [ 13, 2046, 137, 415 ]
3908 / 4950: [ 0, 1, 0, 0, 0 ], [ 13, 2047, 137, 415 ]
3909 / 4950: [ 0, 0, 0, 1, 0 ], [ 13, 2047, 137, 416 ]
3910 / 4950: [ 0, 1, 0, 0, 0 ], [ 13, 2048, 137, 416 ]
3911 / 4950: [ 0, 0, 0, 1, 0 ], [ 13, 2048, 137, 417 ]
3912 / 4950: [ 0, 0, 0, 0, 0 ], [ 13, 2048, 137, 417 ]
3913 / 4950: [ 0, 1, 0, 0, 0 ], [ 13, 2049, 137, 417 ]
3914 / 4950: [ 0, 0, 0, 0, 0 ], [ 13, 2049, 137, 417 ]
3915 / 4950: [ 0, 1, 0, 0, 0 ], [ 13, 2050, 137, 417 ]
3916 / 4950: [ 0, 0, 0, 0, 0 ], [ 13, 2050, 137, 417 ]
3917 / 4950: [ 0, 1, 0, 0, 0 ], [ 13, 2051, 137, 417 ]
3918 / 4950: [ 0, 1, 0, 0, 0 ], [ 13, 2052, 137, 417 ]
3919 / 4950: [ 0, 1, 0, 0, 0 ], [ 13, 2053, 137, 417 ]
3920 / 4950: [ 0, 0, 0, 0, 0 ], [ 13, 2053, 137, 417 ]
3921 / 4950: [ 0, 1, 0, 0, 0 ], [ 13, 2054, 137, 417 ]
3922 / 4950: [ 0, 1, 0, 0, 0 ], [ 13, 2055, 137, 417 ]
3923 / 4950: [ 0, 1, 0, 0, 0 ], [ 13, 2056, 137, 417 ]
3924 / 4950: [ 0, 0, 0, 0, 0 ], [ 13, 2056, 137, 417 ]
3925 / 4950: [ 0, 1, 0, 0, 0 ], [ 13, 2057, 137, 417 ]
3926 / 4950: [ 0, 0, 0, 0, 0 ], [ 13, 2057, 137, 417 ]
3927 / 4950: [ 0, 1, 0, 0, 0 ], [ 13, 2058, 137, 417 ]
3928 / 4950: [ 0, 1, 0, 0, 0 ], [ 13, 2059, 137, 417 ]
3929 / 4950: [ 0, 1, 0, 0, 0 ], [ 13, 2060, 137, 417 ]
3930 / 4950: [ 0, 1, 0, 0, 0 ], [ 13, 2061, 137, 417 ]
3931 / 4950: [ 0, 1, 0, 0, 0 ], [ 13, 2062, 137, 417 ]
3932 / 4950: [ 0, 1, 0, 0, 0 ], [ 13, 2063, 137, 417 ]
3933 / 4950: [ 0, 0, 0, 0, 0 ], [ 13, 2063, 137, 417 ]
3934 / 4950: [ 0, 1, 0, 0, 0 ], [ 13, 2064, 137, 417 ]
3935 / 4950: [ 0, 1, 0, 0, 0 ], [ 13, 2065, 137, 417 ]
3936 / 4950: [ 0, 0, 0, 0, 0 ], [ 13, 2065, 137, 417 ]
3937 / 4950: [ 0, 0, 0, 0, 0 ], [ 13, 2065, 137, 417 ]
3938 / 4950: [ 0, 1, 0, 0, 0 ], [ 13, 2066, 137, 417 ]
3939 / 4950: [ 0, 0, 0, 0, 0 ], [ 13, 2066, 137, 417 ]
3940 / 4950: [ 0, 0, 0, 0, 0 ], [ 13, 2066, 137, 417 ]
3941 / 4950: [ 0, 0, 0, 1, 0 ], [ 13, 2066, 137, 418 ]
3942 / 4950: [ 0, 1, 0, 0, 0 ], [ 13, 2067, 137, 418 ]
3943 / 4950: [ 0, 0, 0, 0, 0 ], [ 13, 2067, 137, 418 ]
3944 / 4950: [ 0, 0, 0, 0, 0 ], [ 13, 2067, 137, 418 ]
3945 / 4950: [ 0, 1, 0, 0, 0 ], [ 13, 2068, 137, 418 ]
3946 / 4950: [ 0, 1, 0, 0, 0 ], [ 13, 2069, 137, 418 ]
3947 / 4950: [ 0, 0, 1, 0, 0 ], [ 13, 2069, 138, 418 ]
3948 / 4950: [ 0, 0, 0, 0, 0 ], [ 13, 2069, 138, 418 ]
3949 / 4950: [ 0, 1, 0, 0, 0 ], [ 13, 2070, 138, 418 ]
3950 / 4950: [ 0, 1, 0, 0, 0 ], [ 13, 2071, 138, 418 ]
3951 / 4950: [ 0, 1, 0, 0, 0 ], [ 13, 2072, 138, 418 ]
3952 / 4950: [ 0, 1, 0, 0, 0 ], [ 13, 2073, 138, 418 ]
3953 / 4950: [ 0, 1, 0, 0, 0 ], [ 13, 2074, 138, 418 ]
3954 / 4950: [ 0, 0, 0, 0, 0 ], [ 13, 2074, 138, 418 ]
3955 / 4950: [ 0, 1, 0, 0, 0 ], [ 13, 2075, 138, 418 ]
3956 / 4950: [ 0, 0, 0, 0, 0 ], [ 13, 2075, 138, 418 ]
3957 / 4950: [ 0, 1, 0, 0, 0 ], [ 13, 2076, 138, 418 ]
3958 / 4950: [ 0, 1, 0, 0, 0 ], [ 13, 2077, 138, 418 ]
3959 / 4950: [ 0, 1, 0, 0, 0 ], [ 13, 2078, 138, 418 ]
3960 / 4950: [ 0, 0, 0, 0, 0 ], [ 13, 2078, 138, 418 ]
3961 / 4950: [ 0, 1, 0, 0, 0 ], [ 13, 2079, 138, 418 ]
3962 / 4950: [ 0, 0, 0, 0, 0 ], [ 13, 2079, 138, 418 ]
3963 / 4950: [ 0, 1, 0, 0, 0 ], [ 13, 2080, 138, 418 ]
3964 / 4950: [ 0, 0, 0, 0, 0 ], [ 13, 2080, 138, 418 ]
3965 / 4950: [ 0, 1, 0, 0, 0 ], [ 13, 2081, 138, 418 ]
3966 / 4950: [ 0, 0, 0, 0, 0 ], [ 13, 2081, 138, 418 ]
3967 / 4950: [ 0, 1, 0, 0, 0 ], [ 13, 2082, 138, 418 ]
3968 / 4950: [ 0, 0, 0, 1, 0 ], [ 13, 2082, 138, 419 ]
3969 / 4950: [ 0, 1, 0, 0, 0 ], [ 13, 2083, 138, 419 ]
3970 / 4950: [ 0, 1, 0, 0, 0 ], [ 13, 2084, 138, 419 ]
3971 / 4950: [ 0, 0, 0, 1, 0 ], [ 13, 2084, 138, 420 ]
3972 / 4950: [ 0, 1, 0, 0, 0 ], [ 13, 2085, 138, 420 ]
3973 / 4950: [ 0, 0, 0, 1, 0 ], [ 13, 2085, 138, 421 ]
3974 / 4950: [ 0, 0, 0, 0, 1 ], [ 13, 2085, 138, 422 ]
3975 / 4950: [ 0, 0, 1, 0, 0 ], [ 13, 2085, 139, 422 ]
3976 / 4950: [ 0, 0, 0, 0, 0 ], [ 13, 2085, 139, 422 ]
3977 / 4950: [ 0, 0, 0, 0, 0 ], [ 13, 2085, 139, 422 ]
3978 / 4950: [ 0, 0, 0, 0, 0 ], [ 13, 2085, 139, 422 ]
3979 / 4950: [ 0, 0, 1, 0, 0 ], [ 13, 2085, 140, 422 ]
3980 / 4950: [ 0, 1, 0, 0, 0 ], [ 13, 2086, 140, 422 ]
3981 / 4950: [ 0, 1, 0, 0, 0 ], [ 13, 2087, 140, 422 ]
3982 / 4950: [ 0, 1, 0, 0, 0 ], [ 13, 2088, 140, 422 ]
3983 / 4950: [ 0, 1, 0, 0, 0 ], [ 13, 2089, 140, 422 ]
3984 / 4950: [ 0, 0, 0, 0, 0 ], [ 13, 2089, 140, 422 ]
3985 / 4950: [ 0, 1, 0, 0, 0 ], [ 13, 2090, 140, 422 ]
3986 / 4950: [ 0, 0, 0, 0, 0 ], [ 13, 2090, 140, 422 ]
3987 / 4950: [ 0, 0, 0, 0, 0 ], [ 13, 2090, 140, 422 ]
3988 / 4950: [ 0, 1, 0, 0, 0 ], [ 13, 2091, 140, 422 ]
3989 / 4950: [ 0, 1, 0, 0, 0 ], [ 13, 2092, 140, 422 ]
3990 / 4950: [ 0, 1, 0, 0, 0 ], [ 13, 2093, 140, 422 ]
3991 / 4950: [ 0, 1, 0, 0, 0 ], [ 13, 2094, 140, 422 ]
3992 / 4950: [ 0, 1, 0, 0, 0 ], [ 13, 2095, 140, 422 ]
3993 / 4950: [ 0, 0, 0, 1, 0 ], [ 13, 2095, 140, 423 ]
3994 / 4950: [ 0, 1, 0, 0, 0 ], [ 13, 2096, 140, 423 ]
3995 / 4950: [ 0, 1, 0, 0, 0 ], [ 13, 2097, 140, 423 ]
3996 / 4950: [ 0, 1, 0, 0, 0 ], [ 13, 2098, 140, 423 ]
3997 / 4950: [ 0, 1, 0, 0, 0 ], [ 13, 2099, 140, 423 ]
3998 / 4950: [ 0, 1, 0, 0, 0 ], [ 13, 2100, 140, 423 ]
3999 / 4950: [ 0, 0, 0, 1, 0 ], [ 13, 2100, 140, 424 ]
4000 / 4950: [ 0, 0, 0, 1, 0 ], [ 13, 2100, 140, 425 ]
4001 / 4950: [ 0, 0, 0, 0, 0 ], [ 13, 2100, 140, 425 ]
4002 / 4950: [ 0, 0, 0, 0, 0 ], [ 13, 2100, 140, 425 ]
4003 / 4950: [ 0, 1, 0, 0, 0 ], [ 13, 2101, 140, 425 ]
4004 / 4950: [ 0, 0, 0, 0, 0 ], [ 13, 2101, 140, 425 ]
4005 / 4950: [ 0, 0, 0, 0, 0 ], [ 13, 2101, 140, 425 ]
4006 / 4950: [ 0, 0, 0, 0, 0 ], [ 13, 2101, 140, 425 ]
4007 / 4950: [ 0, 0, 0, 0, 0 ], [ 13, 2101, 140, 425 ]
4008 / 4950: [ 0, 1, 0, 0, 0 ], [ 13, 2102, 140, 425 ]
4009 / 4950: [ 0, 1, 0, 0, 0 ], [ 13, 2103, 140, 425 ]
4010 / 4950: [ 0, 1, 0, 0, 0 ], [ 13, 2104, 140, 425 ]
4011 / 4950: [ 0, 1, 0, 0, 0 ], [ 13, 2105, 140, 425 ]
4012 / 4950: [ 0, 0, 0, 0, 0 ], [ 13, 2105, 140, 425 ]
4013 / 4950: [ 0, 1, 0, 0, 0 ], [ 13, 2106, 140, 425 ]
4014 / 4950: [ 0, 0, 0, 0, 0 ], [ 13, 2106, 140, 425 ]
4015 / 4950: [ 0, 0, 0, 0, 0 ], [ 13, 2106, 140, 425 ]
4016 / 4950: [ 0, 0, 0, 0, 0 ], [ 13, 2106, 140, 425 ]
4017 / 4950: [ 0, 0, 0, 0, 0 ], [ 13, 2106, 140, 425 ]
4018 / 4950: [ 0, 1, 0, 0, 0 ], [ 13, 2107, 140, 425 ]
4019 / 4950: [ 0, 0, 0, 0, 0 ], [ 13, 2107, 140, 425 ]
4020 / 4950: [ 0, 1, 0, 0, 0 ], [ 13, 2108, 140, 425 ]
4021 / 4950: [ 0, 1, 0, 0, 0 ], [ 13, 2109, 140, 425 ]
4022 / 4950: [ 0, 0, 0, 0, 0 ], [ 13, 2109, 140, 425 ]
4023 / 4950: [ 0, 1, 0, 0, 0 ], [ 13, 2110, 140, 425 ]
4024 / 4950: [ 0, 1, 0, 0, 0 ], [ 13, 2111, 140, 425 ]
4025 / 4950: [ 0, 0, 0, 0, 0 ], [ 13, 2111, 140, 425 ]
4026 / 4950: [ 0, 1, 0, 0, 0 ], [ 13, 2112, 140, 425 ]
4027 / 4950: [ 0, 0, 0, 0, 0 ], [ 13, 2112, 140, 425 ]
4028 / 4950: [ 0, 1, 0, 0, 0 ], [ 13, 2113, 140, 425 ]
4029 / 4950: [ 0, 1, 0, 0, 0 ], [ 13, 2114, 140, 425 ]
4030 / 4950: [ 0, 0, 0, 1, 0 ], [ 13, 2114, 140, 426 ]
4031 / 4950: [ 0, 0, 0, 0, 0 ], [ 13, 2114, 140, 426 ]
4032 / 4950: [ 0, 0, 0, 1, 0 ], [ 13, 2114, 140, 427 ]
4033 / 4950: [ 0, 1, 0, 0, 0 ], [ 13, 2115, 140, 427 ]
4034 / 4950: [ 0, 0, 0, 0, 0 ], [ 13, 2115, 140, 427 ]
4035 / 4950: [ 0, 0, 0, 0, 0 ], [ 13, 2115, 140, 427 ]
4036 / 4950: [ 0, 1, 0, 0, 0 ], [ 13, 2116, 140, 427 ]
4037 / 4950: [ 0, 0, 0, 0, 0 ], [ 13, 2116, 140, 427 ]
4038 / 4950: [ 0, 1, 0, 0, 0 ], [ 13, 2117, 140, 427 ]
4039 / 4950: [ 0, 0, 0, 0, 0 ], [ 13, 2117, 140, 427 ]
4040 / 4950: [ 0, 1, 0, 0, 0 ], [ 13, 2118, 140, 427 ]
4041 / 4950: [ 0, 1, 0, 0, 0 ], [ 13, 2119, 140, 427 ]
4042 / 4950: [ 0, 1, 0, 0, 0 ], [ 13, 2120, 140, 427 ]
4043 / 4950: [ 0, 0, 0, 0, 0 ], [ 13, 2120, 140, 427 ]
4044 / 4950: [ 0, 0, 0, 0, 0 ], [ 13, 2120, 140, 427 ]
4045 / 4950: [ 0, 0, 0, 0, 0 ], [ 13, 2120, 140, 427 ]
4046 / 4950: [ 0, 0, 0, 0, 0 ], [ 13, 2120, 140, 427 ]
4047 / 4950: [ 0, 0, 0, 0, 0 ], [ 13, 2120, 140, 427 ]
4048 / 4950: [ 0, 1, 0, 0, 0 ], [ 13, 2121, 140, 427 ]
4049 / 4950: [ 0, 1, 0, 0, 0 ], [ 13, 2122, 140, 427 ]
4050 / 4950: [ 0, 0, 1, 0, 0 ], [ 13, 2122, 141, 427 ]
4051 / 4950: [ 0, 1, 0, 0, 0 ], [ 13, 2123, 141, 427 ]
4052 / 4950: [ 0, 0, 0, 0, 0 ], [ 13, 2123, 141, 427 ]
4053 / 4950: [ 0, 0, 0, 0, 0 ], [ 13, 2123, 141, 427 ]
4054 / 4950: [ 0, 0, 0, 0, 0 ], [ 13, 2123, 141, 427 ]
4055 / 4950: [ 0, 0, 0, 0, 0 ], [ 13, 2123, 141, 427 ]
4056 / 4950: [ 0, 1, 0, 0, 0 ], [ 13, 2124, 141, 427 ]
4057 / 4950: [ 0, 0, 0, 0, 0 ], [ 13, 2124, 141, 427 ]
4058 / 4950: [ 0, 0, 0, 0, 0 ], [ 13, 2124, 141, 427 ]
4059 / 4950: [ 0, 1, 0, 0, 0 ], [ 13, 2125, 141, 427 ]
4060 / 4950: [ 0, 1, 0, 0, 0 ], [ 13, 2126, 141, 427 ]
4061 / 4950: [ 0, 1, 0, 0, 0 ], [ 13, 2127, 141, 427 ]
4062 / 4950: [ 0, 0, 0, 1, 0 ], [ 13, 2127, 141, 428 ]
4063 / 4950: [ 0, 1, 0, 0, 0 ], [ 13, 2128, 141, 428 ]
4064 / 4950: [ 0, 1, 0, 0, 0 ], [ 13, 2129, 141, 428 ]
4065 / 4950: [ 0, 0, 0, 0, 0 ], [ 13, 2129, 141, 428 ]
4066 / 4950: [ 0, 0, 0, 0, 0 ], [ 13, 2129, 141, 428 ]
4067 / 4950: [ 0, 1, 0, 0, 0 ], [ 13, 2130, 141, 428 ]
4068 / 4950: [ 0, 0, 0, 0, 0 ], [ 13, 2130, 141, 428 ]
4069 / 4950: [ 0, 0, 0, 0, 0 ], [ 13, 2130, 141, 428 ]
4070 / 4950: [ 0, 0, 0, 1, 0 ], [ 13, 2130, 141, 429 ]
4071 / 4950: [ 0, 1, 0, 0, 0 ], [ 13, 2131, 141, 429 ]
4072 / 4950: [ 0, 1, 0, 0, 0 ], [ 13, 2132, 141, 429 ]
4073 / 4950: [ 0, 1, 0, 0, 0 ], [ 13, 2133, 141, 429 ]
4074 / 4950: [ 0, 0, 0, 0, 0 ], [ 13, 2133, 141, 429 ]
4075 / 4950: [ 0, 0, 0, 0, 0 ], [ 13, 2133, 141, 429 ]
4076 / 4950: [ 0, 1, 0, 0, 0 ], [ 13, 2134, 141, 429 ]
4077 / 4950: [ 0, 0, 0, 0, 0 ], [ 13, 2134, 141, 429 ]
4078 / 4950: [ 0, 0, 0, 0, 0 ], [ 13, 2134, 141, 429 ]
4079 / 4950: [ 0, 0, 0, 0, 0 ], [ 13, 2134, 141, 429 ]
4080 / 4950: [ 0, 0, 0, 0, 0 ], [ 13, 2134, 141, 429 ]
4081 / 4950: [ 0, 0, 0, 0, 0 ], [ 13, 2134, 141, 429 ]
4082 / 4950: [ 0, 0, 0, 1, 0 ], [ 13, 2134, 141, 430 ]
4083 / 4950: [ 0, 0, 0, 1, 0 ], [ 13, 2134, 141, 431 ]
4084 / 4950: [ 0, 1, 0, 0, 0 ], [ 13, 2135, 141, 431 ]
4085 / 4950: [ 0, 0, 0, 0, 0 ], [ 13, 2135, 141, 431 ]
4086 / 4950: [ 0, 0, 0, 0, 0 ], [ 13, 2135, 141, 431 ]
4087 / 4950: [ 0, 0, 0, 0, 0 ], [ 13, 2135, 141, 431 ]
4088 / 4950: [ 0, 0, 0, 0, 0 ], [ 13, 2135, 141, 431 ]
4089 / 4950: [ 0, 0, 0, 0, 0 ], [ 13, 2135, 141, 431 ]
4090 / 4950: [ 0, 0, 0, 0, 0 ], [ 13, 2135, 141, 431 ]
4091 / 4950: [ 0, 0, 0, 0, 0 ], [ 13, 2135, 141, 431 ]
4092 / 4950: [ 0, 0, 0, 0, 0 ], [ 13, 2135, 141, 431 ]
4093 / 4950: [ 0, 1, 0, 0, 0 ], [ 13, 2136, 141, 431 ]
4094 / 4950: [ 0, 0, 0, 0, 0 ], [ 13, 2136, 141, 431 ]
4095 / 4950: [ 0, 0, 0, 0, 0 ], [ 13, 2136, 141, 431 ]
4096 / 4950: [ 0, 1, 0, 0, 0 ], [ 13, 2137, 141, 431 ]
4097 / 4950: [ 0, 1, 0, 0, 0 ], [ 13, 2138, 141, 431 ]
4098 / 4950: [ 0, 1, 0, 0, 0 ], [ 13, 2139, 141, 431 ]
4099 / 4950: [ 0, 0, 0, 0, 0 ], [ 13, 2139, 141, 431 ]
4100 / 4950: [ 0, 1, 0, 0, 0 ], [ 13, 2140, 141, 431 ]
4101 / 4950: [ 0, 1, 0, 0, 0 ], [ 13, 2141, 141, 431 ]
4102 / 4950: [ 0, 1, 0, 0, 0 ], [ 13, 2142, 141, 431 ]
4103 / 4950: [ 0, 0, 0, 0, 0 ], [ 13, 2142, 141, 431 ]
4104 / 4950: [ 0, 1, 0, 0, 0 ], [ 13, 2143, 141, 431 ]
4105 / 4950: [ 0, 0, 0, 0, 0 ], [ 13, 2143, 141, 431 ]
4106 / 4950: [ 0, 1, 0, 0, 0 ], [ 13, 2144, 141, 431 ]
4107 / 4950: [ 0, 1, 0, 0, 0 ], [ 13, 2145, 141, 431 ]
4108 / 4950: [ 0, 1, 0, 0, 0 ], [ 13, 2146, 141, 431 ]
4109 / 4950: [ 0, 1, 0, 0, 0 ], [ 13, 2147, 141, 431 ]
4110 / 4950: [ 0, 1, 0, 0, 0 ], [ 13, 2148, 141, 431 ]
4111 / 4950: [ 0, 1, 0, 0, 0 ], [ 13, 2149, 141, 431 ]
4112 / 4950: [ 0, 0, 0, 0, 0 ], [ 13, 2149, 141, 431 ]
4113 / 4950: [ 0, 0, 0, 0, 0 ], [ 13, 2149, 141, 431 ]
4114 / 4950: [ 0, 1, 0, 0, 0 ], [ 13, 2150, 141, 431 ]
4115 / 4950: [ 0, 0, 0, 0, 0 ], [ 13, 2150, 141, 431 ]
4116 / 4950: [ 0, 0, 0, 0, 0 ], [ 13, 2150, 141, 431 ]
4117 / 4950: [ 0, 1, 0, 0, 0 ], [ 13, 2151, 141, 431 ]
4118 / 4950: [ 0, 0, 0, 0, 0 ], [ 13, 2151, 141, 431 ]
4119 / 4950: [ 0, 0, 0, 0, 0 ], [ 13, 2151, 141, 431 ]
4120 / 4950: [ 0, 0, 0, 1, 0 ], [ 13, 2151, 141, 432 ]
4121 / 4950: [ 0, 1, 0, 0, 0 ], [ 13, 2152, 141, 432 ]
4122 / 4950: [ 0, 0, 0, 1, 0 ], [ 13, 2152, 141, 433 ]
4123 / 4950: [ 0, 1, 0, 0, 0 ], [ 13, 2153, 141, 433 ]
4124 / 4950: [ 0, 1, 0, 0, 0 ], [ 13, 2154, 141, 433 ]
4125 / 4950: [ 0, 1, 0, 0, 0 ], [ 13, 2155, 141, 433 ]
4126 / 4950: [ 0, 0, 0, 0, 0 ], [ 13, 2155, 141, 433 ]
4127 / 4950: [ 0, 0, 0, 0, 0 ], [ 13, 2155, 141, 433 ]
4128 / 4950: [ 0, 1, 0, 0, 0 ], [ 13, 2156, 141, 433 ]
4129 / 4950: [ 0, 1, 0, 0, 0 ], [ 13, 2157, 141, 433 ]
4130 / 4950: [ 0, 1, 0, 0, 0 ], [ 13, 2158, 141, 433 ]
4131 / 4950: [ 0, 1, 0, 0, 0 ], [ 13, 2159, 141, 433 ]
4132 / 4950: [ 0, 1, 0, 0, 0 ], [ 13, 2160, 141, 433 ]
4133 / 4950: [ 0, 0, 0, 0, 0 ], [ 13, 2160, 141, 433 ]
4134 / 4950: [ 0, 1, 0, 0, 0 ], [ 13, 2161, 141, 433 ]
4135 / 4950: [ 0, 0, 0, 0, 0 ], [ 13, 2161, 141, 433 ]
4136 / 4950: [ 0, 1, 0, 0, 0 ], [ 13, 2162, 141, 433 ]
4137 / 4950: [ 0, 1, 0, 0, 0 ], [ 13, 2163, 141, 433 ]
4138 / 4950: [ 0, 1, 0, 0, 0 ], [ 13, 2164, 141, 433 ]
4139 / 4950: [ 0, 0, 0, 0, 0 ], [ 13, 2164, 141, 433 ]
4140 / 4950: [ 0, 1, 0, 0, 0 ], [ 13, 2165, 141, 433 ]
4141 / 4950: [ 0, 0, 0, 0, 0 ], [ 13, 2165, 141, 433 ]
4142 / 4950: [ 0, 1, 0, 0, 0 ], [ 13, 2166, 141, 433 ]
4143 / 4950: [ 0, 1, 0, 0, 0 ], [ 13, 2167, 141, 433 ]
4144 / 4950: [ 0, 1, 0, 0, 0 ], [ 13, 2168, 141, 433 ]
4145 / 4950: [ 0, 0, 0, 0, 0 ], [ 13, 2168, 141, 433 ]
4146 / 4950: [ 0, 1, 0, 0, 0 ], [ 13, 2169, 141, 433 ]
4147 / 4950: [ 0, 0, 0, 1, 0 ], [ 13, 2169, 141, 434 ]
4148 / 4950: [ 0, 1, 0, 0, 0 ], [ 13, 2170, 141, 434 ]
4149 / 4950: [ 0, 1, 0, 0, 0 ], [ 13, 2171, 141, 434 ]
4150 / 4950: [ 0, 0, 0, 0, 0 ], [ 13, 2171, 141, 434 ]
4151 / 4950: [ 0, 0, 0, 0, 0 ], [ 13, 2171, 141, 434 ]
4152 / 4950: [ 0, 0, 0, 0, 0 ], [ 13, 2171, 141, 434 ]
4153 / 4950: [ 0, 0, 0, 0, 0 ], [ 13, 2171, 141, 434 ]
4154 / 4950: [ 0, 0, 0, 0, 0 ], [ 13, 2171, 141, 434 ]
4155 / 4950: [ 0, 0, 0, 0, 0 ], [ 13, 2171, 141, 434 ]
4156 / 4950: [ 0, 0, 0, 1, 0 ], [ 13, 2171, 141, 435 ]
4157 / 4950: [ 0, 0, 0, 0, 0 ], [ 13, 2171, 141, 435 ]
4158 / 4950: [ 0, 0, 0, 0, 0 ], [ 13, 2171, 141, 435 ]
4159 / 4950: [ 0, 1, 0, 0, 0 ], [ 13, 2172, 141, 435 ]
4160 / 4950: [ 0, 1, 0, 0, 0 ], [ 13, 2173, 141, 435 ]
4161 / 4950: [ 0, 1, 0, 0, 0 ], [ 13, 2174, 141, 435 ]
4162 / 4950: [ 0, 1, 0, 0, 0 ], [ 13, 2175, 141, 435 ]
4163 / 4950: [ 0, 0, 0, 0, 0 ], [ 13, 2175, 141, 435 ]
4164 / 4950: [ 0, 1, 0, 0, 0 ], [ 13, 2176, 141, 435 ]
4165 / 4950: [ 0, 0, 0, 0, 0 ], [ 13, 2176, 141, 435 ]
4166 / 4950: [ 0, 1, 0, 0, 0 ], [ 13, 2177, 141, 435 ]
4167 / 4950: [ 0, 1, 0, 0, 0 ], [ 13, 2178, 141, 435 ]
4168 / 4950: [ 0, 1, 0, 0, 0 ], [ 13, 2179, 141, 435 ]
4169 / 4950: [ 0, 1, 0, 0, 0 ], [ 13, 2180, 141, 435 ]
4170 / 4950: [ 0, 1, 0, 0, 0 ], [ 13, 2181, 141, 435 ]
4171 / 4950: [ 0, 1, 0, 0, 0 ], [ 13, 2182, 141, 435 ]
4172 / 4950: [ 0, 0, 0, 1, 0 ], [ 13, 2182, 141, 436 ]
4173 / 4950: [ 0, 1, 0, 0, 0 ], [ 13, 2183, 141, 436 ]
4174 / 4950: [ 0, 1, 0, 0, 0 ], [ 13, 2184, 141, 436 ]
4175 / 4950: [ 0, 1, 0, 0, 0 ], [ 13, 2185, 141, 436 ]
4176 / 4950: [ 0, 1, 0, 0, 0 ], [ 13, 2186, 141, 436 ]
4177 / 4950: [ 0, 1, 0, 0, 0 ], [ 13, 2187, 141, 436 ]
4178 / 4950: [ 0, 1, 0, 0, 0 ], [ 13, 2188, 141, 436 ]
4179 / 4950: [ 0, 1, 0, 0, 0 ], [ 13, 2189, 141, 436 ]
4180 / 4950: [ 0, 0, 0, 0, 0 ], [ 13, 2189, 141, 436 ]
4181 / 4950: [ 0, 0, 0, 0, 0 ], [ 13, 2189, 141, 436 ]
4182 / 4950: [ 0, 1, 0, 0, 0 ], [ 13, 2190, 141, 436 ]
4183 / 4950: [ 0, 1, 0, 0, 0 ], [ 13, 2191, 141, 436 ]
4184 / 4950: [ 0, 0, 0, 0, 0 ], [ 13, 2191, 141, 436 ]
4185 / 4950: [ 0, 1, 0, 0, 0 ], [ 13, 2192, 141, 436 ]
4186 / 4950: [ 0, 0, 0, 0, 0 ], [ 13, 2192, 141, 436 ]
4187 / 4950: [ 0, 0, 0, 0, 0 ], [ 13, 2192, 141, 436 ]
4188 / 4950: [ 0, 1, 0, 0, 0 ], [ 13, 2193, 141, 436 ]
4189 / 4950: [ 0, 1, 0, 0, 0 ], [ 13, 2194, 141, 436 ]
4190 / 4950: [ 0, 1, 0, 0, 0 ], [ 13, 2195, 141, 436 ]
4191 / 4950: [ 0, 1, 0, 0, 0 ], [ 13, 2196, 141, 436 ]
4192 / 4950: [ 0, 1, 0, 0, 0 ], [ 13, 2197, 141, 436 ]
4193 / 4950: [ 0, 1, 0, 0, 0 ], [ 13, 2198, 141, 436 ]
4194 / 4950: [ 0, 1, 0, 0, 0 ], [ 13, 2199, 141, 436 ]
4195 / 4950: [ 0, 1, 0, 0, 0 ], [ 13, 2200, 141, 436 ]
4196 / 4950: [ 0, 0, 0, 0, 0 ], [ 13, 2200, 141, 436 ]
4197 / 4950: [ 0, 1, 0, 0, 0 ], [ 13, 2201, 141, 436 ]
4198 / 4950: [ 0, 1, 0, 0, 0 ], [ 13, 2202, 141, 436 ]
4199 / 4950: [ 0, 1, 0, 0, 0 ], [ 13, 2203, 141, 436 ]
4200 / 4950: [ 0, 1, 0, 0, 0 ], [ 13, 2204, 141, 436 ]
4201 / 4950: [ 0, 1, 0, 0, 0 ], [ 13, 2205, 141, 436 ]
4202 / 4950: [ 0, 1, 0, 0, 0 ], [ 13, 2206, 141, 436 ]
4203 / 4950: [ 0, 0, 0, 0, 0 ], [ 13, 2206, 141, 436 ]
4204 / 4950: [ 0, 1, 0, 0, 0 ], [ 13, 2207, 141, 436 ]
4205 / 4950: [ 0, 1, 0, 0, 0 ], [ 13, 2208, 141, 436 ]
4206 / 4950: [ 0, 0, 0, 0, 0 ], [ 13, 2208, 141, 436 ]
4207 / 4950: [ 0, 1, 0, 0, 0 ], [ 13, 2209, 141, 436 ]
4208 / 4950: [ 0, 1, 0, 0, 0 ], [ 13, 2210, 141, 436 ]
4209 / 4950: [ 0, 0, 0, 0, 0 ], [ 13, 2210, 141, 436 ]
4210 / 4950: [ 0, 1, 0, 0, 0 ], [ 13, 2211, 141, 436 ]
4211 / 4950: [ 0, 0, 0, 0, 0 ], [ 13, 2211, 141, 436 ]
4212 / 4950: [ 0, 1, 0, 0, 0 ], [ 13, 2212, 141, 436 ]
4213 / 4950: [ 0, 0, 0, 0, 0 ], [ 13, 2212, 141, 436 ]
4214 / 4950: [ 0, 0, 0, 0, 0 ], [ 13, 2212, 141, 436 ]
4215 / 4950: [ 0, 1, 0, 0, 0 ], [ 13, 2213, 141, 436 ]
4216 / 4950: [ 0, 1, 0, 0, 0 ], [ 13, 2214, 141, 436 ]
4217 / 4950: [ 0, 1, 0, 0, 0 ], [ 13, 2215, 141, 436 ]
4218 / 4950: [ 0, 0, 0, 0, 0 ], [ 13, 2215, 141, 436 ]
4219 / 4950: [ 0, 1, 0, 0, 0 ], [ 13, 2216, 141, 436 ]
4220 / 4950: [ 0, 1, 0, 0, 0 ], [ 13, 2217, 141, 436 ]
4221 / 4950: [ 0, 1, 0, 0, 0 ], [ 13, 2218, 141, 436 ]
4222 / 4950: [ 0, 1, 0, 0, 0 ], [ 13, 2219, 141, 436 ]
4223 / 4950: [ 0, 1, 0, 0, 0 ], [ 13, 2220, 141, 436 ]
4224 / 4950: [ 0, 0, 0, 0, 0 ], [ 13, 2220, 141, 436 ]
4225 / 4950: [ 0, 0, 1, 0, 0 ], [ 13, 2220, 142, 436 ]
4226 / 4950: [ 0, 0, 0, 0, 0 ], [ 13, 2220, 142, 436 ]
4227 / 4950: [ 0, 1, 0, 0, 0 ], [ 13, 2221, 142, 436 ]
4228 / 4950: [ 0, 1, 0, 0, 0 ], [ 13, 2222, 142, 436 ]
4229 / 4950: [ 0, 1, 0, 0, 0 ], [ 13, 2223, 142, 436 ]
4230 / 4950: [ 0, 1, 0, 0, 0 ], [ 13, 2224, 142, 436 ]
4231 / 4950: [ 0, 1, 0, 0, 0 ], [ 13, 2225, 142, 436 ]
4232 / 4950: [ 0, 1, 0, 0, 0 ], [ 13, 2226, 142, 436 ]
4233 / 4950: [ 0, 0, 0, 0, 0 ], [ 13, 2226, 142, 436 ]
4234 / 4950: [ 0, 0, 0, 0, 0 ], [ 13, 2226, 142, 436 ]
4235 / 4950: [ 0, 1, 0, 0, 0 ], [ 13, 2227, 142, 436 ]
4236 / 4950: [ 0, 0, 1, 0, 0 ], [ 13, 2227, 143, 436 ]
4237 / 4950: [ 0, 1, 0, 0, 0 ], [ 13, 2228, 143, 436 ]
4238 / 4950: [ 0, 0, 1, 0, 0 ], [ 13, 2228, 144, 436 ]
4239 / 4950: [ 0, 1, 0, 0, 0 ], [ 13, 2229, 144, 436 ]
4240 / 4950: [ 0, 0, 0, 0, 0 ], [ 13, 2229, 144, 436 ]
4241 / 4950: [ 0, 0, 0, 0, 0 ], [ 13, 2229, 144, 436 ]
4242 / 4950: [ 0, 0, 0, 0, 0 ], [ 13, 2229, 144, 436 ]
4243 / 4950: [ 0, 0, 0, 0, 0 ], [ 13, 2229, 144, 436 ]
4244 / 4950: [ 0, 1, 0, 0, 0 ], [ 13, 2230, 144, 436 ]
4245 / 4950: [ 0, 1, 0, 0, 0 ], [ 13, 2231, 144, 436 ]
4246 / 4950: [ 0, 0, 0, 0, 0 ], [ 13, 2231, 144, 436 ]
4247 / 4950: [ 0, 0, 0, 0, 0 ], [ 13, 2231, 144, 436 ]
4248 / 4950: [ 0, 1, 0, 0, 0 ], [ 13, 2232, 144, 436 ]
4249 / 4950: [ 0, 1, 0, 0, 0 ], [ 13, 2233, 144, 436 ]
4250 / 4950: [ 0, 0, 0, 0, 0 ], [ 13, 2233, 144, 436 ]
4251 / 4950: [ 0, 1, 0, 0, 0 ], [ 13, 2234, 144, 436 ]
4252 / 4950: [ 0, 0, 0, 1, 0 ], [ 13, 2234, 144, 437 ]
4253 / 4950: [ 0, 1, 0, 0, 0 ], [ 13, 2235, 144, 437 ]
4254 / 4950: [ 0, 1, 0, 0, 0 ], [ 13, 2236, 144, 437 ]
4255 / 4950: [ 0, 0, 0, 0, 0 ], [ 13, 2236, 144, 437 ]
4256 / 4950: [ 0, 0, 0, 0, 0 ], [ 13, 2236, 144, 437 ]
4257 / 4950: [ 0, 1, 0, 0, 0 ], [ 13, 2237, 144, 437 ]
4258 / 4950: [ 0, 0, 0, 0, 0 ], [ 13, 2237, 144, 437 ]
4259 / 4950: [ 0, 1, 0, 0, 0 ], [ 13, 2238, 144, 437 ]
4260 / 4950: [ 0, 1, 0, 0, 0 ], [ 13, 2239, 144, 437 ]
4261 / 4950: [ 0, 1, 0, 0, 0 ], [ 13, 2240, 144, 437 ]
4262 / 4950: [ 0, 1, 0, 0, 0 ], [ 13, 2241, 144, 437 ]
4263 / 4950: [ 0, 0, 0, 1, 0 ], [ 13, 2241, 144, 438 ]
4264 / 4950: [ 0, 1, 0, 0, 0 ], [ 13, 2242, 144, 438 ]
4265 / 4950: [ 0, 1, 0, 0, 0 ], [ 13, 2243, 144, 438 ]
4266 / 4950: [ 0, 1, 0, 0, 0 ], [ 13, 2244, 144, 438 ]
4267 / 4950: [ 0, 1, 0, 0, 0 ], [ 13, 2245, 144, 438 ]
4268 / 4950: [ 0, 0, 0, 1, 0 ], [ 13, 2245, 144, 439 ]
4269 / 4950: [ 0, 1, 0, 0, 0 ], [ 13, 2246, 144, 439 ]
4270 / 4950: [ 0, 0, 0, 0, 0 ], [ 13, 2246, 144, 439 ]
4271 / 4950: [ 0, 1, 0, 0, 0 ], [ 13, 2247, 144, 439 ]
4272 / 4950: [ 0, 0, 0, 0, 0 ], [ 13, 2247, 144, 439 ]
4273 / 4950: [ 0, 0, 0, 0, 0 ], [ 13, 2247, 144, 439 ]
4274 / 4950: [ 0, 0, 0, 0, 0 ], [ 13, 2247, 144, 439 ]
4275 / 4950: [ 0, 0, 0, 0, 0 ], [ 13, 2247, 144, 439 ]
4276 / 4950: [ 0, 1, 0, 0, 0 ], [ 13, 2248, 144, 439 ]
4277 / 4950: [ 0, 1, 0, 0, 0 ], [ 13, 2249, 144, 439 ]
4278 / 4950: [ 0, 1, 0, 0, 0 ], [ 13, 2250, 144, 439 ]
4279 / 4950: [ 0, 0, 0, 0, 0 ], [ 13, 2250, 144, 439 ]
4280 / 4950: [ 0, 1, 0, 0, 0 ], [ 13, 2251, 144, 439 ]
4281 / 4950: [ 0, 1, 0, 0, 0 ], [ 13, 2252, 144, 439 ]
4282 / 4950: [ 0, 0, 0, 0, 0 ], [ 13, 2252, 144, 439 ]
4283 / 4950: [ 0, 0, 0, 0, 0 ], [ 13, 2252, 144, 439 ]
4284 / 4950: [ 0, 1, 0, 0, 0 ], [ 13, 2253, 144, 439 ]
4285 / 4950: [ 0, 1, 0, 0, 0 ], [ 13, 2254, 144, 439 ]
4286 / 4950: [ 0, 0, 0, 0, 0 ], [ 13, 2254, 144, 439 ]
4287 / 4950: [ 0, 0, 0, 1, 0 ], [ 13, 2254, 144, 440 ]
4288 / 4950: [ 0, 0, 0, 1, 0 ], [ 13, 2254, 144, 441 ]
4289 / 4950: [ 0, 0, 0, 0, 0 ], [ 13, 2254, 144, 441 ]
4290 / 4950: [ 0, 1, 0, 0, 0 ], [ 13, 2255, 144, 441 ]
4291 / 4950: [ 0, 0, 0, 1, 0 ], [ 13, 2255, 144, 442 ]
4292 / 4950: [ 0, 1, 0, 0, 0 ], [ 13, 2256, 144, 442 ]
4293 / 4950: [ 0, 1, 0, 0, 0 ], [ 13, 2257, 144, 442 ]
4294 / 4950: [ 0, 0, 0, 0, 0 ], [ 13, 2257, 144, 442 ]
4295 / 4950: [ 0, 0, 0, 0, 0 ], [ 13, 2257, 144, 442 ]
4296 / 4950: [ 0, 0, 0, 0, 0 ], [ 13, 2257, 144, 442 ]
4297 / 4950: [ 0, 0, 0, 0, 0 ], [ 13, 2257, 144, 442 ]
4298 / 4950: [ 0, 0, 0, 0, 0 ], [ 13, 2257, 144, 442 ]
4299 / 4950: [ 0, 0, 0, 0, 0 ], [ 13, 2257, 144, 442 ]
4300 / 4950: [ 0, 0, 0, 0, 0 ], [ 13, 2257, 144, 442 ]
4301 / 4950: [ 0, 0, 0, 0, 0 ], [ 13, 2257, 144, 442 ]
4302 / 4950: [ 0, 0, 0, 1, 0 ], [ 13, 2257, 144, 443 ]
4303 / 4950: [ 0, 1, 0, 0, 0 ], [ 13, 2258, 144, 443 ]
4304 / 4950: [ 0, 0, 0, 0, 0 ], [ 13, 2258, 144, 443 ]
4305 / 4950: [ 0, 0, 0, 0, 0 ], [ 13, 2258, 144, 443 ]
4306 / 4950: [ 0, 0, 0, 0, 0 ], [ 13, 2258, 144, 443 ]
4307 / 4950: [ 0, 1, 0, 0, 0 ], [ 13, 2259, 144, 443 ]
4308 / 4950: [ 0, 0, 0, 0, 0 ], [ 13, 2259, 144, 443 ]
4309 / 4950: [ 0, 0, 0, 0, 0 ], [ 13, 2259, 144, 443 ]
4310 / 4950: [ 0, 0, 0, 0, 0 ], [ 13, 2259, 144, 443 ]
4311 / 4950: [ 0, 0, 0, 0, 0 ], [ 13, 2259, 144, 443 ]
4312 / 4950: [ 0, 0, 0, 0, 0 ], [ 13, 2259, 144, 443 ]
4313 / 4950: [ 0, 1, 0, 0, 0 ], [ 13, 2260, 144, 443 ]
4314 / 4950: [ 0, 1, 0, 0, 0 ], [ 13, 2261, 144, 443 ]
4315 / 4950: [ 0, 0, 0, 0, 0 ], [ 13, 2261, 144, 443 ]
4316 / 4950: [ 0, 0, 0, 1, 0 ], [ 13, 2261, 144, 444 ]
4317 / 4950: [ 0, 0, 0, 0, 0 ], [ 13, 2261, 144, 444 ]
4318 / 4950: [ 0, 0, 0, 0, 0 ], [ 13, 2261, 144, 444 ]
4319 / 4950: [ 0, 0, 0, 1, 0 ], [ 13, 2261, 144, 445 ]
4320 / 4950: [ 0, 0, 1, 0, 0 ], [ 13, 2261, 145, 445 ]
4321 / 4950: [ 0, 0, 0, 0, 0 ], [ 13, 2261, 145, 445 ]
4322 / 4950: [ 0, 0, 0, 1, 0 ], [ 13, 2261, 145, 446 ]
4323 / 4950: [ 0, 0, 0, 0, 0 ], [ 13, 2261, 145, 446 ]
4324 / 4950: [ 0, 0, 0, 0, 0 ], [ 13, 2261, 145, 446 ]
4325 / 4950: [ 0, 0, 0, 0, 1 ], [ 13, 2261, 145, 447 ]
4326 / 4950: [ 0, 1, 0, 0, 0 ], [ 13, 2262, 145, 447 ]
4327 / 4950: [ 0, 0, 0, 1, 0 ], [ 13, 2262, 145, 448 ]
4328 / 4950: [ 0, 1, 0, 0, 0 ], [ 13, 2263, 145, 448 ]
4329 / 4950: [ 0, 0, 0, 0, 0 ], [ 13, 2263, 145, 448 ]
4330 / 4950: [ 0, 0, 0, 0, 0 ], [ 13, 2263, 145, 448 ]
4331 / 4950: [ 0, 0, 0, 0, 0 ], [ 13, 2263, 145, 448 ]
4332 / 4950: [ 0, 1, 0, 0, 0 ], [ 13, 2264, 145, 448 ]
4333 / 4950: [ 0, 0, 0, 0, 0 ], [ 13, 2264, 145, 448 ]
4334 / 4950: [ 0, 0, 0, 0, 0 ], [ 13, 2264, 145, 448 ]
4335 / 4950: [ 0, 0, 0, 0, 0 ], [ 13, 2264, 145, 448 ]
4336 / 4950: [ 0, 0, 0, 0, 0 ], [ 13, 2264, 145, 448 ]
4337 / 4950: [ 0, 0, 0, 0, 0 ], [ 13, 2264, 145, 448 ]
4338 / 4950: [ 0, 0, 0, 0, 0 ], [ 13, 2264, 145, 448 ]
4339 / 4950: [ 0, 0, 0, 1, 0 ], [ 13, 2264, 145, 449 ]
4340 / 4950: [ 0, 0, 0, 1, 0 ], [ 13, 2264, 145, 450 ]
4341 / 4950: [ 0, 1, 0, 0, 0 ], [ 13, 2265, 145, 450 ]
4342 / 4950: [ 0, 0, 0, 0, 0 ], [ 13, 2265, 145, 450 ]
4343 / 4950: [ 0, 0, 0, 0, 0 ], [ 13, 2265, 145, 450 ]
4344 / 4950: [ 0, 0, 0, 0, 0 ], [ 13, 2265, 145, 450 ]
4345 / 4950: [ 0, 0, 0, 0, 0 ], [ 13, 2265, 145, 450 ]
4346 / 4950: [ 0, 0, 0, 0, 0 ], [ 13, 2265, 145, 450 ]
4347 / 4950: [ 0, 0, 0, 0, 0 ], [ 13, 2265, 145, 450 ]
4348 / 4950: [ 0, 0, 0, 1, 0 ], [ 13, 2265, 145, 451 ]
4349 / 4950: [ 0, 0, 0, 0, 0 ], [ 13, 2265, 145, 451 ]
4350 / 4950: [ 0, 1, 0, 0, 0 ], [ 13, 2266, 145, 451 ]
4351 / 4950: [ 0, 0, 0, 0, 0 ], [ 13, 2266, 145, 451 ]
4352 / 4950: [ 0, 0, 0, 0, 0 ], [ 13, 2266, 145, 451 ]
4353 / 4950: [ 0, 1, 0, 0, 0 ], [ 13, 2267, 145, 451 ]
4354 / 4950: [ 0, 0, 0, 1, 0 ], [ 13, 2267, 145, 452 ]
4355 / 4950: [ 0, 0, 0, 0, 1 ], [ 13, 2267, 145, 453 ]
4356 / 4950: [ 0, 1, 0, 0, 0 ], [ 13, 2268, 145, 453 ]
4357 / 4950: [ 0, 0, 1, 0, 0 ], [ 13, 2268, 146, 453 ]
4358 / 4950: [ 0, 0, 0, 0, 0 ], [ 13, 2268, 146, 453 ]
4359 / 4950: [ 0, 0, 0, 0, 0 ], [ 13, 2268, 146, 453 ]
4360 / 4950: [ 0, 0, 0, 0, 0 ], [ 13, 2268, 146, 453 ]
4361 / 4950: [ 0, 0, 0, 0, 0 ], [ 13, 2268, 146, 453 ]
4362 / 4950: [ 0, 0, 0, 0, 0 ], [ 13, 2268, 146, 453 ]
4363 / 4950: [ 0, 1, 0, 0, 0 ], [ 13, 2269, 146, 453 ]
4364 / 4950: [ 0, 0, 0, 0, 0 ], [ 13, 2269, 146, 453 ]
4365 / 4950: [ 0, 0, 0, 0, 0 ], [ 13, 2269, 146, 453 ]
4366 / 4950: [ 0, 1, 0, 0, 0 ], [ 13, 2270, 146, 453 ]
4367 / 4950: [ 0, 0, 0, 0, 0 ], [ 13, 2270, 146, 453 ]
4368 / 4950: [ 0, 0, 0, 0, 0 ], [ 13, 2270, 146, 453 ]
4369 / 4950: [ 0, 0, 0, 0, 0 ], [ 13, 2270, 146, 453 ]
4370 / 4950: [ 0, 1, 0, 0, 0 ], [ 13, 2271, 146, 453 ]
4371 / 4950: [ 0, 0, 0, 0, 0 ], [ 13, 2271, 146, 453 ]
4372 / 4950: [ 0, 1, 0, 0, 0 ], [ 13, 2272, 146, 453 ]
4373 / 4950: [ 0, 1, 0, 0, 0 ], [ 13, 2273, 146, 453 ]
4374 / 4950: [ 0, 1, 0, 0, 0 ], [ 13, 2274, 146, 453 ]
4375 / 4950: [ 0, 1, 0, 0, 0 ], [ 13, 2275, 146, 453 ]
4376 / 4950: [ 0, 1, 0, 0, 0 ], [ 13, 2276, 146, 453 ]
4377 / 4950: [ 0, 1, 0, 0, 0 ], [ 13, 2277, 146, 453 ]
4378 / 4950: [ 0, 0, 0, 0, 0 ], [ 13, 2277, 146, 453 ]
4379 / 4950: [ 0, 1, 0, 0, 0 ], [ 13, 2278, 146, 453 ]
4380 / 4950: [ 0, 1, 0, 0, 0 ], [ 13, 2279, 146, 453 ]
4381 / 4950: [ 0, 0, 0, 0, 0 ], [ 13, 2279, 146, 453 ]
4382 / 4950: [ 0, 1, 0, 0, 0 ], [ 13, 2280, 146, 453 ]
4383 / 4950: [ 0, 1, 0, 0, 0 ], [ 13, 2281, 146, 453 ]
4384 / 4950: [ 0, 1, 0, 0, 0 ], [ 13, 2282, 146, 453 ]
4385 / 4950: [ 0, 0, 0, 0, 0 ], [ 13, 2282, 146, 453 ]
4386 / 4950: [ 0, 1, 0, 0, 0 ], [ 13, 2283, 146, 453 ]
4387 / 4950: [ 0, 0, 0, 0, 0 ], [ 13, 2283, 146, 453 ]
4388 / 4950: [ 0, 0, 0, 0, 0 ], [ 13, 2283, 146, 453 ]
4389 / 4950: [ 0, 0, 0, 0, 0 ], [ 13, 2283, 146, 453 ]
4390 / 4950: [ 0, 1, 0, 0, 0 ], [ 13, 2284, 146, 453 ]
4391 / 4950: [ 0, 0, 0, 0, 0 ], [ 13, 2284, 146, 453 ]
4392 / 4950: [ 0, 1, 0, 0, 0 ], [ 13, 2285, 146, 453 ]
4393 / 4950: [ 0, 1, 0, 0, 0 ], [ 13, 2286, 146, 453 ]
4394 / 4950: [ 0, 0, 0, 0, 0 ], [ 13, 2286, 146, 453 ]
4395 / 4950: [ 0, 0, 1, 0, 0 ], [ 13, 2286, 147, 453 ]
4396 / 4950: [ 0, 1, 0, 0, 0 ], [ 13, 2287, 147, 453 ]
4397 / 4950: [ 0, 0, 0, 0, 0 ], [ 13, 2287, 147, 453 ]
4398 / 4950: [ 0, 0, 0, 0, 1 ], [ 13, 2287, 147, 454 ]
4399 / 4950: [ 0, 0, 1, 0, 0 ], [ 13, 2287, 148, 454 ]
4400 / 4950: [ 0, 0, 0, 0, 0 ], [ 13, 2287, 148, 454 ]
4401 / 4950: [ 0, 0, 0, 0, 0 ], [ 13, 2287, 148, 454 ]
4402 / 4950: [ 0, 1, 0, 0, 0 ], [ 13, 2288, 148, 454 ]
4403 / 4950: [ 0, 0, 0, 0, 0 ], [ 13, 2288, 148, 454 ]
4404 / 4950: [ 0, 1, 0, 0, 0 ], [ 13, 2289, 148, 454 ]
4405 / 4950: [ 0, 1, 0, 0, 0 ], [ 13, 2290, 148, 454 ]
4406 / 4950: [ 0, 1, 0, 0, 0 ], [ 13, 2291, 148, 454 ]
4407 / 4950: [ 0, 1, 0, 0, 0 ], [ 13, 2292, 148, 454 ]
4408 / 4950: [ 0, 1, 0, 0, 0 ], [ 13, 2293, 148, 454 ]
4409 / 4950: [ 0, 0, 0, 0, 0 ], [ 13, 2293, 148, 454 ]
4410 / 4950: [ 0, 1, 0, 0, 0 ], [ 13, 2294, 148, 454 ]
4411 / 4950: [ 0, 1, 0, 0, 0 ], [ 13, 2295, 148, 454 ]
4412 / 4950: [ 0, 0, 0, 0, 0 ], [ 13, 2295, 148, 454 ]
4413 / 4950: [ 0, 0, 0, 0, 0 ], [ 13, 2295, 148, 454 ]
4414 / 4950: [ 0, 0, 0, 0, 0 ], [ 13, 2295, 148, 454 ]
4415 / 4950: [ 0, 1, 0, 0, 0 ], [ 13, 2296, 148, 454 ]
4416 / 4950: [ 0, 1, 0, 0, 0 ], [ 13, 2297, 148, 454 ]
4417 / 4950: [ 0, 0, 0, 0, 0 ], [ 13, 2297, 148, 454 ]
4418 / 4950: [ 0, 1, 0, 0, 0 ], [ 13, 2298, 148, 454 ]
4419 / 4950: [ 0, 0, 0, 0, 0 ], [ 13, 2298, 148, 454 ]
4420 / 4950: [ 0, 1, 0, 0, 0 ], [ 13, 2299, 148, 454 ]
4421 / 4950: [ 0, 0, 0, 0, 0 ], [ 13, 2299, 148, 454 ]
4422 / 4950: [ 0, 1, 0, 0, 0 ], [ 13, 2300, 148, 454 ]
4423 / 4950: [ 0, 0, 1, 0, 0 ], [ 13, 2300, 149, 454 ]
4424 / 4950: [ 0, 1, 0, 0, 0 ], [ 13, 2301, 149, 454 ]
4425 / 4950: [ 0, 1, 0, 0, 0 ], [ 13, 2302, 149, 454 ]
4426 / 4950: [ 0, 0, 0, 1, 0 ], [ 13, 2302, 149, 455 ]
4427 / 4950: [ 0, 0, 0, 1, 0 ], [ 13, 2302, 149, 456 ]
4428 / 4950: [ 0, 1, 0, 0, 0 ], [ 13, 2303, 149, 456 ]
4429 / 4950: [ 0, 0, 0, 1, 0 ], [ 13, 2303, 149, 457 ]
4430 / 4950: [ 0, 1, 0, 0, 0 ], [ 13, 2304, 149, 457 ]
4431 / 4950: [ 0, 0, 0, 0, 0 ], [ 13, 2304, 149, 457 ]
4432 / 4950: [ 0, 0, 0, 1, 0 ], [ 13, 2304, 149, 458 ]
4433 / 4950: [ 0, 1, 0, 0, 0 ], [ 13, 2305, 149, 458 ]
4434 / 4950: [ 0, 0, 0, 0, 0 ], [ 13, 2305, 149, 458 ]
4435 / 4950: [ 0, 1, 0, 0, 0 ], [ 13, 2306, 149, 458 ]
4436 / 4950: [ 0, 1, 0, 0, 0 ], [ 13, 2307, 149, 458 ]
4437 / 4950: [ 0, 1, 0, 0, 0 ], [ 13, 2308, 149, 458 ]
4438 / 4950: [ 0, 1, 0, 0, 0 ], [ 13, 2309, 149, 458 ]
4439 / 4950: [ 0, 0, 0, 0, 0 ], [ 13, 2309, 149, 458 ]
4440 / 4950: [ 0, 1, 0, 0, 0 ], [ 13, 2310, 149, 458 ]
4441 / 4950: [ 0, 0, 0, 0, 0 ], [ 13, 2310, 149, 458 ]
4442 / 4950: [ 0, 0, 0, 0, 0 ], [ 13, 2310, 149, 458 ]
4443 / 4950: [ 0, 1, 0, 0, 0 ], [ 13, 2311, 149, 458 ]
4444 / 4950: [ 0, 1, 0, 0, 0 ], [ 13, 2312, 149, 458 ]
4445 / 4950: [ 0, 0, 0, 0, 0 ], [ 13, 2312, 149, 458 ]
4446 / 4950: [ 0, 1, 0, 0, 0 ], [ 13, 2313, 149, 458 ]
4447 / 4950: [ 0, 0, 0, 0, 0 ], [ 13, 2313, 149, 458 ]
4448 / 4950: [ 0, 0, 0, 1, 0 ], [ 13, 2313, 149, 459 ]
4449 / 4950: [ 0, 1, 0, 0, 0 ], [ 13, 2314, 149, 459 ]
4450 / 4950: [ 0, 1, 0, 0, 0 ], [ 13, 2315, 149, 459 ]
4451 / 4950: [ 0, 1, 0, 0, 0 ], [ 13, 2316, 149, 459 ]
4452 / 4950: [ 0, 1, 0, 0, 0 ], [ 13, 2317, 149, 459 ]
4453 / 4950: [ 0, 1, 0, 0, 0 ], [ 13, 2318, 149, 459 ]
4454 / 4950: [ 0, 1, 0, 0, 0 ], [ 13, 2319, 149, 459 ]
4455 / 4950: [ 0, 0, 1, 0, 0 ], [ 13, 2319, 150, 459 ]
4456 / 4950: [ 0, 1, 0, 0, 0 ], [ 13, 2320, 150, 459 ]
4457 / 4950: [ 0, 1, 0, 0, 0 ], [ 13, 2321, 150, 459 ]
4458 / 4950: [ 0, 1, 0, 0, 0 ], [ 13, 2322, 150, 459 ]
4459 / 4950: [ 0, 0, 1, 0, 0 ], [ 13, 2322, 151, 459 ]
4460 / 4950: [ 0, 0, 0, 0, 0 ], [ 13, 2322, 151, 459 ]
4461 / 4950: [ 0, 1, 0, 0, 0 ], [ 13, 2323, 151, 459 ]
4462 / 4950: [ 0, 0, 0, 0, 0 ], [ 13, 2323, 151, 459 ]
4463 / 4950: [ 0, 1, 0, 0, 0 ], [ 13, 2324, 151, 459 ]
4464 / 4950: [ 0, 1, 0, 0, 0 ], [ 13, 2325, 151, 459 ]
4465 / 4950: [ 0, 0, 0, 0, 0 ], [ 13, 2325, 151, 459 ]
4466 / 4950: [ 0, 0, 0, 0, 0 ], [ 13, 2325, 151, 459 ]
4467 / 4950: [ 0, 0, 1, 0, 0 ], [ 13, 2325, 152, 459 ]
4468 / 4950: [ 0, 0, 0, 0, 0 ], [ 13, 2325, 152, 459 ]
4469 / 4950: [ 0, 1, 0, 0, 0 ], [ 13, 2326, 152, 459 ]
4470 / 4950: [ 0, 1, 0, 0, 0 ], [ 13, 2327, 152, 459 ]
4471 / 4950: [ 0, 1, 0, 0, 0 ], [ 13, 2328, 152, 459 ]
4472 / 4950: [ 0, 0, 0, 0, 0 ], [ 13, 2328, 152, 459 ]
4473 / 4950: [ 0, 1, 0, 0, 0 ], [ 13, 2329, 152, 459 ]
4474 / 4950: [ 0, 0, 0, 0, 0 ], [ 13, 2329, 152, 459 ]
4475 / 4950: [ 0, 0, 0, 0, 0 ], [ 13, 2329, 152, 459 ]
4476 / 4950: [ 0, 0, 1, 0, 0 ], [ 13, 2329, 153, 459 ]
4477 / 4950: [ 0, 0, 0, 0, 0 ], [ 13, 2329, 153, 459 ]
4478 / 4950: [ 0, 1, 0, 0, 0 ], [ 13, 2330, 153, 459 ]
4479 / 4950: [ 0, 1, 0, 0, 0 ], [ 13, 2331, 153, 459 ]
4480 / 4950: [ 0, 1, 0, 0, 0 ], [ 13, 2332, 153, 459 ]
4481 / 4950: [ 0, 1, 0, 0, 0 ], [ 13, 2333, 153, 459 ]
4482 / 4950: [ 0, 0, 0, 0, 0 ], [ 13, 2333, 153, 459 ]
4483 / 4950: [ 0, 1, 0, 0, 0 ], [ 13, 2334, 153, 459 ]
4484 / 4950: [ 0, 1, 0, 0, 0 ], [ 13, 2335, 153, 459 ]
4485 / 4950: [ 0, 0, 0, 0, 0 ], [ 13, 2335, 153, 459 ]
4486 / 4950: [ 0, 1, 0, 0, 0 ], [ 13, 2336, 153, 459 ]
4487 / 4950: [ 0, 0, 0, 0, 0 ], [ 13, 2336, 153, 459 ]
4488 / 4950: [ 0, 0, 0, 0, 0 ], [ 13, 2336, 153, 459 ]
4489 / 4950: [ 0, 1, 0, 0, 0 ], [ 13, 2337, 153, 459 ]
4490 / 4950: [ 0, 0, 0, 0, 0 ], [ 13, 2337, 153, 459 ]
4491 / 4950: [ 0, 0, 0, 0, 0 ], [ 13, 2337, 153, 459 ]
4492 / 4950: [ 0, 0, 0, 1, 0 ], [ 13, 2337, 153, 460 ]
4493 / 4950: [ 0, 1, 0, 0, 0 ], [ 13, 2338, 153, 460 ]
4494 / 4950: [ 0, 0, 0, 0, 0 ], [ 13, 2338, 153, 460 ]
4495 / 4950: [ 0, 1, 0, 0, 0 ], [ 13, 2339, 153, 460 ]
4496 / 4950: [ 0, 1, 0, 0, 0 ], [ 13, 2340, 153, 460 ]
4497 / 4950: [ 0, 0, 0, 0, 0 ], [ 13, 2340, 153, 460 ]
4498 / 4950: [ 0, 1, 0, 0, 0 ], [ 13, 2341, 153, 460 ]
4499 / 4950: [ 0, 0, 1, 0, 0 ], [ 13, 2341, 154, 460 ]
4500 / 4950: [ 0, 1, 0, 0, 0 ], [ 13, 2342, 154, 460 ]
4501 / 4950: [ 0, 1, 0, 0, 0 ], [ 13, 2343, 154, 460 ]
4502 / 4950: [ 0, 1, 0, 0, 0 ], [ 13, 2344, 154, 460 ]
4503 / 4950: [ 0, 0, 0, 0, 0 ], [ 13, 2344, 154, 460 ]
4504 / 4950: [ 0, 0, 1, 0, 0 ], [ 13, 2344, 155, 460 ]
4505 / 4950: [ 0, 0, 0, 0, 0 ], [ 13, 2344, 155, 460 ]
4506 / 4950: [ 0, 0, 0, 0, 0 ], [ 13, 2344, 155, 460 ]
4507 / 4950: [ 0, 0, 0, 0, 0 ], [ 13, 2344, 155, 460 ]
4508 / 4950: [ 0, 1, 0, 0, 0 ], [ 13, 2345, 155, 460 ]
4509 / 4950: [ 0, 1, 0, 0, 0 ], [ 13, 2346, 155, 460 ]
4510 / 4950: [ 0, 0, 0, 0, 0 ], [ 13, 2346, 155, 460 ]
4511 / 4950: [ 0, 1, 0, 0, 0 ], [ 13, 2347, 155, 460 ]
4512 / 4950: [ 0, 1, 0, 0, 0 ], [ 13, 2348, 155, 460 ]
4513 / 4950: [ 0, 0, 0, 0, 0 ], [ 13, 2348, 155, 460 ]
4514 / 4950: [ 0, 0, 0, 0, 0 ], [ 13, 2348, 155, 460 ]
4515 / 4950: [ 0, 0, 0, 0, 0 ], [ 13, 2348, 155, 460 ]
4516 / 4950: [ 0, 0, 0, 0, 0 ], [ 13, 2348, 155, 460 ]
4517 / 4950: [ 0, 0, 0, 0, 0 ], [ 13, 2348, 155, 460 ]
4518 / 4950: [ 0, 0, 0, 0, 0 ], [ 13, 2348, 155, 460 ]
4519 / 4950: [ 0, 0, 0, 0, 0 ], [ 13, 2348, 155, 460 ]
4520 / 4950: [ 0, 0, 0, 0, 0 ], [ 13, 2348, 155, 460 ]
4521 / 4950: [ 0, 0, 0, 0, 0 ], [ 13, 2348, 155, 460 ]
4522 / 4950: [ 0, 0, 0, 0, 0 ], [ 13, 2348, 155, 460 ]
4523 / 4950: [ 0, 1, 0, 0, 0 ], [ 13, 2349, 155, 460 ]
4524 / 4950: [ 0, 1, 0, 0, 0 ], [ 13, 2350, 155, 460 ]
4525 / 4950: [ 0, 0, 0, 0, 0 ], [ 13, 2350, 155, 460 ]
4526 / 4950: [ 0, 0, 0, 0, 0 ], [ 13, 2350, 155, 460 ]
4527 / 4950: [ 0, 1, 0, 0, 0 ], [ 13, 2351, 155, 460 ]
4528 / 4950: [ 0, 0, 0, 0, 0 ], [ 13, 2351, 155, 460 ]
4529 / 4950: [ 0, 0, 0, 0, 0 ], [ 13, 2351, 155, 460 ]
4530 / 4950: [ 0, 1, 0, 0, 0 ], [ 13, 2352, 155, 460 ]
4531 / 4950: [ 0, 0, 1, 0, 0 ], [ 13, 2352, 156, 460 ]
4532 / 4950: [ 0, 1, 0, 0, 0 ], [ 13, 2353, 156, 460 ]
4533 / 4950: [ 0, 1, 0, 0, 0 ], [ 13, 2354, 156, 460 ]
4534 / 4950: [ 0, 1, 0, 0, 0 ], [ 13, 2355, 156, 460 ]
4535 / 4950: [ 0, 0, 0, 0, 0 ], [ 13, 2355, 156, 460 ]
4536 / 4950: [ 0, 1, 0, 0, 0 ], [ 13, 2356, 156, 460 ]
4537 / 4950: [ 0, 1, 0, 0, 0 ], [ 13, 2357, 156, 460 ]
4538 / 4950: [ 0, 1, 0, 0, 0 ], [ 13, 2358, 156, 460 ]
4539 / 4950: [ 0, 0, 0, 0, 0 ], [ 13, 2358, 156, 460 ]
4540 / 4950: [ 0, 1, 0, 0, 0 ], [ 13, 2359, 156, 460 ]
4541 / 4950: [ 0, 1, 0, 0, 0 ], [ 13, 2360, 156, 460 ]
4542 / 4950: [ 0, 0, 0, 0, 1 ], [ 13, 2360, 156, 461 ]
4543 / 4950: [ 0, 0, 0, 0, 1 ], [ 13, 2360, 156, 462 ]
4544 / 4950: [ 0, 0, 1, 0, 0 ], [ 13, 2360, 157, 462 ]
4545 / 4950: [ 0, 0, 1, 0, 0 ], [ 13, 2360, 158, 462 ]
4546 / 4950: [ 0, 1, 0, 0, 0 ], [ 13, 2361, 158, 462 ]
4547 / 4950: [ 0, 0, 0, 1, 0 ], [ 13, 2361, 158, 463 ]
4548 / 4950: [ 0, 1, 0, 0, 0 ], [ 13, 2362, 158, 463 ]
4549 / 4950: [ 0, 0, 0, 0, 0 ], [ 13, 2362, 158, 463 ]
4550 / 4950: [ 0, 0, 0, 0, 0 ], [ 13, 2362, 158, 463 ]
4551 / 4950: [ 0, 0, 0, 0, 0 ], [ 13, 2362, 158, 463 ]
4552 / 4950: [ 0, 1, 0, 0, 0 ], [ 13, 2363, 158, 463 ]
4553 / 4950: [ 0, 1, 0, 0, 0 ], [ 13, 2364, 158, 463 ]
4554 / 4950: [ 0, 0, 0, 0, 0 ], [ 13, 2364, 158, 463 ]
4555 / 4950: [ 0, 0, 0, 0, 0 ], [ 13, 2364, 158, 463 ]
4556 / 4950: [ 0, 1, 0, 0, 0 ], [ 13, 2365, 158, 463 ]
4557 / 4950: [ 0, 1, 0, 0, 0 ], [ 13, 2366, 158, 463 ]
4558 / 4950: [ 0, 1, 0, 0, 0 ], [ 13, 2367, 158, 463 ]
4559 / 4950: [ 0, 0, 0, 0, 0 ], [ 13, 2367, 158, 463 ]
4560 / 4950: [ 0, 0, 0, 0, 0 ], [ 13, 2367, 158, 463 ]
4561 / 4950: [ 0, 1, 0, 0, 0 ], [ 13, 2368, 158, 463 ]
4562 / 4950: [ 0, 1, 0, 0, 0 ], [ 13, 2369, 158, 463 ]
4563 / 4950: [ 0, 1, 0, 0, 0 ], [ 13, 2370, 158, 463 ]
4564 / 4950: [ 0, 1, 0, 0, 0 ], [ 13, 2371, 158, 463 ]
4565 / 4950: [ 0, 1, 0, 0, 0 ], [ 13, 2372, 158, 463 ]
4566 / 4950: [ 0, 1, 0, 0, 0 ], [ 13, 2373, 158, 463 ]
4567 / 4950: [ 0, 1, 0, 0, 0 ], [ 13, 2374, 158, 463 ]
4568 / 4950: [ 0, 1, 0, 0, 0 ], [ 13, 2375, 158, 463 ]
4569 / 4950: [ 0, 1, 0, 0, 0 ], [ 13, 2376, 158, 463 ]
4570 / 4950: [ 0, 0, 0, 0, 0 ], [ 13, 2376, 158, 463 ]
4571 / 4950: [ 0, 1, 0, 0, 0 ], [ 13, 2377, 158, 463 ]
4572 / 4950: [ 0, 1, 0, 0, 0 ], [ 13, 2378, 158, 463 ]
4573 / 4950: [ 0, 1, 0, 0, 0 ], [ 13, 2379, 158, 463 ]
4574 / 4950: [ 0, 1, 0, 0, 0 ], [ 13, 2380, 158, 463 ]
4575 / 4950: [ 0, 1, 0, 0, 0 ], [ 13, 2381, 158, 463 ]
4576 / 4950: [ 0, 0, 0, 0, 0 ], [ 13, 2381, 158, 463 ]
4577 / 4950: [ 0, 0, 0, 0, 0 ], [ 13, 2381, 158, 463 ]
4578 / 4950: [ 0, 0, 0, 0, 0 ], [ 13, 2381, 158, 463 ]
4579 / 4950: [ 0, 0, 1, 0, 0 ], [ 13, 2381, 159, 463 ]
4580 / 4950: [ 0, 1, 0, 0, 0 ], [ 13, 2382, 159, 463 ]
4581 / 4950: [ 0, 1, 0, 0, 0 ], [ 13, 2383, 159, 463 ]
4582 / 4950: [ 0, 1, 0, 0, 0 ], [ 13, 2384, 159, 463 ]
4583 / 4950: [ 0, 0, 0, 0, 0 ], [ 13, 2384, 159, 463 ]
4584 / 4950: [ 0, 0, 0, 0, 0 ], [ 13, 2384, 159, 463 ]
4585 / 4950: [ 0, 0, 0, 1, 0 ], [ 13, 2384, 159, 464 ]
4586 / 4950: [ 0, 0, 0, 0, 0 ], [ 13, 2384, 159, 464 ]
4587 / 4950: [ 0, 0, 0, 0, 0 ], [ 13, 2384, 159, 464 ]
4588 / 4950: [ 0, 0, 0, 0, 0 ], [ 13, 2384, 159, 464 ]
4589 / 4950: [ 0, 1, 0, 0, 0 ], [ 13, 2385, 159, 464 ]
4590 / 4950: [ 0, 0, 1, 0, 0 ], [ 13, 2385, 160, 464 ]
4591 / 4950: [ 0, 0, 0, 0, 0 ], [ 13, 2385, 160, 464 ]
4592 / 4950: [ 0, 0, 0, 0, 0 ], [ 13, 2385, 160, 464 ]
4593 / 4950: [ 0, 1, 0, 0, 0 ], [ 13, 2386, 160, 464 ]
4594 / 4950: [ 0, 1, 0, 0, 0 ], [ 13, 2387, 160, 464 ]
4595 / 4950: [ 0, 1, 0, 0, 0 ], [ 13, 2388, 160, 464 ]
4596 / 4950: [ 0, 1, 0, 0, 0 ], [ 13, 2389, 160, 464 ]
4597 / 4950: [ 0, 1, 0, 0, 0 ], [ 13, 2390, 160, 464 ]
4598 / 4950: [ 0, 1, 0, 0, 0 ], [ 13, 2391, 160, 464 ]
4599 / 4950: [ 0, 1, 0, 0, 0 ], [ 13, 2392, 160, 464 ]
4600 / 4950: [ 0, 0, 0, 0, 0 ], [ 13, 2392, 160, 464 ]
4601 / 4950: [ 0, 0, 0, 0, 0 ], [ 13, 2392, 160, 464 ]
4602 / 4950: [ 0, 0, 0, 0, 0 ], [ 13, 2392, 160, 464 ]
4603 / 4950: [ 0, 0, 1, 0, 0 ], [ 13, 2392, 161, 464 ]
4604 / 4950: [ 0, 1, 0, 0, 0 ], [ 13, 2393, 161, 464 ]
4605 / 4950: [ 0, 1, 0, 0, 0 ], [ 13, 2394, 161, 464 ]
4606 / 4950: [ 0, 1, 0, 0, 0 ], [ 13, 2395, 161, 464 ]
4607 / 4950: [ 0, 1, 0, 0, 0 ], [ 13, 2396, 161, 464 ]
4608 / 4950: [ 0, 1, 0, 0, 0 ], [ 13, 2397, 161, 464 ]
4609 / 4950: [ 0, 1, 0, 0, 0 ], [ 13, 2398, 161, 464 ]
4610 / 4950: [ 0, 1, 0, 0, 0 ], [ 13, 2399, 161, 464 ]
4611 / 4950: [ 0, 1, 0, 0, 0 ], [ 13, 2400, 161, 464 ]
4612 / 4950: [ 0, 0, 1, 0, 0 ], [ 13, 2400, 162, 464 ]
4613 / 4950: [ 0, 1, 0, 0, 0 ], [ 13, 2401, 162, 464 ]
4614 / 4950: [ 0, 1, 0, 0, 0 ], [ 13, 2402, 162, 464 ]
4615 / 4950: [ 0, 0, 0, 0, 0 ], [ 13, 2402, 162, 464 ]
4616 / 4950: [ 0, 0, 0, 0, 0 ], [ 13, 2402, 162, 464 ]
4617 / 4950: [ 0, 0, 0, 0, 0 ], [ 13, 2402, 162, 464 ]
4618 / 4950: [ 0, 0, 0, 1, 0 ], [ 13, 2402, 162, 465 ]
4619 / 4950: [ 0, 1, 0, 0, 0 ], [ 13, 2403, 162, 465 ]
4620 / 4950: [ 0, 0, 0, 0, 0 ], [ 13, 2403, 162, 465 ]
4621 / 4950: [ 0, 0, 0, 0, 0 ], [ 13, 2403, 162, 465 ]
4622 / 4950: [ 0, 0, 0, 0, 0 ], [ 13, 2403, 162, 465 ]
4623 / 4950: [ 0, 1, 0, 0, 0 ], [ 13, 2404, 162, 465 ]
4624 / 4950: [ 0, 1, 0, 0, 0 ], [ 13, 2405, 162, 465 ]
4625 / 4950: [ 0, 1, 0, 0, 0 ], [ 13, 2406, 162, 465 ]
4626 / 4950: [ 0, 1, 0, 0, 0 ], [ 13, 2407, 162, 465 ]
4627 / 4950: [ 0, 1, 0, 0, 0 ], [ 13, 2408, 162, 465 ]
4628 / 4950: [ 0, 0, 0, 0, 0 ], [ 13, 2408, 162, 465 ]
4629 / 4950: [ 0, 1, 0, 0, 0 ], [ 13, 2409, 162, 465 ]
4630 / 4950: [ 0, 0, 0, 0, 0 ], [ 13, 2409, 162, 465 ]
4631 / 4950: [ 0, 1, 0, 0, 0 ], [ 13, 2410, 162, 465 ]
4632 / 4950: [ 0, 1, 0, 0, 0 ], [ 13, 2411, 162, 465 ]
4633 / 4950: [ 0, 1, 0, 0, 0 ], [ 13, 2412, 162, 465 ]
4634 / 4950: [ 0, 0, 1, 0, 0 ], [ 13, 2412, 163, 465 ]
4635 / 4950: [ 0, 1, 0, 0, 0 ], [ 13, 2413, 163, 465 ]
4636 / 4950: [ 0, 1, 0, 0, 0 ], [ 13, 2414, 163, 465 ]
4637 / 4950: [ 0, 0, 0, 1, 0 ], [ 13, 2414, 163, 466 ]
4638 / 4950: [ 0, 0, 1, 0, 0 ], [ 13, 2414, 164, 466 ]
4639 / 4950: [ 0, 1, 0, 0, 0 ], [ 13, 2415, 164, 466 ]
4640 / 4950: [ 0, 1, 0, 0, 0 ], [ 13, 2416, 164, 466 ]
4641 / 4950: [ 0, 1, 0, 0, 0 ], [ 13, 2417, 164, 466 ]
4642 / 4950: [ 0, 1, 0, 0, 0 ], [ 13, 2418, 164, 466 ]
4643 / 4950: [ 0, 1, 0, 0, 0 ], [ 13, 2419, 164, 466 ]
4644 / 4950: [ 0, 0, 0, 1, 0 ], [ 13, 2419, 164, 467 ]
4645 / 4950: [ 0, 1, 0, 0, 0 ], [ 13, 2420, 164, 467 ]
4646 / 4950: [ 0, 0, 0, 0, 0 ], [ 13, 2420, 164, 467 ]
4647 / 4950: [ 0, 1, 0, 0, 0 ], [ 13, 2421, 164, 467 ]
4648 / 4950: [ 0, 1, 0, 0, 0 ], [ 13, 2422, 164, 467 ]
4649 / 4950: [ 0, 0, 0, 0, 0 ], [ 13, 2422, 164, 467 ]
4650 / 4950: [ 0, 1, 0, 0, 0 ], [ 13, 2423, 164, 467 ]
4651 / 4950: [ 0, 0, 0, 0, 0 ], [ 13, 2423, 164, 467 ]
4652 / 4950: [ 0, 1, 0, 0, 0 ], [ 13, 2424, 164, 467 ]
4653 / 4950: [ 0, 1, 0, 0, 0 ], [ 13, 2425, 164, 467 ]
4654 / 4950: [ 0, 1, 0, 0, 0 ], [ 13, 2426, 164, 467 ]
4655 / 4950: [ 0, 1, 0, 0, 0 ], [ 13, 2427, 164, 467 ]
4656 / 4950: [ 0, 0, 1, 0, 0 ], [ 13, 2427, 165, 467 ]
4657 / 4950: [ 0, 0, 0, 1, 0 ], [ 13, 2427, 165, 468 ]
4658 / 4950: [ 0, 1, 0, 0, 0 ], [ 13, 2428, 165, 468 ]
4659 / 4950: [ 0, 1, 0, 0, 0 ], [ 13, 2429, 165, 468 ]
4660 / 4950: [ 0, 1, 0, 0, 0 ], [ 13, 2430, 165, 468 ]
4661 / 4950: [ 0, 1, 0, 0, 0 ], [ 13, 2431, 165, 468 ]
4662 / 4950: [ 0, 1, 0, 0, 0 ], [ 13, 2432, 165, 468 ]
4663 / 4950: [ 0, 1, 0, 0, 0 ], [ 13, 2433, 165, 468 ]
4664 / 4950: [ 0, 1, 0, 0, 0 ], [ 13, 2434, 165, 468 ]
4665 / 4950: [ 0, 1, 0, 0, 0 ], [ 13, 2435, 165, 468 ]
4666 / 4950: [ 0, 1, 0, 0, 0 ], [ 13, 2436, 165, 468 ]
4667 / 4950: [ 0, 1, 0, 0, 0 ], [ 13, 2437, 165, 468 ]
4668 / 4950: [ 0, 1, 0, 0, 0 ], [ 13, 2438, 165, 468 ]
4669 / 4950: [ 0, 0, 0, 1, 0 ], [ 13, 2438, 165, 469 ]
4670 / 4950: [ 0, 1, 0, 0, 0 ], [ 13, 2439, 165, 469 ]
4671 / 4950: [ 0, 0, 0, 1, 0 ], [ 13, 2439, 165, 470 ]
4672 / 4950: [ 0, 1, 0, 0, 0 ], [ 13, 2440, 165, 470 ]
4673 / 4950: [ 0, 0, 0, 1, 0 ], [ 13, 2440, 165, 471 ]
4674 / 4950: [ 0, 0, 0, 1, 0 ], [ 13, 2440, 165, 472 ]
4675 / 4950: [ 0, 1, 0, 0, 0 ], [ 13, 2441, 165, 472 ]
4676 / 4950: [ 0, 0, 0, 0, 0 ], [ 13, 2441, 165, 472 ]
4677 / 4950: [ 0, 1, 0, 0, 0 ], [ 13, 2442, 165, 472 ]
4678 / 4950: [ 0, 1, 0, 0, 0 ], [ 13, 2443, 165, 472 ]
4679 / 4950: [ 0, 0, 0, 0, 0 ], [ 13, 2443, 165, 472 ]
4680 / 4950: [ 0, 0, 0, 1, 0 ], [ 13, 2443, 165, 473 ]
4681 / 4950: [ 0, 0, 0, 1, 0 ], [ 13, 2443, 165, 474 ]
4682 / 4950: [ 0, 1, 0, 0, 0 ], [ 13, 2444, 165, 474 ]
4683 / 4950: [ 0, 0, 0, 0, 0 ], [ 13, 2444, 165, 474 ]
4684 / 4950: [ 0, 0, 0, 0, 0 ], [ 13, 2444, 165, 474 ]
4685 / 4950: [ 0, 1, 0, 0, 0 ], [ 13, 2445, 165, 474 ]
4686 / 4950: [ 0, 1, 0, 0, 0 ], [ 13, 2446, 165, 474 ]
4687 / 4950: [ 0, 1, 0, 0, 0 ], [ 13, 2447, 165, 474 ]
4688 / 4950: [ 0, 0, 0, 0, 0 ], [ 13, 2447, 165, 474 ]
4689 / 4950: [ 0, 1, 0, 0, 0 ], [ 13, 2448, 165, 474 ]
4690 / 4950: [ 0, 1, 0, 0, 0 ], [ 13, 2449, 165, 474 ]
4691 / 4950: [ 0, 1, 0, 0, 0 ], [ 13, 2450, 165, 474 ]
4692 / 4950: [ 0, 1, 0, 0, 0 ], [ 13, 2451, 165, 474 ]
4693 / 4950: [ 0, 0, 0, 1, 0 ], [ 13, 2451, 165, 475 ]
4694 / 4950: [ 0, 0, 0, 1, 0 ], [ 13, 2451, 165, 476 ]
4695 / 4950: [ 0, 0, 1, 0, 0 ], [ 13, 2451, 166, 476 ]
4696 / 4950: [ 0, 0, 0, 0, 0 ], [ 13, 2451, 166, 476 ]
4697 / 4950: [ 0, 1, 0, 0, 0 ], [ 13, 2452, 166, 476 ]
4698 / 4950: [ 0, 1, 0, 0, 0 ], [ 13, 2453, 166, 476 ]
4699 / 4950: [ 0, 1, 0, 0, 0 ], [ 13, 2454, 166, 476 ]
4700 / 4950: [ 0, 1, 0, 0, 0 ], [ 13, 2455, 166, 476 ]
4701 / 4950: [ 0, 1, 0, 0, 0 ], [ 13, 2456, 166, 476 ]
4702 / 4950: [ 0, 0, 0, 1, 0 ], [ 13, 2456, 166, 477 ]
4703 / 4950: [ 0, 0, 1, 0, 0 ], [ 13, 2456, 167, 477 ]
4704 / 4950: [ 0, 0, 0, 1, 0 ], [ 13, 2456, 167, 478 ]
4705 / 4950: [ 0, 1, 0, 0, 0 ], [ 13, 2457, 167, 478 ]
4706 / 4950: [ 0, 0, 0, 1, 0 ], [ 13, 2457, 167, 479 ]
4707 / 4950: [ 0, 1, 0, 0, 0 ], [ 13, 2458, 167, 479 ]
4708 / 4950: [ 0, 0, 0, 1, 0 ], [ 13, 2458, 167, 480 ]
4709 / 4950: [ 0, 1, 0, 0, 0 ], [ 13, 2459, 167, 480 ]
4710 / 4950: [ 0, 0, 0, 1, 0 ], [ 13, 2459, 167, 481 ]
4711 / 4950: [ 0, 0, 0, 0, 0 ], [ 13, 2459, 167, 481 ]
4712 / 4950: [ 0, 0, 0, 0, 0 ], [ 13, 2459, 167, 481 ]
4713 / 4950: [ 0, 0, 0, 0, 0 ], [ 13, 2459, 167, 481 ]
4714 / 4950: [ 0, 0, 0, 1, 0 ], [ 13, 2459, 167, 482 ]
4715 / 4950: [ 0, 1, 0, 0, 0 ], [ 13, 2460, 167, 482 ]
4716 / 4950: [ 0, 0, 0, 0, 0 ], [ 13, 2460, 167, 482 ]
4717 / 4950: [ 0, 0, 0, 0, 0 ], [ 13, 2460, 167, 482 ]
4718 / 4950: [ 0, 1, 0, 0, 0 ], [ 13, 2461, 167, 482 ]
4719 / 4950: [ 0, 0, 0, 1, 0 ], [ 13, 2461, 167, 483 ]
4720 / 4950: [ 0, 0, 0, 1, 0 ], [ 13, 2461, 167, 484 ]
4721 / 4950: [ 0, 1, 0, 0, 0 ], [ 13, 2462, 167, 484 ]
4722 / 4950: [ 0, 1, 0, 0, 0 ], [ 13, 2463, 167, 484 ]
4723 / 4950: [ 0, 0, 0, 1, 0 ], [ 13, 2463, 167, 485 ]
4724 / 4950: [ 0, 0, 0, 1, 0 ], [ 13, 2463, 167, 486 ]
4725 / 4950: [ 0, 0, 0, 1, 0 ], [ 13, 2463, 167, 487 ]
4726 / 4950: [ 0, 1, 0, 0, 0 ], [ 13, 2464, 167, 487 ]
4727 / 4950: [ 0, 0, 0, 1, 0 ], [ 13, 2464, 167, 488 ]
4728 / 4950: [ 0, 0, 0, 1, 0 ], [ 13, 2464, 167, 489 ]
4729 / 4950: [ 0, 1, 0, 0, 0 ], [ 13, 2465, 167, 489 ]
4730 / 4950: [ 0, 1, 0, 0, 0 ], [ 13, 2466, 167, 489 ]
4731 / 4950: [ 0, 1, 0, 0, 0 ], [ 13, 2467, 167, 489 ]
4732 / 4950: [ 0, 1, 0, 0, 0 ], [ 13, 2468, 167, 489 ]
4733 / 4950: [ 0, 0, 0, 1, 0 ], [ 13, 2468, 167, 490 ]
4734 / 4950: [ 0, 1, 0, 0, 0 ], [ 13, 2469, 167, 490 ]
4735 / 4950: [ 0, 1, 0, 0, 0 ], [ 13, 2470, 167, 490 ]
4736 / 4950: [ 0, 1, 0, 0, 0 ], [ 13, 2471, 167, 490 ]
4737 / 4950: [ 0, 1, 0, 0, 0 ], [ 13, 2472, 167, 490 ]
4738 / 4950: [ 0, 0, 0, 1, 0 ], [ 13, 2472, 167, 491 ]
4739 / 4950: [ 0, 1, 0, 0, 0 ], [ 13, 2473, 167, 491 ]
4740 / 4950: [ 0, 0, 0, 0, 0 ], [ 13, 2473, 167, 491 ]
4741 / 4950: [ 0, 1, 0, 0, 0 ], [ 13, 2474, 167, 491 ]
4742 / 4950: [ 0, 1, 0, 0, 0 ], [ 13, 2475, 167, 491 ]
4743 / 4950: [ 0, 0, 0, 1, 0 ], [ 13, 2475, 167, 492 ]
4744 / 4950: [ 0, 0, 0, 0, 0 ], [ 13, 2475, 167, 492 ]
4745 / 4950: [ 0, 0, 0, 1, 0 ], [ 13, 2475, 167, 493 ]
4746 / 4950: [ 0, 1, 0, 0, 0 ], [ 13, 2476, 167, 493 ]
4747 / 4950: [ 0, 0, 0, 1, 0 ], [ 13, 2476, 167, 494 ]
4748 / 4950: [ 0, 1, 0, 0, 0 ], [ 13, 2477, 167, 494 ]
4749 / 4950: [ 0, 1, 0, 0, 0 ], [ 13, 2478, 167, 494 ]
4750 / 4950: [ 0, 1, 0, 0, 0 ], [ 13, 2479, 167, 494 ]
4751 / 4950: [ 0, 1, 0, 0, 0 ], [ 13, 2480, 167, 494 ]
4752 / 4950: [ 0, 0, 0, 1, 0 ], [ 13, 2480, 167, 495 ]
4753 / 4950: [ 0, 1, 0, 0, 0 ], [ 13, 2481, 167, 495 ]
4754 / 4950: [ 0, 1, 0, 0, 0 ], [ 13, 2482, 167, 495 ]
4755 / 4950: [ 0, 1, 0, 0, 0 ], [ 13, 2483, 167, 495 ]
4756 / 4950: [ 0, 1, 0, 0, 0 ], [ 13, 2484, 167, 495 ]
4757 / 4950: [ 0, 1, 0, 0, 0 ], [ 13, 2485, 167, 495 ]
4758 / 4950: [ 0, 1, 0, 0, 0 ], [ 13, 2486, 167, 495 ]
4759 / 4950: [ 0, 1, 0, 0, 0 ], [ 13, 2487, 167, 495 ]
4760 / 4950: [ 0, 0, 0, 0, 0 ], [ 13, 2487, 167, 495 ]
4761 / 4950: [ 0, 1, 0, 0, 0 ], [ 13, 2488, 167, 495 ]
4762 / 4950: [ 0, 1, 0, 0, 0 ], [ 13, 2489, 167, 495 ]
4763 / 4950: [ 0, 0, 0, 0, 0 ], [ 13, 2489, 167, 495 ]
4764 / 4950: [ 0, 1, 0, 0, 0 ], [ 13, 2490, 167, 495 ]
4765 / 4950: [ 0, 1, 0, 0, 0 ], [ 13, 2491, 167, 495 ]
4766 / 4950: [ 0, 1, 0, 0, 0 ], [ 13, 2492, 167, 495 ]
4767 / 4950: [ 0, 1, 0, 0, 0 ], [ 13, 2493, 167, 495 ]
4768 / 4950: [ 0, 1, 0, 0, 0 ], [ 13, 2494, 167, 495 ]
4769 / 4950: [ 0, 0, 0, 0, 0 ], [ 13, 2494, 167, 495 ]
4770 / 4950: [ 0, 0, 1, 0, 0 ], [ 13, 2494, 168, 495 ]
4771 / 4950: [ 0, 0, 0, 0, 0 ], [ 13, 2494, 168, 495 ]
4772 / 4950: [ 0, 0, 0, 0, 0 ], [ 13, 2494, 168, 495 ]
4773 / 4950: [ 0, 1, 0, 0, 0 ], [ 13, 2495, 168, 495 ]
4774 / 4950: [ 0, 1, 0, 0, 0 ], [ 13, 2496, 168, 495 ]
4775 / 4950: [ 0, 1, 0, 0, 0 ], [ 13, 2497, 168, 495 ]
4776 / 4950: [ 0, 1, 0, 0, 0 ], [ 13, 2498, 168, 495 ]
4777 / 4950: [ 0, 0, 0, 0, 0 ], [ 13, 2498, 168, 495 ]
4778 / 4950: [ 0, 0, 0, 1, 0 ], [ 13, 2498, 168, 496 ]
4779 / 4950: [ 0, 0, 0, 0, 0 ], [ 13, 2498, 168, 496 ]
4780 / 4950: [ 0, 0, 0, 1, 0 ], [ 13, 2498, 168, 497 ]
4781 / 4950: [ 0, 1, 0, 0, 0 ], [ 13, 2499, 168, 497 ]
4782 / 4950: [ 0, 1, 0, 0, 0 ], [ 13, 2500, 168, 497 ]
4783 / 4950: [ 0, 0, 1, 0, 0 ], [ 13, 2500, 169, 497 ]
4784 / 4950: [ 0, 0, 0, 0, 0 ], [ 13, 2500, 169, 497 ]
4785 / 4950: [ 0, 1, 0, 0, 0 ], [ 13, 2501, 169, 497 ]
4786 / 4950: [ 0, 1, 0, 0, 0 ], [ 13, 2502, 169, 497 ]
4787 / 4950: [ 0, 1, 0, 0, 0 ], [ 13, 2503, 169, 497 ]
4788 / 4950: [ 0, 1, 0, 0, 0 ], [ 13, 2504, 169, 497 ]
4789 / 4950: [ 0, 1, 0, 0, 0 ], [ 13, 2505, 169, 497 ]
4790 / 4950: [ 0, 1, 0, 0, 0 ], [ 13, 2506, 169, 497 ]
4791 / 4950: [ 0, 0, 0, 0, 0 ], [ 13, 2506, 169, 497 ]
4792 / 4950: [ 0, 1, 0, 0, 0 ], [ 13, 2507, 169, 497 ]
4793 / 4950: [ 0, 0, 0, 0, 0 ], [ 13, 2507, 169, 497 ]
4794 / 4950: [ 0, 0, 1, 0, 0 ], [ 13, 2507, 170, 497 ]
4795 / 4950: [ 0, 0, 0, 0, 0 ], [ 13, 2507, 170, 497 ]
4796 / 4950: [ 0, 0, 0, 0, 0 ], [ 13, 2507, 170, 497 ]
4797 / 4950: [ 0, 1, 0, 0, 0 ], [ 13, 2508, 170, 497 ]
4798 / 4950: [ 0, 1, 0, 0, 0 ], [ 13, 2509, 170, 497 ]
4799 / 4950: [ 0, 0, 0, 0, 0 ], [ 13, 2509, 170, 497 ]
4800 / 4950: [ 0, 1, 0, 0, 0 ], [ 13, 2510, 170, 497 ]
4801 / 4950: [ 0, 1, 0, 0, 0 ], [ 13, 2511, 170, 497 ]
4802 / 4950: [ 0, 1, 0, 0, 0 ], [ 13, 2512, 170, 497 ]
4803 / 4950: [ 0, 1, 0, 0, 0 ], [ 13, 2513, 170, 497 ]
4804 / 4950: [ 0, 1, 0, 0, 0 ], [ 13, 2514, 170, 497 ]
4805 / 4950: [ 0, 1, 0, 0, 0 ], [ 13, 2515, 170, 497 ]
4806 / 4950: [ 0, 1, 0, 0, 0 ], [ 13, 2516, 170, 497 ]
4807 / 4950: [ 0, 1, 0, 0, 0 ], [ 13, 2517, 170, 497 ]
4808 / 4950: [ 0, 1, 0, 0, 0 ], [ 13, 2518, 170, 497 ]
4809 / 4950: [ 0, 1, 0, 0, 0 ], [ 13, 2519, 170, 497 ]
4810 / 4950: [ 0, 0, 1, 0, 0 ], [ 13, 2519, 171, 497 ]
4811 / 4950: [ 0, 0, 1, 0, 0 ], [ 13, 2519, 172, 497 ]
4812 / 4950: [ 0, 1, 0, 0, 0 ], [ 13, 2520, 172, 497 ]
4813 / 4950: [ 0, 0, 0, 0, 0 ], [ 13, 2520, 172, 497 ]
4814 / 4950: [ 0, 0, 0, 1, 0 ], [ 13, 2520, 172, 498 ]
4815 / 4950: [ 0, 0, 0, 0, 0 ], [ 13, 2520, 172, 498 ]
4816 / 4950: [ 0, 1, 0, 0, 0 ], [ 13, 2521, 172, 498 ]
4817 / 4950: [ 0, 1, 0, 0, 0 ], [ 13, 2522, 172, 498 ]
4818 / 4950: [ 0, 1, 0, 0, 0 ], [ 13, 2523, 172, 498 ]
4819 / 4950: [ 0, 1, 0, 0, 0 ], [ 13, 2524, 172, 498 ]
4820 / 4950: [ 0, 1, 0, 0, 0 ], [ 13, 2525, 172, 498 ]
4821 / 4950: [ 0, 0, 0, 0, 0 ], [ 13, 2525, 172, 498 ]
4822 / 4950: [ 0, 1, 0, 0, 0 ], [ 13, 2526, 172, 498 ]
4823 / 4950: [ 0, 0, 0, 0, 0 ], [ 13, 2526, 172, 498 ]
4824 / 4950: [ 0, 1, 0, 0, 0 ], [ 13, 2527, 172, 498 ]
4825 / 4950: [ 0, 1, 0, 0, 0 ], [ 13, 2528, 172, 498 ]
4826 / 4950: [ 0, 1, 0, 0, 0 ], [ 13, 2529, 172, 498 ]
4827 / 4950: [ 0, 0, 0, 0, 0 ], [ 13, 2529, 172, 498 ]
4828 / 4950: [ 0, 1, 0, 0, 0 ], [ 13, 2530, 172, 498 ]
4829 / 4950: [ 0, 1, 0, 0, 0 ], [ 13, 2531, 172, 498 ]
4830 / 4950: [ 0, 1, 0, 0, 0 ], [ 13, 2532, 172, 498 ]
4831 / 4950: [ 0, 1, 0, 0, 0 ], [ 13, 2533, 172, 498 ]
4832 / 4950: [ 0, 1, 0, 0, 0 ], [ 13, 2534, 172, 498 ]
4833 / 4950: [ 0, 1, 0, 0, 0 ], [ 13, 2535, 172, 498 ]
4834 / 4950: [ 0, 1, 0, 0, 0 ], [ 13, 2536, 172, 498 ]
4835 / 4950: [ 0, 1, 0, 0, 0 ], [ 13, 2537, 172, 498 ]
4836 / 4950: [ 0, 1, 0, 0, 0 ], [ 13, 2538, 172, 498 ]
4837 / 4950: [ 0, 0, 0, 1, 0 ], [ 13, 2538, 172, 499 ]
4838 / 4950: [ 0, 1, 0, 0, 0 ], [ 13, 2539, 172, 499 ]
4839 / 4950: [ 0, 0, 0, 0, 0 ], [ 13, 2539, 172, 499 ]
4840 / 4950: [ 0, 1, 0, 0, 0 ], [ 13, 2540, 172, 499 ]
4841 / 4950: [ 0, 1, 0, 0, 0 ], [ 13, 2541, 172, 499 ]
4842 / 4950: [ 0, 0, 0, 0, 0 ], [ 13, 2541, 172, 499 ]
4843 / 4950: [ 0, 1, 0, 0, 0 ], [ 13, 2542, 172, 499 ]
4844 / 4950: [ 0, 1, 0, 0, 0 ], [ 13, 2543, 172, 499 ]
4845 / 4950: [ 0, 1, 0, 0, 0 ], [ 13, 2544, 172, 499 ]
4846 / 4950: [ 0, 1, 0, 0, 0 ], [ 13, 2545, 172, 499 ]
4847 / 4950: [ 0, 0, 0, 0, 0 ], [ 13, 2545, 172, 499 ]
4848 / 4950: [ 0, 1, 0, 0, 0 ], [ 13, 2546, 172, 499 ]
4849 / 4950: [ 0, 0, 0, 0, 0 ], [ 13, 2546, 172, 499 ]
4850 / 4950: [ 0, 1, 0, 0, 0 ], [ 13, 2547, 172, 499 ]
4851 / 4950: [ 0, 1, 0, 0, 0 ], [ 13, 2548, 172, 499 ]
4852 / 4950: [ 0, 1, 0, 0, 0 ], [ 13, 2549, 172, 499 ]
4853 / 4950: [ 0, 1, 0, 0, 0 ], [ 13, 2550, 172, 499 ]
4854 / 4950: [ 0, 1, 0, 0, 0 ], [ 13, 2551, 172, 499 ]
4855 / 4950: [ 0, 0, 0, 0, 0 ], [ 13, 2551, 172, 499 ]
4856 / 4950: [ 0, 1, 0, 0, 0 ], [ 13, 2552, 172, 499 ]
4857 / 4950: [ 0, 1, 0, 0, 0 ], [ 13, 2553, 172, 499 ]
4858 / 4950: [ 0, 0, 0, 0, 0 ], [ 13, 2553, 172, 499 ]
4859 / 4950: [ 0, 0, 0, 0, 0 ], [ 13, 2553, 172, 499 ]
4860 / 4950: [ 0, 1, 0, 0, 0 ], [ 13, 2554, 172, 499 ]
4861 / 4950: [ 0, 0, 0, 0, 0 ], [ 13, 2554, 172, 499 ]
4862 / 4950: [ 0, 1, 0, 0, 0 ], [ 13, 2555, 172, 499 ]
4863 / 4950: [ 0, 0, 0, 0, 0 ], [ 13, 2555, 172, 499 ]
4864 / 4950: [ 0, 1, 0, 0, 0 ], [ 13, 2556, 172, 499 ]
4865 / 4950: [ 0, 0, 0, 0, 0 ], [ 13, 2556, 172, 499 ]
4866 / 4950: [ 0, 1, 0, 0, 0 ], [ 13, 2557, 172, 499 ]
4867 / 4950: [ 0, 0, 0, 0, 0 ], [ 13, 2557, 172, 499 ]
4868 / 4950: [ 0, 0, 0, 0, 0 ], [ 13, 2557, 172, 499 ]
4869 / 4950: [ 0, 0, 0, 0, 0 ], [ 13, 2557, 172, 499 ]
4870 / 4950: [ 0, 0, 0, 0, 0 ], [ 13, 2557, 172, 499 ]
4871 / 4950: [ 0, 0, 0, 0, 0 ], [ 13, 2557, 172, 499 ]
4872 / 4950: [ 0, 0, 0, 0, 0 ], [ 13, 2557, 172, 499 ]
4873 / 4950: [ 0, 1, 0, 0, 0 ], [ 13, 2558, 172, 499 ]
4874 / 4950: [ 0, 0, 0, 0, 0 ], [ 13, 2558, 172, 499 ]
4875 / 4950: [ 0, 0, 0, 0, 0 ], [ 13, 2558, 172, 499 ]
4876 / 4950: [ 0, 0, 0, 1, 0 ], [ 13, 2558, 172, 500 ]
4877 / 4950: [ 0, 0, 0, 0, 0 ], [ 13, 2558, 172, 500 ]
4878 / 4950: [ 0, 0, 0, 0, 1 ], [ 13, 2558, 172, 501 ]
4879 / 4950: [ 0, 0, 1, 0, 0 ], [ 13, 2558, 173, 501 ]
4880 / 4950: [ 0, 0, 0, 0, 0 ], [ 13, 2558, 173, 501 ]
4881 / 4950: [ 0, 0, 0, 0, 0 ], [ 13, 2558, 173, 501 ]
4882 / 4950: [ 0, 0, 0, 0, 0 ], [ 13, 2558, 173, 501 ]
4883 / 4950: [ 0, 0, 0, 0, 0 ], [ 13, 2558, 173, 501 ]
4884 / 4950: [ 0, 1, 0, 0, 0 ], [ 13, 2559, 173, 501 ]
4885 / 4950: [ 0, 1, 0, 0, 0 ], [ 13, 2560, 173, 501 ]
4886 / 4950: [ 0, 1, 0, 0, 0 ], [ 13, 2561, 173, 501 ]
4887 / 4950: [ 0, 0, 0, 0, 0 ], [ 13, 2561, 173, 501 ]
4888 / 4950: [ 0, 1, 0, 0, 0 ], [ 13, 2562, 173, 501 ]
4889 / 4950: [ 0, 0, 0, 0, 0 ], [ 13, 2562, 173, 501 ]
4890 / 4950: [ 0, 1, 0, 0, 0 ], [ 13, 2563, 173, 501 ]
4891 / 4950: [ 0, 0, 0, 0, 0 ], [ 13, 2563, 173, 501 ]
4892 / 4950: [ 0, 0, 0, 0, 0 ], [ 13, 2563, 173, 501 ]
4893 / 4950: [ 0, 0, 0, 0, 0 ], [ 13, 2563, 173, 501 ]
4894 / 4950: [ 0, 0, 0, 0, 0 ], [ 13, 2563, 173, 501 ]
4895 / 4950: [ 0, 0, 0, 0, 0 ], [ 13, 2563, 173, 501 ]
4896 / 4950: [ 0, 1, 0, 0, 0 ], [ 13, 2564, 173, 501 ]
4897 / 4950: [ 0, 0, 0, 0, 0 ], [ 13, 2564, 173, 501 ]
4898 / 4950: [ 0, 1, 0, 0, 0 ], [ 13, 2565, 173, 501 ]
4899 / 4950: [ 0, 0, 0, 0, 0 ], [ 13, 2565, 173, 501 ]
4900 / 4950: [ 0, 1, 0, 0, 0 ], [ 13, 2566, 173, 501 ]
4901 / 4950: [ 0, 0, 0, 0, 0 ], [ 13, 2566, 173, 501 ]
4902 / 4950: [ 0, 1, 0, 0, 0 ], [ 13, 2567, 173, 501 ]
4903 / 4950: [ 0, 0, 0, 1, 0 ], [ 13, 2567, 173, 502 ]
4904 / 4950: [ 0, 1, 0, 0, 0 ], [ 13, 2568, 173, 502 ]
4905 / 4950: [ 0, 1, 0, 0, 0 ], [ 13, 2569, 173, 502 ]
4906 / 4950: [ 0, 0, 0, 0, 0 ], [ 13, 2569, 173, 502 ]
4907 / 4950: [ 0, 0, 0, 0, 0 ], [ 13, 2569, 173, 502 ]
4908 / 4950: [ 0, 0, 0, 0, 0 ], [ 13, 2569, 173, 502 ]
4909 / 4950: [ 0, 0, 0, 0, 0 ], [ 13, 2569, 173, 502 ]
4910 / 4950: [ 0, 0, 0, 0, 0 ], [ 13, 2569, 173, 502 ]
4911 / 4950: [ 0, 0, 0, 0, 0 ], [ 13, 2569, 173, 502 ]
4912 / 4950: [ 0, 0, 0, 0, 0 ], [ 13, 2569, 173, 502 ]
4913 / 4950: [ 0, 0, 0, 0, 0 ], [ 13, 2569, 173, 502 ]
4914 / 4950: [ 0, 0, 0, 0, 0 ], [ 13, 2569, 173, 502 ]
4915 / 4950: [ 0, 1, 0, 0, 0 ], [ 13, 2570, 173, 502 ]
4916 / 4950: [ 0, 1, 0, 0, 0 ], [ 13, 2571, 173, 502 ]
4917 / 4950: [ 0, 1, 0, 0, 0 ], [ 13, 2572, 173, 502 ]
4918 / 4950: [ 0, 1, 0, 0, 0 ], [ 13, 2573, 173, 502 ]
4919 / 4950: [ 0, 0, 0, 0, 0 ], [ 13, 2573, 173, 502 ]
4920 / 4950: [ 0, 1, 0, 0, 0 ], [ 13, 2574, 173, 502 ]
4921 / 4950: [ 0, 0, 0, 0, 0 ], [ 13, 2574, 173, 502 ]
4922 / 4950: [ 0, 0, 0, 0, 0 ], [ 13, 2574, 173, 502 ]
4923 / 4950: [ 0, 1, 0, 0, 0 ], [ 13, 2575, 173, 502 ]
4924 / 4950: [ 0, 1, 0, 0, 0 ], [ 13, 2576, 173, 502 ]
4925 / 4950: [ 0, 0, 0, 0, 0 ], [ 13, 2576, 173, 502 ]
4926 / 4950: [ 0, 1, 0, 0, 0 ], [ 13, 2577, 173, 502 ]
4927 / 4950: [ 0, 0, 0, 0, 0 ], [ 13, 2577, 173, 502 ]
4928 / 4950: [ 0, 0, 0, 1, 0 ], [ 13, 2577, 173, 503 ]
4929 / 4950: [ 0, 0, 0, 1, 0 ], [ 13, 2577, 173, 504 ]
4930 / 4950: [ 0, 1, 0, 0, 0 ], [ 13, 2578, 173, 504 ]
4931 / 4950: [ 0, 1, 0, 0, 0 ], [ 13, 2579, 173, 504 ]
4932 / 4950: [ 0, 1, 0, 0, 0 ], [ 13, 2580, 173, 504 ]
4933 / 4950: [ 0, 1, 0, 0, 0 ], [ 13, 2581, 173, 504 ]
4934 / 4950: [ 0, 0, 0, 1, 0 ], [ 13, 2581, 173, 505 ]
4935 / 4950: [ 0, 0, 0, 1, 0 ], [ 13, 2581, 173, 506 ]
4936 / 4950: [ 0, 0, 0, 0, 0 ], [ 13, 2581, 173, 506 ]
4937 / 4950: [ 0, 0, 0, 0, 0 ], [ 13, 2581, 173, 506 ]
4938 / 4950: [ 0, 1, 0, 0, 0 ], [ 13, 2582, 173, 506 ]
4939 / 4950: [ 0, 0, 1, 0, 0 ], [ 13, 2582, 174, 506 ]
4940 / 4950: [ 0, 0, 0, 0, 0 ], [ 13, 2582, 174, 506 ]
4941 / 4950: [ 0, 1, 0, 0, 0 ], [ 13, 2583, 174, 506 ]
4942 / 4950: [ 0, 0, 0, 0, 0 ], [ 13, 2583, 174, 506 ]
4943 / 4950: [ 0, 1, 0, 0, 0 ], [ 13, 2584, 174, 506 ]
4944 / 4950: [ 0, 0, 0, 0, 0 ], [ 13, 2584, 174, 506 ]
4945 / 4950: [ 0, 1, 0, 0, 0 ], [ 13, 2585, 174, 506 ]
4946 / 4950: [ 0, 1, 0, 0, 0 ], [ 13, 2586, 174, 506 ]
4947 / 4950: [ 0, 0, 0, 0, 0 ], [ 13, 2586, 174, 506 ]
4948 / 4950: [ 0, 1, 0, 0, 0 ], [ 13, 2587, 174, 506 ]
4949 / 4950: [ 0, 1, 0, 0, 0 ], [ 13, 2588, 174, 506 ]
4950 / 4950: [ 0, 1, 0, 0, 0 ], [ 13, 2589, 174, 506 ]
<[ 0, 0, 0, 0, 1 ], 57>
<[ 0, 0, 0, 0, 0 ], 1668>
<[ 0, 0, 0, 1, 0 ], 449>
<[ 1, 0, 0, 0, 0 ], 13>
<[ 0, 0, 1, 0, 0 ], 174>
<[ 0, 1, 0, 0, 0 ], 2589>