1 / 10000: [ 0, 3, 0, 0, 0 ], [ 0, 1, 0, 0 ]
2 / 10000: [ 0, 3, 0, 0, 0 ], [ 0, 2, 0, 0 ]
3 / 10000: [ 0, 2, 0, 0, 0 ], [ 0, 2, 0, 0 ]
4 / 10000: [ 0, 0, 0, 0, 0 ], [ 0, 2, 0, 0 ]
5 / 10000: [ 0, 0, 0, 0, 0 ], [ 0, 2, 0, 0 ]
6 / 10000: [ 0, 3, 0, 0, 0 ], [ 0, 3, 0, 0 ]
7 / 10000: [ 0, 0, 0, 0, 0 ], [ 0, 3, 0, 0 ]
8 / 10000: [ 0, 1, 0, 0, 0 ], [ 0, 3, 0, 0 ]
9 / 10000: [ 0, 2, 0, 0, 0 ], [ 0, 3, 0, 0 ]
10 / 10000: [ 0, 3, 0, 0, 0 ], [ 0, 4, 0, 0 ]
11 / 10000: [ 0, 1, 0, 0, 0 ], [ 0, 4, 0, 0 ]
12 / 10000: [ 0, 3, 0, 0, 0 ], [ 0, 5, 0, 0 ]
13 / 10000: [ 0, 2, 0, 0, 0 ], [ 0, 5, 0, 0 ]
14 / 10000: [ 0, 3, 0, 0, 0 ], [ 0, 6, 0, 0 ]
15 / 10000: [ 0, 0, 0, 0, 0 ], [ 0, 6, 0, 0 ]
16 / 10000: [ 0, 1, 0, 0, 0 ], [ 0, 6, 0, 0 ]
17 / 10000: [ 0, 0, 0, 0, 0 ], [ 0, 6, 0, 0 ]
18 / 10000: [ 0, 3, 0, 0, 0 ], [ 0, 7, 0, 0 ]
19 / 10000: [ 0, 2, 0, 0, 0 ], [ 0, 7, 0, 0 ]
20 / 10000: [ 0, 2, 0, 0, 0 ], [ 0, 7, 0, 0 ]
21 / 10000: [ 0, 3, 0, 0, 0 ], [ 0, 8, 0, 0 ]
22 / 10000: [ 0, 2, 0, 0, 0 ], [ 0, 8, 0, 0 ]
23 / 10000: [ 0, 3, 0, 0, 0 ], [ 0, 9, 0, 0 ]
24 / 10000: [ 0, 0, 1, 0, 0 ], [ 0, 9, 0, 0 ]
25 / 10000: [ 0, 3, 0, 0, 0 ], [ 0, 10, 0, 0 ]
26 / 10000: [ 0, 3, 0, 0, 0 ], [ 0, 11, 0, 0 ]
27 / 10000: [ 0, 0, 0, 0, 0 ], [ 0, 11, 0, 0 ]
28 / 10000: [ 0, 1, 0, 0, 0 ], [ 0, 11, 0, 0 ]
29 / 10000: [ 0, 2, 0, 0, 0 ], [ 0, 11, 0, 0 ]
30 / 10000: [ 0, 3, 0, 0, 0 ], [ 0, 12, 0, 0 ]
31 / 10000: [ 0, 1, 0, 0, 0 ], [ 0, 12, 0, 0 ]
32 / 10000: [ 0, 0, 0, 0, 0 ], [ 0, 12, 0, 0 ]
33 / 10000: [ 0, 3, 0, 0, 0 ], [ 0, 13, 0, 0 ]
34 / 10000: [ 0, 3, 0, 0, 0 ], [ 0, 14, 0, 0 ]
35 / 10000: [ 0, 0, 0, 0, 0 ], [ 0, 14, 0, 0 ]
36 / 10000: [ 0, 1, 0, 0, 0 ], [ 0, 14, 0, 0 ]
37 / 10000: [ 0, 2, 0, 0, 0 ], [ 0, 14, 0, 0 ]
38 / 10000: [ 0, 3, 0, 0, 0 ], [ 0, 15, 0, 0 ]
39 / 10000: [ 0, 1, 0, 0, 0 ], [ 0, 15, 0, 0 ]
40 / 10000: [ 0, 2, 0, 0, 0 ], [ 0, 15, 0, 0 ]
41 / 10000: [ 0, 3, 0, 0, 0 ], [ 0, 16, 0, 0 ]
42 / 10000: [ 0, 3, 0, 0, 0 ], [ 0, 17, 0, 0 ]
43 / 10000: [ 0, 3, 0, 0, 0 ], [ 0, 18, 0, 0 ]
44 / 10000: [ 0, 0, 0, 0, 0 ], [ 0, 18, 0, 0 ]
45 / 10000: [ 0, 2, 0, 0, 0 ], [ 0, 18, 0, 0 ]
46 / 10000: [ 0, 1, 1, 0, 0 ], [ 0, 18, 0, 0 ]
47 / 10000: [ 0, 1, 0, 0, 0 ], [ 0, 18, 0, 0 ]
48 / 10000: [ 0, 1, 1, 0, 0 ], [ 0, 18, 0, 0 ]
49 / 10000: [ 0, 0, 0, 0, 0 ], [ 0, 18, 0, 0 ]
50 / 10000: [ 0, 3, 0, 0, 0 ], [ 0, 19, 0, 0 ]
51 / 10000: [ 0, 0, 0, 0, 0 ], [ 0, 19, 0, 0 ]
52 / 10000: [ 0, 1, 0, 0, 0 ], [ 0, 19, 0, 0 ]
53 / 10000: [ 0, 2, 0, 0, 0 ], [ 0, 19, 0, 0 ]
54 / 10000: [ 0, 0, 0, 0, 0 ], [ 0, 19, 0, 0 ]
55 / 10000: [ 0, 0, 0, 0, 0 ], [ 0, 19, 0, 0 ]
56 / 10000: [ 0, 0, 0, 0, 0 ], [ 0, 19, 0, 0 ]
57 / 10000: [ 0, 3, 0, 0, 0 ], [ 0, 20, 0, 0 ]
58 / 10000: [ 0, 3, 0, 0, 0 ], [ 0, 21, 0, 0 ]
59 / 10000: [ 0, 0, 0, 0, 0 ], [ 0, 21, 0, 0 ]
60 / 10000: [ 0, 2, 0, 0, 0 ], [ 0, 21, 0, 0 ]
61 / 10000: [ 0, 1, 0, 0, 0 ], [ 0, 21, 0, 0 ]
62 / 10000: [ 0, 1, 0, 0, 0 ], [ 0, 21, 0, 0 ]
63 / 10000: [ 0, 1, 0, 0, 0 ], [ 0, 21, 0, 0 ]
64 / 10000: [ 0, 0, 1, 0, 0 ], [ 0, 21, 0, 0 ]
65 / 10000: [ 0, 0, 0, 0, 0 ], [ 0, 21, 0, 0 ]
66 / 10000: [ 0, 3, 0, 0, 0 ], [ 0, 22, 0, 0 ]
67 / 10000: [ 0, 2, 1, 0, 0 ], [ 0, 22, 1, 0 ]
68 / 10000: [ 0, 3, 0, 0, 0 ], [ 0, 23, 1, 0 ]
69 / 10000: [ 0, 3, 0, 0, 0 ], [ 0, 24, 1, 0 ]
70 / 10000: [ 0, 0, 0, 0, 0 ], [ 0, 24, 1, 0 ]
71 / 10000: [ 0, 3, 0, 0, 0 ], [ 0, 25, 1, 0 ]
72 / 10000: [ 0, 3, 0, 0, 0 ], [ 0, 26, 1, 0 ]
73 / 10000: [ 0, 2, 0, 0, 0 ], [ 0, 26, 1, 0 ]
74 / 10000: [ 0, 2, 0, 0, 0 ], [ 0, 26, 1, 0 ]
75 / 10000: [ 0, 2, 0, 0, 0 ], [ 0, 26, 1, 0 ]
76 / 10000: [ 0, 2, 0, 0, 0 ], [ 0, 26, 1, 0 ]
77 / 10000: [ 0, 1, 1, 0, 0 ], [ 0, 26, 1, 0 ]
78 / 10000: [ 0, 2, 0, 0, 0 ], [ 0, 26, 1, 0 ]
79 / 10000: [ 0, 0, 0, 0, 0 ], [ 0, 26, 1, 0 ]
80 / 10000: [ 0, 3, 0, 0, 0 ], [ 0, 27, 1, 0 ]
81 / 10000: [ 0, 3, 0, 0, 0 ], [ 0, 28, 1, 0 ]
82 / 10000: [ 0, 1, 1, 0, 0 ], [ 0, 28, 1, 0 ]
83 / 10000: [ 0, 3, 0, 0, 0 ], [ 0, 29, 1, 0 ]
84 / 10000: [ 0, 0, 0, 0, 0 ], [ 0, 29, 1, 0 ]
85 / 10000: [ 0, 1, 0, 0, 0 ], [ 0, 29, 1, 0 ]
86 / 10000: [ 0, 3, 0, 0, 0 ], [ 0, 30, 1, 0 ]
87 / 10000: [ 0, 0, 0, 0, 0 ], [ 0, 30, 1, 0 ]
88 / 10000: [ 0, 1, 0, 0, 0 ], [ 0, 30, 1, 0 ]
89 / 10000: [ 0, 1, 0, 0, 0 ], [ 0, 30, 1, 0 ]
90 / 10000: [ 0, 3, 0, 0, 0 ], [ 0, 31, 1, 0 ]
91 / 10000: [ 0, 3, 0, 0, 0 ], [ 0, 32, 1, 0 ]
92 / 10000: [ 0, 1, 0, 0, 0 ], [ 0, 32, 1, 0 ]
93 / 10000: [ 0, 2, 0, 0, 0 ], [ 0, 32, 1, 0 ]
94 / 10000: [ 0, 0, 0, 0, 0 ], [ 0, 32, 1, 0 ]
95 / 10000: [ 0, 1, 0, 0, 0 ], [ 0, 32, 1, 0 ]
96 / 10000: [ 0, 0, 0, 0, 0 ], [ 0, 32, 1, 0 ]
97 / 10000: [ 0, 3, 0, 0, 0 ], [ 0, 33, 1, 0 ]
98 / 10000: [ 0, 2, 0, 0, 0 ], [ 0, 33, 1, 0 ]
99 / 10000: [ 0, 2, 0, 0, 0 ], [ 0, 33, 1, 0 ]
100 / 10000: [ 0, 3, 0, 0, 0 ], [ 0, 34, 1, 0 ]
101 / 10000: [ 0, 3, 0, 0, 0 ], [ 0, 35, 1, 0 ]
102 / 10000: [ 0, 3, 0, 0, 0 ], [ 0, 36, 1, 0 ]
103 / 10000: [ 0, 3, 0, 0, 0 ], [ 0, 37, 1, 0 ]
104 / 10000: [ 0, 0, 0, 0, 0 ], [ 0, 37, 1, 0 ]
105 / 10000: [ 0, 2, 0, 0, 0 ], [ 0, 37, 1, 0 ]
106 / 10000: [ 0, 3, 0, 0, 0 ], [ 0, 38, 1, 0 ]
107 / 10000: [ 0, 0, 0, 0, 0 ], [ 0, 38, 1, 0 ]
108 / 10000: [ 0, 2, 0, 0, 0 ], [ 0, 38, 1, 0 ]
109 / 10000: [ 0, 3, 0, 0, 0 ], [ 0, 39, 1, 0 ]
110 / 10000: [ 0, 3, 0, 0, 0 ], [ 0, 40, 1, 0 ]
111 / 10000: [ 0, 3, 0, 0, 0 ], [ 0, 41, 1, 0 ]
112 / 10000: [ 0, 3, 0, 0, 0 ], [ 0, 42, 1, 0 ]
113 / 10000: [ 0, 3, 0, 0, 0 ], [ 0, 43, 1, 0 ]
114 / 10000: [ 0, 2, 0, 0, 0 ], [ 0, 43, 1, 0 ]
115 / 10000: [ 0, 3, 0, 0, 0 ], [ 0, 44, 1, 0 ]
116 / 10000: [ 0, 1, 0, 0, 0 ], [ 0, 44, 1, 0 ]
117 / 10000: [ 0, 3, 0, 0, 0 ], [ 0, 45, 1, 0 ]
118 / 10000: [ 0, 2, 0, 0, 0 ], [ 0, 45, 1, 0 ]
119 / 10000: [ 0, 0, 0, 0, 0 ], [ 0, 45, 1, 0 ]
120 / 10000: [ 0, 3, 0, 0, 0 ], [ 0, 46, 1, 0 ]
121 / 10000: [ 0, 1, 0, 0, 0 ], [ 0, 46, 1, 0 ]
122 / 10000: [ 0, 1, 0, 0, 0 ], [ 0, 46, 1, 0 ]
123 / 10000: [ 0, 2, 1, 0, 0 ], [ 0, 46, 2, 0 ]
124 / 10000: [ 0, 2, 0, 0, 0 ], [ 0, 46, 2, 0 ]
125 / 10000: [ 0, 3, 0, 0, 0 ], [ 0, 47, 2, 0 ]
126 / 10000: [ 0, 3, 0, 0, 0 ], [ 0, 48, 2, 0 ]
127 / 10000: [ 0, 0, 0, 0, 0 ], [ 0, 48, 2, 0 ]
128 / 10000: [ 0, 1, 0, 0, 0 ], [ 0, 48, 2, 0 ]
129 / 10000: [ 0, 2, 0, 0, 0 ], [ 0, 48, 2, 0 ]
130 / 10000: [ 0, 1, 0, 0, 0 ], [ 0, 48, 2, 0 ]
131 / 10000: [ 0, 2, 0, 0, 0 ], [ 0, 48, 2, 0 ]
132 / 10000: [ 0, 2, 0, 0, 0 ], [ 0, 48, 2, 0 ]
133 / 10000: [ 0, 3, 0, 0, 0 ], [ 0, 49, 2, 0 ]
134 / 10000: [ 0, 3, 0, 0, 0 ], [ 0, 50, 2, 0 ]
135 / 10000: [ 0, 0, 0, 0, 0 ], [ 0, 50, 2, 0 ]
136 / 10000: [ 0, 1, 0, 0, 0 ], [ 0, 50, 2, 0 ]
137 / 10000: [ 0, 3, 0, 0, 0 ], [ 0, 51, 2, 0 ]
138 / 10000: [ 0, 2, 0, 0, 0 ], [ 0, 51, 2, 0 ]
139 / 10000: [ 0, 0, 0, 0, 0 ], [ 0, 51, 2, 0 ]
140 / 10000: [ 0, 0, 0, 0, 0 ], [ 0, 51, 2, 0 ]
141 / 10000: [ 0, 0, 0, 0, 0 ], [ 0, 51, 2, 0 ]
142 / 10000: [ 0, 0, 0, 0, 0 ], [ 0, 51, 2, 0 ]
143 / 10000: [ 0, 1, 0, 0, 0 ], [ 0, 51, 2, 0 ]
144 / 10000: [ 0, 1, 0, 0, 0 ], [ 0, 51, 2, 0 ]
145 / 10000: [ 0, 1, 0, 0, 0 ], [ 0, 51, 2, 0 ]
146 / 10000: [ 0, 3, 0, 0, 0 ], [ 0, 52, 2, 0 ]
147 / 10000: [ 0, 1, 0, 0, 0 ], [ 0, 52, 2, 0 ]
148 / 10000: [ 0, 3, 0, 0, 0 ], [ 0, 53, 2, 0 ]
149 / 10000: [ 0, 3, 0, 0, 0 ], [ 0, 54, 2, 0 ]
150 / 10000: [ 0, 0, 0, 0, 0 ], [ 0, 54, 2, 0 ]
151 / 10000: [ 0, 3, 0, 0, 0 ], [ 0, 55, 2, 0 ]
152 / 10000: [ 0, 2, 0, 0, 0 ], [ 0, 55, 2, 0 ]
153 / 10000: [ 0, 0, 0, 0, 0 ], [ 0, 55, 2, 0 ]
154 / 10000: [ 0, 0, 0, 0, 0 ], [ 0, 55, 2, 0 ]
155 / 10000: [ 0, 3, 0, 0, 0 ], [ 0, 56, 2, 0 ]
156 / 10000: [ 0, 2, 1, 0, 0 ], [ 0, 56, 3, 0 ]
157 / 10000: [ 0, 2, 0, 0, 0 ], [ 0, 56, 3, 0 ]
158 / 10000: [ 0, 0, 0, 0, 0 ], [ 0, 56, 3, 0 ]
159 / 10000: [ 0, 0, 0, 0, 0 ], [ 0, 56, 3, 0 ]
160 / 10000: [ 0, 3, 0, 0, 0 ], [ 0, 57, 3, 0 ]
161 / 10000: [ 0, 2, 0, 0, 0 ], [ 0, 57, 3, 0 ]
162 / 10000: [ 0, 1, 0, 0, 0 ], [ 0, 57, 3, 0 ]
163 / 10000: [ 0, 3, 0, 0, 0 ], [ 0, 58, 3, 0 ]
164 / 10000: [ 0, 0, 0, 0, 0 ], [ 0, 58, 3, 0 ]
165 / 10000: [ 0, 1, 0, 0, 0 ], [ 0, 58, 3, 0 ]
166 / 10000: [ 0, 2, 0, 0, 0 ], [ 0, 58, 3, 0 ]
167 / 10000: [ 0, 0, 0, 0, 0 ], [ 0, 58, 3, 0 ]
168 / 10000: [ 0, 0, 0, 0, 0 ], [ 0, 58, 3, 0 ]
169 / 10000: [ 0, 1, 0, 0, 0 ], [ 0, 58, 3, 0 ]
170 / 10000: [ 0, 3, 0, 0, 0 ], [ 0, 59, 3, 0 ]
171 / 10000: [ 0, 1, 0, 0, 0 ], [ 0, 59, 3, 0 ]
172 / 10000: [ 0, 2, 0, 0, 0 ], [ 0, 59, 3, 0 ]
173 / 10000: [ 0, 1, 0, 0, 0 ], [ 0, 59, 3, 0 ]
174 / 10000: [ 0, 0, 0, 0, 0 ], [ 0, 59, 3, 0 ]
175 / 10000: [ 0, 0, 0, 0, 0 ], [ 0, 59, 3, 0 ]
176 / 10000: [ 0, 0, 0, 0, 0 ], [ 0, 59, 3, 0 ]
177 / 10000: [ 0, 2, 0, 0, 0 ], [ 0, 59, 3, 0 ]
178 / 10000: [ 0, 3, 0, 0, 0 ], [ 0, 60, 3, 0 ]
179 / 10000: [ 0, 0, 0, 0, 0 ], [ 0, 60, 3, 0 ]
180 / 10000: [ 0, 2, 0, 0, 0 ], [ 0, 60, 3, 0 ]
181 / 10000: [ 0, 0, 0, 0, 0 ], [ 0, 60, 3, 0 ]
182 / 10000: [ 0, 0, 0, 0, 0 ], [ 0, 60, 3, 0 ]
183 / 10000: [ 0, 0, 0, 0, 0 ], [ 0, 60, 3, 0 ]
184 / 10000: [ 0, 0, 0, 0, 0 ], [ 0, 60, 3, 0 ]
185 / 10000: [ 0, 0, 0, 0, 0 ], [ 0, 60, 3, 0 ]
186 / 10000: [ 0, 0, 0, 0, 0 ], [ 0, 60, 3, 0 ]
187 / 10000: [ 0, 0, 0, 0, 0 ], [ 0, 60, 3, 0 ]
188 / 10000: [ 0, 0, 0, 0, 0 ], [ 0, 60, 3, 0 ]
189 / 10000: [ 0, 0, 0, 0, 0 ], [ 0, 60, 3, 0 ]
190 / 10000: [ 0, 0, 0, 0, 0 ], [ 0, 60, 3, 0 ]
191 / 10000: [ 0, 0, 0, 0, 0 ], [ 0, 60, 3, 0 ]
192 / 10000: [ 0, 2, 0, 0, 0 ], [ 0, 60, 3, 0 ]
193 / 10000: [ 0, 0, 0, 0, 0 ], [ 0, 60, 3, 0 ]
194 / 10000: [ 0, 1, 0, 0, 0 ], [ 0, 60, 3, 0 ]
195 / 10000: [ 0, 0, 0, 0, 0 ], [ 0, 60, 3, 0 ]
196 / 10000: [ 0, 0, 0, 0, 0 ], [ 0, 60, 3, 0 ]
197 / 10000: [ 0, 0, 0, 0, 0 ], [ 0, 60, 3, 0 ]
198 / 10000: [ 0, 0, 0, 0, 0 ], [ 0, 60, 3, 0 ]
199 / 10000: [ 0, 0, 0, 0, 0 ], [ 0, 60, 3, 0 ]
200 / 10000: [ 0, 0, 0, 0, 0 ], [ 0, 60, 3, 0 ]
201 / 10000: [ 0, 3, 0, 0, 0 ], [ 0, 61, 3, 0 ]
202 / 10000: [ 0, 3, 0, 0, 0 ], [ 0, 62, 3, 0 ]
203 / 10000: [ 0, 3, 0, 0, 0 ], [ 0, 63, 3, 0 ]
204 / 10000: [ 0, 0, 0, 0, 0 ], [ 0, 63, 3, 0 ]
205 / 10000: [ 0, 0, 0, 0, 0 ], [ 0, 63, 3, 0 ]
206 / 10000: [ 0, 0, 1, 0, 0 ], [ 0, 63, 3, 0 ]
207 / 10000: [ 0, 0, 0, 0, 0 ], [ 0, 63, 3, 0 ]
208 / 10000: [ 0, 1, 0, 0, 0 ], [ 0, 63, 3, 0 ]
209 / 10000: [ 0, 1, 0, 0, 0 ], [ 0, 63, 3, 0 ]
210 / 10000: [ 0, 3, 0, 0, 0 ], [ 0, 64, 3, 0 ]
211 / 10000: [ 0, 1, 0, 0, 0 ], [ 0, 64, 3, 0 ]
212 / 10000: [ 0, 1, 0, 0, 0 ], [ 0, 64, 3, 0 ]
213 / 10000: [ 0, 0, 0, 0, 0 ], [ 0, 64, 3, 0 ]
214 / 10000: [ 0, 0, 0, 0, 0 ], [ 0, 64, 3, 0 ]
215 / 10000: [ 0, 2, 0, 0, 0 ], [ 0, 64, 3, 0 ]
216 / 10000: [ 0, 1, 0, 0, 0 ], [ 0, 64, 3, 0 ]
217 / 10000: [ 0, 0, 0, 0, 0 ], [ 0, 64, 3, 0 ]
218 / 10000: [ 0, 2, 0, 0, 0 ], [ 0, 64, 3, 0 ]
219 / 10000: [ 0, 3, 0, 0, 0 ], [ 0, 65, 3, 0 ]
220 / 10000: [ 0, 3, 0, 0, 0 ], [ 0, 66, 3, 0 ]
221 / 10000: [ 0, 0, 0, 0, 0 ], [ 0, 66, 3, 0 ]
222 / 10000: [ 0, 0, 0, 0, 0 ], [ 0, 66, 3, 0 ]
223 / 10000: [ 0, 1, 1, 0, 0 ], [ 0, 66, 3, 0 ]
224 / 10000: [ 0, 1, 0, 0, 0 ], [ 0, 66, 3, 0 ]
225 / 10000: [ 0, 2, 0, 0, 0 ], [ 0, 66, 3, 0 ]
226 / 10000: [ 0, 3, 0, 0, 0 ], [ 0, 67, 3, 0 ]
227 / 10000: [ 0, 0, 0, 0, 0 ], [ 0, 67, 3, 0 ]
228 / 10000: [ 0, 2, 0, 0, 0 ], [ 0, 67, 3, 0 ]
229 / 10000: [ 0, 1, 0, 0, 0 ], [ 0, 67, 3, 0 ]
230 / 10000: [ 0, 1, 0, 0, 0 ], [ 0, 67, 3, 0 ]
231 / 10000: [ 0, 2, 0, 0, 0 ], [ 0, 67, 3, 0 ]
232 / 10000: [ 0, 1, 0, 0, 0 ], [ 0, 67, 3, 0 ]
233 / 10000: [ 0, 3, 0, 0, 0 ], [ 0, 68, 3, 0 ]
234 / 10000: [ 0, 2, 0, 0, 0 ], [ 0, 68, 3, 0 ]
235 / 10000: [ 0, 2, 0, 0, 0 ], [ 0, 68, 3, 0 ]
236 / 10000: [ 0, 1, 0, 0, 0 ], [ 0, 68, 3, 0 ]
237 / 10000: [ 0, 3, 0, 0, 0 ], [ 0, 69, 3, 0 ]
238 / 10000: [ 0, 0, 0, 0, 0 ], [ 0, 69, 3, 0 ]
239 / 10000: [ 0, 0, 0, 0, 0 ], [ 0, 69, 3, 0 ]
240 / 10000: [ 0, 2, 0, 0, 0 ], [ 0, 69, 3, 0 ]
241 / 10000: [ 0, 3, 0, 0, 0 ], [ 0, 70, 3, 0 ]
242 / 10000: [ 0, 2, 0, 0, 0 ], [ 0, 70, 3, 0 ]
243 / 10000: [ 0, 3, 0, 0, 0 ], [ 0, 71, 3, 0 ]
244 / 10000: [ 0, 0, 1, 0, 0 ], [ 0, 71, 3, 0 ]
245 / 10000: [ 0, 0, 0, 0, 0 ], [ 0, 71, 3, 0 ]
246 / 10000: [ 0, 3, 0, 0, 0 ], [ 0, 72, 3, 0 ]
247 / 10000: [ 0, 2, 0, 0, 0 ], [ 0, 72, 3, 0 ]
248 / 10000: [ 0, 3, 0, 0, 0 ], [ 0, 73, 3, 0 ]
249 / 10000: [ 0, 3, 0, 0, 0 ], [ 0, 74, 3, 0 ]
250 / 10000: [ 0, 3, 0, 0, 0 ], [ 0, 75, 3, 0 ]
251 / 10000: [ 0, 3, 0, 0, 0 ], [ 0, 76, 3, 0 ]
252 / 10000: [ 0, 1, 0, 0, 0 ], [ 0, 76, 3, 0 ]
253 / 10000: [ 0, 2, 0, 0, 0 ], [ 0, 76, 3, 0 ]
254 / 10000: [ 0, 2, 0, 0, 0 ], [ 0, 76, 3, 0 ]
255 / 10000: [ 0, 1, 0, 0, 0 ], [ 0, 76, 3, 0 ]
256 / 10000: [ 0, 1, 0, 0, 0 ], [ 0, 76, 3, 0 ]
257 / 10000: [ 0, 1, 1, 0, 0 ], [ 0, 76, 3, 0 ]
258 / 10000: [ 0, 3, 0, 0, 0 ], [ 0, 77, 3, 0 ]
259 / 10000: [ 0, 0, 0, 0, 0 ], [ 0, 77, 3, 0 ]
260 / 10000: [ 0, 3, 0, 0, 0 ], [ 0, 78, 3, 0 ]
261 / 10000: [ 0, 1, 0, 0, 0 ], [ 0, 78, 3, 0 ]
262 / 10000: [ 0, 1, 0, 0, 0 ], [ 0, 78, 3, 0 ]
263 / 10000: [ 0, 2, 0, 1, 0 ], [ 0, 78, 3, 1 ]
264 / 10000: [ 0, 0, 1, 0, 0 ], [ 0, 78, 3, 1 ]
265 / 10000: [ 0, 3, 0, 0, 0 ], [ 0, 79, 3, 1 ]
266 / 10000: [ 0, 3, 0, 0, 0 ], [ 0, 80, 3, 1 ]
267 / 10000: [ 0, 0, 0, 0, 0 ], [ 0, 80, 3, 1 ]
268 / 10000: [ 0, 1, 0, 0, 0 ], [ 0, 80, 3, 1 ]
269 / 10000: [ 0, 2, 0, 1, 0 ], [ 0, 80, 3, 2 ]
270 / 10000: [ 0, 1, 0, 2, 0 ], [ 0, 80, 3, 3 ]
271 / 10000: [ 0, 1, 0, 1, 0 ], [ 0, 80, 3, 3 ]
272 / 10000: [ 0, 0, 0, 1, 0 ], [ 0, 80, 3, 3 ]
273 / 10000: [ 0, 3, 0, 0, 0 ], [ 0, 81, 3, 3 ]
274 / 10000: [ 0, 3, 0, 0, 0 ], [ 0, 82, 3, 3 ]
275 / 10000: [ 0, 0, 0, 0, 0 ], [ 0, 82, 3, 3 ]
276 / 10000: [ 0, 1, 0, 0, 0 ], [ 0, 82, 3, 3 ]
277 / 10000: [ 0, 2, 0, 0, 0 ], [ 0, 82, 3, 3 ]
278 / 10000: [ 0, 2, 0, 0, 0 ], [ 0, 82, 3, 3 ]
279 / 10000: [ 0, 1, 0, 2, 0 ], [ 0, 82, 3, 4 ]
280 / 10000: [ 0, 0, 0, 0, 0 ], [ 0, 82, 3, 4 ]
281 / 10000: [ 0, 2, 0, 0, 0 ], [ 0, 82, 3, 4 ]
282 / 10000: [ 0, 1, 0, 0, 0 ], [ 0, 82, 3, 4 ]
283 / 10000: [ 0, 3, 0, 0, 0 ], [ 0, 83, 3, 4 ]
284 / 10000: [ 0, 0, 0, 0, 0 ], [ 0, 83, 3, 4 ]
285 / 10000: [ 0, 1, 0, 0, 0 ], [ 0, 83, 3, 4 ]
286 / 10000: [ 0, 3, 0, 0, 0 ], [ 0, 84, 3, 4 ]
287 / 10000: [ 0, 0, 0, 0, 0 ], [ 0, 84, 3, 4 ]
288 / 10000: [ 0, 1, 0, 0, 0 ], [ 0, 84, 3, 4 ]
289 / 10000: [ 0, 1, 0, 0, 0 ], [ 0, 84, 3, 4 ]
290 / 10000: [ 0, 2, 0, 0, 0 ], [ 0, 84, 3, 4 ]
291 / 10000: [ 0, 3, 0, 0, 0 ], [ 0, 85, 3, 4 ]
292 / 10000: [ 0, 3, 0, 0, 0 ], [ 0, 86, 3, 4 ]
293 / 10000: [ 0, 2, 0, 0, 0 ], [ 0, 86, 3, 4 ]
294 / 10000: [ 0, 2, 0, 0, 0 ], [ 0, 86, 3, 4 ]
295 / 10000: [ 0, 1, 0, 0, 0 ], [ 0, 86, 3, 4 ]
296 / 10000: [ 0, 1, 0, 0, 0 ], [ 0, 86, 3, 4 ]
297 / 10000: [ 0, 3, 0, 0, 0 ], [ 0, 87, 3, 4 ]
298 / 10000: [ 0, 3, 0, 0, 0 ], [ 0, 88, 3, 4 ]
299 / 10000: [ 0, 0, 0, 0, 0 ], [ 0, 88, 3, 4 ]
300 / 10000: [ 0, 3, 0, 0, 0 ], [ 0, 89, 3, 4 ]
301 / 10000: [ 0, 0, 0, 0, 0 ], [ 0, 89, 3, 4 ]
302 / 10000: [ 0, 0, 0, 0, 0 ], [ 0, 89, 3, 4 ]
303 / 10000: [ 0, 1, 0, 0, 0 ], [ 0, 89, 3, 4 ]
304 / 10000: [ 0, 0, 0, 0, 0 ], [ 0, 89, 3, 4 ]
305 / 10000: [ 0, 1, 0, 0, 0 ], [ 0, 89, 3, 4 ]
306 / 10000: [ 0, 2, 0, 0, 0 ], [ 0, 89, 3, 4 ]
307 / 10000: [ 0, 0, 0, 0, 0 ], [ 0, 89, 3, 4 ]
308 / 10000: [ 0, 1, 0, 0, 0 ], [ 0, 89, 3, 4 ]
309 / 10000: [ 0, 1, 0, 0, 0 ], [ 0, 89, 3, 4 ]
310 / 10000: [ 0, 1, 0, 0, 0 ], [ 0, 89, 3, 4 ]
311 / 10000: [ 0, 3, 0, 0, 0 ], [ 0, 90, 3, 4 ]
312 / 10000: [ 0, 1, 0, 0, 0 ], [ 0, 90, 3, 4 ]
313 / 10000: [ 0, 2, 0, 0, 0 ], [ 0, 90, 3, 4 ]
314 / 10000: [ 0, 0, 0, 0, 0 ], [ 0, 90, 3, 4 ]
315 / 10000: [ 0, 2, 0, 0, 0 ], [ 0, 90, 3, 4 ]
316 / 10000: [ 0, 0, 0, 0, 0 ], [ 0, 90, 3, 4 ]
317 / 10000: [ 0, 3, 0, 0, 0 ], [ 0, 91, 3, 4 ]
318 / 10000: [ 0, 2, 0, 0, 0 ], [ 0, 91, 3, 4 ]
319 / 10000: [ 0, 0, 0, 0, 0 ], [ 0, 91, 3, 4 ]
320 / 10000: [ 0, 2, 0, 0, 0 ], [ 0, 91, 3, 4 ]
321 / 10000: [ 0, 1, 0, 0, 0 ], [ 0, 91, 3, 4 ]
322 / 10000: [ 0, 2, 0, 0, 0 ], [ 0, 91, 3, 4 ]
323 / 10000: [ 0, 1, 0, 0, 0 ], [ 0, 91, 3, 4 ]
324 / 10000: [ 0, 0, 0, 0, 0 ], [ 0, 91, 3, 4 ]
325 / 10000: [ 0, 0, 0, 0, 0 ], [ 0, 91, 3, 4 ]
326 / 10000: [ 0, 2, 0, 0, 0 ], [ 0, 91, 3, 4 ]
327 / 10000: [ 0, 1, 0, 0, 0 ], [ 0, 91, 3, 4 ]
328 / 10000: [ 0, 1, 0, 0, 0 ], [ 0, 91, 3, 4 ]
329 / 10000: [ 0, 3, 0, 0, 0 ], [ 0, 92, 3, 4 ]
330 / 10000: [ 0, 0, 0, 0, 0 ], [ 0, 92, 3, 4 ]
331 / 10000: [ 0, 1, 0, 0, 0 ], [ 0, 92, 3, 4 ]
332 / 10000: [ 0, 0, 0, 0, 0 ], [ 0, 92, 3, 4 ]
333 / 10000: [ 0, 2, 0, 0, 0 ], [ 0, 92, 3, 4 ]
334 / 10000: [ 0, 3, 0, 0, 0 ], [ 0, 93, 3, 4 ]
335 / 10000: [ 0, 0, 0, 0, 0 ], [ 0, 93, 3, 4 ]
336 / 10000: [ 0, 2, 0, 0, 0 ], [ 0, 93, 3, 4 ]
337 / 10000: [ 0, 0, 0, 0, 0 ], [ 0, 93, 3, 4 ]
338 / 10000: [ 0, 3, 0, 0, 0 ], [ 0, 94, 3, 4 ]
339 / 10000: [ 0, 0, 0, 0, 0 ], [ 0, 94, 3, 4 ]
340 / 10000: [ 0, 0, 0, 0, 0 ], [ 0, 94, 3, 4 ]
341 / 10000: [ 0, 1, 0, 0, 0 ], [ 0, 94, 3, 4 ]
342 / 10000: [ 0, 1, 0, 0, 0 ], [ 0, 94, 3, 4 ]
343 / 10000: [ 0, 1, 0, 0, 0 ], [ 0, 94, 3, 4 ]
344 / 10000: [ 0, 0, 0, 0, 0 ], [ 0, 94, 3, 4 ]
345 / 10000: [ 0, 0, 0, 0, 0 ], [ 0, 94, 3, 4 ]
346 / 10000: [ 0, 3, 0, 0, 0 ], [ 0, 95, 3, 4 ]
347 / 10000: [ 0, 2, 0, 0, 0 ], [ 0, 95, 3, 4 ]
348 / 10000: [ 0, 3, 0, 0, 0 ], [ 0, 96, 3, 4 ]
349 / 10000: [ 0, 3, 0, 0, 0 ], [ 0, 97, 3, 4 ]
350 / 10000: [ 0, 0, 0, 0, 0 ], [ 0, 97, 3, 4 ]
351 / 10000: [ 0, 3, 0, 0, 0 ], [ 0, 98, 3, 4 ]
352 / 10000: [ 0, 1, 0, 0, 0 ], [ 0, 98, 3, 4 ]
353 / 10000: [ 0, 3, 0, 0, 0 ], [ 0, 99, 3, 4 ]
354 / 10000: [ 0, 2, 0, 0, 0 ], [ 0, 99, 3, 4 ]
355 / 10000: [ 0, 1, 0, 0, 0 ], [ 0, 99, 3, 4 ]
356 / 10000: [ 0, 1, 0, 0, 0 ], [ 0, 99, 3, 4 ]
357 / 10000: [ 0, 1, 0, 0, 0 ], [ 0, 99, 3, 4 ]
358 / 10000: [ 0, 2, 0, 0, 0 ], [ 0, 99, 3, 4 ]
359 / 10000: [ 0, 1, 0, 0, 0 ], [ 0, 99, 3, 4 ]
360 / 10000: [ 0, 2, 0, 0, 0 ], [ 0, 99, 3, 4 ]
361 / 10000: [ 0, 2, 1, 0, 0 ], [ 0, 99, 4, 4 ]
362 / 10000: [ 0, 1, 0, 0, 0 ], [ 0, 99, 4, 4 ]
363 / 10000: [ 0, 1, 0, 0, 0 ], [ 0, 99, 4, 4 ]
364 / 10000: [ 0, 0, 0, 0, 0 ], [ 0, 99, 4, 4 ]
365 / 10000: [ 0, 1, 0, 0, 0 ], [ 0, 99, 4, 4 ]
366 / 10000: [ 0, 2, 0, 0, 0 ], [ 0, 99, 4, 4 ]
367 / 10000: [ 0, 0, 0, 0, 0 ], [ 0, 99, 4, 4 ]
368 / 10000: [ 0, 1, 0, 0, 0 ], [ 0, 99, 4, 4 ]
369 / 10000: [ 0, 3, 0, 0, 0 ], [ 0, 100, 4, 4 ]
370 / 10000: [ 0, 1, 0, 0, 0 ], [ 0, 100, 4, 4 ]
371 / 10000: [ 0, 3, 0, 0, 0 ], [ 0, 101, 4, 4 ]
372 / 10000: [ 0, 2, 0, 0, 0 ], [ 0, 101, 4, 4 ]
373 / 10000: [ 0, 2, 0, 0, 0 ], [ 0, 101, 4, 4 ]
374 / 10000: [ 0, 1, 0, 0, 0 ], [ 0, 101, 4, 4 ]
375 / 10000: [ 0, 2, 0, 0, 0 ], [ 0, 101, 4, 4 ]
376 / 10000: [ 0, 0, 0, 0, 0 ], [ 0, 101, 4, 4 ]
377 / 10000: [ 0, 3, 0, 0, 0 ], [ 0, 102, 4, 4 ]
378 / 10000: [ 0, 1, 0, 0, 0 ], [ 0, 102, 4, 4 ]
379 / 10000: [ 0, 0, 0, 0, 0 ], [ 0, 102, 4, 4 ]
380 / 10000: [ 0, 2, 0, 0, 0 ], [ 0, 102, 4, 4 ]
381 / 10000: [ 0, 0, 0, 0, 0 ], [ 0, 102, 4, 4 ]
382 / 10000: [ 0, 0, 0, 0, 0 ], [ 0, 102, 4, 4 ]
383 / 10000: [ 0, 0, 0, 0, 0 ], [ 0, 102, 4, 4 ]
384 / 10000: [ 0, 0, 0, 0, 0 ], [ 0, 102, 4, 4 ]
385 / 10000: [ 0, 0, 0, 0, 0 ], [ 0, 102, 4, 4 ]
386 / 10000: [ 0, 0, 0, 0, 0 ], [ 0, 102, 4, 4 ]
387 / 10000: [ 0, 0, 0, 0, 0 ], [ 0, 102, 4, 4 ]
388 / 10000: [ 0, 0, 0, 0, 0 ], [ 0, 102, 4, 4 ]
389 / 10000: [ 0, 0, 0, 0, 0 ], [ 0, 102, 4, 4 ]
390 / 10000: [ 0, 0, 0, 0, 0 ], [ 0, 102, 4, 4 ]
391 / 10000: [ 0, 0, 0, 0, 0 ], [ 0, 102, 4, 4 ]
392 / 10000: [ 0, 0, 0, 0, 0 ], [ 0, 102, 4, 4 ]
393 / 10000: [ 0, 1, 0, 0, 0 ], [ 0, 102, 4, 4 ]
394 / 10000: [ 0, 0, 0, 0, 0 ], [ 0, 102, 4, 4 ]
395 / 10000: [ 0, 0, 0, 0, 0 ], [ 0, 102, 4, 4 ]
396 / 10000: [ 0, 0, 0, 0, 0 ], [ 0, 102, 4, 4 ]
397 / 10000: [ 0, 0, 1, 0, 0 ], [ 0, 102, 4, 4 ]
398 / 10000: [ 0, 0, 0, 0, 0 ], [ 0, 102, 4, 4 ]
399 / 10000: [ 0, 2, 0, 0, 0 ], [ 0, 102, 4, 4 ]
400 / 10000: [ 0, 0, 0, 0, 0 ], [ 0, 102, 4, 4 ]
401 / 10000: [ 0, 1, 0, 0, 0 ], [ 0, 102, 4, 4 ]
402 / 10000: [ 0, 1, 0, 0, 0 ], [ 0, 102, 4, 4 ]
403 / 10000: [ 0, 1, 0, 0, 0 ], [ 0, 102, 4, 4 ]
404 / 10000: [ 0, 0, 0, 0, 0 ], [ 0, 102, 4, 4 ]
405 / 10000: [ 0, 0, 0, 0, 0 ], [ 0, 102, 4, 4 ]
406 / 10000: [ 0, 3, 0, 0, 0 ], [ 0, 103, 4, 4 ]
407 / 10000: [ 0, 0, 0, 0, 0 ], [ 0, 103, 4, 4 ]
408 / 10000: [ 0, 3, 0, 0, 0 ], [ 0, 104, 4, 4 ]
409 / 10000: [ 0, 3, 0, 0, 0 ], [ 0, 105, 4, 4 ]
410 / 10000: [ 0, 0, 0, 0, 0 ], [ 0, 105, 4, 4 ]
411 / 10000: [ 0, 3, 0, 0, 0 ], [ 0, 106, 4, 4 ]
412 / 10000: [ 0, 3, 0, 0, 0 ], [ 0, 107, 4, 4 ]
413 / 10000: [ 0, 2, 0, 0, 0 ], [ 0, 107, 4, 4 ]
414 / 10000: [ 0, 2, 0, 0, 0 ], [ 0, 107, 4, 4 ]
415 / 10000: [ 0, 2, 0, 0, 0 ], [ 0, 107, 4, 4 ]
416 / 10000: [ 0, 2, 0, 0, 0 ], [ 0, 107, 4, 4 ]
417 / 10000: [ 0, 1, 1, 0, 0 ], [ 0, 107, 4, 4 ]
418 / 10000: [ 0, 2, 0, 0, 0 ], [ 0, 107, 4, 4 ]
419 / 10000: [ 0, 0, 0, 0, 0 ], [ 0, 107, 4, 4 ]
420 / 10000: [ 0, 3, 0, 0, 0 ], [ 0, 108, 4, 4 ]
421 / 10000: [ 0, 3, 0, 0, 0 ], [ 0, 109, 4, 4 ]
422 / 10000: [ 0, 2, 0, 0, 0 ], [ 0, 109, 4, 4 ]
423 / 10000: [ 0, 3, 0, 0, 0 ], [ 0, 110, 4, 4 ]
424 / 10000: [ 0, 0, 0, 0, 0 ], [ 0, 110, 4, 4 ]
425 / 10000: [ 0, 1, 0, 0, 0 ], [ 0, 110, 4, 4 ]
426 / 10000: [ 0, 1, 0, 0, 0 ], [ 0, 110, 4, 4 ]
427 / 10000: [ 0, 0, 0, 0, 0 ], [ 0, 110, 4, 4 ]
428 / 10000: [ 0, 0, 0, 0, 0 ], [ 0, 110, 4, 4 ]
429 / 10000: [ 0, 0, 0, 0, 0 ], [ 0, 110, 4, 4 ]
430 / 10000: [ 0, 3, 0, 0, 0 ], [ 0, 111, 4, 4 ]
431 / 10000: [ 0, 0, 0, 0, 0 ], [ 0, 111, 4, 4 ]
432 / 10000: [ 0, 0, 0, 0, 0 ], [ 0, 111, 4, 4 ]
433 / 10000: [ 0, 2, 0, 0, 0 ], [ 0, 111, 4, 4 ]
434 / 10000: [ 0, 0, 0, 0, 0 ], [ 0, 111, 4, 4 ]
435 / 10000: [ 0, 0, 0, 0, 0 ], [ 0, 111, 4, 4 ]
436 / 10000: [ 0, 0, 0, 0, 0 ], [ 0, 111, 4, 4 ]
437 / 10000: [ 0, 2, 0, 0, 0 ], [ 0, 111, 4, 4 ]
438 / 10000: [ 0, 2, 0, 0, 0 ], [ 0, 111, 4, 4 ]
439 / 10000: [ 0, 1, 0, 0, 0 ], [ 0, 111, 4, 4 ]
440 / 10000: [ 0, 2, 0, 0, 0 ], [ 0, 111, 4, 4 ]
441 / 10000: [ 0, 0, 0, 0, 0 ], [ 0, 111, 4, 4 ]
442 / 10000: [ 0, 2, 0, 0, 0 ], [ 0, 111, 4, 4 ]
443 / 10000: [ 0, 1, 1, 0, 0 ], [ 0, 111, 4, 4 ]
444 / 10000: [ 0, 0, 1, 0, 0 ], [ 0, 111, 4, 4 ]
445 / 10000: [ 0, 0, 0, 0, 0 ], [ 0, 111, 4, 4 ]
446 / 10000: [ 0, 0, 0, 0, 0 ], [ 0, 111, 4, 4 ]
447 / 10000: [ 0, 0, 0, 0, 0 ], [ 0, 111, 4, 4 ]
448 / 10000: [ 0, 0, 0, 0, 0 ], [ 0, 111, 4, 4 ]
449 / 10000: [ 0, 0, 0, 0, 0 ], [ 0, 111, 4, 4 ]
450 / 10000: [ 0, 1, 0, 0, 0 ], [ 0, 111, 4, 4 ]
451 / 10000: [ 0, 0, 0, 0, 0 ], [ 0, 111, 4, 4 ]
452 / 10000: [ 0, 1, 0, 0, 0 ], [ 0, 111, 4, 4 ]
453 / 10000: [ 0, 0, 0, 0, 0 ], [ 0, 111, 4, 4 ]
454 / 10000: [ 0, 0, 0, 0, 0 ], [ 0, 111, 4, 4 ]
455 / 10000: [ 0, 0, 0, 0, 0 ], [ 0, 111, 4, 4 ]
456 / 10000: [ 0, 0, 0, 0, 0 ], [ 0, 111, 4, 4 ]
457 / 10000: [ 0, 0, 0, 0, 0 ], [ 0, 111, 4, 4 ]
458 / 10000: [ 0, 1, 0, 0, 0 ], [ 0, 111, 4, 4 ]
459 / 10000: [ 0, 0, 0, 0, 0 ], [ 0, 111, 4, 4 ]
460 / 10000: [ 0, 0, 0, 0, 0 ], [ 0, 111, 4, 4 ]
461 / 10000: [ 0, 0, 0, 0, 0 ], [ 0, 111, 4, 4 ]
462 / 10000: [ 0, 0, 0, 0, 0 ], [ 0, 111, 4, 4 ]
463 / 10000: [ 0, 0, 0, 0, 0 ], [ 0, 111, 4, 4 ]
464 / 10000: [ 0, 1, 0, 0, 0 ], [ 0, 111, 4, 4 ]
465 / 10000: [ 0, 0, 0, 0, 0 ], [ 0, 111, 4, 4 ]
466 / 10000: [ 0, 3, 0, 0, 0 ], [ 0, 112, 4, 4 ]
467 / 10000: [ 0, 0, 0, 0, 0 ], [ 0, 112, 4, 4 ]
468 / 10000: [ 0, 2, 0, 0, 0 ], [ 0, 112, 4, 4 ]
469 / 10000: [ 0, 1, 0, 0, 0 ], [ 0, 112, 4, 4 ]
470 / 10000: [ 0, 0, 0, 0, 0 ], [ 0, 112, 4, 4 ]
471 / 10000: [ 0, 3, 0, 0, 0 ], [ 0, 113, 4, 4 ]
472 / 10000: [ 0, 2, 0, 0, 0 ], [ 0, 113, 4, 4 ]
473 / 10000: [ 0, 0, 0, 0, 0 ], [ 0, 113, 4, 4 ]
474 / 10000: [ 0, 1, 0, 0, 0 ], [ 0, 113, 4, 4 ]
475 / 10000: [ 0, 1, 0, 0, 0 ], [ 0, 113, 4, 4 ]
476 / 10000: [ 0, 0, 0, 0, 0 ], [ 0, 113, 4, 4 ]
477 / 10000: [ 0, 2, 0, 0, 0 ], [ 0, 113, 4, 4 ]
478 / 10000: [ 0, 0, 0, 0, 0 ], [ 0, 113, 4, 4 ]
479 / 10000: [ 0, 0, 0, 0, 0 ], [ 0, 113, 4, 4 ]
480 / 10000: [ 0, 2, 0, 0, 0 ], [ 0, 113, 4, 4 ]
481 / 10000: [ 0, 3, 0, 0, 0 ], [ 0, 114, 4, 4 ]
482 / 10000: [ 0, 3, 0, 0, 0 ], [ 0, 115, 4, 4 ]
483 / 10000: [ 0, 2, 0, 1, 0 ], [ 0, 115, 4, 5 ]
484 / 10000: [ 0, 0, 0, 0, 0 ], [ 0, 115, 4, 5 ]
485 / 10000: [ 0, 0, 0, 0, 0 ], [ 0, 115, 4, 5 ]
486 / 10000: [ 0, 2, 0, 1, 0 ], [ 0, 115, 4, 6 ]
487 / 10000: [ 0, 0, 0, 2, 0 ], [ 0, 115, 4, 6 ]
488 / 10000: [ 0, 1, 0, 1, 0 ], [ 0, 115, 4, 6 ]
489 / 10000: [ 0, 2, 0, 1, 0 ], [ 0, 115, 4, 7 ]
490 / 10000: [ 0, 0, 0, 2, 0 ], [ 0, 115, 4, 7 ]
491 / 10000: [ 0, 1, 0, 1, 0 ], [ 0, 115, 4, 7 ]
492 / 10000: [ 0, 1, 0, 1, 0 ], [ 0, 115, 4, 7 ]
493 / 10000: [ 0, 2, 0, 1, 0 ], [ 0, 115, 4, 8 ]
494 / 10000: [ 0, 3, 0, 0, 0 ], [ 0, 116, 4, 8 ]
495 / 10000: [ 0, 0, 0, 0, 0 ], [ 0, 116, 4, 8 ]
496 / 10000: [ 0, 1, 0, 0, 0 ], [ 0, 116, 4, 8 ]
497 / 10000: [ 0, 0, 0, 0, 0 ], [ 0, 116, 4, 8 ]
498 / 10000: [ 0, 3, 0, 0, 0 ], [ 0, 117, 4, 8 ]
499 / 10000: [ 0, 1, 0, 0, 0 ], [ 0, 117, 4, 8 ]
500 / 10000: [ 0, 0, 0, 2, 0 ], [ 0, 117, 4, 8 ]
501 / 10000: [ 0, 1, 0, 0, 0 ], [ 0, 117, 4, 8 ]
502 / 10000: [ 0, 2, 0, 0, 0 ], [ 0, 117, 4, 8 ]
503 / 10000: [ 0, 3, 0, 0, 0 ], [ 0, 118, 4, 8 ]
504 / 10000: [ 0, 0, 0, 0, 0 ], [ 0, 118, 4, 8 ]
505 / 10000: [ 0, 2, 0, 0, 0 ], [ 0, 118, 4, 8 ]
506 / 10000: [ 0, 3, 0, 0, 0 ], [ 0, 119, 4, 8 ]
507 / 10000: [ 0, 0, 0, 0, 0 ], [ 0, 119, 4, 8 ]
508 / 10000: [ 0, 1, 0, 0, 0 ], [ 0, 119, 4, 8 ]
509 / 10000: [ 0, 2, 0, 0, 0 ], [ 0, 119, 4, 8 ]
510 / 10000: [ 0, 1, 0, 0, 0 ], [ 0, 119, 4, 8 ]
511 / 10000: [ 0, 1, 0, 0, 0 ], [ 0, 119, 4, 8 ]
512 / 10000: [ 0, 0, 0, 0, 0 ], [ 0, 119, 4, 8 ]
513 / 10000: [ 0, 3, 0, 0, 0 ], [ 0, 120, 4, 8 ]
514 / 10000: [ 0, 2, 0, 0, 0 ], [ 0, 120, 4, 8 ]
515 / 10000: [ 0, 0, 0, 0, 0 ], [ 0, 120, 4, 8 ]
516 / 10000: [ 0, 1, 0, 0, 0 ], [ 0, 120, 4, 8 ]
517 / 10000: [ 0, 2, 0, 0, 0 ], [ 0, 120, 4, 8 ]
518 / 10000: [ 0, 3, 0, 0, 0 ], [ 0, 121, 4, 8 ]
519 / 10000: [ 0, 0, 0, 0, 0 ], [ 0, 121, 4, 8 ]
520 / 10000: [ 0, 0, 0, 0, 0 ], [ 0, 121, 4, 8 ]
521 / 10000: [ 0, 0, 0, 0, 0 ], [ 0, 121, 4, 8 ]
522 / 10000: [ 0, 0, 0, 2, 0 ], [ 0, 121, 4, 8 ]
523 / 10000: [ 0, 0, 0, 1, 0 ], [ 0, 121, 4, 8 ]
524 / 10000: [ 0, 0, 0, 0, 0 ], [ 0, 121, 4, 8 ]
525 / 10000: [ 0, 0, 0, 0, 0 ], [ 0, 121, 4, 8 ]
526 / 10000: [ 0, 1, 0, 0, 0 ], [ 0, 121, 4, 8 ]
527 / 10000: [ 0, 0, 0, 0, 0 ], [ 0, 121, 4, 8 ]
528 / 10000: [ 0, 0, 0, 0, 0 ], [ 0, 121, 4, 8 ]
529 / 10000: [ 0, 1, 0, 0, 0 ], [ 0, 121, 4, 8 ]
530 / 10000: [ 0, 1, 0, 2, 0 ], [ 0, 121, 4, 9 ]
531 / 10000: [ 0, 0, 0, 0, 0 ], [ 0, 121, 4, 9 ]
532 / 10000: [ 0, 0, 0, 1, 0 ], [ 0, 121, 4, 9 ]
533 / 10000: [ 0, 1, 0, 0, 0 ], [ 0, 121, 4, 9 ]
534 / 10000: [ 0, 0, 0, 0, 0 ], [ 0, 121, 4, 9 ]
535 / 10000: [ 0, 0, 0, 0, 0 ], [ 0, 121, 4, 9 ]
536 / 10000: [ 0, 0, 0, 0, 0 ], [ 0, 121, 4, 9 ]
537 / 10000: [ 0, 0, 0, 0, 0 ], [ 0, 121, 4, 9 ]
538 / 10000: [ 0, 0, 0, 1, 0 ], [ 0, 121, 4, 9 ]
539 / 10000: [ 0, 0, 0, 3, 0 ], [ 0, 121, 4, 10 ]
540 / 10000: [ 0, 0, 0, 0, 0 ], [ 0, 121, 4, 10 ]
541 / 10000: [ 0, 0, 0, 0, 0 ], [ 0, 121, 4, 10 ]
542 / 10000: [ 0, 2, 0, 0, 0 ], [ 0, 121, 4, 10 ]
543 / 10000: [ 0, 1, 0, 0, 0 ], [ 0, 121, 4, 10 ]
544 / 10000: [ 0, 0, 0, 0, 0 ], [ 0, 121, 4, 10 ]
545 / 10000: [ 0, 0, 0, 0, 0 ], [ 0, 121, 4, 10 ]
546 / 10000: [ 0, 0, 0, 1, 0 ], [ 0, 121, 4, 10 ]
547 / 10000: [ 0, 0, 0, 0, 0 ], [ 0, 121, 4, 10 ]
548 / 10000: [ 0, 0, 0, 0, 0 ], [ 0, 121, 4, 10 ]
549 / 10000: [ 0, 0, 0, 1, 0 ], [ 0, 121, 4, 10 ]
550 / 10000: [ 0, 3, 0, 0, 0 ], [ 0, 122, 4, 10 ]
551 / 10000: [ 0, 0, 0, 0, 0 ], [ 0, 122, 4, 10 ]
552 / 10000: [ 0, 1, 0, 0, 0 ], [ 0, 122, 4, 10 ]
553 / 10000: [ 0, 0, 0, 1, 0 ], [ 0, 122, 4, 10 ]
554 / 10000: [ 0, 0, 0, 0, 0 ], [ 0, 122, 4, 10 ]
555 / 10000: [ 0, 0, 0, 0, 0 ], [ 0, 122, 4, 10 ]
556 / 10000: [ 0, 0, 0, 0, 0 ], [ 0, 122, 4, 10 ]
557 / 10000: [ 0, 0, 0, 0, 0 ], [ 0, 122, 4, 10 ]
558 / 10000: [ 0, 1, 0, 0, 0 ], [ 0, 122, 4, 10 ]
559 / 10000: [ 0, 3, 0, 0, 0 ], [ 0, 123, 4, 10 ]
560 / 10000: [ 0, 0, 0, 0, 0 ], [ 0, 123, 4, 10 ]
561 / 10000: [ 0, 1, 0, 0, 0 ], [ 0, 123, 4, 10 ]
562 / 10000: [ 0, 0, 0, 0, 0 ], [ 0, 123, 4, 10 ]
563 / 10000: [ 0, 1, 0, 0, 0 ], [ 0, 123, 4, 10 ]
564 / 10000: [ 0, 0, 0, 0, 0 ], [ 0, 123, 4, 10 ]
565 / 10000: [ 0, 2, 0, 0, 0 ], [ 0, 123, 4, 10 ]
566 / 10000: [ 0, 2, 0, 0, 0 ], [ 0, 123, 4, 10 ]
567 / 10000: [ 0, 0, 0, 0, 0 ], [ 0, 123, 4, 10 ]
568 / 10000: [ 0, 1, 0, 0, 0 ], [ 0, 123, 4, 10 ]
569 / 10000: [ 0, 0, 0, 0, 0 ], [ 0, 123, 4, 10 ]
570 / 10000: [ 0, 1, 0, 0, 0 ], [ 0, 123, 4, 10 ]
571 / 10000: [ 0, 0, 0, 0, 0 ], [ 0, 123, 4, 10 ]
572 / 10000: [ 0, 0, 0, 0, 0 ], [ 0, 123, 4, 10 ]
573 / 10000: [ 0, 3, 0, 0, 0 ], [ 0, 124, 4, 10 ]
574 / 10000: [ 0, 1, 0, 0, 0 ], [ 0, 124, 4, 10 ]
575 / 10000: [ 0, 0, 0, 0, 0 ], [ 0, 124, 4, 10 ]
576 / 10000: [ 0, 0, 0, 0, 0 ], [ 0, 124, 4, 10 ]
577 / 10000: [ 0, 2, 0, 0, 0 ], [ 0, 124, 4, 10 ]
578 / 10000: [ 0, 0, 0, 0, 0 ], [ 0, 124, 4, 10 ]
579 / 10000: [ 0, 1, 0, 0, 0 ], [ 0, 124, 4, 10 ]
580 / 10000: [ 0, 0, 0, 0, 0 ], [ 0, 124, 4, 10 ]
581 / 10000: [ 0, 0, 0, 0, 0 ], [ 0, 124, 4, 10 ]
582 / 10000: [ 0, 0, 0, 0, 0 ], [ 0, 124, 4, 10 ]
583 / 10000: [ 0, 1, 0, 0, 0 ], [ 0, 124, 4, 10 ]
584 / 10000: [ 0, 0, 1, 0, 0 ], [ 0, 124, 4, 10 ]
585 / 10000: [ 0, 1, 0, 0, 0 ], [ 0, 124, 4, 10 ]
586 / 10000: [ 0, 1, 0, 0, 0 ], [ 0, 124, 4, 10 ]
587 / 10000: [ 0, 0, 0, 0, 0 ], [ 0, 124, 4, 10 ]
588 / 10000: [ 0, 0, 0, 0, 0 ], [ 0, 124, 4, 10 ]
589 / 10000: [ 0, 0, 0, 0, 0 ], [ 0, 124, 4, 10 ]
590 / 10000: [ 0, 1, 0, 0, 0 ], [ 0, 124, 4, 10 ]
591 / 10000: [ 0, 0, 0, 0, 0 ], [ 0, 124, 4, 10 ]
592 / 10000: [ 0, 0, 0, 0, 0 ], [ 0, 124, 4, 10 ]
593 / 10000: [ 0, 1, 0, 0, 0 ], [ 0, 124, 4, 10 ]
594 / 10000: [ 0, 0, 0, 0, 0 ], [ 0, 124, 4, 10 ]
595 / 10000: [ 0, 0, 0, 0, 0 ], [ 0, 124, 4, 10 ]
596 / 10000: [ 0, 0, 0, 0, 0 ], [ 0, 124, 4, 10 ]
597 / 10000: [ 0, 3, 0, 0, 0 ], [ 0, 125, 4, 10 ]
598 / 10000: [ 0, 0, 0, 0, 0 ], [ 0, 125, 4, 10 ]
599 / 10000: [ 0, 1, 0, 0, 0 ], [ 0, 125, 4, 10 ]
600 / 10000: [ 0, 0, 0, 0, 0 ], [ 0, 125, 4, 10 ]
601 / 10000: [ 0, 2, 0, 0, 0 ], [ 0, 125, 4, 10 ]
602 / 10000: [ 0, 2, 0, 0, 0 ], [ 0, 125, 4, 10 ]
603 / 10000: [ 0, 1, 0, 0, 0 ], [ 0, 125, 4, 10 ]
604 / 10000: [ 0, 0, 0, 0, 0 ], [ 0, 125, 4, 10 ]
605 / 10000: [ 0, 0, 0, 0, 0 ], [ 0, 125, 4, 10 ]
606 / 10000: [ 0, 3, 0, 0, 0 ], [ 0, 126, 4, 10 ]
607 / 10000: [ 0, 0, 0, 0, 0 ], [ 0, 126, 4, 10 ]
608 / 10000: [ 0, 2, 0, 0, 0 ], [ 0, 126, 4, 10 ]
609 / 10000: [ 0, 3, 0, 0, 0 ], [ 0, 127, 4, 10 ]
610 / 10000: [ 0, 0, 0, 0, 0 ], [ 0, 127, 4, 10 ]
611 / 10000: [ 0, 3, 0, 0, 0 ], [ 0, 128, 4, 10 ]
612 / 10000: [ 0, 2, 0, 0, 0 ], [ 0, 128, 4, 10 ]
613 / 10000: [ 0, 2, 0, 0, 0 ], [ 0, 128, 4, 10 ]
614 / 10000: [ 0, 3, 0, 0, 0 ], [ 0, 129, 4, 10 ]
615 / 10000: [ 0, 3, 0, 0, 0 ], [ 0, 130, 4, 10 ]
616 / 10000: [ 0, 1, 0, 0, 0 ], [ 0, 130, 4, 10 ]
617 / 10000: [ 0, 2, 0, 0, 0 ], [ 0, 130, 4, 10 ]
618 / 10000: [ 0, 3, 0, 0, 0 ], [ 0, 131, 4, 10 ]
619 / 10000: [ 0, 0, 0, 0, 0 ], [ 0, 131, 4, 10 ]
620 / 10000: [ 0, 2, 0, 0, 0 ], [ 0, 131, 4, 10 ]
621 / 10000: [ 0, 0, 0, 0, 0 ], [ 0, 131, 4, 10 ]
622 / 10000: [ 0, 1, 0, 0, 0 ], [ 0, 131, 4, 10 ]
623 / 10000: [ 0, 0, 0, 0, 0 ], [ 0, 131, 4, 10 ]
624 / 10000: [ 0, 0, 0, 0, 0 ], [ 0, 131, 4, 10 ]
625 / 10000: [ 0, 0, 0, 0, 0 ], [ 0, 131, 4, 10 ]
626 / 10000: [ 0, 0, 0, 0, 0 ], [ 0, 131, 4, 10 ]
627 / 10000: [ 0, 0, 0, 0, 0 ], [ 0, 131, 4, 10 ]
628 / 10000: [ 0, 0, 0, 0, 0 ], [ 0, 131, 4, 10 ]
629 / 10000: [ 0, 1, 0, 0, 0 ], [ 0, 131, 4, 10 ]
630 / 10000: [ 0, 0, 0, 0, 0 ], [ 0, 131, 4, 10 ]
631 / 10000: [ 0, 0, 0, 0, 0 ], [ 0, 131, 4, 10 ]
632 / 10000: [ 0, 1, 0, 0, 0 ], [ 0, 131, 4, 10 ]
633 / 10000: [ 0, 0, 0, 0, 0 ], [ 0, 131, 4, 10 ]
634 / 10000: [ 0, 1, 0, 0, 0 ], [ 0, 131, 4, 10 ]
635 / 10000: [ 0, 1, 0, 0, 0 ], [ 0, 131, 4, 10 ]
636 / 10000: [ 0, 0, 0, 0, 0 ], [ 0, 131, 4, 10 ]
637 / 10000: [ 0, 0, 0, 0, 0 ], [ 0, 131, 4, 10 ]
638 / 10000: [ 0, 1, 0, 0, 0 ], [ 0, 131, 4, 10 ]
639 / 10000: [ 0, 1, 0, 0, 0 ], [ 0, 131, 4, 10 ]
640 / 10000: [ 0, 0, 0, 0, 0 ], [ 0, 131, 4, 10 ]
641 / 10000: [ 0, 2, 0, 0, 0 ], [ 0, 131, 4, 10 ]
642 / 10000: [ 0, 3, 0, 0, 0 ], [ 0, 132, 4, 10 ]
643 / 10000: [ 0, 3, 0, 0, 0 ], [ 0, 133, 4, 10 ]
644 / 10000: [ 0, 0, 0, 0, 0 ], [ 0, 133, 4, 10 ]
645 / 10000: [ 0, 1, 0, 0, 0 ], [ 0, 133, 4, 10 ]
646 / 10000: [ 0, 1, 0, 0, 0 ], [ 0, 133, 4, 10 ]
647 / 10000: [ 0, 1, 0, 0, 0 ], [ 0, 133, 4, 10 ]
648 / 10000: [ 0, 2, 0, 0, 0 ], [ 0, 133, 4, 10 ]
649 / 10000: [ 0, 0, 0, 0, 0 ], [ 0, 133, 4, 10 ]
650 / 10000: [ 0, 3, 0, 0, 0 ], [ 0, 134, 4, 10 ]
651 / 10000: [ 0, 0, 0, 0, 0 ], [ 0, 134, 4, 10 ]
652 / 10000: [ 0, 1, 0, 0, 0 ], [ 0, 134, 4, 10 ]
653 / 10000: [ 0, 1, 0, 0, 0 ], [ 0, 134, 4, 10 ]
654 / 10000: [ 0, 0, 0, 0, 0 ], [ 0, 134, 4, 10 ]
655 / 10000: [ 0, 0, 0, 0, 0 ], [ 0, 134, 4, 10 ]
656 / 10000: [ 0, 0, 0, 0, 0 ], [ 0, 134, 4, 10 ]
657 / 10000: [ 0, 2, 0, 0, 0 ], [ 0, 134, 4, 10 ]
658 / 10000: [ 0, 3, 0, 0, 0 ], [ 0, 135, 4, 10 ]
659 / 10000: [ 0, 1, 0, 0, 0 ], [ 0, 135, 4, 10 ]
660 / 10000: [ 0, 2, 0, 0, 0 ], [ 0, 135, 4, 10 ]
661 / 10000: [ 0, 3, 0, 0, 0 ], [ 0, 136, 4, 10 ]
662 / 10000: [ 0, 2, 0, 0, 0 ], [ 0, 136, 4, 10 ]
663 / 10000: [ 0, 2, 0, 0, 0 ], [ 0, 136, 4, 10 ]
664 / 10000: [ 0, 0, 0, 0, 0 ], [ 0, 136, 4, 10 ]
665 / 10000: [ 0, 0, 0, 0, 0 ], [ 0, 136, 4, 10 ]
666 / 10000: [ 0, 3, 0, 0, 0 ], [ 0, 137, 4, 10 ]
667 / 10000: [ 0, 0, 0, 0, 0 ], [ 0, 137, 4, 10 ]
668 / 10000: [ 0, 2, 0, 0, 0 ], [ 0, 137, 4, 10 ]
669 / 10000: [ 0, 3, 0, 0, 0 ], [ 0, 138, 4, 10 ]
670 / 10000: [ 0, 2, 0, 0, 0 ], [ 0, 138, 4, 10 ]
671 / 10000: [ 0, 2, 0, 0, 0 ], [ 0, 138, 4, 10 ]
672 / 10000: [ 0, 1, 0, 0, 0 ], [ 0, 138, 4, 10 ]
673 / 10000: [ 0, 2, 0, 0, 0 ], [ 0, 138, 4, 10 ]
674 / 10000: [ 0, 2, 0, 0, 0 ], [ 0, 138, 4, 10 ]
675 / 10000: [ 0, 2, 0, 0, 0 ], [ 0, 138, 4, 10 ]
676 / 10000: [ 0, 2, 0, 0, 0 ], [ 0, 138, 4, 10 ]
677 / 10000: [ 0, 0, 0, 0, 0 ], [ 0, 138, 4, 10 ]
678 / 10000: [ 0, 3, 0, 0, 0 ], [ 0, 139, 4, 10 ]
679 / 10000: [ 0, 0, 0, 0, 0 ], [ 0, 139, 4, 10 ]
680 / 10000: [ 0, 3, 0, 0, 0 ], [ 0, 140, 4, 10 ]
681 / 10000: [ 0, 2, 0, 0, 0 ], [ 0, 140, 4, 10 ]
682 / 10000: [ 0, 3, 0, 0, 0 ], [ 0, 141, 4, 10 ]
683 / 10000: [ 0, 3, 0, 0, 0 ], [ 0, 142, 4, 10 ]
684 / 10000: [ 0, 0, 0, 0, 0 ], [ 0, 142, 4, 10 ]
685 / 10000: [ 0, 2, 0, 0, 0 ], [ 0, 142, 4, 10 ]
686 / 10000: [ 0, 3, 0, 0, 0 ], [ 0, 143, 4, 10 ]
687 / 10000: [ 0, 0, 0, 0, 0 ], [ 0, 143, 4, 10 ]
688 / 10000: [ 0, 2, 0, 0, 0 ], [ 0, 143, 4, 10 ]
689 / 10000: [ 0, 1, 0, 0, 0 ], [ 0, 143, 4, 10 ]
690 / 10000: [ 0, 2, 0, 0, 0 ], [ 0, 143, 4, 10 ]
691 / 10000: [ 0, 3, 0, 0, 0 ], [ 0, 144, 4, 10 ]
692 / 10000: [ 0, 2, 0, 0, 0 ], [ 0, 144, 4, 10 ]
693 / 10000: [ 0, 3, 0, 0, 0 ], [ 0, 145, 4, 10 ]
694 / 10000: [ 0, 1, 0, 0, 0 ], [ 0, 145, 4, 10 ]
695 / 10000: [ 0, 2, 0, 0, 0 ], [ 0, 145, 4, 10 ]
696 / 10000: [ 0, 0, 0, 0, 0 ], [ 0, 145, 4, 10 ]
697 / 10000: [ 0, 3, 0, 0, 0 ], [ 0, 146, 4, 10 ]
698 / 10000: [ 0, 3, 0, 0, 0 ], [ 0, 147, 4, 10 ]
699 / 10000: [ 0, 0, 0, 0, 0 ], [ 0, 147, 4, 10 ]
700 / 10000: [ 0, 3, 0, 0, 0 ], [ 0, 148, 4, 10 ]
701 / 10000: [ 0, 1, 0, 0, 0 ], [ 0, 148, 4, 10 ]
702 / 10000: [ 0, 1, 0, 0, 0 ], [ 0, 148, 4, 10 ]
703 / 10000: [ 0, 2, 1, 0, 0 ], [ 0, 148, 5, 10 ]
704 / 10000: [ 0, 0, 0, 0, 0 ], [ 0, 148, 5, 10 ]
705 / 10000: [ 0, 2, 0, 0, 0 ], [ 0, 148, 5, 10 ]
706 / 10000: [ 0, 3, 0, 0, 0 ], [ 0, 149, 5, 10 ]
707 / 10000: [ 0, 0, 0, 0, 0 ], [ 0, 149, 5, 10 ]
708 / 10000: [ 0, 3, 0, 0, 0 ], [ 0, 150, 5, 10 ]
709 / 10000: [ 0, 3, 0, 0, 0 ], [ 0, 151, 5, 10 ]
710 / 10000: [ 0, 1, 1, 0, 0 ], [ 0, 151, 5, 10 ]
711 / 10000: [ 0, 3, 0, 0, 0 ], [ 0, 152, 5, 10 ]
712 / 10000: [ 0, 2, 0, 0, 0 ], [ 0, 152, 5, 10 ]
713 / 10000: [ 0, 3, 0, 0, 0 ], [ 0, 153, 5, 10 ]
714 / 10000: [ 0, 3, 0, 0, 0 ], [ 0, 154, 5, 10 ]
715 / 10000: [ 0, 2, 0, 0, 0 ], [ 0, 154, 5, 10 ]
716 / 10000: [ 0, 2, 0, 0, 0 ], [ 0, 154, 5, 10 ]
717 / 10000: [ 0, 3, 0, 0, 0 ], [ 0, 155, 5, 10 ]
718 / 10000: [ 0, 2, 0, 0, 0 ], [ 0, 155, 5, 10 ]
719 / 10000: [ 0, 0, 0, 0, 0 ], [ 0, 155, 5, 10 ]
720 / 10000: [ 0, 3, 0, 0, 0 ], [ 0, 156, 5, 10 ]
721 / 10000: [ 0, 2, 0, 0, 0 ], [ 0, 156, 5, 10 ]
722 / 10000: [ 0, 1, 0, 0, 0 ], [ 0, 156, 5, 10 ]
723 / 10000: [ 0, 2, 0, 0, 0 ], [ 0, 156, 5, 10 ]
724 / 10000: [ 0, 0, 0, 0, 0 ], [ 0, 156, 5, 10 ]
725 / 10000: [ 0, 0, 0, 0, 0 ], [ 0, 156, 5, 10 ]
726 / 10000: [ 0, 2, 0, 0, 0 ], [ 0, 156, 5, 10 ]
727 / 10000: [ 0, 2, 1, 0, 0 ], [ 0, 156, 6, 10 ]
728 / 10000: [ 0, 3, 0, 0, 0 ], [ 0, 157, 6, 10 ]
729 / 10000: [ 0, 1, 0, 0, 0 ], [ 0, 157, 6, 10 ]
730 / 10000: [ 0, 2, 0, 0, 0 ], [ 0, 157, 6, 10 ]
731 / 10000: [ 0, 3, 0, 0, 0 ], [ 0, 158, 6, 10 ]
732 / 10000: [ 0, 2, 0, 0, 0 ], [ 0, 158, 6, 10 ]
733 / 10000: [ 0, 0, 0, 0, 0 ], [ 0, 158, 6, 10 ]
734 / 10000: [ 0, 0, 0, 0, 0 ], [ 0, 158, 6, 10 ]
735 / 10000: [ 0, 1, 0, 0, 0 ], [ 0, 158, 6, 10 ]
736 / 10000: [ 0, 0, 0, 0, 0 ], [ 0, 158, 6, 10 ]
737 / 10000: [ 0, 1, 0, 0, 0 ], [ 0, 158, 6, 10 ]
738 / 10000: [ 0, 2, 0, 0, 0 ], [ 0, 158, 6, 10 ]
739 / 10000: [ 0, 0, 0, 0, 0 ], [ 0, 158, 6, 10 ]
740 / 10000: [ 0, 3, 0, 0, 0 ], [ 0, 159, 6, 10 ]
741 / 10000: [ 0, 1, 0, 0, 0 ], [ 0, 159, 6, 10 ]
742 / 10000: [ 0, 1, 0, 0, 0 ], [ 0, 159, 6, 10 ]
743 / 10000: [ 0, 1, 0, 0, 0 ], [ 0, 159, 6, 10 ]
744 / 10000: [ 0, 0, 0, 0, 0 ], [ 0, 159, 6, 10 ]
745 / 10000: [ 0, 0, 0, 0, 0 ], [ 0, 159, 6, 10 ]
746 / 10000: [ 0, 3, 0, 0, 0 ], [ 0, 160, 6, 10 ]
747 / 10000: [ 0, 0, 0, 0, 0 ], [ 0, 160, 6, 10 ]
748 / 10000: [ 0, 1, 0, 0, 0 ], [ 0, 160, 6, 10 ]
749 / 10000: [ 0, 2, 0, 0, 0 ], [ 0, 160, 6, 10 ]
750 / 10000: [ 0, 0, 0, 0, 0 ], [ 0, 160, 6, 10 ]
751 / 10000: [ 0, 1, 0, 0, 0 ], [ 0, 160, 6, 10 ]
752 / 10000: [ 0, 0, 0, 0, 0 ], [ 0, 160, 6, 10 ]
753 / 10000: [ 0, 2, 0, 0, 0 ], [ 0, 160, 6, 10 ]
754 / 10000: [ 0, 2, 0, 0, 0 ], [ 0, 160, 6, 10 ]
755 / 10000: [ 0, 0, 0, 0, 0 ], [ 0, 160, 6, 10 ]
756 / 10000: [ 0, 1, 0, 0, 0 ], [ 0, 160, 6, 10 ]
757 / 10000: [ 0, 0, 0, 0, 0 ], [ 0, 160, 6, 10 ]
758 / 10000: [ 0, 2, 0, 0, 0 ], [ 0, 160, 6, 10 ]
759 / 10000: [ 0, 0, 0, 0, 0 ], [ 0, 160, 6, 10 ]
760 / 10000: [ 0, 0, 0, 0, 0 ], [ 0, 160, 6, 10 ]
761 / 10000: [ 0, 3, 0, 0, 0 ], [ 0, 161, 6, 10 ]
762 / 10000: [ 0, 2, 0, 0, 0 ], [ 0, 161, 6, 10 ]
763 / 10000: [ 0, 3, 0, 0, 0 ], [ 0, 162, 6, 10 ]
764 / 10000: [ 0, 0, 0, 0, 0 ], [ 0, 162, 6, 10 ]
765 / 10000: [ 0, 0, 0, 0, 0 ], [ 0, 162, 6, 10 ]
766 / 10000: [ 0, 2, 0, 0, 0 ], [ 0, 162, 6, 10 ]
767 / 10000: [ 0, 0, 0, 0, 0 ], [ 0, 162, 6, 10 ]
768 / 10000: [ 0, 1, 0, 0, 0 ], [ 0, 162, 6, 10 ]
769 / 10000: [ 0, 2, 0, 0, 0 ], [ 0, 162, 6, 10 ]
770 / 10000: [ 0, 2, 0, 0, 0 ], [ 0, 162, 6, 10 ]
771 / 10000: [ 0, 1, 0, 0, 0 ], [ 0, 162, 6, 10 ]
772 / 10000: [ 0, 0, 0, 0, 0 ], [ 0, 162, 6, 10 ]
773 / 10000: [ 0, 2, 0, 0, 0 ], [ 0, 162, 6, 10 ]
774 / 10000: [ 0, 2, 0, 0, 0 ], [ 0, 162, 6, 10 ]
775 / 10000: [ 0, 0, 0, 0, 0 ], [ 0, 162, 6, 10 ]
776 / 10000: [ 0, 1, 0, 0, 0 ], [ 0, 162, 6, 10 ]
777 / 10000: [ 0, 0, 0, 0, 0 ], [ 0, 162, 6, 10 ]
778 / 10000: [ 0, 3, 0, 0, 0 ], [ 0, 163, 6, 10 ]
779 / 10000: [ 0, 1, 0, 0, 0 ], [ 0, 163, 6, 10 ]
780 / 10000: [ 0, 2, 0, 0, 0 ], [ 0, 163, 6, 10 ]
781 / 10000: [ 0, 2, 0, 0, 0 ], [ 0, 163, 6, 10 ]
782 / 10000: [ 0, 2, 0, 0, 0 ], [ 0, 163, 6, 10 ]
783 / 10000: [ 0, 1, 0, 0, 0 ], [ 0, 163, 6, 10 ]
784 / 10000: [ 0, 0, 0, 0, 0 ], [ 0, 163, 6, 10 ]
785 / 10000: [ 0, 0, 0, 0, 0 ], [ 0, 163, 6, 10 ]
786 / 10000: [ 0, 0, 0, 0, 0 ], [ 0, 163, 6, 10 ]
787 / 10000: [ 0, 0, 0, 0, 0 ], [ 0, 163, 6, 10 ]
788 / 10000: [ 0, 0, 0, 0, 0 ], [ 0, 163, 6, 10 ]
789 / 10000: [ 0, 1, 0, 0, 0 ], [ 0, 163, 6, 10 ]
790 / 10000: [ 0, 0, 0, 0, 0 ], [ 0, 163, 6, 10 ]
791 / 10000: [ 0, 0, 0, 0, 0 ], [ 0, 163, 6, 10 ]
792 / 10000: [ 0, 0, 0, 0, 0 ], [ 0, 163, 6, 10 ]
793 / 10000: [ 0, 0, 0, 0, 0 ], [ 0, 163, 6, 10 ]
794 / 10000: [ 0, 1, 0, 0, 0 ], [ 0, 163, 6, 10 ]
795 / 10000: [ 0, 0, 0, 0, 0 ], [ 0, 163, 6, 10 ]
796 / 10000: [ 0, 0, 0, 0, 0 ], [ 0, 163, 6, 10 ]
797 / 10000: [ 0, 0, 0, 0, 0 ], [ 0, 163, 6, 10 ]
798 / 10000: [ 0, 2, 0, 0, 0 ], [ 0, 163, 6, 10 ]
799 / 10000: [ 0, 1, 0, 0, 0 ], [ 0, 163, 6, 10 ]
800 / 10000: [ 0, 0, 0, 0, 0 ], [ 0, 163, 6, 10 ]
801 / 10000: [ 0, 2, 0, 0, 0 ], [ 0, 163, 6, 10 ]
802 / 10000: [ 0, 1, 0, 0, 0 ], [ 0, 163, 6, 10 ]
803 / 10000: [ 0, 2, 0, 0, 0 ], [ 0, 163, 6, 10 ]
804 / 10000: [ 0, 2, 0, 0, 0 ], [ 0, 163, 6, 10 ]
805 / 10000: [ 0, 2, 0, 0, 0 ], [ 0, 163, 6, 10 ]
806 / 10000: [ 0, 3, 0, 0, 0 ], [ 0, 164, 6, 10 ]
807 / 10000: [ 0, 0, 0, 0, 0 ], [ 0, 164, 6, 10 ]
808 / 10000: [ 0, 2, 0, 0, 0 ], [ 0, 164, 6, 10 ]
809 / 10000: [ 0, 2, 0, 0, 0 ], [ 0, 164, 6, 10 ]
810 / 10000: [ 0, 2, 0, 0, 0 ], [ 0, 164, 6, 10 ]
811 / 10000: [ 0, 2, 1, 0, 0 ], [ 0, 164, 7, 10 ]
812 / 10000: [ 0, 2, 1, 0, 0 ], [ 0, 164, 8, 10 ]
813 / 10000: [ 0, 3, 0, 0, 0 ], [ 0, 165, 8, 10 ]
814 / 10000: [ 0, 2, 0, 0, 0 ], [ 0, 165, 8, 10 ]
815 / 10000: [ 0, 0, 0, 0, 0 ], [ 0, 165, 8, 10 ]
816 / 10000: [ 0, 2, 0, 0, 0 ], [ 0, 165, 8, 10 ]
817 / 10000: [ 0, 3, 0, 0, 0 ], [ 0, 166, 8, 10 ]
818 / 10000: [ 0, 2, 0, 0, 0 ], [ 0, 166, 8, 10 ]
819 / 10000: [ 0, 0, 0, 0, 0 ], [ 0, 166, 8, 10 ]
820 / 10000: [ 0, 0, 0, 0, 0 ], [ 0, 166, 8, 10 ]
821 / 10000: [ 0, 0, 0, 0, 0 ], [ 0, 166, 8, 10 ]
822 / 10000: [ 0, 0, 0, 0, 0 ], [ 0, 166, 8, 10 ]
823 / 10000: [ 0, 1, 0, 0, 0 ], [ 0, 166, 8, 10 ]
824 / 10000: [ 0, 1, 0, 0, 0 ], [ 0, 166, 8, 10 ]
825 / 10000: [ 0, 1, 1, 0, 0 ], [ 0, 166, 8, 10 ]
826 / 10000: [ 0, 1, 0, 0, 0 ], [ 0, 166, 8, 10 ]
827 / 10000: [ 0, 0, 0, 0, 0 ], [ 0, 166, 8, 10 ]
828 / 10000: [ 0, 0, 0, 0, 0 ], [ 0, 166, 8, 10 ]
829 / 10000: [ 0, 0, 0, 0, 0 ], [ 0, 166, 8, 10 ]
830 / 10000: [ 0, 1, 0, 0, 0 ], [ 0, 166, 8, 10 ]
831 / 10000: [ 0, 0, 0, 0, 0 ], [ 0, 166, 8, 10 ]
832 / 10000: [ 0, 0, 0, 0, 0 ], [ 0, 166, 8, 10 ]
833 / 10000: [ 0, 2, 0, 0, 0 ], [ 0, 166, 8, 10 ]
834 / 10000: [ 0, 1, 0, 0, 0 ], [ 0, 166, 8, 10 ]
835 / 10000: [ 0, 0, 0, 0, 0 ], [ 0, 166, 8, 10 ]
836 / 10000: [ 0, 0, 0, 0, 0 ], [ 0, 166, 8, 10 ]
837 / 10000: [ 0, 2, 0, 0, 0 ], [ 0, 166, 8, 10 ]
838 / 10000: [ 0, 0, 0, 0, 0 ], [ 0, 166, 8, 10 ]
839 / 10000: [ 0, 0, 0, 0, 0 ], [ 0, 166, 8, 10 ]
840 / 10000: [ 0, 0, 0, 0, 0 ], [ 0, 166, 8, 10 ]
841 / 10000: [ 0, 0, 0, 0, 0 ], [ 0, 166, 8, 10 ]
842 / 10000: [ 0, 1, 0, 0, 0 ], [ 0, 166, 8, 10 ]
843 / 10000: [ 0, 1, 0, 0, 0 ], [ 0, 166, 8, 10 ]
844 / 10000: [ 0, 0, 0, 0, 0 ], [ 0, 166, 8, 10 ]
845 / 10000: [ 0, 1, 0, 0, 0 ], [ 0, 166, 8, 10 ]
846 / 10000: [ 0, 2, 0, 0, 0 ], [ 0, 166, 8, 10 ]
847 / 10000: [ 0, 0, 0, 0, 0 ], [ 0, 166, 8, 10 ]
848 / 10000: [ 0, 1, 0, 0, 0 ], [ 0, 166, 8, 10 ]
849 / 10000: [ 0, 1, 0, 0, 0 ], [ 0, 166, 8, 10 ]
850 / 10000: [ 0, 1, 0, 0, 0 ], [ 0, 166, 8, 10 ]
851 / 10000: [ 0, 3, 0, 0, 0 ], [ 0, 167, 8, 10 ]
852 / 10000: [ 0, 1, 0, 0, 0 ], [ 0, 167, 8, 10 ]
853 / 10000: [ 0, 1, 0, 0, 0 ], [ 0, 167, 8, 10 ]
854 / 10000: [ 0, 2, 0, 0, 0 ], [ 0, 167, 8, 10 ]
855 / 10000: [ 0, 1, 0, 0, 0 ], [ 0, 167, 8, 10 ]
856 / 10000: [ 0, 0, 0, 0, 0 ], [ 0, 167, 8, 10 ]
857 / 10000: [ 0, 3, 0, 0, 0 ], [ 0, 168, 8, 10 ]
858 / 10000: [ 0, 1, 0, 0, 0 ], [ 0, 168, 8, 10 ]
859 / 10000: [ 0, 0, 0, 0, 0 ], [ 0, 168, 8, 10 ]
860 / 10000: [ 0, 2, 0, 0, 0 ], [ 0, 168, 8, 10 ]
861 / 10000: [ 0, 0, 0, 0, 0 ], [ 0, 168, 8, 10 ]
862 / 10000: [ 0, 0, 0, 0, 0 ], [ 0, 168, 8, 10 ]
863 / 10000: [ 0, 0, 0, 0, 0 ], [ 0, 168, 8, 10 ]
864 / 10000: [ 0, 0, 0, 0, 0 ], [ 0, 168, 8, 10 ]
865 / 10000: [ 0, 0, 0, 0, 0 ], [ 0, 168, 8, 10 ]
866 / 10000: [ 0, 3, 0, 0, 0 ], [ 0, 169, 8, 10 ]
867 / 10000: [ 0, 0, 0, 0, 0 ], [ 0, 169, 8, 10 ]
868 / 10000: [ 0, 2, 0, 0, 0 ], [ 0, 169, 8, 10 ]
869 / 10000: [ 0, 3, 0, 0, 0 ], [ 0, 170, 8, 10 ]
870 / 10000: [ 0, 0, 0, 0, 0 ], [ 0, 170, 8, 10 ]
871 / 10000: [ 0, 3, 0, 0, 0 ], [ 0, 171, 8, 10 ]
872 / 10000: [ 0, 2, 0, 0, 0 ], [ 0, 171, 8, 10 ]
873 / 10000: [ 0, 0, 0, 0, 0 ], [ 0, 171, 8, 10 ]
874 / 10000: [ 0, 0, 0, 0, 0 ], [ 0, 171, 8, 10 ]
875 / 10000: [ 0, 2, 0, 0, 0 ], [ 0, 171, 8, 10 ]
876 / 10000: [ 0, 1, 0, 0, 0 ], [ 0, 171, 8, 10 ]
877 / 10000: [ 0, 1, 0, 0, 0 ], [ 0, 171, 8, 10 ]
878 / 10000: [ 0, 1, 0, 0, 0 ], [ 0, 171, 8, 10 ]
879 / 10000: [ 0, 1, 0, 0, 0 ], [ 0, 171, 8, 10 ]
880 / 10000: [ 0, 3, 0, 0, 0 ], [ 0, 172, 8, 10 ]
881 / 10000: [ 0, 3, 0, 0, 0 ], [ 0, 173, 8, 10 ]
882 / 10000: [ 0, 2, 0, 0, 0 ], [ 0, 173, 8, 10 ]
883 / 10000: [ 0, 3, 0, 0, 0 ], [ 0, 174, 8, 10 ]
884 / 10000: [ 0, 0, 0, 0, 0 ], [ 0, 174, 8, 10 ]
885 / 10000: [ 0, 1, 0, 0, 0 ], [ 0, 174, 8, 10 ]
886 / 10000: [ 0, 3, 0, 0, 0 ], [ 0, 175, 8, 10 ]
887 / 10000: [ 0, 1, 0, 0, 0 ], [ 0, 175, 8, 10 ]
888 / 10000: [ 0, 2, 0, 0, 0 ], [ 0, 175, 8, 10 ]
889 / 10000: [ 0, 3, 0, 0, 0 ], [ 0, 176, 8, 10 ]
890 / 10000: [ 0, 3, 0, 0, 0 ], [ 0, 177, 8, 10 ]
891 / 10000: [ 0, 1, 0, 0, 0 ], [ 0, 177, 8, 10 ]
892 / 10000: [ 0, 1, 0, 0, 0 ], [ 0, 177, 8, 10 ]
893 / 10000: [ 0, 3, 0, 0, 0 ], [ 0, 178, 8, 10 ]
894 / 10000: [ 0, 2, 0, 0, 0 ], [ 0, 178, 8, 10 ]
895 / 10000: [ 0, 0, 0, 0, 0 ], [ 0, 178, 8, 10 ]
896 / 10000: [ 0, 1, 0, 0, 0 ], [ 0, 178, 8, 10 ]
897 / 10000: [ 0, 2, 0, 0, 0 ], [ 0, 178, 8, 10 ]
898 / 10000: [ 0, 3, 0, 0, 0 ], [ 0, 179, 8, 10 ]
899 / 10000: [ 0, 0, 0, 0, 0 ], [ 0, 179, 8, 10 ]
900 / 10000: [ 0, 2, 0, 0, 0 ], [ 0, 179, 8, 10 ]
901 / 10000: [ 0, 1, 0, 0, 0 ], [ 0, 179, 8, 10 ]
902 / 10000: [ 0, 1, 0, 0, 0 ], [ 0, 179, 8, 10 ]
903 / 10000: [ 0, 1, 0, 0, 0 ], [ 0, 179, 8, 10 ]
904 / 10000: [ 0, 0, 0, 0, 0 ], [ 0, 179, 8, 10 ]
905 / 10000: [ 0, 0, 0, 0, 0 ], [ 0, 179, 8, 10 ]
906 / 10000: [ 0, 3, 0, 0, 0 ], [ 0, 180, 8, 10 ]
907 / 10000: [ 0, 0, 0, 0, 0 ], [ 0, 180, 8, 10 ]
908 / 10000: [ 0, 2, 0, 0, 0 ], [ 0, 180, 8, 10 ]
909 / 10000: [ 0, 3, 0, 0, 0 ], [ 0, 181, 8, 10 ]
910 / 10000: [ 0, 0, 0, 0, 0 ], [ 0, 181, 8, 10 ]
911 / 10000: [ 0, 3, 0, 0, 0 ], [ 0, 182, 8, 10 ]
912 / 10000: [ 0, 1, 0, 0, 0 ], [ 0, 182, 8, 10 ]
913 / 10000: [ 0, 2, 0, 0, 0 ], [ 0, 182, 8, 10 ]
914 / 10000: [ 0, 2, 0, 0, 0 ], [ 0, 182, 8, 10 ]
915 / 10000: [ 0, 1, 0, 0, 0 ], [ 0, 182, 8, 10 ]
916 / 10000: [ 0, 2, 0, 0, 0 ], [ 0, 182, 8, 10 ]
917 / 10000: [ 0, 1, 0, 0, 0 ], [ 0, 182, 8, 10 ]
918 / 10000: [ 0, 2, 0, 0, 0 ], [ 0, 182, 8, 10 ]
919 / 10000: [ 0, 0, 0, 0, 0 ], [ 0, 182, 8, 10 ]
920 / 10000: [ 0, 2, 0, 0, 0 ], [ 0, 182, 8, 10 ]
921 / 10000: [ 0, 3, 0, 0, 0 ], [ 0, 183, 8, 10 ]
922 / 10000: [ 0, 3, 0, 0, 0 ], [ 0, 184, 8, 10 ]
923 / 10000: [ 0, 2, 0, 0, 0 ], [ 0, 184, 8, 10 ]
924 / 10000: [ 0, 0, 0, 0, 0 ], [ 0, 184, 8, 10 ]
925 / 10000: [ 0, 0, 0, 0, 0 ], [ 0, 184, 8, 10 ]
926 / 10000: [ 0, 2, 0, 0, 0 ], [ 0, 184, 8, 10 ]
927 / 10000: [ 0, 0, 0, 0, 0 ], [ 0, 184, 8, 10 ]
928 / 10000: [ 0, 1, 0, 0, 0 ], [ 0, 184, 8, 10 ]
929 / 10000: [ 0, 2, 0, 0, 0 ], [ 0, 184, 8, 10 ]
930 / 10000: [ 0, 3, 0, 0, 0 ], [ 0, 185, 8, 10 ]
931 / 10000: [ 0, 1, 0, 0, 0 ], [ 0, 185, 8, 10 ]
932 / 10000: [ 0, 1, 1, 0, 0 ], [ 0, 185, 8, 10 ]
933 / 10000: [ 0, 2, 0, 0, 0 ], [ 0, 185, 8, 10 ]
934 / 10000: [ 0, 3, 0, 0, 0 ], [ 0, 186, 8, 10 ]
935 / 10000: [ 0, 1, 0, 0, 0 ], [ 0, 186, 8, 10 ]
936 / 10000: [ 0, 1, 0, 0, 0 ], [ 0, 186, 8, 10 ]
937 / 10000: [ 0, 0, 0, 0, 0 ], [ 0, 186, 8, 10 ]
938 / 10000: [ 0, 3, 0, 0, 0 ], [ 0, 187, 8, 10 ]
939 / 10000: [ 0, 3, 0, 0, 0 ], [ 0, 188, 8, 10 ]
940 / 10000: [ 0, 2, 0, 0, 0 ], [ 0, 188, 8, 10 ]
941 / 10000: [ 0, 1, 0, 0, 0 ], [ 0, 188, 8, 10 ]
942 / 10000: [ 0, 0, 0, 0, 0 ], [ 0, 188, 8, 10 ]
943 / 10000: [ 0, 0, 1, 0, 0 ], [ 0, 188, 8, 10 ]
944 / 10000: [ 0, 0, 0, 0, 0 ], [ 0, 188, 8, 10 ]
945 / 10000: [ 0, 1, 0, 0, 0 ], [ 0, 188, 8, 10 ]
946 / 10000: [ 0, 2, 0, 0, 0 ], [ 0, 188, 8, 10 ]
947 / 10000: [ 0, 0, 0, 0, 0 ], [ 0, 188, 8, 10 ]
948 / 10000: [ 0, 0, 0, 0, 0 ], [ 0, 188, 8, 10 ]
949 / 10000: [ 0, 1, 0, 0, 0 ], [ 0, 188, 8, 10 ]
950 / 10000: [ 0, 0, 0, 0, 0 ], [ 0, 188, 8, 10 ]
951 / 10000: [ 0, 1, 0, 0, 0 ], [ 0, 188, 8, 10 ]
952 / 10000: [ 0, 0, 0, 0, 0 ], [ 0, 188, 8, 10 ]
953 / 10000: [ 0, 2, 0, 0, 0 ], [ 0, 188, 8, 10 ]
954 / 10000: [ 0, 1, 0, 0, 0 ], [ 0, 188, 8, 10 ]
955 / 10000: [ 0, 0, 0, 0, 0 ], [ 0, 188, 8, 10 ]
956 / 10000: [ 0, 0, 0, 0, 0 ], [ 0, 188, 8, 10 ]
957 / 10000: [ 0, 1, 0, 0, 0 ], [ 0, 188, 8, 10 ]
958 / 10000: [ 0, 1, 0, 0, 0 ], [ 0, 188, 8, 10 ]
959 / 10000: [ 0, 0, 0, 0, 0 ], [ 0, 188, 8, 10 ]
960 / 10000: [ 0, 0, 0, 0, 0 ], [ 0, 188, 8, 10 ]
961 / 10000: [ 0, 3, 0, 0, 0 ], [ 0, 189, 8, 10 ]
962 / 10000: [ 0, 1, 0, 0, 0 ], [ 0, 189, 8, 10 ]
963 / 10000: [ 0, 3, 0, 0, 0 ], [ 0, 190, 8, 10 ]
964 / 10000: [ 0, 0, 0, 0, 0 ], [ 0, 190, 8, 10 ]
965 / 10000: [ 0, 1, 0, 0, 0 ], [ 0, 190, 8, 10 ]
966 / 10000: [ 0, 2, 0, 0, 0 ], [ 0, 190, 8, 10 ]
967 / 10000: [ 0, 0, 0, 0, 0 ], [ 0, 190, 8, 10 ]
968 / 10000: [ 0, 0, 0, 0, 0 ], [ 0, 190, 8, 10 ]
969 / 10000: [ 0, 1, 0, 0, 0 ], [ 0, 190, 8, 10 ]
970 / 10000: [ 0, 3, 0, 0, 0 ], [ 0, 191, 8, 10 ]
971 / 10000: [ 0, 1, 0, 0, 0 ], [ 0, 191, 8, 10 ]
972 / 10000: [ 0, 0, 0, 0, 0 ], [ 0, 191, 8, 10 ]
973 / 10000: [ 0, 1, 0, 0, 0 ], [ 0, 191, 8, 10 ]
974 / 10000: [ 0, 0, 0, 0, 0 ], [ 0, 191, 8, 10 ]
975 / 10000: [ 0, 0, 0, 0, 0 ], [ 0, 191, 8, 10 ]
976 / 10000: [ 0, 0, 0, 0, 0 ], [ 0, 191, 8, 10 ]
977 / 10000: [ 0, 2, 0, 0, 0 ], [ 0, 191, 8, 10 ]
978 / 10000: [ 0, 3, 0, 0, 0 ], [ 0, 192, 8, 10 ]
979 / 10000: [ 0, 0, 0, 0, 0 ], [ 0, 192, 8, 10 ]
980 / 10000: [ 0, 2, 0, 0, 0 ], [ 0, 192, 8, 10 ]
981 / 10000: [ 0, 1, 0, 0, 0 ], [ 0, 192, 8, 10 ]
982 / 10000: [ 0, 1, 0, 0, 0 ], [ 0, 192, 8, 10 ]
983 / 10000: [ 0, 2, 0, 0, 0 ], [ 0, 192, 8, 10 ]
984 / 10000: [ 0, 2, 0, 0, 0 ], [ 0, 192, 8, 10 ]
985 / 10000: [ 0, 2, 0, 0, 0 ], [ 0, 192, 8, 10 ]
986 / 10000: [ 0, 3, 0, 0, 0 ], [ 0, 193, 8, 10 ]
987 / 10000: [ 0, 0, 0, 0, 0 ], [ 0, 193, 8, 10 ]
988 / 10000: [ 0, 1, 0, 0, 0 ], [ 0, 193, 8, 10 ]
989 / 10000: [ 0, 2, 0, 0, 0 ], [ 0, 193, 8, 10 ]
990 / 10000: [ 0, 0, 0, 0, 0 ], [ 0, 193, 8, 10 ]
991 / 10000: [ 0, 2, 0, 0, 0 ], [ 0, 193, 8, 10 ]
992 / 10000: [ 0, 0, 0, 0, 0 ], [ 0, 193, 8, 10 ]
993 / 10000: [ 0, 3, 0, 0, 0 ], [ 0, 194, 8, 10 ]
994 / 10000: [ 0, 3, 0, 0, 0 ], [ 0, 195, 8, 10 ]
995 / 10000: [ 0, 0, 0, 0, 0 ], [ 0, 195, 8, 10 ]
996 / 10000: [ 0, 2, 0, 0, 0 ], [ 0, 195, 8, 10 ]
997 / 10000: [ 0, 1, 1, 0, 0 ], [ 0, 195, 8, 10 ]
998 / 10000: [ 0, 2, 0, 0, 0 ], [ 0, 195, 8, 10 ]
999 / 10000: [ 0, 2, 0, 0, 0 ], [ 0, 195, 8, 10 ]
1000 / 10000: [ 0, 0, 0, 0, 0 ], [ 0, 195, 8, 10 ]
1001 / 10000: [ 0, 3, 0, 0, 0 ], [ 0, 196, 8, 10 ]
1002 / 10000: [ 0, 3, 0, 0, 0 ], [ 0, 197, 8, 10 ]
1003 / 10000: [ 0, 3, 0, 0, 0 ], [ 0, 198, 8, 10 ]
1004 / 10000: [ 0, 0, 0, 0, 0 ], [ 0, 198, 8, 10 ]
1005 / 10000: [ 0, 0, 0, 0, 0 ], [ 0, 198, 8, 10 ]
1006 / 10000: [ 0, 3, 0, 0, 0 ], [ 0, 199, 8, 10 ]
1007 / 10000: [ 0, 0, 0, 0, 0 ], [ 0, 199, 8, 10 ]
1008 / 10000: [ 0, 2, 0, 0, 0 ], [ 0, 199, 8, 10 ]
1009 / 10000: [ 0, 3, 0, 0, 0 ], [ 0, 200, 8, 10 ]
1010 / 10000: [ 0, 2, 0, 0, 0 ], [ 0, 200, 8, 10 ]
1011 / 10000: [ 0, 2, 0, 0, 0 ], [ 0, 200, 8, 10 ]
1012 / 10000: [ 0, 2, 1, 0, 0 ], [ 0, 200, 9, 10 ]
1013 / 10000: [ 0, 2, 0, 0, 0 ], [ 0, 200, 9, 10 ]
1014 / 10000: [ 0, 2, 0, 0, 0 ], [ 0, 200, 9, 10 ]
1015 / 10000: [ 0, 2, 0, 0, 0 ], [ 0, 200, 9, 10 ]
1016 / 10000: [ 0, 2, 0, 0, 0 ], [ 0, 200, 9, 10 ]
1017 / 10000: [ 0, 1, 1, 0, 0 ], [ 0, 200, 9, 10 ]
1018 / 10000: [ 0, 3, 0, 0, 0 ], [ 0, 201, 9, 10 ]
1019 / 10000: [ 0, 0, 0, 0, 0 ], [ 0, 201, 9, 10 ]
1020 / 10000: [ 0, 3, 0, 0, 0 ], [ 0, 202, 9, 10 ]
1021 / 10000: [ 0, 1, 0, 2, 0 ], [ 0, 202, 9, 11 ]
1022 / 10000: [ 0, 1, 0, 2, 0 ], [ 0, 202, 9, 12 ]
1023 / 10000: [ 0, 3, 0, 0, 0 ], [ 0, 203, 9, 12 ]
1024 / 10000: [ 0, 0, 0, 0, 1 ], [ 0, 203, 9, 12 ]
1025 / 10000: [ 0, 0, 1, 0, 0 ], [ 0, 203, 9, 12 ]
1026 / 10000: [ 0, 2, 0, 1, 0 ], [ 0, 203, 9, 13 ]
1027 / 10000: [ 0, 0, 0, 0, 0 ], [ 0, 203, 9, 13 ]
1028 / 10000: [ 0, 1, 0, 0, 0 ], [ 0, 203, 9, 13 ]
1029 / 10000: [ 0, 2, 0, 0, 0 ], [ 0, 203, 9, 13 ]
1030 / 10000: [ 0, 1, 0, 2, 0 ], [ 0, 203, 9, 14 ]
1031 / 10000: [ 0, 1, 0, 0, 0 ], [ 0, 203, 9, 14 ]
1032 / 10000: [ 0, 0, 0, 0, 0 ], [ 0, 203, 9, 14 ]
1033 / 10000: [ 0, 2, 0, 1, 0 ], [ 0, 203, 9, 15 ]
1034 / 10000: [ 0, 2, 0, 0, 0 ], [ 0, 203, 9, 15 ]
1035 / 10000: [ 0, 0, 1, 0, 0 ], [ 0, 203, 9, 15 ]
1036 / 10000: [ 0, 1, 0, 0, 0 ], [ 0, 203, 9, 15 ]
1037 / 10000: [ 0, 0, 0, 3, 0 ], [ 0, 203, 9, 16 ]
1038 / 10000: [ 0, 2, 0, 1, 0 ], [ 0, 203, 9, 17 ]
1039 / 10000: [ 0, 0, 0, 0, 0 ], [ 0, 203, 9, 17 ]
1040 / 10000: [ 0, 0, 0, 2, 0 ], [ 0, 203, 9, 17 ]
1041 / 10000: [ 0, 3, 0, 0, 0 ], [ 0, 204, 9, 17 ]
1042 / 10000: [ 0, 2, 0, 1, 0 ], [ 0, 204, 9, 18 ]
1043 / 10000: [ 0, 3, 0, 0, 0 ], [ 0, 205, 9, 18 ]
1044 / 10000: [ 0, 0, 1, 0, 0 ], [ 0, 205, 9, 18 ]
1045 / 10000: [ 0, 1, 0, 0, 0 ], [ 0, 205, 9, 18 ]
1046 / 10000: [ 0, 1, 0, 2, 0 ], [ 0, 205, 9, 19 ]
1047 / 10000: [ 0, 0, 0, 0, 0 ], [ 0, 205, 9, 19 ]
1048 / 10000: [ 0, 0, 0, 1, 0 ], [ 0, 205, 9, 19 ]
1049 / 10000: [ 0, 0, 0, 2, 0 ], [ 0, 205, 9, 19 ]
1050 / 10000: [ 0, 3, 0, 0, 0 ], [ 0, 206, 9, 19 ]
1051 / 10000: [ 0, 0, 0, 1, 0 ], [ 0, 206, 9, 19 ]
1052 / 10000: [ 0, 0, 0, 0, 0 ], [ 0, 206, 9, 19 ]
1053 / 10000: [ 0, 2, 0, 1, 0 ], [ 0, 206, 9, 20 ]
1054 / 10000: [ 0, 0, 0, 2, 0 ], [ 0, 206, 9, 20 ]
1055 / 10000: [ 0, 0, 0, 0, 1 ], [ 0, 206, 9, 20 ]
1056 / 10000: [ 0, 0, 0, 1, 0 ], [ 0, 206, 9, 20 ]
1057 / 10000: [ 0, 3, 0, 0, 0 ], [ 0, 207, 9, 20 ]
1058 / 10000: [ 0, 2, 0, 1, 0 ], [ 0, 207, 9, 21 ]
1059 / 10000: [ 0, 0, 0, 0, 0 ], [ 0, 207, 9, 21 ]
1060 / 10000: [ 0, 2, 0, 0, 0 ], [ 0, 207, 9, 21 ]
1061 / 10000: [ 0, 2, 0, 0, 0 ], [ 0, 207, 9, 21 ]
1062 / 10000: [ 0, 3, 0, 0, 0 ], [ 0, 208, 9, 21 ]
1063 / 10000: [ 0, 3, 0, 0, 0 ], [ 0, 209, 9, 21 ]
1064 / 10000: [ 0, 0, 1, 0, 0 ], [ 0, 209, 9, 21 ]
1065 / 10000: [ 0, 1, 0, 0, 0 ], [ 0, 209, 9, 21 ]
1066 / 10000: [ 0, 2, 0, 0, 0 ], [ 0, 209, 9, 21 ]
1067 / 10000: [ 0, 0, 0, 0, 0 ], [ 0, 209, 9, 21 ]
1068 / 10000: [ 0, 0, 0, 0, 0 ], [ 0, 209, 9, 21 ]
1069 / 10000: [ 0, 0, 0, 0, 0 ], [ 0, 209, 9, 21 ]
1070 / 10000: [ 0, 3, 0, 0, 0 ], [ 0, 210, 9, 21 ]
1071 / 10000: [ 0, 0, 0, 0, 0 ], [ 0, 210, 9, 21 ]
1072 / 10000: [ 0, 1, 0, 0, 0 ], [ 0, 210, 9, 21 ]
1073 / 10000: [ 0, 3, 0, 0, 0 ], [ 0, 211, 9, 21 ]
1074 / 10000: [ 0, 1, 0, 0, 0 ], [ 0, 211, 9, 21 ]
1075 / 10000: [ 0, 0, 0, 0, 0 ], [ 0, 211, 9, 21 ]
1076 / 10000: [ 0, 0, 0, 0, 0 ], [ 0, 211, 9, 21 ]
1077 / 10000: [ 0, 1, 0, 0, 0 ], [ 0, 211, 9, 21 ]
1078 / 10000: [ 0, 3, 0, 0, 0 ], [ 0, 212, 9, 21 ]
1079 / 10000: [ 0, 0, 0, 0, 0 ], [ 0, 212, 9, 21 ]
1080 / 10000: [ 0, 2, 0, 0, 0 ], [ 0, 212, 9, 21 ]
1081 / 10000: [ 0, 2, 0, 1, 0 ], [ 0, 212, 9, 22 ]
1082 / 10000: [ 0, 3, 0, 0, 0 ], [ 0, 213, 9, 22 ]
1083 / 10000: [ 0, 1, 0, 0, 0 ], [ 0, 213, 9, 22 ]
1084 / 10000: [ 0, 0, 0, 0, 0 ], [ 0, 213, 9, 22 ]
1085 / 10000: [ 0, 0, 0, 0, 0 ], [ 0, 213, 9, 22 ]
1086 / 10000: [ 0, 1, 0, 2, 0 ], [ 0, 213, 9, 23 ]
1087 / 10000: [ 0, 0, 0, 0, 0 ], [ 0, 213, 9, 23 ]
1088 / 10000: [ 0, 1, 0, 1, 0 ], [ 0, 213, 9, 23 ]
1089 / 10000: [ 0, 0, 0, 1, 0 ], [ 0, 213, 9, 23 ]
1090 / 10000: [ 0, 0, 0, 0, 0 ], [ 0, 213, 9, 23 ]
1091 / 10000: [ 0, 0, 0, 2, 0 ], [ 0, 213, 9, 23 ]
1092 / 10000: [ 0, 2, 0, 1, 0 ], [ 0, 213, 9, 24 ]
1093 / 10000: [ 0, 0, 0, 1, 0 ], [ 0, 213, 9, 24 ]
1094 / 10000: [ 0, 0, 0, 1, 0 ], [ 0, 213, 9, 24 ]
1095 / 10000: [ 0, 0, 0, 0, 0 ], [ 0, 213, 9, 24 ]
1096 / 10000: [ 0, 1, 0, 0, 0 ], [ 0, 213, 9, 24 ]
1097 / 10000: [ 0, 0, 0, 0, 0 ], [ 0, 213, 9, 24 ]
1098 / 10000: [ 0, 2, 0, 1, 0 ], [ 0, 213, 9, 25 ]
1099 / 10000: [ 0, 0, 0, 0, 0 ], [ 0, 213, 9, 25 ]
1100 / 10000: [ 0, 0, 0, 1, 1 ], [ 0, 213, 9, 25 ]
1101 / 10000: [ 0, 3, 0, 0, 0 ], [ 0, 214, 9, 25 ]
1102 / 10000: [ 0, 3, 0, 0, 0 ], [ 0, 215, 9, 25 ]
1103 / 10000: [ 0, 1, 0, 0, 0 ], [ 0, 215, 9, 25 ]
1104 / 10000: [ 0, 0, 0, 0, 0 ], [ 0, 215, 9, 25 ]
1105 / 10000: [ 0, 0, 0, 0, 0 ], [ 0, 215, 9, 25 ]
1106 / 10000: [ 0, 1, 0, 2, 0 ], [ 0, 215, 9, 26 ]
1107 / 10000: [ 0, 0, 0, 0, 0 ], [ 0, 215, 9, 26 ]
1108 / 10000: [ 0, 0, 0, 2, 0 ], [ 0, 215, 9, 26 ]
1109 / 10000: [ 0, 1, 0, 0, 0 ], [ 0, 215, 9, 26 ]
1110 / 10000: [ 0, 0, 0, 0, 0 ], [ 0, 215, 9, 26 ]
1111 / 10000: [ 0, 0, 0, 2, 0 ], [ 0, 215, 9, 26 ]
1112 / 10000: [ 0, 3, 0, 0, 0 ], [ 0, 216, 9, 26 ]
1113 / 10000: [ 0, 1, 0, 0, 0 ], [ 0, 216, 9, 26 ]
1114 / 10000: [ 0, 1, 0, 0, 0 ], [ 0, 216, 9, 26 ]
1115 / 10000: [ 0, 0, 0, 0, 0 ], [ 0, 216, 9, 26 ]
1116 / 10000: [ 0, 0, 0, 1, 0 ], [ 0, 216, 9, 26 ]
1117 / 10000: [ 0, 0, 0, 0, 0 ], [ 0, 216, 9, 26 ]
1118 / 10000: [ 0, 3, 0, 0, 0 ], [ 0, 217, 9, 26 ]
1119 / 10000: [ 0, 0, 0, 0, 0 ], [ 0, 217, 9, 26 ]
1120 / 10000: [ 0, 0, 0, 1, 1 ], [ 0, 217, 9, 26 ]
1121 / 10000: [ 0, 2, 0, 1, 0 ], [ 0, 217, 9, 27 ]
1122 / 10000: [ 0, 3, 0, 0, 0 ], [ 0, 218, 9, 27 ]
1123 / 10000: [ 0, 0, 0, 1, 0 ], [ 0, 218, 9, 27 ]
1124 / 10000: [ 0, 0, 0, 0, 0 ], [ 0, 218, 9, 27 ]
1125 / 10000: [ 0, 0, 0, 0, 0 ], [ 0, 218, 9, 27 ]
1126 / 10000: [ 0, 1, 0, 2, 0 ], [ 0, 218, 9, 28 ]
1127 / 10000: [ 0, 0, 0, 0, 0 ], [ 0, 218, 9, 28 ]
1128 / 10000: [ 0, 1, 0, 1, 0 ], [ 0, 218, 9, 28 ]
1129 / 10000: [ 0, 0, 0, 1, 0 ], [ 0, 218, 9, 28 ]
1130 / 10000: [ 0, 0, 0, 0, 0 ], [ 0, 218, 9, 28 ]
1131 / 10000: [ 0, 2, 0, 0, 0 ], [ 0, 218, 9, 28 ]
1132 / 10000: [ 0, 1, 0, 2, 0 ], [ 0, 218, 9, 29 ]
1133 / 10000: [ 0, 0, 0, 1, 0 ], [ 0, 218, 9, 29 ]
1134 / 10000: [ 0, 0, 0, 1, 0 ], [ 0, 218, 9, 29 ]
1135 / 10000: [ 0, 0, 0, 0, 0 ], [ 0, 218, 9, 29 ]
1136 / 10000: [ 0, 0, 0, 1, 0 ], [ 0, 218, 9, 29 ]
1137 / 10000: [ 0, 0, 0, 0, 0 ], [ 0, 218, 9, 29 ]
1138 / 10000: [ 0, 0, 0, 3, 0 ], [ 0, 218, 9, 30 ]
1139 / 10000: [ 0, 0, 0, 0, 0 ], [ 0, 218, 9, 30 ]
1140 / 10000: [ 0, 1, 1, 0, 0 ], [ 0, 218, 9, 30 ]
1141 / 10000: [ 0, 0, 0, 1, 0 ], [ 0, 218, 9, 30 ]
1142 / 10000: [ 0, 0, 0, 1, 0 ], [ 0, 218, 9, 30 ]
1143 / 10000: [ 0, 0, 0, 1, 0 ], [ 0, 218, 9, 30 ]
1144 / 10000: [ 0, 0, 0, 0, 1 ], [ 0, 218, 9, 30 ]
1145 / 10000: [ 0, 0, 0, 0, 0 ], [ 0, 218, 9, 30 ]
1146 / 10000: [ 0, 2, 0, 1, 0 ], [ 0, 218, 9, 31 ]
1147 / 10000: [ 0, 0, 0, 0, 0 ], [ 0, 218, 9, 31 ]
1148 / 10000: [ 0, 1, 0, 2, 0 ], [ 0, 218, 9, 32 ]
1149 / 10000: [ 0, 2, 0, 1, 0 ], [ 0, 218, 9, 33 ]
1150 / 10000: [ 0, 0, 0, 0, 1 ], [ 0, 218, 9, 33 ]
1151 / 10000: [ 0, 3, 0, 0, 0 ], [ 0, 219, 9, 33 ]
1152 / 10000: [ 0, 2, 0, 1, 0 ], [ 0, 219, 9, 34 ]
1153 / 10000: [ 0, 0, 0, 2, 0 ], [ 0, 219, 9, 34 ]
1154 / 10000: [ 0, 0, 0, 3, 0 ], [ 0, 219, 9, 35 ]
1155 / 10000: [ 0, 2, 0, 1, 0 ], [ 0, 219, 9, 36 ]
1156 / 10000: [ 0, 0, 0, 2, 0 ], [ 0, 219, 9, 36 ]
1157 / 10000: [ 0, 1, 0, 0, 0 ], [ 0, 219, 9, 36 ]
1158 / 10000: [ 0, 0, 0, 2, 0 ], [ 0, 219, 9, 36 ]
1159 / 10000: [ 0, 0, 0, 0, 0 ], [ 0, 219, 9, 36 ]
1160 / 10000: [ 0, 2, 0, 1, 0 ], [ 0, 219, 9, 37 ]
1161 / 10000: [ 0, 1, 0, 0, 0 ], [ 0, 219, 9, 37 ]
1162 / 10000: [ 0, 1, 0, 0, 0 ], [ 0, 219, 9, 37 ]
1163 / 10000: [ 0, 1, 0, 0, 0 ], [ 0, 219, 9, 37 ]
1164 / 10000: [ 0, 0, 1, 0, 0 ], [ 0, 219, 9, 37 ]
1165 / 10000: [ 0, 0, 0, 0, 0 ], [ 0, 219, 9, 37 ]
1166 / 10000: [ 0, 3, 0, 0, 0 ], [ 0, 220, 9, 37 ]
1167 / 10000: [ 0, 0, 0, 0, 0 ], [ 0, 220, 9, 37 ]
1168 / 10000: [ 0, 3, 0, 0, 0 ], [ 0, 221, 9, 37 ]
1169 / 10000: [ 0, 3, 0, 0, 0 ], [ 0, 222, 9, 37 ]
1170 / 10000: [ 0, 0, 1, 0, 0 ], [ 0, 222, 9, 37 ]
1171 / 10000: [ 0, 3, 0, 0, 0 ], [ 0, 223, 9, 37 ]
1172 / 10000: [ 0, 2, 0, 1, 0 ], [ 0, 223, 9, 38 ]
1173 / 10000: [ 0, 2, 0, 0, 0 ], [ 0, 223, 9, 38 ]
1174 / 10000: [ 0, 3, 0, 0, 0 ], [ 0, 224, 9, 38 ]
1175 / 10000: [ 0, 3, 0, 0, 0 ], [ 0, 225, 9, 38 ]
1176 / 10000: [ 0, 2, 0, 0, 0 ], [ 0, 225, 9, 38 ]
1177 / 10000: [ 0, 1, 0, 0, 0 ], [ 0, 225, 9, 38 ]
1178 / 10000: [ 0, 2, 0, 0, 0 ], [ 0, 225, 9, 38 ]
1179 / 10000: [ 0, 0, 0, 0, 0 ], [ 0, 225, 9, 38 ]
1180 / 10000: [ 0, 3, 0, 0, 0 ], [ 0, 226, 9, 38 ]
1181 / 10000: [ 0, 0, 0, 0, 0 ], [ 0, 226, 9, 38 ]
1182 / 10000: [ 0, 0, 0, 0, 0 ], [ 0, 226, 9, 38 ]
1183 / 10000: [ 0, 0, 0, 0, 0 ], [ 0, 226, 9, 38 ]
1184 / 10000: [ 0, 0, 0, 0, 0 ], [ 0, 226, 9, 38 ]
1185 / 10000: [ 0, 0, 0, 0, 0 ], [ 0, 226, 9, 38 ]
1186 / 10000: [ 0, 0, 0, 0, 0 ], [ 0, 226, 9, 38 ]
1187 / 10000: [ 0, 3, 0, 0, 0 ], [ 0, 227, 9, 38 ]
1188 / 10000: [ 0, 2, 0, 0, 0 ], [ 0, 227, 9, 38 ]
1189 / 10000: [ 0, 1, 0, 0, 0 ], [ 0, 227, 9, 38 ]
1190 / 10000: [ 0, 0, 0, 0, 0 ], [ 0, 227, 9, 38 ]
1191 / 10000: [ 0, 0, 0, 0, 0 ], [ 0, 227, 9, 38 ]
1192 / 10000: [ 0, 1, 0, 0, 0 ], [ 0, 227, 9, 38 ]
1193 / 10000: [ 0, 0, 0, 0, 0 ], [ 0, 227, 9, 38 ]
1194 / 10000: [ 0, 0, 0, 0, 0 ], [ 0, 227, 9, 38 ]
1195 / 10000: [ 0, 1, 1, 0, 0 ], [ 0, 227, 9, 38 ]
1196 / 10000: [ 0, 0, 0, 0, 0 ], [ 0, 227, 9, 38 ]
1197 / 10000: [ 0, 0, 0, 0, 0 ], [ 0, 227, 9, 38 ]
1198 / 10000: [ 0, 0, 0, 0, 0 ], [ 0, 227, 9, 38 ]
1199 / 10000: [ 0, 0, 0, 0, 0 ], [ 0, 227, 9, 38 ]
1200 / 10000: [ 0, 0, 0, 0, 0 ], [ 0, 227, 9, 38 ]
1201 / 10000: [ 0, 0, 0, 0, 0 ], [ 0, 227, 9, 38 ]
1202 / 10000: [ 0, 0, 0, 0, 0 ], [ 0, 227, 9, 38 ]
1203 / 10000: [ 0, 0, 0, 1, 0 ], [ 0, 227, 9, 38 ]
1204 / 10000: [ 0, 0, 0, 0, 0 ], [ 0, 227, 9, 38 ]
1205 / 10000: [ 0, 0, 0, 0, 0 ], [ 0, 227, 9, 38 ]
1206 / 10000: [ 0, 1, 0, 0, 0 ], [ 0, 227, 9, 38 ]
1207 / 10000: [ 0, 1, 0, 0, 0 ], [ 0, 227, 9, 38 ]
1208 / 10000: [ 0, 0, 0, 0, 0 ], [ 0, 227, 9, 38 ]
1209 / 10000: [ 0, 3, 0, 0, 0 ], [ 0, 228, 9, 38 ]
1210 / 10000: [ 0, 0, 0, 0, 0 ], [ 0, 228, 9, 38 ]
1211 / 10000: [ 0, 1, 0, 0, 0 ], [ 0, 228, 9, 38 ]
1212 / 10000: [ 0, 0, 0, 0, 0 ], [ 0, 228, 9, 38 ]
1213 / 10000: [ 0, 0, 0, 0, 0 ], [ 0, 228, 9, 38 ]
1214 / 10000: [ 0, 0, 0, 0, 0 ], [ 0, 228, 9, 38 ]
1215 / 10000: [ 0, 0, 0, 0, 0 ], [ 0, 228, 9, 38 ]
1216 / 10000: [ 0, 3, 0, 0, 0 ], [ 0, 229, 9, 38 ]
1217 / 10000: [ 0, 0, 0, 0, 0 ], [ 0, 229, 9, 38 ]
1218 / 10000: [ 0, 1, 0, 0, 0 ], [ 0, 229, 9, 38 ]
1219 / 10000: [ 0, 0, 0, 3, 0 ], [ 0, 229, 9, 39 ]
1220 / 10000: [ 0, 0, 0, 0, 0 ], [ 0, 229, 9, 39 ]
1221 / 10000: [ 0, 1, 0, 0, 0 ], [ 0, 229, 9, 39 ]
1222 / 10000: [ 0, 3, 0, 0, 0 ], [ 0, 230, 9, 39 ]
1223 / 10000: [ 0, 1, 0, 0, 0 ], [ 0, 230, 9, 39 ]
1224 / 10000: [ 0, 0, 0, 0, 0 ], [ 0, 230, 9, 39 ]
1225 / 10000: [ 0, 1, 0, 0, 0 ], [ 0, 230, 9, 39 ]
1226 / 10000: [ 0, 3, 0, 0, 0 ], [ 0, 231, 9, 39 ]
1227 / 10000: [ 0, 0, 0, 0, 0 ], [ 0, 231, 9, 39 ]
1228 / 10000: [ 0, 2, 0, 0, 0 ], [ 0, 231, 9, 39 ]
1229 / 10000: [ 0, 3, 0, 0, 0 ], [ 0, 232, 9, 39 ]
1230 / 10000: [ 0, 0, 0, 0, 0 ], [ 0, 232, 9, 39 ]
1231 / 10000: [ 0, 3, 0, 0, 0 ], [ 0, 233, 9, 39 ]
1232 / 10000: [ 0, 2, 0, 0, 0 ], [ 0, 233, 9, 39 ]
1233 / 10000: [ 0, 2, 0, 0, 0 ], [ 0, 233, 9, 39 ]
1234 / 10000: [ 0, 2, 0, 0, 0 ], [ 0, 233, 9, 39 ]
1235 / 10000: [ 0, 2, 0, 0, 0 ], [ 0, 233, 9, 39 ]
1236 / 10000: [ 0, 2, 0, 0, 0 ], [ 0, 233, 9, 39 ]
1237 / 10000: [ 0, 2, 1, 0, 0 ], [ 0, 233, 10, 39 ]
1238 / 10000: [ 0, 3, 0, 0, 0 ], [ 0, 234, 10, 39 ]
1239 / 10000: [ 0, 0, 0, 0, 0 ], [ 0, 234, 10, 39 ]
1240 / 10000: [ 0, 2, 0, 0, 0 ], [ 0, 234, 10, 39 ]
1241 / 10000: [ 0, 1, 0, 0, 0 ], [ 0, 234, 10, 39 ]
1242 / 10000: [ 0, 1, 0, 0, 0 ], [ 0, 234, 10, 39 ]
1243 / 10000: [ 0, 1, 0, 0, 0 ], [ 0, 234, 10, 39 ]
1244 / 10000: [ 0, 0, 0, 0, 0 ], [ 0, 234, 10, 39 ]
1245 / 10000: [ 0, 1, 0, 0, 0 ], [ 0, 234, 10, 39 ]
1246 / 10000: [ 0, 3, 0, 0, 0 ], [ 0, 235, 10, 39 ]
1247 / 10000: [ 0, 1, 0, 0, 0 ], [ 0, 235, 10, 39 ]
1248 / 10000: [ 0, 1, 0, 0, 0 ], [ 0, 235, 10, 39 ]
1249 / 10000: [ 0, 2, 0, 0, 0 ], [ 0, 235, 10, 39 ]
1250 / 10000: [ 0, 0, 0, 0, 0 ], [ 0, 235, 10, 39 ]
1251 / 10000: [ 0, 1, 0, 0, 0 ], [ 0, 235, 10, 39 ]
1252 / 10000: [ 0, 0, 0, 0, 0 ], [ 0, 235, 10, 39 ]
1253 / 10000: [ 0, 3, 0, 0, 0 ], [ 0, 236, 10, 39 ]
1254 / 10000: [ 0, 3, 0, 0, 0 ], [ 0, 237, 10, 39 ]
1255 / 10000: [ 0, 0, 0, 0, 0 ], [ 0, 237, 10, 39 ]
1256 / 10000: [ 0, 1, 0, 0, 0 ], [ 0, 237, 10, 39 ]
1257 / 10000: [ 0, 1, 0, 0, 0 ], [ 0, 237, 10, 39 ]
1258 / 10000: [ 0, 2, 0, 0, 0 ], [ 0, 237, 10, 39 ]
1259 / 10000: [ 0, 1, 0, 0, 0 ], [ 0, 237, 10, 39 ]
1260 / 10000: [ 0, 0, 0, 0, 0 ], [ 0, 237, 10, 39 ]
1261 / 10000: [ 0, 3, 0, 0, 0 ], [ 0, 238, 10, 39 ]
1262 / 10000: [ 0, 3, 0, 0, 0 ], [ 0, 239, 10, 39 ]
1263 / 10000: [ 0, 3, 0, 0, 0 ], [ 0, 240, 10, 39 ]
1264 / 10000: [ 0, 1, 0, 0, 0 ], [ 0, 240, 10, 39 ]
1265 / 10000: [ 0, 1, 0, 0, 0 ], [ 0, 240, 10, 39 ]
1266 / 10000: [ 0, 3, 0, 0, 0 ], [ 0, 241, 10, 39 ]
1267 / 10000: [ 0, 0, 0, 0, 0 ], [ 0, 241, 10, 39 ]
1268 / 10000: [ 0, 1, 0, 0, 0 ], [ 0, 241, 10, 39 ]
1269 / 10000: [ 0, 3, 0, 0, 0 ], [ 0, 242, 10, 39 ]
1270 / 10000: [ 0, 2, 0, 0, 0 ], [ 0, 242, 10, 39 ]
1271 / 10000: [ 0, 2, 0, 0, 0 ], [ 0, 242, 10, 39 ]
1272 / 10000: [ 0, 2, 0, 0, 0 ], [ 0, 242, 10, 39 ]
1273 / 10000: [ 0, 2, 0, 0, 0 ], [ 0, 242, 10, 39 ]
1274 / 10000: [ 0, 3, 0, 0, 0 ], [ 0, 243, 10, 39 ]
1275 / 10000: [ 0, 0, 0, 0, 0 ], [ 0, 243, 10, 39 ]
1276 / 10000: [ 0, 2, 0, 0, 0 ], [ 0, 243, 10, 39 ]
1277 / 10000: [ 0, 0, 0, 0, 0 ], [ 0, 243, 10, 39 ]
1278 / 10000: [ 0, 3, 0, 0, 0 ], [ 0, 244, 10, 39 ]
1279 / 10000: [ 0, 0, 0, 0, 0 ], [ 0, 244, 10, 39 ]
1280 / 10000: [ 0, 2, 0, 0, 0 ], [ 0, 244, 10, 39 ]
1281 / 10000: [ 0, 2, 0, 0, 0 ], [ 0, 244, 10, 39 ]
1282 / 10000: [ 0, 1, 0, 2, 0 ], [ 0, 244, 10, 40 ]
1283 / 10000: [ 0, 3, 0, 0, 0 ], [ 0, 245, 10, 40 ]
1284 / 10000: [ 0, 0, 0, 0, 0 ], [ 0, 245, 10, 40 ]
1285 / 10000: [ 0, 1, 0, 0, 0 ], [ 0, 245, 10, 40 ]
1286 / 10000: [ 0, 1, 0, 0, 0 ], [ 0, 245, 10, 40 ]
1287 / 10000: [ 0, 0, 0, 0, 0 ], [ 0, 245, 10, 40 ]
1288 / 10000: [ 0, 0, 0, 0, 0 ], [ 0, 245, 10, 40 ]
1289 / 10000: [ 0, 0, 0, 1, 0 ], [ 0, 245, 10, 40 ]
1290 / 10000: [ 0, 3, 0, 0, 0 ], [ 0, 246, 10, 40 ]
1291 / 10000: [ 0, 0, 0, 2, 0 ], [ 0, 246, 10, 40 ]
1292 / 10000: [ 0, 0, 0, 3, 0 ], [ 0, 246, 10, 41 ]
1293 / 10000: [ 0, 1, 0, 0, 0 ], [ 0, 246, 10, 41 ]
1294 / 10000: [ 0, 0, 0, 0, 0 ], [ 0, 246, 10, 41 ]
1295 / 10000: [ 0, 0, 1, 1, 0 ], [ 0, 246, 10, 41 ]
1296 / 10000: [ 0, 0, 0, 0, 0 ], [ 0, 246, 10, 41 ]
1297 / 10000: [ 0, 2, 0, 1, 0 ], [ 0, 246, 10, 42 ]
1298 / 10000: [ 0, 2, 0, 1, 0 ], [ 0, 246, 10, 43 ]
1299 / 10000: [ 0, 2, 0, 0, 0 ], [ 0, 246, 10, 43 ]
1300 / 10000: [ 0, 2, 0, 1, 0 ], [ 0, 246, 10, 44 ]
1301 / 10000: [ 0, 2, 0, 0, 0 ], [ 0, 246, 10, 44 ]
1302 / 10000: [ 0, 3, 0, 0, 0 ], [ 0, 247, 10, 44 ]
1303 / 10000: [ 0, 3, 0, 0, 0 ], [ 0, 248, 10, 44 ]
1304 / 10000: [ 0, 0, 0, 0, 0 ], [ 0, 248, 10, 44 ]
1305 / 10000: [ 0, 0, 0, 1, 0 ], [ 0, 248, 10, 44 ]
1306 / 10000: [ 0, 0, 0, 1, 0 ], [ 0, 248, 10, 44 ]
1307 / 10000: [ 0, 0, 0, 0, 0 ], [ 0, 248, 10, 44 ]
1308 / 10000: [ 0, 0, 0, 0, 0 ], [ 0, 248, 10, 44 ]
1309 / 10000: [ 0, 1, 0, 0, 0 ], [ 0, 248, 10, 44 ]
1310 / 10000: [ 0, 3, 0, 0, 0 ], [ 0, 249, 10, 44 ]
1311 / 10000: [ 0, 2, 0, 0, 0 ], [ 0, 249, 10, 44 ]
1312 / 10000: [ 0, 3, 0, 0, 0 ], [ 0, 250, 10, 44 ]
1313 / 10000: [ 0, 0, 0, 1, 0 ], [ 0, 250, 10, 44 ]
1314 / 10000: [ 0, 0, 0, 0, 0 ], [ 0, 250, 10, 44 ]
1315 / 10000: [ 0, 2, 0, 0, 0 ], [ 0, 250, 10, 44 ]
1316 / 10000: [ 0, 0, 0, 0, 0 ], [ 0, 250, 10, 44 ]
1317 / 10000: [ 0, 2, 0, 1, 0 ], [ 0, 250, 10, 45 ]
1318 / 10000: [ 0, 3, 0, 0, 0 ], [ 0, 251, 10, 45 ]
1319 / 10000: [ 0, 2, 0, 0, 0 ], [ 0, 251, 10, 45 ]
1320 / 10000: [ 0, 3, 0, 0, 0 ], [ 0, 252, 10, 45 ]
1321 / 10000: [ 0, 3, 0, 0, 0 ], [ 0, 253, 10, 45 ]
1322 / 10000: [ 0, 3, 0, 0, 0 ], [ 0, 254, 10, 45 ]
1323 / 10000: [ 0, 3, 0, 0, 0 ], [ 0, 255, 10, 45 ]
1324 / 10000: [ 0, 0, 0, 0, 0 ], [ 0, 255, 10, 45 ]
1325 / 10000: [ 0, 0, 0, 0, 0 ], [ 0, 255, 10, 45 ]
1326 / 10000: [ 0, 3, 0, 0, 0 ], [ 0, 256, 10, 45 ]
1327 / 10000: [ 0, 0, 0, 0, 0 ], [ 0, 256, 10, 45 ]
1328 / 10000: [ 0, 2, 0, 0, 0 ], [ 0, 256, 10, 45 ]
1329 / 10000: [ 0, 1, 0, 0, 0 ], [ 0, 256, 10, 45 ]
1330 / 10000: [ 0, 3, 0, 0, 0 ], [ 0, 257, 10, 45 ]
1331 / 10000: [ 0, 3, 0, 0, 0 ], [ 0, 258, 10, 45 ]
1332 / 10000: [ 0, 2, 0, 0, 0 ], [ 0, 258, 10, 45 ]
1333 / 10000: [ 0, 0, 0, 0, 0 ], [ 0, 258, 10, 45 ]
1334 / 10000: [ 0, 0, 0, 0, 0 ], [ 0, 258, 10, 45 ]
1335 / 10000: [ 0, 1, 0, 0, 0 ], [ 0, 258, 10, 45 ]
1336 / 10000: [ 0, 0, 0, 0, 0 ], [ 0, 258, 10, 45 ]
1337 / 10000: [ 0, 1, 0, 0, 0 ], [ 0, 258, 10, 45 ]
1338 / 10000: [ 0, 2, 0, 0, 0 ], [ 0, 258, 10, 45 ]
1339 / 10000: [ 0, 1, 0, 0, 0 ], [ 0, 258, 10, 45 ]
1340 / 10000: [ 0, 3, 0, 0, 0 ], [ 0, 259, 10, 45 ]
1341 / 10000: [ 0, 1, 0, 0, 0 ], [ 0, 259, 10, 45 ]
1342 / 10000: [ 0, 0, 0, 0, 0 ], [ 0, 259, 10, 45 ]
1343 / 10000: [ 0, 0, 0, 0, 0 ], [ 0, 259, 10, 45 ]
1344 / 10000: [ 0, 0, 0, 0, 0 ], [ 0, 259, 10, 45 ]
1345 / 10000: [ 0, 0, 0, 0, 0 ], [ 0, 259, 10, 45 ]
1346 / 10000: [ 0, 3, 0, 0, 0 ], [ 0, 260, 10, 45 ]
1347 / 10000: [ 0, 0, 0, 0, 0 ], [ 0, 260, 10, 45 ]
1348 / 10000: [ 0, 2, 0, 0, 0 ], [ 0, 260, 10, 45 ]
1349 / 10000: [ 0, 3, 0, 0, 0 ], [ 0, 261, 10, 45 ]
1350 / 10000: [ 0, 0, 0, 0, 0 ], [ 0, 261, 10, 45 ]
1351 / 10000: [ 0, 3, 0, 0, 0 ], [ 0, 262, 10, 45 ]
1352 / 10000: [ 0, 2, 0, 0, 0 ], [ 0, 262, 10, 45 ]
1353 / 10000: [ 0, 0, 0, 0, 0 ], [ 0, 262, 10, 45 ]
1354 / 10000: [ 0, 0, 0, 0, 0 ], [ 0, 262, 10, 45 ]
1355 / 10000: [ 0, 1, 0, 0, 0 ], [ 0, 262, 10, 45 ]
1356 / 10000: [ 0, 0, 0, 0, 0 ], [ 0, 262, 10, 45 ]
1357 / 10000: [ 0, 1, 0, 0, 0 ], [ 0, 262, 10, 45 ]
1358 / 10000: [ 0, 0, 0, 0, 0 ], [ 0, 262, 10, 45 ]
1359 / 10000: [ 0, 0, 0, 0, 0 ], [ 0, 262, 10, 45 ]
1360 / 10000: [ 0, 2, 0, 0, 0 ], [ 0, 262, 10, 45 ]
1361 / 10000: [ 0, 3, 0, 0, 0 ], [ 0, 263, 10, 45 ]
1362 / 10000: [ 0, 2, 0, 0, 0 ], [ 0, 263, 10, 45 ]
1363 / 10000: [ 0, 2, 0, 0, 0 ], [ 0, 263, 10, 45 ]
1364 / 10000: [ 0, 0, 0, 0, 0 ], [ 0, 263, 10, 45 ]
1365 / 10000: [ 0, 0, 0, 0, 0 ], [ 0, 263, 10, 45 ]
1366 / 10000: [ 0, 2, 0, 0, 0 ], [ 0, 263, 10, 45 ]
1367 / 10000: [ 0, 0, 0, 0, 0 ], [ 0, 263, 10, 45 ]
1368 / 10000: [ 0, 1, 0, 0, 0 ], [ 0, 263, 10, 45 ]
1369 / 10000: [ 0, 2, 0, 0, 0 ], [ 0, 263, 10, 45 ]
1370 / 10000: [ 0, 3, 0, 0, 0 ], [ 0, 264, 10, 45 ]
1371 / 10000: [ 0, 1, 0, 0, 0 ], [ 0, 264, 10, 45 ]
1372 / 10000: [ 0, 0, 0, 0, 0 ], [ 0, 264, 10, 45 ]
1373 / 10000: [ 0, 2, 0, 0, 0 ], [ 0, 264, 10, 45 ]
1374 / 10000: [ 0, 2, 0, 0, 0 ], [ 0, 264, 10, 45 ]
1375 / 10000: [ 0, 0, 0, 0, 0 ], [ 0, 264, 10, 45 ]
1376 / 10000: [ 0, 1, 0, 0, 0 ], [ 0, 264, 10, 45 ]
1377 / 10000: [ 0, 0, 0, 0, 0 ], [ 0, 264, 10, 45 ]
1378 / 10000: [ 0, 3, 0, 0, 0 ], [ 0, 265, 10, 45 ]
1379 / 10000: [ 0, 2, 0, 0, 0 ], [ 0, 265, 10, 45 ]
1380 / 10000: [ 0, 2, 0, 0, 0 ], [ 0, 265, 10, 45 ]
1381 / 10000: [ 0, 1, 0, 2, 0 ], [ 0, 265, 10, 46 ]
1382 / 10000: [ 0, 1, 0, 1, 0 ], [ 0, 265, 10, 46 ]
1383 / 10000: [ 0, 1, 0, 0, 0 ], [ 0, 265, 10, 46 ]
1384 / 10000: [ 0, 2, 0, 0, 0 ], [ 0, 265, 10, 46 ]
1385 / 10000: [ 0, 0, 0, 0, 0 ], [ 0, 265, 10, 46 ]
1386 / 10000: [ 0, 2, 0, 0, 0 ], [ 0, 265, 10, 46 ]
1387 / 10000: [ 0, 0, 0, 0, 0 ], [ 0, 265, 10, 46 ]
1388 / 10000: [ 0, 1, 0, 0, 0 ], [ 0, 265, 10, 46 ]
1389 / 10000: [ 0, 2, 0, 1, 0 ], [ 0, 265, 10, 47 ]
1390 / 10000: [ 0, 0, 0, 0, 0 ], [ 0, 265, 10, 47 ]
1391 / 10000: [ 0, 1, 0, 1, 0 ], [ 0, 265, 10, 47 ]
1392 / 10000: [ 0, 3, 0, 0, 0 ], [ 0, 266, 10, 47 ]
1393 / 10000: [ 0, 3, 0, 0, 0 ], [ 0, 267, 10, 47 ]
1394 / 10000: [ 0, 2, 0, 0, 0 ], [ 0, 267, 10, 47 ]
1395 / 10000: [ 0, 0, 0, 0, 0 ], [ 0, 267, 10, 47 ]
1396 / 10000: [ 0, 1, 0, 0, 0 ], [ 0, 267, 10, 47 ]
1397 / 10000: [ 0, 0, 0, 0, 0 ], [ 0, 267, 10, 47 ]
1398 / 10000: [ 0, 2, 0, 1, 0 ], [ 0, 267, 10, 48 ]
1399 / 10000: [ 0, 0, 0, 0, 0 ], [ 0, 267, 10, 48 ]
1400 / 10000: [ 0, 0, 0, 0, 0 ], [ 0, 267, 10, 48 ]
1401 / 10000: [ 0, 0, 0, 0, 0 ], [ 0, 267, 10, 48 ]
1402 / 10000: [ 0, 0, 0, 0, 0 ], [ 0, 267, 10, 48 ]
1403 / 10000: [ 0, 0, 0, 0, 0 ], [ 0, 267, 10, 48 ]
1404 / 10000: [ 0, 0, 0, 0, 0 ], [ 0, 267, 10, 48 ]
1405 / 10000: [ 0, 0, 0, 0, 0 ], [ 0, 267, 10, 48 ]
1406 / 10000: [ 0, 3, 0, 0, 0 ], [ 0, 268, 10, 48 ]
1407 / 10000: [ 0, 0, 0, 0, 0 ], [ 0, 268, 10, 48 ]
1408 / 10000: [ 0, 1, 0, 0, 0 ], [ 0, 268, 10, 48 ]
1409 / 10000: [ 0, 2, 0, 0, 0 ], [ 0, 268, 10, 48 ]
1410 / 10000: [ 0, 0, 0, 0, 0 ], [ 0, 268, 10, 48 ]
1411 / 10000: [ 0, 3, 0, 0, 0 ], [ 0, 269, 10, 48 ]
1412 / 10000: [ 0, 1, 0, 0, 0 ], [ 0, 269, 10, 48 ]
1413 / 10000: [ 0, 0, 0, 0, 0 ], [ 0, 269, 10, 48 ]
1414 / 10000: [ 0, 0, 0, 0, 0 ], [ 0, 269, 10, 48 ]
1415 / 10000: [ 0, 1, 0, 0, 0 ], [ 0, 269, 10, 48 ]
1416 / 10000: [ 0, 0, 0, 0, 0 ], [ 0, 269, 10, 48 ]
1417 / 10000: [ 0, 1, 0, 0, 0 ], [ 0, 269, 10, 48 ]
1418 / 10000: [ 0, 0, 0, 0, 0 ], [ 0, 269, 10, 48 ]
1419 / 10000: [ 0, 1, 0, 0, 0 ], [ 0, 269, 10, 48 ]
1420 / 10000: [ 0, 2, 0, 0, 0 ], [ 0, 269, 10, 48 ]
1421 / 10000: [ 0, 3, 0, 0, 0 ], [ 0, 270, 10, 48 ]
1422 / 10000: [ 0, 2, 0, 0, 0 ], [ 0, 270, 10, 48 ]
1423 / 10000: [ 0, 2, 0, 0, 0 ], [ 0, 270, 10, 48 ]
1424 / 10000: [ 0, 0, 0, 0, 0 ], [ 0, 270, 10, 48 ]
1425 / 10000: [ 0, 1, 0, 0, 0 ], [ 0, 270, 10, 48 ]
1426 / 10000: [ 0, 3, 0, 0, 0 ], [ 0, 271, 10, 48 ]
1427 / 10000: [ 0, 0, 0, 0, 0 ], [ 0, 271, 10, 48 ]
1428 / 10000: [ 0, 1, 0, 0, 0 ], [ 0, 271, 10, 48 ]
1429 / 10000: [ 0, 2, 0, 0, 0 ], [ 0, 271, 10, 48 ]
1430 / 10000: [ 0, 3, 0, 0, 0 ], [ 0, 272, 10, 48 ]
1431 / 10000: [ 0, 1, 0, 0, 0 ], [ 0, 272, 10, 48 ]
1432 / 10000: [ 0, 0, 0, 0, 0 ], [ 0, 272, 10, 48 ]
1433 / 10000: [ 0, 3, 0, 0, 0 ], [ 0, 273, 10, 48 ]
1434 / 10000: [ 0, 3, 0, 0, 0 ], [ 0, 274, 10, 48 ]
1435 / 10000: [ 0, 0, 0, 0, 0 ], [ 0, 274, 10, 48 ]
1436 / 10000: [ 0, 1, 0, 0, 0 ], [ 0, 274, 10, 48 ]
1437 / 10000: [ 0, 1, 0, 0, 0 ], [ 0, 274, 10, 48 ]
1438 / 10000: [ 0, 3, 0, 0, 0 ], [ 0, 275, 10, 48 ]
1439 / 10000: [ 0, 2, 0, 0, 0 ], [ 0, 275, 10, 48 ]
1440 / 10000: [ 0, 2, 0, 0, 0 ], [ 0, 275, 10, 48 ]
1441 / 10000: [ 0, 2, 0, 0, 0 ], [ 0, 275, 10, 48 ]
1442 / 10000: [ 0, 1, 0, 0, 0 ], [ 0, 275, 10, 48 ]
1443 / 10000: [ 0, 3, 0, 0, 0 ], [ 0, 276, 10, 48 ]
1444 / 10000: [ 0, 0, 0, 0, 0 ], [ 0, 276, 10, 48 ]
1445 / 10000: [ 0, 1, 0, 0, 0 ], [ 0, 276, 10, 48 ]
1446 / 10000: [ 0, 2, 0, 0, 0 ], [ 0, 276, 10, 48 ]
1447 / 10000: [ 0, 0, 0, 0, 0 ], [ 0, 276, 10, 48 ]
1448 / 10000: [ 0, 0, 0, 0, 0 ], [ 0, 276, 10, 48 ]
1449 / 10000: [ 0, 1, 0, 0, 0 ], [ 0, 276, 10, 48 ]
1450 / 10000: [ 0, 3, 0, 0, 0 ], [ 0, 277, 10, 48 ]
1451 / 10000: [ 0, 0, 0, 0, 0 ], [ 0, 277, 10, 48 ]
1452 / 10000: [ 0, 0, 0, 0, 0 ], [ 0, 277, 10, 48 ]
1453 / 10000: [ 0, 2, 0, 0, 0 ], [ 0, 277, 10, 48 ]
1454 / 10000: [ 0, 0, 0, 0, 0 ], [ 0, 277, 10, 48 ]
1455 / 10000: [ 0, 0, 0, 0, 0 ], [ 0, 277, 10, 48 ]
1456 / 10000: [ 0, 0, 0, 0, 0 ], [ 0, 277, 10, 48 ]
1457 / 10000: [ 0, 2, 0, 0, 0 ], [ 0, 277, 10, 48 ]
1458 / 10000: [ 0, 3, 0, 0, 0 ], [ 0, 278, 10, 48 ]
1459 / 10000: [ 0, 2, 0, 0, 0 ], [ 0, 278, 10, 48 ]
1460 / 10000: [ 0, 2, 0, 0, 0 ], [ 0, 278, 10, 48 ]
1461 / 10000: [ 0, 1, 0, 0, 0 ], [ 0, 278, 10, 48 ]
1462 / 10000: [ 0, 1, 0, 0, 0 ], [ 0, 278, 10, 48 ]
1463 / 10000: [ 0, 2, 0, 0, 0 ], [ 0, 278, 10, 48 ]
1464 / 10000: [ 0, 1, 0, 0, 0 ], [ 0, 278, 10, 48 ]
1465 / 10000: [ 0, 1, 0, 0, 0 ], [ 0, 278, 10, 48 ]
1466 / 10000: [ 0, 3, 0, 0, 0 ], [ 0, 279, 10, 48 ]
1467 / 10000: [ 0, 0, 0, 0, 0 ], [ 0, 279, 10, 48 ]
1468 / 10000: [ 0, 1, 0, 0, 0 ], [ 0, 279, 10, 48 ]
1469 / 10000: [ 0, 2, 0, 0, 0 ], [ 0, 279, 10, 48 ]
1470 / 10000: [ 0, 1, 0, 0, 0 ], [ 0, 279, 10, 48 ]
1471 / 10000: [ 0, 1, 0, 0, 0 ], [ 0, 279, 10, 48 ]
1472 / 10000: [ 0, 1, 0, 0, 0 ], [ 0, 279, 10, 48 ]
1473 / 10000: [ 0, 3, 0, 0, 0 ], [ 0, 280, 10, 48 ]
1474 / 10000: [ 0, 3, 0, 0, 0 ], [ 0, 281, 10, 48 ]
1475 / 10000: [ 0, 0, 0, 0, 0 ], [ 0, 281, 10, 48 ]
1476 / 10000: [ 0, 1, 0, 0, 0 ], [ 0, 281, 10, 48 ]
1477 / 10000: [ 0, 3, 0, 0, 0 ], [ 0, 282, 10, 48 ]
1478 / 10000: [ 0, 2, 0, 0, 0 ], [ 0, 282, 10, 48 ]
1479 / 10000: [ 0, 0, 0, 0, 0 ], [ 0, 282, 10, 48 ]
1480 / 10000: [ 0, 0, 0, 0, 0 ], [ 0, 282, 10, 48 ]
1481 / 10000: [ 0, 3, 0, 0, 0 ], [ 0, 283, 10, 48 ]
1482 / 10000: [ 0, 1, 0, 0, 0 ], [ 0, 283, 10, 48 ]
1483 / 10000: [ 0, 2, 0, 0, 0 ], [ 0, 283, 10, 48 ]
1484 / 10000: [ 0, 0, 0, 0, 0 ], [ 0, 283, 10, 48 ]
1485 / 10000: [ 0, 2, 0, 0, 0 ], [ 0, 283, 10, 48 ]
1486 / 10000: [ 0, 1, 0, 0, 0 ], [ 0, 283, 10, 48 ]
1487 / 10000: [ 0, 0, 0, 0, 0 ], [ 0, 283, 10, 48 ]
1488 / 10000: [ 0, 2, 0, 0, 0 ], [ 0, 283, 10, 48 ]
1489 / 10000: [ 0, 1, 0, 0, 0 ], [ 0, 283, 10, 48 ]
1490 / 10000: [ 0, 2, 0, 0, 0 ], [ 0, 283, 10, 48 ]
1491 / 10000: [ 0, 2, 0, 0, 0 ], [ 0, 283, 10, 48 ]
1492 / 10000: [ 0, 2, 0, 0, 0 ], [ 0, 283, 10, 48 ]
1493 / 10000: [ 0, 2, 0, 0, 0 ], [ 0, 283, 10, 48 ]
1494 / 10000: [ 0, 0, 0, 0, 0 ], [ 0, 283, 10, 48 ]
1495 / 10000: [ 0, 3, 0, 0, 0 ], [ 0, 284, 10, 48 ]
1496 / 10000: [ 0, 1, 0, 0, 0 ], [ 0, 284, 10, 48 ]
1497 / 10000: [ 0, 1, 0, 0, 0 ], [ 0, 284, 10, 48 ]
1498 / 10000: [ 0, 2, 0, 0, 0 ], [ 0, 284, 10, 48 ]
1499 / 10000: [ 0, 0, 0, 0, 0 ], [ 0, 284, 10, 48 ]
1500 / 10000: [ 0, 3, 0, 0, 0 ], [ 0, 285, 10, 48 ]
1501 / 10000: [ 0, 1, 0, 0, 0 ], [ 0, 285, 10, 48 ]
1502 / 10000: [ 0, 1, 1, 0, 0 ], [ 0, 285, 10, 48 ]
1503 / 10000: [ 0, 3, 0, 0, 0 ], [ 0, 286, 10, 48 ]
1504 / 10000: [ 0, 1, 0, 0, 0 ], [ 0, 286, 10, 48 ]
1505 / 10000: [ 0, 2, 0, 0, 0 ], [ 0, 286, 10, 48 ]
1506 / 10000: [ 0, 3, 0, 0, 0 ], [ 0, 287, 10, 48 ]
1507 / 10000: [ 0, 0, 0, 0, 0 ], [ 0, 287, 10, 48 ]
1508 / 10000: [ 0, 1, 0, 0, 0 ], [ 0, 287, 10, 48 ]
1509 / 10000: [ 0, 2, 0, 0, 0 ], [ 0, 287, 10, 48 ]
1510 / 10000: [ 0, 1, 1, 0, 0 ], [ 0, 287, 10, 48 ]
1511 / 10000: [ 0, 2, 0, 0, 0 ], [ 0, 287, 10, 48 ]
1512 / 10000: [ 0, 2, 0, 0, 0 ], [ 0, 287, 10, 48 ]
1513 / 10000: [ 0, 3, 0, 0, 0 ], [ 0, 288, 10, 48 ]
1514 / 10000: [ 0, 2, 0, 0, 0 ], [ 0, 288, 10, 48 ]
1515 / 10000: [ 0, 0, 0, 0, 0 ], [ 0, 288, 10, 48 ]
1516 / 10000: [ 0, 1, 0, 0, 0 ], [ 0, 288, 10, 48 ]
1517 / 10000: [ 0, 3, 0, 0, 0 ], [ 0, 289, 10, 48 ]
1518 / 10000: [ 0, 2, 0, 0, 0 ], [ 0, 289, 10, 48 ]
1519 / 10000: [ 0, 2, 0, 0, 0 ], [ 0, 289, 10, 48 ]
1520 / 10000: [ 0, 0, 0, 0, 0 ], [ 0, 289, 10, 48 ]
1521 / 10000: [ 0, 0, 0, 3, 0 ], [ 0, 289, 10, 49 ]
1522 / 10000: [ 0, 0, 0, 3, 0 ], [ 0, 289, 10, 50 ]
1523 / 10000: [ 0, 3, 0, 0, 0 ], [ 0, 290, 10, 50 ]
1524 / 10000: [ 0, 0, 0, 0, 0 ], [ 0, 290, 10, 50 ]
1525 / 10000: [ 0, 0, 0, 1, 0 ], [ 0, 290, 10, 50 ]
1526 / 10000: [ 0, 1, 0, 2, 0 ], [ 0, 290, 10, 51 ]
1527 / 10000: [ 0, 0, 0, 0, 0 ], [ 0, 290, 10, 51 ]
1528 / 10000: [ 0, 0, 0, 0, 0 ], [ 0, 290, 10, 51 ]
1529 / 10000: [ 0, 0, 0, 1, 0 ], [ 0, 290, 10, 51 ]
1530 / 10000: [ 0, 0, 0, 3, 0 ], [ 0, 290, 10, 52 ]
1531 / 10000: [ 0, 0, 0, 1, 0 ], [ 0, 290, 10, 52 ]
1532 / 10000: [ 0, 0, 0, 3, 0 ], [ 0, 290, 10, 53 ]
1533 / 10000: [ 0, 0, 0, 1, 0 ], [ 0, 290, 10, 53 ]
1534 / 10000: [ 0, 0, 0, 0, 0 ], [ 0, 290, 10, 53 ]
1535 / 10000: [ 0, 0, 0, 1, 0 ], [ 0, 290, 10, 53 ]
1536 / 10000: [ 0, 0, 0, 0, 0 ], [ 0, 290, 10, 53 ]
1537 / 10000: [ 0, 0, 0, 3, 0 ], [ 0, 290, 10, 54 ]
1538 / 10000: [ 0, 0, 0, 3, 0 ], [ 0, 290, 10, 55 ]
1539 / 10000: [ 0, 0, 0, 2, 0 ], [ 0, 290, 10, 55 ]
1540 / 10000: [ 0, 0, 0, 2, 0 ], [ 0, 290, 10, 55 ]
1541 / 10000: [ 0, 1, 0, 2, 0 ], [ 0, 290, 10, 56 ]
1542 / 10000: [ 0, 1, 0, 2, 0 ], [ 0, 290, 10, 57 ]
1543 / 10000: [ 0, 3, 0, 0, 0 ], [ 0, 291, 10, 57 ]
1544 / 10000: [ 0, 0, 0, 0, 0 ], [ 0, 291, 10, 57 ]
1545 / 10000: [ 0, 1, 0, 0, 0 ], [ 0, 291, 10, 57 ]
1546 / 10000: [ 0, 1, 0, 2, 0 ], [ 0, 291, 10, 58 ]
1547 / 10000: [ 0, 0, 0, 0, 0 ], [ 0, 291, 10, 58 ]
1548 / 10000: [ 0, 0, 0, 0, 0 ], [ 0, 291, 10, 58 ]
1549 / 10000: [ 0, 0, 0, 1, 0 ], [ 0, 291, 10, 58 ]
1550 / 10000: [ 0, 3, 0, 0, 0 ], [ 0, 292, 10, 58 ]
1551 / 10000: [ 0, 0, 0, 1, 0 ], [ 0, 292, 10, 58 ]
1552 / 10000: [ 0, 2, 0, 1, 0 ], [ 0, 292, 10, 59 ]
1553 / 10000: [ 0, 1, 0, 0, 0 ], [ 0, 292, 10, 59 ]
1554 / 10000: [ 0, 0, 0, 0, 0 ], [ 0, 292, 10, 59 ]
1555 / 10000: [ 0, 0, 0, 1, 0 ], [ 0, 292, 10, 59 ]
1556 / 10000: [ 0, 0, 0, 0, 0 ], [ 0, 292, 10, 59 ]
1557 / 10000: [ 0, 2, 0, 1, 0 ], [ 0, 292, 10, 60 ]
1558 / 10000: [ 0, 0, 0, 3, 0 ], [ 0, 292, 10, 61 ]
1559 / 10000: [ 0, 1, 0, 1, 0 ], [ 0, 292, 10, 61 ]
1560 / 10000: [ 0, 0, 0, 2, 0 ], [ 0, 292, 10, 61 ]
1561 / 10000: [ 0, 2, 0, 1, 0 ], [ 0, 292, 10, 62 ]
1562 / 10000: [ 0, 3, 0, 0, 0 ], [ 0, 293, 10, 62 ]
1563 / 10000: [ 0, 3, 0, 0, 0 ], [ 0, 294, 10, 62 ]
1564 / 10000: [ 0, 0, 0, 0, 0 ], [ 0, 294, 10, 62 ]
1565 / 10000: [ 0, 1, 0, 0, 0 ], [ 0, 294, 10, 62 ]
1566 / 10000: [ 0, 2, 0, 1, 0 ], [ 0, 294, 10, 63 ]
1567 / 10000: [ 0, 0, 0, 0, 0 ], [ 0, 294, 10, 63 ]
1568 / 10000: [ 0, 0, 0, 0, 0 ], [ 0, 294, 10, 63 ]
1569 / 10000: [ 0, 1, 0, 0, 0 ], [ 0, 294, 10, 63 ]
1570 / 10000: [ 0, 3, 0, 0, 0 ], [ 0, 295, 10, 63 ]
1571 / 10000: [ 0, 1, 0, 0, 0 ], [ 0, 295, 10, 63 ]
1572 / 10000: [ 0, 1, 0, 2, 0 ], [ 0, 295, 10, 64 ]
1573 / 10000: [ 0, 1, 0, 0, 0 ], [ 0, 295, 10, 64 ]
1574 / 10000: [ 0, 0, 0, 0, 0 ], [ 0, 295, 10, 64 ]
1575 / 10000: [ 0, 1, 0, 0, 0 ], [ 0, 295, 10, 64 ]
1576 / 10000: [ 0, 0, 0, 0, 0 ], [ 0, 295, 10, 64 ]
1577 / 10000: [ 0, 3, 0, 0, 0 ], [ 0, 296, 10, 64 ]
1578 / 10000: [ 0, 3, 0, 0, 0 ], [ 0, 297, 10, 64 ]
1579 / 10000: [ 0, 1, 0, 1, 0 ], [ 0, 297, 10, 64 ]
1580 / 10000: [ 0, 2, 0, 0, 0 ], [ 0, 297, 10, 64 ]
1581 / 10000: [ 0, 3, 0, 0, 0 ], [ 0, 298, 10, 64 ]
1582 / 10000: [ 0, 2, 0, 0, 0 ], [ 0, 298, 10, 64 ]
1583 / 10000: [ 0, 3, 0, 0, 0 ], [ 0, 299, 10, 64 ]
1584 / 10000: [ 0, 0, 0, 0, 0 ], [ 0, 299, 10, 64 ]
1585 / 10000: [ 0, 0, 0, 0, 0 ], [ 0, 299, 10, 64 ]
1586 / 10000: [ 0, 2, 0, 0, 0 ], [ 0, 299, 10, 64 ]
1587 / 10000: [ 0, 0, 0, 0, 0 ], [ 0, 299, 10, 64 ]
1588 / 10000: [ 0, 2, 0, 0, 0 ], [ 0, 299, 10, 64 ]
1589 / 10000: [ 0, 3, 0, 0, 0 ], [ 0, 300, 10, 64 ]
1590 / 10000: [ 0, 3, 0, 0, 0 ], [ 0, 301, 10, 64 ]
1591 / 10000: [ 0, 2, 0, 0, 0 ], [ 0, 301, 10, 64 ]
1592 / 10000: [ 0, 1, 0, 0, 0 ], [ 0, 301, 10, 64 ]
1593 / 10000: [ 0, 2, 0, 0, 0 ], [ 0, 301, 10, 64 ]
1594 / 10000: [ 0, 2, 0, 0, 0 ], [ 0, 301, 10, 64 ]
1595 / 10000: [ 0, 2, 0, 0, 0 ], [ 0, 301, 10, 64 ]
1596 / 10000: [ 0, 2, 0, 0, 0 ], [ 0, 301, 10, 64 ]
1597 / 10000: [ 0, 0, 1, 0, 0 ], [ 0, 301, 10, 64 ]
1598 / 10000: [ 0, 3, 0, 0, 0 ], [ 0, 302, 10, 64 ]
1599 / 10000: [ 0, 0, 0, 0, 0 ], [ 0, 302, 10, 64 ]
1600 / 10000: [ 0, 3, 0, 0, 0 ], [ 0, 303, 10, 64 ]
1601 / 10000: [ 0, 2, 0, 1, 0 ], [ 0, 303, 10, 65 ]
1602 / 10000: [ 0, 1, 0, 2, 0 ], [ 0, 303, 10, 66 ]
1603 / 10000: [ 0, 2, 1, 0, 0 ], [ 0, 303, 11, 66 ]
1604 / 10000: [ 0, 0, 0, 0, 1 ], [ 0, 303, 11, 66 ]
1605 / 10000: [ 0, 0, 0, 0, 0 ], [ 0, 303, 11, 66 ]
1606 / 10000: [ 0, 0, 0, 2, 0 ], [ 0, 303, 11, 66 ]
1607 / 10000: [ 0, 0, 0, 0, 0 ], [ 0, 303, 11, 66 ]
1608 / 10000: [ 0, 1, 0, 1, 0 ], [ 0, 303, 11, 66 ]
1609 / 10000: [ 0, 1, 0, 2, 0 ], [ 0, 303, 11, 67 ]
1610 / 10000: [ 0, 3, 0, 0, 0 ], [ 0, 304, 11, 67 ]
1611 / 10000: [ 0, 1, 0, 1, 0 ], [ 0, 304, 11, 67 ]
1612 / 10000: [ 0, 1, 0, 0, 0 ], [ 0, 304, 11, 67 ]
1613 / 10000: [ 0, 0, 0, 2, 0 ], [ 0, 304, 11, 67 ]
1614 / 10000: [ 0, 0, 0, 2, 0 ], [ 0, 304, 11, 67 ]
1615 / 10000: [ 0, 2, 0, 0, 0 ], [ 0, 304, 11, 67 ]
1616 / 10000: [ 0, 1, 0, 1, 0 ], [ 0, 304, 11, 67 ]
1617 / 10000: [ 0, 0, 0, 0, 1 ], [ 0, 304, 11, 67 ]
1618 / 10000: [ 0, 2, 0, 1, 0 ], [ 0, 304, 11, 68 ]
1619 / 10000: [ 0, 3, 0, 0, 0 ], [ 0, 305, 11, 68 ]
1620 / 10000: [ 0, 3, 0, 0, 0 ], [ 0, 306, 11, 68 ]
1621 / 10000: [ 0, 3, 0, 0, 0 ], [ 0, 307, 11, 68 ]
1622 / 10000: [ 0, 3, 0, 0, 0 ], [ 0, 308, 11, 68 ]
1623 / 10000: [ 0, 2, 0, 0, 1 ], [ 0, 308, 11, 69 ]
1624 / 10000: [ 0, 0, 1, 0, 0 ], [ 0, 308, 11, 69 ]
1625 / 10000: [ 0, 0, 0, 0, 0 ], [ 0, 308, 11, 69 ]
1626 / 10000: [ 0, 2, 0, 0, 0 ], [ 0, 308, 11, 69 ]
1627 / 10000: [ 0, 0, 0, 0, 0 ], [ 0, 308, 11, 69 ]
1628 / 10000: [ 0, 1, 0, 1, 0 ], [ 0, 308, 11, 69 ]
1629 / 10000: [ 0, 2, 0, 1, 0 ], [ 0, 308, 11, 70 ]
1630 / 10000: [ 0, 3, 0, 0, 0 ], [ 0, 309, 11, 70 ]
1631 / 10000: [ 0, 1, 0, 1, 0 ], [ 0, 309, 11, 70 ]
1632 / 10000: [ 0, 0, 0, 1, 0 ], [ 0, 309, 11, 70 ]
1633 / 10000: [ 0, 2, 0, 0, 0 ], [ 0, 309, 11, 70 ]
1634 / 10000: [ 0, 2, 0, 0, 0 ], [ 0, 309, 11, 70 ]
1635 / 10000: [ 0, 0, 0, 2, 0 ], [ 0, 309, 11, 70 ]
1636 / 10000: [ 0, 1, 0, 1, 0 ], [ 0, 309, 11, 70 ]
1637 / 10000: [ 0, 0, 0, 0, 1 ], [ 0, 309, 11, 70 ]
1638 / 10000: [ 0, 3, 0, 0, 0 ], [ 0, 310, 11, 70 ]
1639 / 10000: [ 0, 3, 0, 0, 0 ], [ 0, 311, 11, 70 ]
1640 / 10000: [ 0, 2, 0, 1, 0 ], [ 0, 311, 11, 71 ]
1641 / 10000: [ 0, 0, 0, 3, 0 ], [ 0, 311, 11, 72 ]
1642 / 10000: [ 0, 0, 0, 3, 0 ], [ 0, 311, 11, 73 ]
1643 / 10000: [ 0, 0, 0, 2, 1 ], [ 0, 311, 11, 74 ]
1644 / 10000: [ 0, 0, 0, 0, 1 ], [ 0, 311, 11, 74 ]
1645 / 10000: [ 0, 0, 0, 0, 0 ], [ 0, 311, 11, 74 ]
1646 / 10000: [ 0, 0, 0, 2, 0 ], [ 0, 311, 11, 74 ]
1647 / 10000: [ 0, 0, 0, 0, 0 ], [ 0, 311, 11, 74 ]
1648 / 10000: [ 0, 1, 0, 1, 0 ], [ 0, 311, 11, 74 ]
1649 / 10000: [ 0, 1, 0, 2, 0 ], [ 0, 311, 11, 75 ]
1650 / 10000: [ 0, 3, 0, 0, 0 ], [ 0, 312, 11, 75 ]
1651 / 10000: [ 0, 1, 0, 1, 0 ], [ 0, 312, 11, 75 ]
1652 / 10000: [ 0, 1, 0, 0, 0 ], [ 0, 312, 11, 75 ]
1653 / 10000: [ 0, 0, 0, 2, 0 ], [ 0, 312, 11, 75 ]
1654 / 10000: [ 0, 0, 0, 2, 0 ], [ 0, 312, 11, 75 ]
1655 / 10000: [ 0, 2, 0, 0, 0 ], [ 0, 312, 11, 75 ]
1656 / 10000: [ 0, 1, 0, 1, 0 ], [ 0, 312, 11, 75 ]
1657 / 10000: [ 0, 0, 1, 0, 0 ], [ 0, 312, 11, 75 ]
1658 / 10000: [ 0, 0, 0, 3, 0 ], [ 0, 312, 11, 76 ]
1659 / 10000: [ 0, 3, 0, 0, 0 ], [ 0, 313, 11, 76 ]
1660 / 10000: [ 0, 2, 0, 1, 0 ], [ 0, 313, 11, 77 ]
1661 / 10000: [ 0, 0, 0, 2, 0 ], [ 0, 313, 11, 77 ]
1662 / 10000: [ 0, 0, 0, 1, 0 ], [ 0, 313, 11, 77 ]
1663 / 10000: [ 0, 0, 0, 2, 0 ], [ 0, 313, 11, 77 ]
1664 / 10000: [ 0, 0, 0, 0, 0 ], [ 0, 313, 11, 77 ]
1665 / 10000: [ 0, 0, 0, 0, 0 ], [ 0, 313, 11, 77 ]
1666 / 10000: [ 0, 0, 0, 0, 0 ], [ 0, 313, 11, 77 ]
1667 / 10000: [ 0, 0, 0, 1, 0 ], [ 0, 313, 11, 77 ]
1668 / 10000: [ 0, 1, 0, 0, 0 ], [ 0, 313, 11, 77 ]
1669 / 10000: [ 0, 0, 0, 0, 0 ], [ 0, 313, 11, 77 ]
1670 / 10000: [ 0, 1, 0, 2, 0 ], [ 0, 313, 11, 78 ]
1671 / 10000: [ 0, 0, 0, 0, 0 ], [ 0, 313, 11, 78 ]
1672 / 10000: [ 0, 0, 0, 2, 0 ], [ 0, 313, 11, 78 ]
1673 / 10000: [ 0, 0, 0, 0, 0 ], [ 0, 313, 11, 78 ]
1674 / 10000: [ 0, 0, 0, 0, 0 ], [ 0, 313, 11, 78 ]
1675 / 10000: [ 0, 0, 0, 0, 0 ], [ 0, 313, 11, 78 ]
1676 / 10000: [ 0, 0, 0, 0, 0 ], [ 0, 313, 11, 78 ]
1677 / 10000: [ 0, 0, 0, 0, 0 ], [ 0, 313, 11, 78 ]
1678 / 10000: [ 0, 0, 0, 2, 0 ], [ 0, 313, 11, 78 ]
1679 / 10000: [ 0, 1, 0, 0, 0 ], [ 0, 313, 11, 78 ]
1680 / 10000: [ 0, 0, 0, 2, 0 ], [ 0, 313, 11, 78 ]
1681 / 10000: [ 0, 1, 0, 0, 0 ], [ 0, 313, 11, 78 ]
1682 / 10000: [ 0, 1, 0, 0, 0 ], [ 0, 313, 11, 78 ]
1683 / 10000: [ 0, 1, 0, 0, 0 ], [ 0, 313, 11, 78 ]
1684 / 10000: [ 0, 0, 0, 0, 0 ], [ 0, 313, 11, 78 ]
1685 / 10000: [ 0, 1, 0, 0, 0 ], [ 0, 313, 11, 78 ]
1686 / 10000: [ 0, 3, 0, 0, 0 ], [ 0, 314, 11, 78 ]
1687 / 10000: [ 0, 0, 0, 0, 0 ], [ 0, 314, 11, 78 ]
1688 / 10000: [ 0, 1, 0, 0, 0 ], [ 0, 314, 11, 78 ]
1689 / 10000: [ 0, 3, 0, 0, 0 ], [ 0, 315, 11, 78 ]
1690 / 10000: [ 0, 0, 0, 0, 0 ], [ 0, 315, 11, 78 ]
1691 / 10000: [ 0, 2, 0, 0, 0 ], [ 0, 315, 11, 78 ]
1692 / 10000: [ 0, 0, 0, 0, 0 ], [ 0, 315, 11, 78 ]
1693 / 10000: [ 0, 3, 0, 0, 0 ], [ 0, 316, 11, 78 ]
1694 / 10000: [ 0, 3, 0, 0, 0 ], [ 0, 317, 11, 78 ]
1695 / 10000: [ 0, 1, 0, 0, 0 ], [ 0, 317, 11, 78 ]
1696 / 10000: [ 0, 1, 0, 0, 0 ], [ 0, 317, 11, 78 ]
1697 / 10000: [ 0, 2, 1, 0, 0 ], [ 0, 317, 12, 78 ]
1698 / 10000: [ 0, 2, 0, 0, 0 ], [ 0, 317, 12, 78 ]
1699 / 10000: [ 0, 1, 0, 0, 0 ], [ 0, 317, 12, 78 ]
1700 / 10000: [ 0, 0, 0, 0, 0 ], [ 0, 317, 12, 78 ]
1701 / 10000: [ 0, 1, 0, 0, 0 ], [ 0, 317, 12, 78 ]
1702 / 10000: [ 0, 0, 0, 0, 0 ], [ 0, 317, 12, 78 ]
1703 / 10000: [ 0, 0, 0, 0, 0 ], [ 0, 317, 12, 78 ]
1704 / 10000: [ 0, 0, 0, 0, 0 ], [ 0, 317, 12, 78 ]
1705 / 10000: [ 0, 0, 0, 0, 0 ], [ 0, 317, 12, 78 ]
1706 / 10000: [ 0, 1, 0, 0, 0 ], [ 0, 317, 12, 78 ]
1707 / 10000: [ 0, 0, 0, 0, 0 ], [ 0, 317, 12, 78 ]
1708 / 10000: [ 0, 1, 0, 0, 0 ], [ 0, 317, 12, 78 ]
1709 / 10000: [ 0, 1, 0, 0, 0 ], [ 0, 317, 12, 78 ]
1710 / 10000: [ 0, 0, 0, 0, 0 ], [ 0, 317, 12, 78 ]
1711 / 10000: [ 0, 1, 0, 0, 0 ], [ 0, 317, 12, 78 ]
1712 / 10000: [ 0, 0, 0, 0, 0 ], [ 0, 317, 12, 78 ]
1713 / 10000: [ 0, 0, 0, 0, 0 ], [ 0, 317, 12, 78 ]
1714 / 10000: [ 0, 0, 0, 0, 0 ], [ 0, 317, 12, 78 ]
1715 / 10000: [ 0, 1, 0, 0, 0 ], [ 0, 317, 12, 78 ]
1716 / 10000: [ 0, 1, 0, 0, 0 ], [ 0, 317, 12, 78 ]
1717 / 10000: [ 0, 1, 0, 0, 0 ], [ 0, 317, 12, 78 ]
1718 / 10000: [ 0, 0, 0, 0, 0 ], [ 0, 317, 12, 78 ]
1719 / 10000: [ 0, 1, 0, 0, 0 ], [ 0, 317, 12, 78 ]
1720 / 10000: [ 0, 0, 0, 0, 0 ], [ 0, 317, 12, 78 ]
1721 / 10000: [ 0, 3, 0, 0, 0 ], [ 0, 318, 12, 78 ]
1722 / 10000: [ 0, 2, 0, 0, 0 ], [ 0, 318, 12, 78 ]
1723 / 10000: [ 0, 2, 0, 0, 0 ], [ 0, 318, 12, 78 ]
1724 / 10000: [ 0, 0, 0, 0, 0 ], [ 0, 318, 12, 78 ]
1725 / 10000: [ 0, 0, 0, 0, 0 ], [ 0, 318, 12, 78 ]
1726 / 10000: [ 0, 2, 0, 0, 0 ], [ 0, 318, 12, 78 ]
1727 / 10000: [ 0, 0, 0, 0, 0 ], [ 0, 318, 12, 78 ]
1728 / 10000: [ 0, 1, 0, 0, 0 ], [ 0, 318, 12, 78 ]
1729 / 10000: [ 0, 2, 0, 0, 0 ], [ 0, 318, 12, 78 ]
1730 / 10000: [ 0, 3, 0, 0, 0 ], [ 0, 319, 12, 78 ]
1731 / 10000: [ 0, 1, 0, 0, 0 ], [ 0, 319, 12, 78 ]
1732 / 10000: [ 0, 0, 0, 0, 0 ], [ 0, 319, 12, 78 ]
1733 / 10000: [ 0, 2, 0, 0, 0 ], [ 0, 319, 12, 78 ]
1734 / 10000: [ 0, 2, 0, 0, 0 ], [ 0, 319, 12, 78 ]
1735 / 10000: [ 0, 0, 0, 0, 0 ], [ 0, 319, 12, 78 ]
1736 / 10000: [ 0, 1, 0, 0, 0 ], [ 0, 319, 12, 78 ]
1737 / 10000: [ 0, 0, 0, 0, 0 ], [ 0, 319, 12, 78 ]
1738 / 10000: [ 0, 3, 0, 0, 0 ], [ 0, 320, 12, 78 ]
1739 / 10000: [ 0, 2, 0, 0, 0 ], [ 0, 320, 12, 78 ]
1740 / 10000: [ 0, 2, 0, 0, 0 ], [ 0, 320, 12, 78 ]
1741 / 10000: [ 0, 0, 0, 0, 0 ], [ 0, 320, 12, 78 ]
1742 / 10000: [ 0, 2, 0, 0, 0 ], [ 0, 320, 12, 78 ]
1743 / 10000: [ 0, 1, 0, 0, 0 ], [ 0, 320, 12, 78 ]
1744 / 10000: [ 0, 0, 0, 0, 0 ], [ 0, 320, 12, 78 ]
1745 / 10000: [ 0, 0, 0, 0, 0 ], [ 0, 320, 12, 78 ]
1746 / 10000: [ 0, 0, 0, 0, 0 ], [ 0, 320, 12, 78 ]
1747 / 10000: [ 0, 0, 0, 0, 0 ], [ 0, 320, 12, 78 ]
1748 / 10000: [ 0, 0, 0, 0, 0 ], [ 0, 320, 12, 78 ]
1749 / 10000: [ 0, 0, 0, 0, 0 ], [ 0, 320, 12, 78 ]
1750 / 10000: [ 0, 1, 0, 0, 0 ], [ 0, 320, 12, 78 ]
1751 / 10000: [ 0, 1, 0, 0, 0 ], [ 0, 320, 12, 78 ]
1752 / 10000: [ 0, 1, 0, 0, 0 ], [ 0, 320, 12, 78 ]
1753 / 10000: [ 0, 0, 0, 0, 0 ], [ 0, 320, 12, 78 ]
1754 / 10000: [ 0, 0, 0, 0, 0 ], [ 0, 320, 12, 78 ]
1755 / 10000: [ 0, 0, 0, 0, 0 ], [ 0, 320, 12, 78 ]
1756 / 10000: [ 0, 0, 0, 0, 0 ], [ 0, 320, 12, 78 ]
1757 / 10000: [ 0, 0, 0, 0, 0 ], [ 0, 320, 12, 78 ]
1758 / 10000: [ 0, 2, 0, 0, 0 ], [ 0, 320, 12, 78 ]
1759 / 10000: [ 0, 2, 0, 0, 0 ], [ 0, 320, 12, 78 ]
1760 / 10000: [ 0, 0, 0, 0, 0 ], [ 0, 320, 12, 78 ]
1761 / 10000: [ 0, 1, 0, 0, 0 ], [ 0, 320, 12, 78 ]
1762 / 10000: [ 0, 1, 0, 0, 0 ], [ 0, 320, 12, 78 ]
1763 / 10000: [ 0, 1, 0, 0, 0 ], [ 0, 320, 12, 78 ]
1764 / 10000: [ 0, 0, 0, 0, 0 ], [ 0, 320, 12, 78 ]
1765 / 10000: [ 0, 0, 0, 0, 0 ], [ 0, 320, 12, 78 ]
1766 / 10000: [ 0, 2, 0, 0, 0 ], [ 0, 320, 12, 78 ]
1767 / 10000: [ 0, 0, 0, 0, 0 ], [ 0, 320, 12, 78 ]
1768 / 10000: [ 0, 1, 0, 0, 0 ], [ 0, 320, 12, 78 ]
1769 / 10000: [ 0, 2, 0, 0, 0 ], [ 0, 320, 12, 78 ]
1770 / 10000: [ 0, 0, 0, 0, 0 ], [ 0, 320, 12, 78 ]
1771 / 10000: [ 0, 1, 0, 0, 0 ], [ 0, 320, 12, 78 ]
1772 / 10000: [ 0, 0, 0, 0, 0 ], [ 0, 320, 12, 78 ]
1773 / 10000: [ 0, 2, 0, 0, 0 ], [ 0, 320, 12, 78 ]
1774 / 10000: [ 0, 2, 0, 0, 0 ], [ 0, 320, 12, 78 ]
1775 / 10000: [ 0, 0, 0, 0, 0 ], [ 0, 320, 12, 78 ]
1776 / 10000: [ 0, 1, 0, 0, 0 ], [ 0, 320, 12, 78 ]
1777 / 10000: [ 0, 0, 0, 0, 0 ], [ 0, 320, 12, 78 ]
1778 / 10000: [ 0, 2, 0, 0, 0 ], [ 0, 320, 12, 78 ]
1779 / 10000: [ 0, 0, 0, 0, 0 ], [ 0, 320, 12, 78 ]
1780 / 10000: [ 0, 0, 0, 0, 0 ], [ 0, 320, 12, 78 ]
1781 / 10000: [ 0, 2, 0, 0, 0 ], [ 0, 320, 12, 78 ]
1782 / 10000: [ 0, 1, 0, 0, 0 ], [ 0, 320, 12, 78 ]
1783 / 10000: [ 0, 3, 0, 0, 0 ], [ 0, 321, 12, 78 ]
1784 / 10000: [ 0, 0, 0, 0, 0 ], [ 0, 321, 12, 78 ]
1785 / 10000: [ 0, 1, 0, 0, 0 ], [ 0, 321, 12, 78 ]
1786 / 10000: [ 0, 1, 0, 0, 0 ], [ 0, 321, 12, 78 ]
1787 / 10000: [ 0, 0, 0, 0, 0 ], [ 0, 321, 12, 78 ]
1788 / 10000: [ 0, 0, 0, 0, 0 ], [ 0, 321, 12, 78 ]
1789 / 10000: [ 0, 1, 0, 0, 0 ], [ 0, 321, 12, 78 ]
1790 / 10000: [ 0, 3, 0, 0, 0 ], [ 0, 322, 12, 78 ]
1791 / 10000: [ 0, 0, 0, 0, 0 ], [ 0, 322, 12, 78 ]
1792 / 10000: [ 0, 0, 0, 0, 0 ], [ 0, 322, 12, 78 ]
1793 / 10000: [ 0, 2, 0, 0, 0 ], [ 0, 322, 12, 78 ]
1794 / 10000: [ 0, 0, 0, 0, 0 ], [ 0, 322, 12, 78 ]
1795 / 10000: [ 0, 0, 0, 0, 0 ], [ 0, 322, 12, 78 ]
1796 / 10000: [ 0, 0, 0, 0, 0 ], [ 0, 322, 12, 78 ]
1797 / 10000: [ 0, 2, 0, 0, 0 ], [ 0, 322, 12, 78 ]
1798 / 10000: [ 0, 3, 0, 0, 0 ], [ 0, 323, 12, 78 ]
1799 / 10000: [ 0, 0, 0, 0, 0 ], [ 0, 323, 12, 78 ]
1800 / 10000: [ 0, 2, 0, 0, 0 ], [ 0, 323, 12, 78 ]
1801 / 10000: [ 0, 0, 0, 0, 0 ], [ 0, 323, 12, 78 ]
1802 / 10000: [ 0, 2, 0, 0, 0 ], [ 0, 323, 12, 78 ]
1803 / 10000: [ 0, 1, 0, 0, 0 ], [ 0, 323, 12, 78 ]
1804 / 10000: [ 0, 0, 0, 0, 0 ], [ 0, 323, 12, 78 ]
1805 / 10000: [ 0, 0, 0, 0, 0 ], [ 0, 323, 12, 78 ]
1806 / 10000: [ 0, 2, 0, 0, 0 ], [ 0, 323, 12, 78 ]
1807 / 10000: [ 0, 0, 0, 0, 0 ], [ 0, 323, 12, 78 ]
1808 / 10000: [ 0, 1, 0, 0, 0 ], [ 0, 323, 12, 78 ]
1809 / 10000: [ 0, 1, 0, 0, 0 ], [ 0, 323, 12, 78 ]
1810 / 10000: [ 0, 0, 0, 0, 0 ], [ 0, 323, 12, 78 ]
1811 / 10000: [ 0, 3, 0, 0, 0 ], [ 0, 324, 12, 78 ]
1812 / 10000: [ 0, 2, 0, 0, 0 ], [ 0, 324, 12, 78 ]
1813 / 10000: [ 0, 0, 0, 0, 0 ], [ 0, 324, 12, 78 ]
1814 / 10000: [ 0, 0, 0, 0, 0 ], [ 0, 324, 12, 78 ]
1815 / 10000: [ 0, 1, 0, 0, 0 ], [ 0, 324, 12, 78 ]
1816 / 10000: [ 0, 0, 0, 0, 0 ], [ 0, 324, 12, 78 ]
1817 / 10000: [ 0, 1, 0, 0, 0 ], [ 0, 324, 12, 78 ]
1818 / 10000: [ 0, 1, 0, 0, 0 ], [ 0, 324, 12, 78 ]
1819 / 10000: [ 0, 1, 0, 0, 0 ], [ 0, 324, 12, 78 ]
1820 / 10000: [ 0, 2, 0, 0, 0 ], [ 0, 324, 12, 78 ]
1821 / 10000: [ 0, 2, 0, 0, 0 ], [ 0, 324, 12, 78 ]
1822 / 10000: [ 0, 1, 0, 0, 0 ], [ 0, 324, 12, 78 ]
1823 / 10000: [ 0, 3, 0, 0, 0 ], [ 0, 325, 12, 78 ]
1824 / 10000: [ 0, 0, 0, 0, 0 ], [ 0, 325, 12, 78 ]
1825 / 10000: [ 0, 2, 0, 0, 0 ], [ 0, 325, 12, 78 ]
1826 / 10000: [ 0, 1, 0, 0, 0 ], [ 0, 325, 12, 78 ]
1827 / 10000: [ 0, 0, 0, 0, 0 ], [ 0, 325, 12, 78 ]
1828 / 10000: [ 0, 0, 0, 0, 0 ], [ 0, 325, 12, 78 ]
1829 / 10000: [ 0, 0, 0, 0, 0 ], [ 0, 325, 12, 78 ]
1830 / 10000: [ 0, 3, 0, 0, 0 ], [ 0, 326, 12, 78 ]
1831 / 10000: [ 0, 0, 0, 0, 0 ], [ 0, 326, 12, 78 ]
1832 / 10000: [ 0, 0, 0, 0, 0 ], [ 0, 326, 12, 78 ]
1833 / 10000: [ 0, 3, 0, 0, 0 ], [ 0, 327, 12, 78 ]
1834 / 10000: [ 0, 0, 0, 0, 0 ], [ 0, 327, 12, 78 ]
1835 / 10000: [ 0, 0, 0, 0, 0 ], [ 0, 327, 12, 78 ]
1836 / 10000: [ 0, 0, 0, 0, 0 ], [ 0, 327, 12, 78 ]
1837 / 10000: [ 0, 3, 0, 0, 0 ], [ 0, 328, 12, 78 ]
1838 / 10000: [ 0, 2, 0, 0, 0 ], [ 0, 328, 12, 78 ]
1839 / 10000: [ 0, 2, 0, 0, 0 ], [ 0, 328, 12, 78 ]
1840 / 10000: [ 0, 2, 0, 0, 0 ], [ 0, 328, 12, 78 ]
1841 / 10000: [ 0, 0, 0, 0, 0 ], [ 0, 328, 12, 78 ]
1842 / 10000: [ 0, 0, 0, 0, 0 ], [ 0, 328, 12, 78 ]
1843 / 10000: [ 0, 1, 0, 0, 0 ], [ 0, 328, 12, 78 ]
1844 / 10000: [ 0, 0, 0, 0, 0 ], [ 0, 328, 12, 78 ]
1845 / 10000: [ 0, 1, 0, 0, 0 ], [ 0, 328, 12, 78 ]
1846 / 10000: [ 0, 2, 0, 0, 0 ], [ 0, 328, 12, 78 ]
1847 / 10000: [ 0, 0, 0, 0, 0 ], [ 0, 328, 12, 78 ]
1848 / 10000: [ 0, 2, 0, 0, 0 ], [ 0, 328, 12, 78 ]
1849 / 10000: [ 0, 2, 0, 0, 0 ], [ 0, 328, 12, 78 ]
1850 / 10000: [ 0, 1, 0, 0, 0 ], [ 0, 328, 12, 78 ]
1851 / 10000: [ 0, 3, 0, 0, 0 ], [ 0, 329, 12, 78 ]
1852 / 10000: [ 0, 2, 0, 0, 0 ], [ 0, 329, 12, 78 ]
1853 / 10000: [ 0, 1, 0, 0, 0 ], [ 0, 329, 12, 78 ]
1854 / 10000: [ 0, 0, 0, 0, 0 ], [ 0, 329, 12, 78 ]
1855 / 10000: [ 0, 2, 0, 0, 0 ], [ 0, 329, 12, 78 ]
1856 / 10000: [ 0, 1, 0, 0, 0 ], [ 0, 329, 12, 78 ]
1857 / 10000: [ 0, 3, 0, 0, 0 ], [ 0, 330, 12, 78 ]
1858 / 10000: [ 0, 0, 0, 0, 0 ], [ 0, 330, 12, 78 ]
1859 / 10000: [ 0, 0, 0, 0, 0 ], [ 0, 330, 12, 78 ]
1860 / 10000: [ 0, 3, 0, 0, 0 ], [ 0, 331, 12, 78 ]
1861 / 10000: [ 0, 0, 0, 0, 1 ], [ 0, 331, 12, 78 ]
1862 / 10000: [ 0, 0, 0, 0, 0 ], [ 0, 331, 12, 78 ]
1863 / 10000: [ 0, 0, 0, 0, 0 ], [ 0, 331, 12, 78 ]
1864 / 10000: [ 0, 1, 0, 2, 0 ], [ 0, 331, 12, 79 ]
1865 / 10000: [ 0, 3, 0, 0, 0 ], [ 0, 332, 12, 79 ]
1866 / 10000: [ 0, 1, 0, 2, 0 ], [ 0, 332, 12, 80 ]
1867 / 10000: [ 0, 0, 0, 0, 0 ], [ 0, 332, 12, 80 ]
1868 / 10000: [ 0, 0, 0, 0, 0 ], [ 0, 332, 12, 80 ]
1869 / 10000: [ 0, 0, 0, 1, 0 ], [ 0, 332, 12, 80 ]
1870 / 10000: [ 0, 0, 0, 0, 0 ], [ 0, 332, 12, 80 ]
1871 / 10000: [ 0, 1, 0, 1, 0 ], [ 0, 332, 12, 80 ]
1872 / 10000: [ 0, 0, 0, 1, 0 ], [ 0, 332, 12, 80 ]
1873 / 10000: [ 0, 3, 0, 0, 0 ], [ 0, 333, 12, 80 ]
1874 / 10000: [ 0, 2, 0, 1, 0 ], [ 0, 333, 12, 81 ]
1875 / 10000: [ 0, 0, 0, 0, 0 ], [ 0, 333, 12, 81 ]
1876 / 10000: [ 0, 0, 0, 0, 0 ], [ 0, 333, 12, 81 ]
1877 / 10000: [ 0, 2, 0, 1, 0 ], [ 0, 333, 12, 82 ]
1878 / 10000: [ 0, 0, 0, 1, 0 ], [ 0, 333, 12, 82 ]
1879 / 10000: [ 0, 0, 0, 0, 0 ], [ 0, 333, 12, 82 ]
1880 / 10000: [ 0, 0, 0, 0, 0 ], [ 0, 333, 12, 82 ]
1881 / 10000: [ 0, 2, 0, 0, 0 ], [ 0, 333, 12, 82 ]
1882 / 10000: [ 0, 1, 0, 0, 0 ], [ 0, 333, 12, 82 ]
1883 / 10000: [ 0, 2, 0, 0, 0 ], [ 0, 333, 12, 82 ]
1884 / 10000: [ 0, 0, 0, 0, 0 ], [ 0, 333, 12, 82 ]
1885 / 10000: [ 0, 0, 0, 0, 0 ], [ 0, 333, 12, 82 ]
1886 / 10000: [ 0, 0, 0, 0, 0 ], [ 0, 333, 12, 82 ]
1887 / 10000: [ 0, 1, 0, 0, 0 ], [ 0, 333, 12, 82 ]
1888 / 10000: [ 0, 3, 0, 0, 0 ], [ 0, 334, 12, 82 ]
1889 / 10000: [ 0, 2, 0, 0, 0 ], [ 0, 334, 12, 82 ]
1890 / 10000: [ 0, 2, 0, 0, 0 ], [ 0, 334, 12, 82 ]
1891 / 10000: [ 0, 2, 0, 0, 0 ], [ 0, 334, 12, 82 ]
1892 / 10000: [ 0, 1, 0, 0, 0 ], [ 0, 334, 12, 82 ]
1893 / 10000: [ 0, 0, 0, 0, 0 ], [ 0, 334, 12, 82 ]
1894 / 10000: [ 0, 0, 0, 0, 0 ], [ 0, 334, 12, 82 ]
1895 / 10000: [ 0, 3, 0, 0, 0 ], [ 0, 335, 12, 82 ]
1896 / 10000: [ 0, 1, 0, 0, 0 ], [ 0, 335, 12, 82 ]
1897 / 10000: [ 0, 1, 0, 0, 0 ], [ 0, 335, 12, 82 ]
1898 / 10000: [ 0, 2, 0, 0, 0 ], [ 0, 335, 12, 82 ]
1899 / 10000: [ 0, 1, 0, 0, 0 ], [ 0, 335, 12, 82 ]
1900 / 10000: [ 0, 3, 0, 0, 0 ], [ 0, 336, 12, 82 ]
1901 / 10000: [ 0, 0, 0, 0, 0 ], [ 0, 336, 12, 82 ]
1902 / 10000: [ 0, 1, 0, 0, 0 ], [ 0, 336, 12, 82 ]
1903 / 10000: [ 0, 1, 0, 0, 0 ], [ 0, 336, 12, 82 ]
1904 / 10000: [ 0, 0, 0, 0, 0 ], [ 0, 336, 12, 82 ]
1905 / 10000: [ 0, 0, 0, 0, 0 ], [ 0, 336, 12, 82 ]
1906 / 10000: [ 0, 2, 0, 0, 0 ], [ 0, 336, 12, 82 ]
1907 / 10000: [ 0, 0, 0, 0, 0 ], [ 0, 336, 12, 82 ]
1908 / 10000: [ 0, 1, 0, 0, 0 ], [ 0, 336, 12, 82 ]
1909 / 10000: [ 0, 1, 0, 0, 0 ], [ 0, 336, 12, 82 ]
1910 / 10000: [ 0, 1, 0, 0, 0 ], [ 0, 336, 12, 82 ]
1911 / 10000: [ 0, 3, 0, 0, 0 ], [ 0, 337, 12, 82 ]
1912 / 10000: [ 0, 2, 0, 0, 0 ], [ 0, 337, 12, 82 ]
1913 / 10000: [ 0, 0, 0, 0, 0 ], [ 0, 337, 12, 82 ]
1914 / 10000: [ 0, 0, 0, 0, 0 ], [ 0, 337, 12, 82 ]
1915 / 10000: [ 0, 1, 0, 0, 0 ], [ 0, 337, 12, 82 ]
1916 / 10000: [ 0, 0, 0, 0, 0 ], [ 0, 337, 12, 82 ]
1917 / 10000: [ 0, 1, 0, 0, 0 ], [ 0, 337, 12, 82 ]
1918 / 10000: [ 0, 0, 0, 0, 0 ], [ 0, 337, 12, 82 ]
1919 / 10000: [ 0, 1, 0, 0, 0 ], [ 0, 337, 12, 82 ]
1920 / 10000: [ 0, 2, 0, 0, 0 ], [ 0, 337, 12, 82 ]
1921 / 10000: [ 0, 2, 0, 0, 0 ], [ 0, 337, 12, 82 ]
1922 / 10000: [ 0, 2, 0, 0, 0 ], [ 0, 337, 12, 82 ]
1923 / 10000: [ 0, 3, 0, 0, 0 ], [ 0, 338, 12, 82 ]
1924 / 10000: [ 0, 0, 0, 0, 0 ], [ 0, 338, 12, 82 ]
1925 / 10000: [ 0, 1, 0, 0, 0 ], [ 0, 338, 12, 82 ]
1926 / 10000: [ 0, 2, 0, 0, 0 ], [ 0, 338, 12, 82 ]
1927 / 10000: [ 0, 0, 0, 0, 0 ], [ 0, 338, 12, 82 ]
1928 / 10000: [ 0, 1, 0, 0, 0 ], [ 0, 338, 12, 82 ]
1929 / 10000: [ 0, 1, 0, 0, 0 ], [ 0, 338, 12, 82 ]
1930 / 10000: [ 0, 2, 0, 0, 0 ], [ 0, 338, 12, 82 ]
1931 / 10000: [ 0, 1, 0, 0, 0 ], [ 0, 338, 12, 82 ]
1932 / 10000: [ 0, 1, 0, 0, 0 ], [ 0, 338, 12, 82 ]
1933 / 10000: [ 0, 2, 0, 0, 0 ], [ 0, 338, 12, 82 ]
1934 / 10000: [ 0, 1, 0, 0, 0 ], [ 0, 338, 12, 82 ]
1935 / 10000: [ 0, 2, 0, 0, 0 ], [ 0, 338, 12, 82 ]
1936 / 10000: [ 0, 1, 0, 0, 0 ], [ 0, 338, 12, 82 ]
1937 / 10000: [ 0, 1, 0, 0, 0 ], [ 0, 338, 12, 82 ]
1938 / 10000: [ 0, 2, 0, 0, 0 ], [ 0, 338, 12, 82 ]
1939 / 10000: [ 0, 1, 0, 0, 0 ], [ 0, 338, 12, 82 ]
1940 / 10000: [ 0, 3, 0, 0, 0 ], [ 0, 339, 12, 82 ]
1941 / 10000: [ 0, 0, 0, 1, 0 ], [ 0, 339, 12, 82 ]
1942 / 10000: [ 0, 0, 0, 1, 0 ], [ 0, 339, 12, 82 ]
1943 / 10000: [ 0, 1, 0, 2, 0 ], [ 0, 339, 12, 83 ]
1944 / 10000: [ 0, 0, 0, 1, 0 ], [ 0, 339, 12, 83 ]
1945 / 10000: [ 0, 2, 0, 0, 0 ], [ 0, 339, 12, 83 ]
1946 / 10000: [ 0, 1, 0, 2, 0 ], [ 0, 339, 12, 84 ]
1947 / 10000: [ 0, 0, 0, 0, 0 ], [ 0, 339, 12, 84 ]
1948 / 10000: [ 0, 1, 0, 2, 0 ], [ 0, 339, 12, 85 ]
1949 / 10000: [ 0, 2, 0, 1, 0 ], [ 0, 339, 12, 86 ]
1950 / 10000: [ 0, 1, 0, 0, 0 ], [ 0, 339, 12, 86 ]
1951 / 10000: [ 0, 2, 0, 1, 0 ], [ 0, 339, 12, 87 ]
1952 / 10000: [ 0, 1, 0, 1, 0 ], [ 0, 339, 12, 87 ]
1953 / 10000: [ 0, 2, 0, 1, 0 ], [ 0, 339, 12, 88 ]
1954 / 10000: [ 0, 0, 0, 2, 0 ], [ 0, 339, 12, 88 ]
1955 / 10000: [ 0, 3, 0, 0, 0 ], [ 0, 340, 12, 88 ]
1956 / 10000: [ 0, 2, 0, 1, 0 ], [ 0, 340, 12, 89 ]
1957 / 10000: [ 0, 3, 0, 0, 0 ], [ 0, 341, 12, 89 ]
1958 / 10000: [ 0, 0, 0, 2, 0 ], [ 0, 341, 12, 89 ]
1959 / 10000: [ 0, 0, 0, 2, 0 ], [ 0, 341, 12, 89 ]
1960 / 10000: [ 0, 2, 0, 1, 0 ], [ 0, 341, 12, 90 ]
1961 / 10000: [ 0, 3, 0, 0, 0 ], [ 0, 342, 12, 90 ]
1962 / 10000: [ 0, 3, 0, 0, 0 ], [ 0, 343, 12, 90 ]
1963 / 10000: [ 0, 3, 0, 0, 0 ], [ 0, 344, 12, 90 ]
1964 / 10000: [ 0, 0, 0, 0, 0 ], [ 0, 344, 12, 90 ]
1965 / 10000: [ 0, 0, 0, 0, 0 ], [ 0, 344, 12, 90 ]
1966 / 10000: [ 0, 2, 0, 0, 0 ], [ 0, 344, 12, 90 ]
1967 / 10000: [ 0, 0, 0, 0, 0 ], [ 0, 344, 12, 90 ]
1968 / 10000: [ 0, 1, 0, 0, 0 ], [ 0, 344, 12, 90 ]
1969 / 10000: [ 0, 2, 0, 0, 0 ], [ 0, 344, 12, 90 ]
1970 / 10000: [ 0, 2, 0, 0, 0 ], [ 0, 344, 12, 90 ]
1971 / 10000: [ 0, 2, 0, 0, 0 ], [ 0, 344, 12, 90 ]
1972 / 10000: [ 0, 2, 0, 0, 0 ], [ 0, 344, 12, 90 ]
1973 / 10000: [ 0, 0, 0, 0, 0 ], [ 0, 344, 12, 90 ]
1974 / 10000: [ 0, 0, 0, 0, 0 ], [ 0, 344, 12, 90 ]
1975 / 10000: [ 0, 2, 0, 0, 0 ], [ 0, 344, 12, 90 ]
1976 / 10000: [ 0, 1, 0, 0, 0 ], [ 0, 344, 12, 90 ]
1977 / 10000: [ 0, 1, 1, 0, 0 ], [ 0, 344, 12, 90 ]
1978 / 10000: [ 0, 3, 0, 0, 0 ], [ 0, 345, 12, 90 ]
1979 / 10000: [ 0, 2, 0, 0, 0 ], [ 0, 345, 12, 90 ]
1980 / 10000: [ 0, 3, 0, 0, 0 ], [ 0, 346, 12, 90 ]
1981 / 10000: [ 0, 2, 0, 0, 0 ], [ 0, 346, 12, 90 ]
1982 / 10000: [ 0, 1, 0, 0, 0 ], [ 0, 346, 12, 90 ]
1983 / 10000: [ 0, 2, 0, 0, 0 ], [ 0, 346, 12, 90 ]
1984 / 10000: [ 0, 0, 0, 0, 0 ], [ 0, 346, 12, 90 ]
1985 / 10000: [ 0, 1, 0, 0, 0 ], [ 0, 346, 12, 90 ]
1986 / 10000: [ 0, 0, 0, 0, 0 ], [ 0, 346, 12, 90 ]
1987 / 10000: [ 0, 0, 0, 0, 0 ], [ 0, 346, 12, 90 ]
1988 / 10000: [ 0, 0, 0, 0, 0 ], [ 0, 346, 12, 90 ]
1989 / 10000: [ 0, 0, 0, 0, 0 ], [ 0, 346, 12, 90 ]
1990 / 10000: [ 0, 3, 0, 0, 0 ], [ 0, 347, 12, 90 ]
1991 / 10000: [ 0, 0, 0, 0, 0 ], [ 0, 347, 12, 90 ]
1992 / 10000: [ 0, 0, 0, 0, 0 ], [ 0, 347, 12, 90 ]
1993 / 10000: [ 0, 1, 0, 0, 0 ], [ 0, 347, 12, 90 ]
1994 / 10000: [ 0, 0, 0, 0, 0 ], [ 0, 347, 12, 90 ]
1995 / 10000: [ 0, 0, 0, 0, 0 ], [ 0, 347, 12, 90 ]
1996 / 10000: [ 0, 0, 0, 0, 0 ], [ 0, 347, 12, 90 ]
1997 / 10000: [ 0, 1, 0, 0, 0 ], [ 0, 347, 12, 90 ]
1998 / 10000: [ 0, 2, 0, 0, 0 ], [ 0, 347, 12, 90 ]
1999 / 10000: [ 0, 0, 0, 0, 0 ], [ 0, 347, 12, 90 ]
2000 / 10000: [ 0, 2, 0, 0, 0 ], [ 0, 347, 12, 90 ]
2001 / 10000: [ 0, 0, 0, 0, 0 ], [ 0, 347, 12, 90 ]
2002 / 10000: [ 0, 0, 0, 0, 0 ], [ 0, 347, 12, 90 ]
2003 / 10000: [ 0, 2, 0, 0, 0 ], [ 0, 347, 12, 90 ]
2004 / 10000: [ 0, 0, 0, 0, 0 ], [ 0, 347, 12, 90 ]
2005 / 10000: [ 0, 0, 0, 0, 0 ], [ 0, 347, 12, 90 ]
2006 / 10000: [ 0, 2, 0, 0, 0 ], [ 0, 347, 12, 90 ]
2007 / 10000: [ 0, 2, 0, 0, 0 ], [ 0, 347, 12, 90 ]
2008 / 10000: [ 0, 2, 0, 0, 0 ], [ 0, 347, 12, 90 ]
2009 / 10000: [ 0, 3, 0, 0, 0 ], [ 0, 348, 12, 90 ]
2010 / 10000: [ 0, 2, 0, 0, 0 ], [ 0, 348, 12, 90 ]
2011 / 10000: [ 0, 3, 0, 0, 0 ], [ 0, 349, 12, 90 ]
2012 / 10000: [ 0, 3, 0, 0, 0 ], [ 0, 350, 12, 90 ]
2013 / 10000: [ 0, 0, 0, 0, 0 ], [ 0, 350, 12, 90 ]
2014 / 10000: [ 0, 0, 0, 0, 0 ], [ 0, 350, 12, 90 ]
2015 / 10000: [ 0, 3, 0, 0, 0 ], [ 0, 351, 12, 90 ]
2016 / 10000: [ 0, 3, 0, 0, 0 ], [ 0, 352, 12, 90 ]
2017 / 10000: [ 0, 1, 0, 0, 0 ], [ 0, 352, 12, 90 ]
2018 / 10000: [ 0, 0, 0, 0, 0 ], [ 0, 352, 12, 90 ]
2019 / 10000: [ 0, 0, 0, 0, 0 ], [ 0, 352, 12, 90 ]
2020 / 10000: [ 0, 3, 0, 0, 0 ], [ 0, 353, 12, 90 ]
2021 / 10000: [ 0, 0, 0, 0, 0 ], [ 0, 353, 12, 90 ]
2022 / 10000: [ 0, 0, 0, 0, 0 ], [ 0, 353, 12, 90 ]
2023 / 10000: [ 0, 0, 0, 0, 0 ], [ 0, 353, 12, 90 ]
2024 / 10000: [ 0, 0, 0, 0, 0 ], [ 0, 353, 12, 90 ]
2025 / 10000: [ 0, 0, 0, 0, 0 ], [ 0, 353, 12, 90 ]
2026 / 10000: [ 0, 0, 0, 0, 0 ], [ 0, 353, 12, 90 ]
2027 / 10000: [ 0, 0, 0, 0, 0 ], [ 0, 353, 12, 90 ]
2028 / 10000: [ 0, 0, 0, 0, 0 ], [ 0, 353, 12, 90 ]
2029 / 10000: [ 0, 0, 0, 0, 0 ], [ 0, 353, 12, 90 ]
2030 / 10000: [ 0, 1, 0, 0, 0 ], [ 0, 353, 12, 90 ]
2031 / 10000: [ 0, 1, 0, 0, 0 ], [ 0, 353, 12, 90 ]
2032 / 10000: [ 0, 2, 0, 0, 0 ], [ 0, 353, 12, 90 ]
2033 / 10000: [ 0, 1, 0, 0, 0 ], [ 0, 353, 12, 90 ]
2034 / 10000: [ 0, 0, 0, 0, 0 ], [ 0, 353, 12, 90 ]
2035 / 10000: [ 0, 0, 0, 0, 0 ], [ 0, 353, 12, 90 ]
2036 / 10000: [ 0, 0, 0, 0, 0 ], [ 0, 353, 12, 90 ]
2037 / 10000: [ 0, 0, 0, 0, 0 ], [ 0, 353, 12, 90 ]
2038 / 10000: [ 0, 0, 0, 0, 0 ], [ 0, 353, 12, 90 ]
2039 / 10000: [ 0, 0, 0, 0, 0 ], [ 0, 353, 12, 90 ]
2040 / 10000: [ 0, 0, 0, 0, 0 ], [ 0, 353, 12, 90 ]
2041 / 10000: [ 0, 0, 0, 0, 0 ], [ 0, 353, 12, 90 ]
2042 / 10000: [ 0, 0, 0, 0, 0 ], [ 0, 353, 12, 90 ]
2043 / 10000: [ 0, 0, 0, 0, 0 ], [ 0, 353, 12, 90 ]
2044 / 10000: [ 0, 0, 0, 0, 0 ], [ 0, 353, 12, 90 ]
2045 / 10000: [ 0, 0, 0, 0, 0 ], [ 0, 353, 12, 90 ]
2046 / 10000: [ 0, 1, 0, 0, 0 ], [ 0, 353, 12, 90 ]
2047 / 10000: [ 0, 3, 0, 0, 0 ], [ 0, 354, 12, 90 ]
2048 / 10000: [ 0, 3, 0, 0, 0 ], [ 0, 355, 12, 90 ]
2049 / 10000: [ 0, 1, 0, 0, 0 ], [ 0, 355, 12, 90 ]
2050 / 10000: [ 0, 0, 0, 0, 0 ], [ 0, 355, 12, 90 ]
2051 / 10000: [ 0, 1, 0, 0, 0 ], [ 0, 355, 12, 90 ]
2052 / 10000: [ 0, 1, 0, 0, 0 ], [ 0, 355, 12, 90 ]
2053 / 10000: [ 0, 0, 0, 0, 0 ], [ 0, 355, 12, 90 ]
2054 / 10000: [ 0, 0, 0, 0, 0 ], [ 0, 355, 12, 90 ]
2055 / 10000: [ 0, 0, 0, 0, 0 ], [ 0, 355, 12, 90 ]
2056 / 10000: [ 0, 0, 0, 0, 0 ], [ 0, 355, 12, 90 ]
2057 / 10000: [ 0, 0, 0, 0, 0 ], [ 0, 355, 12, 90 ]
2058 / 10000: [ 0, 1, 0, 0, 0 ], [ 0, 355, 12, 90 ]
2059 / 10000: [ 0, 0, 0, 0, 0 ], [ 0, 355, 12, 90 ]
2060 / 10000: [ 0, 1, 0, 0, 0 ], [ 0, 355, 12, 90 ]
2061 / 10000: [ 0, 0, 0, 0, 0 ], [ 0, 355, 12, 90 ]
2062 / 10000: [ 0, 0, 0, 2, 0 ], [ 0, 355, 12, 90 ]
2063 / 10000: [ 0, 1, 0, 1, 0 ], [ 0, 355, 12, 90 ]
2064 / 10000: [ 0, 0, 0, 0, 0 ], [ 0, 355, 12, 90 ]
2065 / 10000: [ 0, 0, 0, 0, 0 ], [ 0, 355, 12, 90 ]
2066 / 10000: [ 0, 0, 0, 0, 0 ], [ 0, 355, 12, 90 ]
2067 / 10000: [ 0, 0, 0, 0, 0 ], [ 0, 355, 12, 90 ]
2068 / 10000: [ 0, 0, 0, 0, 0 ], [ 0, 355, 12, 90 ]
2069 / 10000: [ 0, 0, 0, 0, 0 ], [ 0, 355, 12, 90 ]
2070 / 10000: [ 0, 3, 0, 0, 0 ], [ 0, 356, 12, 90 ]
2071 / 10000: [ 0, 0, 0, 0, 0 ], [ 0, 356, 12, 90 ]
2072 / 10000: [ 0, 0, 0, 1, 0 ], [ 0, 356, 12, 90 ]
2073 / 10000: [ 0, 0, 0, 0, 0 ], [ 0, 356, 12, 90 ]
2074 / 10000: [ 0, 0, 0, 0, 0 ], [ 0, 356, 12, 90 ]
2075 / 10000: [ 0, 0, 0, 0, 0 ], [ 0, 356, 12, 90 ]
2076 / 10000: [ 0, 0, 0, 0, 0 ], [ 0, 356, 12, 90 ]
2077 / 10000: [ 0, 0, 0, 0, 0 ], [ 0, 356, 12, 90 ]
2078 / 10000: [ 0, 0, 0, 1, 0 ], [ 0, 356, 12, 90 ]
2079 / 10000: [ 0, 2, 0, 0, 0 ], [ 0, 356, 12, 90 ]
2080 / 10000: [ 0, 0, 0, 0, 0 ], [ 0, 356, 12, 90 ]
2081 / 10000: [ 0, 0, 0, 0, 0 ], [ 0, 356, 12, 90 ]
2082 / 10000: [ 0, 2, 0, 0, 0 ], [ 0, 356, 12, 90 ]
2083 / 10000: [ 0, 1, 0, 1, 0 ], [ 0, 356, 12, 90 ]
2084 / 10000: [ 0, 0, 0, 0, 0 ], [ 0, 356, 12, 90 ]
2085 / 10000: [ 0, 0, 0, 0, 0 ], [ 0, 356, 12, 90 ]
2086 / 10000: [ 0, 0, 0, 0, 0 ], [ 0, 356, 12, 90 ]
2087 / 10000: [ 0, 0, 0, 0, 0 ], [ 0, 356, 12, 90 ]
2088 / 10000: [ 0, 0, 0, 0, 0 ], [ 0, 356, 12, 90 ]
2089 / 10000: [ 0, 0, 0, 0, 0 ], [ 0, 356, 12, 90 ]
2090 / 10000: [ 0, 3, 0, 0, 0 ], [ 0, 357, 12, 90 ]
2091 / 10000: [ 0, 0, 0, 0, 0 ], [ 0, 357, 12, 90 ]
2092 / 10000: [ 0, 1, 0, 0, 0 ], [ 0, 357, 12, 90 ]
2093 / 10000: [ 0, 0, 0, 0, 0 ], [ 0, 357, 12, 90 ]
2094 / 10000: [ 0, 0, 0, 0, 0 ], [ 0, 357, 12, 90 ]
2095 / 10000: [ 0, 0, 0, 0, 0 ], [ 0, 357, 12, 90 ]
2096 / 10000: [ 0, 0, 0, 0, 0 ], [ 0, 357, 12, 90 ]
2097 / 10000: [ 0, 0, 0, 0, 0 ], [ 0, 357, 12, 90 ]
2098 / 10000: [ 0, 1, 0, 0, 0 ], [ 0, 357, 12, 90 ]
2099 / 10000: [ 0, 2, 0, 0, 0 ], [ 0, 357, 12, 90 ]
2100 / 10000: [ 0, 0, 0, 0, 0 ], [ 0, 357, 12, 90 ]
2101 / 10000: [ 0, 0, 0, 0, 0 ], [ 0, 357, 12, 90 ]
2102 / 10000: [ 0, 0, 0, 0, 0 ], [ 0, 357, 12, 90 ]
2103 / 10000: [ 0, 0, 0, 0, 0 ], [ 0, 357, 12, 90 ]
2104 / 10000: [ 0, 0, 0, 0, 0 ], [ 0, 357, 12, 90 ]
2105 / 10000: [ 0, 0, 0, 0, 0 ], [ 0, 357, 12, 90 ]
2106 / 10000: [ 0, 2, 0, 0, 0 ], [ 0, 357, 12, 90 ]
2107 / 10000: [ 0, 0, 0, 0, 0 ], [ 0, 357, 12, 90 ]
2108 / 10000: [ 0, 1, 0, 0, 0 ], [ 0, 357, 12, 90 ]
2109 / 10000: [ 0, 1, 0, 0, 0 ], [ 0, 357, 12, 90 ]
2110 / 10000: [ 0, 1, 1, 0, 0 ], [ 0, 357, 12, 90 ]
2111 / 10000: [ 0, 3, 0, 0, 0 ], [ 0, 358, 12, 90 ]
2112 / 10000: [ 0, 3, 0, 0, 0 ], [ 0, 359, 12, 90 ]
2113 / 10000: [ 0, 0, 0, 0, 0 ], [ 0, 359, 12, 90 ]
2114 / 10000: [ 0, 0, 0, 0, 0 ], [ 0, 359, 12, 90 ]
2115 / 10000: [ 0, 1, 0, 0, 0 ], [ 0, 359, 12, 90 ]
2116 / 10000: [ 0, 0, 0, 0, 0 ], [ 0, 359, 12, 90 ]
2117 / 10000: [ 0, 1, 0, 0, 0 ], [ 0, 359, 12, 90 ]
2118 / 10000: [ 0, 0, 0, 0, 0 ], [ 0, 359, 12, 90 ]
2119 / 10000: [ 0, 0, 0, 0, 0 ], [ 0, 359, 12, 90 ]
2120 / 10000: [ 0, 3, 0, 0, 0 ], [ 0, 360, 12, 90 ]
2121 / 10000: [ 0, 2, 0, 0, 0 ], [ 0, 360, 12, 90 ]
2122 / 10000: [ 0, 3, 0, 0, 0 ], [ 0, 361, 12, 90 ]
2123 / 10000: [ 0, 3, 0, 0, 0 ], [ 0, 362, 12, 90 ]
2124 / 10000: [ 0, 0, 0, 0, 0 ], [ 0, 362, 12, 90 ]
2125 / 10000: [ 0, 0, 0, 0, 0 ], [ 0, 362, 12, 90 ]
2126 / 10000: [ 0, 0, 0, 0, 0 ], [ 0, 362, 12, 90 ]
2127 / 10000: [ 0, 0, 0, 0, 0 ], [ 0, 362, 12, 90 ]
2128 / 10000: [ 0, 0, 0, 0, 0 ], [ 0, 362, 12, 90 ]
2129 / 10000: [ 0, 0, 0, 0, 0 ], [ 0, 362, 12, 90 ]
2130 / 10000: [ 0, 2, 0, 0, 0 ], [ 0, 362, 12, 90 ]
2131 / 10000: [ 0, 0, 0, 0, 0 ], [ 0, 362, 12, 90 ]
2132 / 10000: [ 0, 1, 0, 0, 0 ], [ 0, 362, 12, 90 ]
2133 / 10000: [ 0, 0, 0, 0, 0 ], [ 0, 362, 12, 90 ]
2134 / 10000: [ 0, 0, 0, 0, 0 ], [ 0, 362, 12, 90 ]
2135 / 10000: [ 0, 0, 0, 0, 0 ], [ 0, 362, 12, 90 ]
2136 / 10000: [ 0, 0, 0, 0, 0 ], [ 0, 362, 12, 90 ]
2137 / 10000: [ 0, 0, 0, 0, 0 ], [ 0, 362, 12, 90 ]
2138 / 10000: [ 0, 3, 0, 0, 0 ], [ 0, 363, 12, 90 ]
2139 / 10000: [ 0, 0, 0, 0, 0 ], [ 0, 363, 12, 90 ]
2140 / 10000: [ 0, 2, 0, 0, 0 ], [ 0, 363, 12, 90 ]
2141 / 10000: [ 0, 3, 0, 0, 0 ], [ 0, 364, 12, 90 ]
2142 / 10000: [ 0, 3, 0, 0, 0 ], [ 0, 365, 12, 90 ]
2143 / 10000: [ 0, 2, 0, 0, 0 ], [ 0, 365, 12, 90 ]
2144 / 10000: [ 0, 0, 0, 0, 0 ], [ 0, 365, 12, 90 ]
2145 / 10000: [ 0, 0, 0, 0, 0 ], [ 0, 365, 12, 90 ]
2146 / 10000: [ 0, 2, 0, 0, 0 ], [ 0, 365, 12, 90 ]
2147 / 10000: [ 0, 0, 0, 0, 0 ], [ 0, 365, 12, 90 ]
2148 / 10000: [ 0, 1, 0, 0, 0 ], [ 0, 365, 12, 90 ]
2149 / 10000: [ 0, 2, 0, 0, 0 ], [ 0, 365, 12, 90 ]
2150 / 10000: [ 0, 2, 0, 0, 0 ], [ 0, 365, 12, 90 ]
2151 / 10000: [ 0, 1, 0, 0, 0 ], [ 0, 365, 12, 90 ]
2152 / 10000: [ 0, 0, 0, 0, 0 ], [ 0, 365, 12, 90 ]
2153 / 10000: [ 0, 2, 0, 0, 0 ], [ 0, 365, 12, 90 ]
2154 / 10000: [ 0, 3, 0, 0, 0 ], [ 0, 366, 12, 90 ]
2155 / 10000: [ 0, 0, 1, 0, 0 ], [ 0, 366, 12, 90 ]
2156 / 10000: [ 0, 1, 0, 0, 0 ], [ 0, 366, 12, 90 ]
2157 / 10000: [ 0, 0, 0, 0, 0 ], [ 0, 366, 12, 90 ]
2158 / 10000: [ 0, 3, 0, 0, 0 ], [ 0, 367, 12, 90 ]
2159 / 10000: [ 0, 0, 0, 0, 0 ], [ 0, 367, 12, 90 ]
2160 / 10000: [ 0, 2, 0, 0, 0 ], [ 0, 367, 12, 90 ]
2161 / 10000: [ 0, 3, 0, 0, 0 ], [ 0, 368, 12, 90 ]
2162 / 10000: [ 0, 3, 0, 0, 0 ], [ 0, 369, 12, 90 ]
2163 / 10000: [ 0, 0, 0, 0, 0 ], [ 0, 369, 12, 90 ]
2164 / 10000: [ 0, 0, 0, 0, 0 ], [ 0, 369, 12, 90 ]
2165 / 10000: [ 0, 0, 0, 0, 0 ], [ 0, 369, 12, 90 ]
2166 / 10000: [ 0, 1, 0, 0, 0 ], [ 0, 369, 12, 90 ]
2167 / 10000: [ 0, 0, 0, 0, 0 ], [ 0, 369, 12, 90 ]
2168 / 10000: [ 0, 0, 0, 0, 0 ], [ 0, 369, 12, 90 ]
2169 / 10000: [ 0, 3, 0, 0, 0 ], [ 0, 370, 12, 90 ]
2170 / 10000: [ 0, 0, 0, 0, 0 ], [ 0, 370, 12, 90 ]
2171 / 10000: [ 0, 1, 0, 0, 0 ], [ 0, 370, 12, 90 ]
2172 / 10000: [ 0, 1, 0, 0, 0 ], [ 0, 370, 12, 90 ]
2173 / 10000: [ 0, 0, 0, 0, 0 ], [ 0, 370, 12, 90 ]
2174 / 10000: [ 0, 0, 0, 0, 0 ], [ 0, 370, 12, 90 ]
2175 / 10000: [ 0, 0, 0, 0, 0 ], [ 0, 370, 12, 90 ]
2176 / 10000: [ 0, 0, 0, 0, 0 ], [ 0, 370, 12, 90 ]
2177 / 10000: [ 0, 0, 0, 0, 0 ], [ 0, 370, 12, 90 ]
2178 / 10000: [ 0, 1, 0, 0, 0 ], [ 0, 370, 12, 90 ]
2179 / 10000: [ 0, 0, 0, 0, 0 ], [ 0, 370, 12, 90 ]
2180 / 10000: [ 0, 0, 0, 0, 0 ], [ 0, 370, 12, 90 ]
2181 / 10000: [ 0, 0, 0, 0, 0 ], [ 0, 370, 12, 90 ]
2182 / 10000: [ 0, 0, 0, 0, 0 ], [ 0, 370, 12, 90 ]
2183 / 10000: [ 0, 3, 0, 0, 0 ], [ 0, 371, 12, 90 ]
2184 / 10000: [ 0, 0, 0, 0, 0 ], [ 0, 371, 12, 90 ]
2185 / 10000: [ 0, 1, 0, 0, 0 ], [ 0, 371, 12, 90 ]
2186 / 10000: [ 0, 2, 0, 0, 0 ], [ 0, 371, 12, 90 ]
2187 / 10000: [ 0, 0, 0, 0, 0 ], [ 0, 371, 12, 90 ]
2188 / 10000: [ 0, 0, 0, 0, 0 ], [ 0, 371, 12, 90 ]
2189 / 10000: [ 0, 1, 0, 0, 0 ], [ 0, 371, 12, 90 ]
2190 / 10000: [ 0, 1, 0, 0, 0 ], [ 0, 371, 12, 90 ]
2191 / 10000: [ 0, 1, 0, 0, 0 ], [ 0, 371, 12, 90 ]
2192 / 10000: [ 0, 0, 0, 0, 0 ], [ 0, 371, 12, 90 ]
2193 / 10000: [ 0, 1, 0, 0, 0 ], [ 0, 371, 12, 90 ]
2194 / 10000: [ 0, 0, 0, 0, 0 ], [ 0, 371, 12, 90 ]
2195 / 10000: [ 0, 0, 0, 0, 0 ], [ 0, 371, 12, 90 ]
2196 / 10000: [ 0, 0, 0, 0, 0 ], [ 0, 371, 12, 90 ]
2197 / 10000: [ 0, 2, 0, 0, 0 ], [ 0, 371, 12, 90 ]
2198 / 10000: [ 0, 1, 0, 0, 0 ], [ 0, 371, 12, 90 ]
2199 / 10000: [ 0, 2, 0, 0, 0 ], [ 0, 371, 12, 90 ]
2200 / 10000: [ 0, 0, 0, 0, 0 ], [ 0, 371, 12, 90 ]
2201 / 10000: [ 0, 1, 0, 0, 0 ], [ 0, 371, 12, 90 ]
2202 / 10000: [ 0, 2, 0, 0, 0 ], [ 0, 371, 12, 90 ]
2203 / 10000: [ 0, 1, 0, 0, 0 ], [ 0, 371, 12, 90 ]
2204 / 10000: [ 0, 0, 0, 0, 0 ], [ 0, 371, 12, 90 ]
2205 / 10000: [ 0, 0, 0, 0, 0 ], [ 0, 371, 12, 90 ]
2206 / 10000: [ 0, 3, 0, 0, 0 ], [ 0, 372, 12, 90 ]
2207 / 10000: [ 0, 0, 0, 0, 0 ], [ 0, 372, 12, 90 ]
2208 / 10000: [ 0, 2, 0, 0, 0 ], [ 0, 372, 12, 90 ]
2209 / 10000: [ 0, 3, 0, 0, 0 ], [ 0, 373, 12, 90 ]
2210 / 10000: [ 0, 0, 0, 0, 0 ], [ 0, 373, 12, 90 ]
2211 / 10000: [ 0, 3, 0, 0, 0 ], [ 0, 374, 12, 90 ]
2212 / 10000: [ 0, 2, 0, 0, 0 ], [ 0, 374, 12, 90 ]
2213 / 10000: [ 0, 2, 0, 0, 0 ], [ 0, 374, 12, 90 ]
2214 / 10000: [ 0, 2, 0, 0, 0 ], [ 0, 374, 12, 90 ]
2215 / 10000: [ 0, 1, 0, 0, 0 ], [ 0, 374, 12, 90 ]
2216 / 10000: [ 0, 1, 0, 0, 0 ], [ 0, 374, 12, 90 ]
2217 / 10000: [ 0, 1, 0, 0, 0 ], [ 0, 374, 12, 90 ]
2218 / 10000: [ 0, 2, 0, 0, 0 ], [ 0, 374, 12, 90 ]
2219 / 10000: [ 0, 0, 0, 0, 0 ], [ 0, 374, 12, 90 ]
2220 / 10000: [ 0, 3, 0, 0, 0 ], [ 0, 375, 12, 90 ]
2221 / 10000: [ 0, 0, 0, 0, 0 ], [ 0, 375, 12, 90 ]
2222 / 10000: [ 0, 0, 0, 0, 0 ], [ 0, 375, 12, 90 ]
2223 / 10000: [ 0, 1, 0, 0, 0 ], [ 0, 375, 12, 90 ]
2224 / 10000: [ 0, 0, 0, 0, 0 ], [ 0, 375, 12, 90 ]
2225 / 10000: [ 0, 1, 0, 0, 0 ], [ 0, 375, 12, 90 ]
2226 / 10000: [ 0, 2, 0, 0, 0 ], [ 0, 375, 12, 90 ]
2227 / 10000: [ 0, 0, 0, 0, 0 ], [ 0, 375, 12, 90 ]
2228 / 10000: [ 0, 1, 0, 0, 0 ], [ 0, 375, 12, 90 ]
2229 / 10000: [ 0, 1, 0, 0, 0 ], [ 0, 375, 12, 90 ]
2230 / 10000: [ 0, 0, 0, 0, 0 ], [ 0, 375, 12, 90 ]
2231 / 10000: [ 0, 3, 0, 0, 0 ], [ 0, 376, 12, 90 ]
2232 / 10000: [ 0, 1, 0, 0, 0 ], [ 0, 376, 12, 90 ]
2233 / 10000: [ 0, 1, 0, 0, 0 ], [ 0, 376, 12, 90 ]
2234 / 10000: [ 0, 0, 0, 0, 0 ], [ 0, 376, 12, 90 ]
2235 / 10000: [ 0, 1, 0, 0, 0 ], [ 0, 376, 12, 90 ]
2236 / 10000: [ 0, 1, 0, 0, 0 ], [ 0, 376, 12, 90 ]
2237 / 10000: [ 0, 2, 0, 0, 0 ], [ 0, 376, 12, 90 ]
2238 / 10000: [ 0, 0, 0, 0, 0 ], [ 0, 376, 12, 90 ]
2239 / 10000: [ 0, 1, 0, 0, 0 ], [ 0, 376, 12, 90 ]
2240 / 10000: [ 0, 2, 0, 0, 0 ], [ 0, 376, 12, 90 ]
2241 / 10000: [ 0, 3, 0, 0, 0 ], [ 0, 377, 12, 90 ]
2242 / 10000: [ 0, 3, 0, 0, 0 ], [ 0, 378, 12, 90 ]
2243 / 10000: [ 0, 3, 0, 0, 0 ], [ 0, 379, 12, 90 ]
2244 / 10000: [ 0, 0, 0, 0, 0 ], [ 0, 379, 12, 90 ]
2245 / 10000: [ 0, 0, 0, 0, 0 ], [ 0, 379, 12, 90 ]
2246 / 10000: [ 0, 1, 0, 0, 0 ], [ 0, 379, 12, 90 ]
2247 / 10000: [ 0, 0, 0, 0, 0 ], [ 0, 379, 12, 90 ]
2248 / 10000: [ 0, 1, 0, 0, 0 ], [ 0, 379, 12, 90 ]
2249 / 10000: [ 0, 0, 0, 0, 0 ], [ 0, 379, 12, 90 ]
2250 / 10000: [ 0, 2, 0, 0, 0 ], [ 0, 379, 12, 90 ]
2251 / 10000: [ 0, 0, 0, 0, 0 ], [ 0, 379, 12, 90 ]
2252 / 10000: [ 0, 2, 0, 0, 0 ], [ 0, 379, 12, 90 ]
2253 / 10000: [ 0, 0, 0, 0, 0 ], [ 0, 379, 12, 90 ]
2254 / 10000: [ 0, 1, 0, 0, 0 ], [ 0, 379, 12, 90 ]
2255 / 10000: [ 0, 0, 0, 0, 0 ], [ 0, 379, 12, 90 ]
2256 / 10000: [ 0, 1, 0, 0, 0 ], [ 0, 379, 12, 90 ]
2257 / 10000: [ 0, 0, 0, 0, 0 ], [ 0, 379, 12, 90 ]
2258 / 10000: [ 0, 3, 0, 0, 0 ], [ 0, 380, 12, 90 ]
2259 / 10000: [ 0, 0, 0, 0, 0 ], [ 0, 380, 12, 90 ]
2260 / 10000: [ 0, 2, 0, 0, 0 ], [ 0, 380, 12, 90 ]
2261 / 10000: [ 0, 0, 0, 0, 0 ], [ 0, 380, 12, 90 ]
2262 / 10000: [ 0, 2, 0, 0, 0 ], [ 0, 380, 12, 90 ]
2263 / 10000: [ 0, 3, 0, 0, 0 ], [ 0, 381, 12, 90 ]
2264 / 10000: [ 0, 1, 0, 0, 0 ], [ 0, 381, 12, 90 ]
2265 / 10000: [ 0, 2, 0, 0, 0 ], [ 0, 381, 12, 90 ]
2266 / 10000: [ 0, 3, 0, 0, 0 ], [ 0, 382, 12, 90 ]
2267 / 10000: [ 0, 0, 0, 0, 0 ], [ 0, 382, 12, 90 ]
2268 / 10000: [ 0, 1, 0, 0, 0 ], [ 0, 382, 12, 90 ]
2269 / 10000: [ 0, 2, 0, 0, 0 ], [ 0, 382, 12, 90 ]
2270 / 10000: [ 0, 1, 0, 0, 0 ], [ 0, 382, 12, 90 ]
2271 / 10000: [ 0, 3, 0, 0, 0 ], [ 0, 383, 12, 90 ]
2272 / 10000: [ 0, 2, 0, 0, 0 ], [ 0, 383, 12, 90 ]
2273 / 10000: [ 0, 3, 0, 0, 0 ], [ 0, 384, 12, 90 ]
2274 / 10000: [ 0, 1, 0, 0, 0 ], [ 0, 384, 12, 90 ]
2275 / 10000: [ 0, 1, 0, 0, 0 ], [ 0, 384, 12, 90 ]
2276 / 10000: [ 0, 0, 0, 0, 0 ], [ 0, 384, 12, 90 ]
2277 / 10000: [ 0, 3, 0, 0, 0 ], [ 0, 385, 12, 90 ]
2278 / 10000: [ 0, 1, 0, 0, 0 ], [ 0, 385, 12, 90 ]
2279 / 10000: [ 0, 0, 0, 0, 0 ], [ 0, 385, 12, 90 ]
2280 / 10000: [ 0, 2, 0, 0, 0 ], [ 0, 385, 12, 90 ]
2281 / 10000: [ 0, 0, 0, 0, 0 ], [ 0, 385, 12, 90 ]
2282 / 10000: [ 0, 2, 0, 0, 0 ], [ 0, 385, 12, 90 ]
2283 / 10000: [ 0, 2, 0, 1, 0 ], [ 0, 385, 12, 91 ]
2284 / 10000: [ 0, 0, 0, 0, 0 ], [ 0, 385, 12, 91 ]
2285 / 10000: [ 0, 1, 0, 2, 0 ], [ 0, 385, 12, 92 ]
2286 / 10000: [ 0, 3, 0, 0, 0 ], [ 0, 386, 12, 92 ]
2287 / 10000: [ 0, 0, 0, 0, 0 ], [ 0, 386, 12, 92 ]
2288 / 10000: [ 0, 0, 0, 1, 0 ], [ 0, 386, 12, 92 ]
2289 / 10000: [ 0, 0, 0, 2, 0 ], [ 0, 386, 12, 92 ]
2290 / 10000: [ 0, 1, 0, 1, 0 ], [ 0, 386, 12, 92 ]
2291 / 10000: [ 0, 0, 0, 3, 0 ], [ 0, 386, 12, 93 ]
2292 / 10000: [ 0, 1, 0, 1, 0 ], [ 0, 386, 12, 93 ]
2293 / 10000: [ 0, 2, 0, 1, 0 ], [ 0, 386, 12, 94 ]
2294 / 10000: [ 0, 1, 0, 0, 0 ], [ 0, 386, 12, 94 ]
2295 / 10000: [ 0, 0, 0, 1, 0 ], [ 0, 386, 12, 94 ]
2296 / 10000: [ 0, 0, 0, 0, 0 ], [ 0, 386, 12, 94 ]
2297 / 10000: [ 0, 1, 0, 2, 0 ], [ 0, 386, 12, 95 ]
2298 / 10000: [ 0, 2, 1, 0, 0 ], [ 0, 386, 13, 95 ]
2299 / 10000: [ 0, 0, 0, 0, 0 ], [ 0, 386, 13, 95 ]
2300 / 10000: [ 0, 0, 0, 3, 0 ], [ 0, 386, 13, 96 ]
2301 / 10000: [ 0, 0, 0, 0, 0 ], [ 0, 386, 13, 96 ]
2302 / 10000: [ 0, 0, 0, 2, 0 ], [ 0, 386, 13, 96 ]
2303 / 10000: [ 0, 1, 0, 2, 0 ], [ 0, 386, 13, 97 ]
2304 / 10000: [ 0, 0, 0, 0, 0 ], [ 0, 386, 13, 97 ]
2305 / 10000: [ 0, 3, 0, 0, 0 ], [ 0, 387, 13, 97 ]
2306 / 10000: [ 0, 3, 0, 0, 0 ], [ 0, 388, 13, 97 ]
2307 / 10000: [ 0, 0, 0, 0, 0 ], [ 0, 388, 13, 97 ]
2308 / 10000: [ 0, 1, 0, 0, 0 ], [ 0, 388, 13, 97 ]
2309 / 10000: [ 0, 2, 0, 0, 0 ], [ 0, 388, 13, 97 ]
2310 / 10000: [ 0, 1, 0, 1, 0 ], [ 0, 388, 13, 97 ]
2311 / 10000: [ 0, 3, 0, 0, 0 ], [ 0, 389, 13, 97 ]
2312 / 10000: [ 0, 1, 0, 1, 0 ], [ 0, 389, 13, 97 ]
2313 / 10000: [ 0, 3, 0, 0, 0 ], [ 0, 390, 13, 97 ]
2314 / 10000: [ 0, 1, 0, 0, 0 ], [ 0, 390, 13, 97 ]
2315 / 10000: [ 0, 1, 0, 0, 0 ], [ 0, 390, 13, 97 ]
2316 / 10000: [ 0, 0, 0, 0, 0 ], [ 0, 390, 13, 97 ]
2317 / 10000: [ 0, 3, 0, 0, 0 ], [ 0, 391, 13, 97 ]
2318 / 10000: [ 0, 0, 0, 2, 1 ], [ 0, 391, 13, 98 ]
2319 / 10000: [ 0, 0, 0, 0, 0 ], [ 0, 391, 13, 98 ]
2320 / 10000: [ 0, 3, 0, 0, 0 ], [ 0, 392, 13, 98 ]
2321 / 10000: [ 0, 1, 0, 0, 0 ], [ 0, 392, 13, 98 ]
2322 / 10000: [ 0, 1, 0, 0, 0 ], [ 0, 392, 13, 98 ]
2323 / 10000: [ 0, 3, 0, 0, 0 ], [ 0, 393, 13, 98 ]
2324 / 10000: [ 0, 0, 0, 0, 0 ], [ 0, 393, 13, 98 ]
2325 / 10000: [ 0, 1, 0, 0, 0 ], [ 0, 393, 13, 98 ]
2326 / 10000: [ 0, 3, 0, 0, 0 ], [ 0, 394, 13, 98 ]
2327 / 10000: [ 0, 0, 0, 0, 0 ], [ 0, 394, 13, 98 ]
2328 / 10000: [ 0, 2, 0, 0, 0 ], [ 0, 394, 13, 98 ]
2329 / 10000: [ 0, 3, 0, 0, 0 ], [ 0, 395, 13, 98 ]
2330 / 10000: [ 0, 1, 0, 0, 0 ], [ 0, 395, 13, 98 ]
2331 / 10000: [ 0, 3, 0, 0, 0 ], [ 0, 396, 13, 98 ]
2332 / 10000: [ 0, 1, 0, 0, 0 ], [ 0, 396, 13, 98 ]
2333 / 10000: [ 0, 3, 0, 0, 0 ], [ 0, 397, 13, 98 ]
2334 / 10000: [ 0, 3, 0, 0, 0 ], [ 0, 398, 13, 98 ]
2335 / 10000: [ 0, 1, 0, 0, 0 ], [ 0, 398, 13, 98 ]
2336 / 10000: [ 0, 1, 0, 0, 0 ], [ 0, 398, 13, 98 ]
2337 / 10000: [ 0, 2, 0, 0, 0 ], [ 0, 398, 13, 98 ]
2338 / 10000: [ 0, 2, 0, 0, 0 ], [ 0, 398, 13, 98 ]
2339 / 10000: [ 0, 0, 0, 0, 0 ], [ 0, 398, 13, 98 ]
2340 / 10000: [ 0, 2, 0, 0, 0 ], [ 0, 398, 13, 98 ]
2341 / 10000: [ 0, 3, 0, 0, 0 ], [ 0, 399, 13, 98 ]
2342 / 10000: [ 0, 2, 0, 0, 0 ], [ 0, 399, 13, 98 ]
2343 / 10000: [ 0, 3, 0, 0, 0 ], [ 0, 400, 13, 98 ]
2344 / 10000: [ 0, 0, 1, 0, 0 ], [ 0, 400, 13, 98 ]
2345 / 10000: [ 0, 2, 0, 0, 0 ], [ 0, 400, 13, 98 ]
2346 / 10000: [ 0, 3, 0, 0, 0 ], [ 0, 401, 13, 98 ]
2347 / 10000: [ 0, 0, 0, 0, 0 ], [ 0, 401, 13, 98 ]
2348 / 10000: [ 0, 1, 0, 0, 0 ], [ 0, 401, 13, 98 ]
2349 / 10000: [ 0, 0, 0, 0, 0 ], [ 0, 401, 13, 98 ]
2350 / 10000: [ 0, 3, 0, 0, 0 ], [ 0, 402, 13, 98 ]
2351 / 10000: [ 0, 2, 0, 0, 0 ], [ 0, 402, 13, 98 ]
2352 / 10000: [ 0, 0, 0, 0, 0 ], [ 0, 402, 13, 98 ]
2353 / 10000: [ 0, 1, 0, 0, 0 ], [ 0, 402, 13, 98 ]
2354 / 10000: [ 0, 0, 0, 0, 0 ], [ 0, 402, 13, 98 ]
2355 / 10000: [ 0, 0, 0, 0, 0 ], [ 0, 402, 13, 98 ]
2356 / 10000: [ 0, 0, 0, 0, 0 ], [ 0, 402, 13, 98 ]
2357 / 10000: [ 0, 3, 0, 0, 0 ], [ 0, 403, 13, 98 ]
2358 / 10000: [ 0, 2, 0, 0, 0 ], [ 0, 403, 13, 98 ]
2359 / 10000: [ 0, 0, 0, 0, 0 ], [ 0, 403, 13, 98 ]
2360 / 10000: [ 0, 2, 0, 0, 0 ], [ 0, 403, 13, 98 ]
2361 / 10000: [ 0, 1, 0, 2, 0 ], [ 0, 403, 13, 99 ]
2362 / 10000: [ 0, 2, 0, 1, 0 ], [ 0, 403, 13, 100 ]
2363 / 10000: [ 0, 3, 0, 0, 0 ], [ 0, 404, 13, 100 ]
2364 / 10000: [ 0, 0, 0, 0, 0 ], [ 0, 404, 13, 100 ]
2365 / 10000: [ 0, 1, 0, 1, 0 ], [ 0, 404, 13, 100 ]
2366 / 10000: [ 0, 3, 0, 0, 0 ], [ 0, 405, 13, 100 ]
2367 / 10000: [ 0, 0, 0, 0, 0 ], [ 0, 405, 13, 100 ]
2368 / 10000: [ 0, 1, 0, 0, 0 ], [ 0, 405, 13, 100 ]
2369 / 10000: [ 0, 2, 0, 1, 0 ], [ 0, 405, 13, 101 ]
2370 / 10000: [ 0, 1, 0, 2, 0 ], [ 0, 405, 13, 102 ]
2371 / 10000: [ 0, 1, 0, 1, 0 ], [ 0, 405, 13, 102 ]
2372 / 10000: [ 0, 0, 0, 0, 0 ], [ 0, 405, 13, 102 ]
2373 / 10000: [ 0, 3, 0, 0, 0 ], [ 0, 406, 13, 102 ]
2374 / 10000: [ 0, 2, 0, 0, 0 ], [ 0, 406, 13, 102 ]
2375 / 10000: [ 0, 0, 0, 1, 0 ], [ 0, 406, 13, 102 ]
2376 / 10000: [ 0, 1, 0, 0, 0 ], [ 0, 406, 13, 102 ]
2377 / 10000: [ 0, 2, 0, 1, 0 ], [ 0, 406, 13, 103 ]
2378 / 10000: [ 0, 2, 1, 0, 0 ], [ 0, 406, 14, 103 ]
2379 / 10000: [ 0, 0, 0, 0, 0 ], [ 0, 406, 14, 103 ]
2380 / 10000: [ 0, 0, 0, 2, 0 ], [ 0, 406, 14, 103 ]
2381 / 10000: [ 0, 3, 0, 0, 0 ], [ 0, 407, 14, 103 ]
2382 / 10000: [ 0, 2, 0, 1, 0 ], [ 0, 407, 14, 104 ]
2383 / 10000: [ 0, 3, 0, 0, 0 ], [ 0, 408, 14, 104 ]
2384 / 10000: [ 0, 0, 0, 0, 0 ], [ 0, 408, 14, 104 ]
2385 / 10000: [ 0, 2, 0, 0, 0 ], [ 0, 408, 14, 104 ]
2386 / 10000: [ 0, 2, 1, 0, 0 ], [ 0, 408, 15, 104 ]
2387 / 10000: [ 0, 0, 0, 0, 0 ], [ 0, 408, 15, 104 ]
2388 / 10000: [ 0, 0, 0, 1, 0 ], [ 0, 408, 15, 104 ]
2389 / 10000: [ 0, 1, 0, 2, 0 ], [ 0, 408, 15, 105 ]
2390 / 10000: [ 0, 3, 0, 0, 0 ], [ 0, 409, 15, 105 ]
2391 / 10000: [ 0, 1, 0, 1, 0 ], [ 0, 409, 15, 105 ]
2392 / 10000: [ 0, 0, 0, 0, 0 ], [ 0, 409, 15, 105 ]
2393 / 10000: [ 0, 2, 1, 0, 0 ], [ 0, 409, 16, 105 ]
2394 / 10000: [ 0, 0, 0, 2, 0 ], [ 0, 409, 16, 105 ]
2395 / 10000: [ 0, 1, 0, 0, 0 ], [ 0, 409, 16, 105 ]
2396 / 10000: [ 0, 0, 0, 1, 0 ], [ 0, 409, 16, 105 ]
2397 / 10000: [ 0, 3, 0, 0, 0 ], [ 0, 410, 16, 105 ]
2398 / 10000: [ 0, 2, 0, 1, 0 ], [ 0, 410, 16, 106 ]
2399 / 10000: [ 0, 0, 0, 0, 0 ], [ 0, 410, 16, 106 ]
2400 / 10000: [ 0, 2, 0, 0, 0 ], [ 0, 410, 16, 106 ]
2401 / 10000: [ 0, 1, 0, 0, 0 ], [ 0, 410, 16, 106 ]
2402 / 10000: [ 0, 1, 1, 0, 0 ], [ 0, 410, 16, 106 ]
2403 / 10000: [ 0, 3, 0, 0, 0 ], [ 0, 411, 16, 106 ]
2404 / 10000: [ 0, 1, 0, 0, 0 ], [ 0, 411, 16, 106 ]
2405 / 10000: [ 0, 2, 0, 0, 0 ], [ 0, 411, 16, 106 ]
2406 / 10000: [ 0, 3, 0, 0, 0 ], [ 0, 412, 16, 106 ]
2407 / 10000: [ 0, 0, 0, 0, 0 ], [ 0, 412, 16, 106 ]
2408 / 10000: [ 0, 2, 0, 0, 0 ], [ 0, 412, 16, 106 ]
2409 / 10000: [ 0, 3, 0, 0, 0 ], [ 0, 413, 16, 106 ]
2410 / 10000: [ 0, 2, 0, 0, 0 ], [ 0, 413, 16, 106 ]
2411 / 10000: [ 0, 3, 0, 0, 0 ], [ 0, 414, 16, 106 ]
2412 / 10000: [ 0, 1, 0, 0, 0 ], [ 0, 414, 16, 106 ]
2413 / 10000: [ 0, 3, 0, 0, 0 ], [ 0, 415, 16, 106 ]
2414 / 10000: [ 0, 2, 0, 0, 0 ], [ 0, 415, 16, 106 ]
2415 / 10000: [ 0, 3, 0, 0, 0 ], [ 0, 416, 16, 106 ]
2416 / 10000: [ 0, 3, 0, 0, 0 ], [ 0, 417, 16, 106 ]
2417 / 10000: [ 0, 3, 0, 0, 0 ], [ 0, 418, 16, 106 ]
2418 / 10000: [ 0, 2, 0, 0, 0 ], [ 0, 418, 16, 106 ]
2419 / 10000: [ 0, 0, 0, 0, 0 ], [ 0, 418, 16, 106 ]
2420 / 10000: [ 0, 2, 0, 0, 0 ], [ 0, 418, 16, 106 ]
2421 / 10000: [ 0, 0, 0, 0, 0 ], [ 0, 418, 16, 106 ]
2422 / 10000: [ 0, 0, 0, 0, 0 ], [ 0, 418, 16, 106 ]
2423 / 10000: [ 0, 2, 0, 0, 0 ], [ 0, 418, 16, 106 ]
2424 / 10000: [ 0, 0, 0, 0, 0 ], [ 0, 418, 16, 106 ]
2425 / 10000: [ 0, 1, 0, 1, 0 ], [ 0, 418, 16, 106 ]
2426 / 10000: [ 0, 2, 0, 1, 0 ], [ 0, 418, 16, 107 ]
2427 / 10000: [ 0, 0, 0, 0, 0 ], [ 0, 418, 16, 107 ]
2428 / 10000: [ 0, 0, 0, 0, 0 ], [ 0, 418, 16, 107 ]
2429 / 10000: [ 0, 0, 0, 1, 0 ], [ 0, 418, 16, 107 ]
2430 / 10000: [ 0, 3, 0, 0, 0 ], [ 0, 419, 16, 107 ]
2431 / 10000: [ 0, 0, 0, 1, 0 ], [ 0, 419, 16, 107 ]
2432 / 10000: [ 0, 0, 0, 0, 0 ], [ 0, 419, 16, 107 ]
2433 / 10000: [ 0, 1, 0, 1, 0 ], [ 0, 419, 16, 107 ]
2434 / 10000: [ 0, 0, 0, 1, 0 ], [ 0, 419, 16, 107 ]
2435 / 10000: [ 0, 0, 0, 1, 0 ], [ 0, 419, 16, 107 ]
2436 / 10000: [ 0, 0, 0, 0, 0 ], [ 0, 419, 16, 107 ]
2437 / 10000: [ 0, 3, 0, 0, 0 ], [ 0, 420, 16, 107 ]
2438 / 10000: [ 0, 0, 0, 1, 0 ], [ 0, 420, 16, 107 ]
2439 / 10000: [ 0, 0, 0, 1, 0 ], [ 0, 420, 16, 107 ]
2440 / 10000: [ 0, 0, 0, 0, 0 ], [ 0, 420, 16, 107 ]
2441 / 10000: [ 0, 0, 0, 1, 0 ], [ 0, 420, 16, 107 ]
2442 / 10000: [ 0, 0, 0, 0, 1 ], [ 0, 420, 16, 107 ]
2443 / 10000: [ 0, 0, 0, 0, 0 ], [ 0, 420, 16, 107 ]
2444 / 10000: [ 0, 0, 0, 0, 0 ], [ 0, 420, 16, 107 ]
2445 / 10000: [ 0, 0, 0, 0, 0 ], [ 0, 420, 16, 107 ]
2446 / 10000: [ 0, 0, 0, 3, 0 ], [ 0, 420, 16, 108 ]
2447 / 10000: [ 0, 0, 0, 0, 1 ], [ 0, 420, 16, 108 ]
2448 / 10000: [ 0, 0, 0, 2, 0 ], [ 0, 420, 16, 108 ]
2449 / 10000: [ 0, 0, 0, 3, 0 ], [ 0, 420, 16, 109 ]
2450 / 10000: [ 0, 0, 0, 0, 0 ], [ 0, 420, 16, 109 ]
2451 / 10000: [ 0, 0, 0, 3, 0 ], [ 0, 420, 16, 110 ]
2452 / 10000: [ 0, 0, 0, 3, 0 ], [ 0, 420, 16, 111 ]
2453 / 10000: [ 0, 0, 0, 0, 0 ], [ 0, 420, 16, 111 ]
2454 / 10000: [ 0, 0, 0, 0, 0 ], [ 0, 420, 16, 111 ]
2455 / 10000: [ 0, 0, 0, 2, 0 ], [ 0, 420, 16, 111 ]
2456 / 10000: [ 0, 0, 0, 0, 0 ], [ 0, 420, 16, 111 ]
2457 / 10000: [ 0, 0, 0, 1, 0 ], [ 0, 420, 16, 111 ]
2458 / 10000: [ 0, 0, 0, 0, 0 ], [ 0, 420, 16, 111 ]
2459 / 10000: [ 0, 0, 0, 0, 0 ], [ 0, 420, 16, 111 ]
2460 / 10000: [ 0, 0, 0, 2, 0 ], [ 0, 420, 16, 111 ]
2461 / 10000: [ 0, 0, 0, 1, 0 ], [ 0, 420, 16, 111 ]
2462 / 10000: [ 0, 0, 0, 0, 1 ], [ 0, 420, 16, 111 ]
2463 / 10000: [ 0, 0, 0, 0, 0 ], [ 0, 420, 16, 111 ]
2464 / 10000: [ 0, 0, 0, 0, 0 ], [ 0, 420, 16, 111 ]
2465 / 10000: [ 0, 0, 0, 0, 0 ], [ 0, 420, 16, 111 ]
2466 / 10000: [ 0, 0, 0, 3, 0 ], [ 0, 420, 16, 112 ]
2467 / 10000: [ 0, 0, 0, 0, 1 ], [ 0, 420, 16, 112 ]
2468 / 10000: [ 0, 1, 0, 1, 0 ], [ 0, 420, 16, 112 ]
2469 / 10000: [ 0, 1, 0, 2, 0 ], [ 0, 420, 16, 113 ]
2470 / 10000: [ 0, 0, 0, 0, 0 ], [ 0, 420, 16, 113 ]
2471 / 10000: [ 0, 0, 0, 3, 0 ], [ 0, 420, 16, 114 ]
2472 / 10000: [ 0, 2, 0, 1, 0 ], [ 0, 420, 16, 115 ]
2473 / 10000: [ 0, 0, 0, 0, 0 ], [ 0, 420, 16, 115 ]
2474 / 10000: [ 0, 0, 0, 0, 0 ], [ 0, 420, 16, 115 ]
2475 / 10000: [ 0, 1, 0, 1, 0 ], [ 0, 420, 16, 115 ]
2476 / 10000: [ 0, 0, 0, 0, 0 ], [ 0, 420, 16, 115 ]
2477 / 10000: [ 0, 0, 0, 1, 0 ], [ 0, 420, 16, 115 ]
2478 / 10000: [ 0, 0, 0, 0, 0 ], [ 0, 420, 16, 115 ]
2479 / 10000: [ 0, 0, 0, 0, 0 ], [ 0, 420, 16, 115 ]
2480 / 10000: [ 0, 1, 0, 1, 0 ], [ 0, 420, 16, 115 ]
2481 / 10000: [ 0, 1, 0, 0, 0 ], [ 0, 420, 16, 115 ]
2482 / 10000: [ 0, 0, 1, 0, 0 ], [ 0, 420, 16, 115 ]
2483 / 10000: [ 0, 0, 0, 0, 0 ], [ 0, 420, 16, 115 ]
2484 / 10000: [ 0, 0, 0, 0, 0 ], [ 0, 420, 16, 115 ]
2485 / 10000: [ 0, 0, 0, 0, 0 ], [ 0, 420, 16, 115 ]
2486 / 10000: [ 0, 3, 0, 0, 0 ], [ 0, 421, 16, 115 ]
2487 / 10000: [ 0, 0, 1, 0, 0 ], [ 0, 421, 16, 115 ]
2488 / 10000: [ 0, 2, 0, 0, 0 ], [ 0, 421, 16, 115 ]
2489 / 10000: [ 0, 2, 0, 1, 0 ], [ 0, 421, 16, 116 ]
2490 / 10000: [ 0, 0, 0, 0, 0 ], [ 0, 421, 16, 116 ]
2491 / 10000: [ 0, 3, 0, 0, 0 ], [ 0, 422, 16, 116 ]
2492 / 10000: [ 0, 2, 0, 1, 0 ], [ 0, 422, 16, 117 ]
2493 / 10000: [ 0, 0, 0, 0, 0 ], [ 0, 422, 16, 117 ]
2494 / 10000: [ 0, 0, 0, 0, 0 ], [ 0, 422, 16, 117 ]
2495 / 10000: [ 0, 1, 0, 1, 0 ], [ 0, 422, 16, 117 ]
2496 / 10000: [ 0, 0, 0, 0, 0 ], [ 0, 422, 16, 117 ]
2497 / 10000: [ 0, 1, 0, 0, 0 ], [ 0, 422, 16, 117 ]
2498 / 10000: [ 0, 0, 0, 0, 0 ], [ 0, 422, 16, 117 ]
2499 / 10000: [ 0, 0, 0, 0, 0 ], [ 0, 422, 16, 117 ]
2500 / 10000: [ 0, 2, 0, 0, 0 ], [ 0, 422, 16, 117 ]
2501 / 10000: [ 0, 3, 0, 0, 0 ], [ 0, 423, 16, 117 ]
2502 / 10000: [ 0, 2, 0, 1, 0 ], [ 0, 423, 16, 118 ]
2503 / 10000: [ 0, 3, 0, 0, 0 ], [ 0, 424, 16, 118 ]
2504 / 10000: [ 0, 0, 0, 0, 0 ], [ 0, 424, 16, 118 ]
2505 / 10000: [ 0, 1, 0, 0, 0 ], [ 0, 424, 16, 118 ]
2506 / 10000: [ 0, 0, 0, 0, 0 ], [ 0, 424, 16, 118 ]
2507 / 10000: [ 0, 2, 0, 0, 0 ], [ 0, 424, 16, 118 ]
2508 / 10000: [ 0, 2, 0, 1, 0 ], [ 0, 424, 16, 119 ]
2509 / 10000: [ 0, 0, 0, 1, 0 ], [ 0, 424, 16, 119 ]
2510 / 10000: [ 0, 3, 0, 0, 0 ], [ 0, 425, 16, 119 ]
2511 / 10000: [ 0, 0, 0, 1, 0 ], [ 0, 425, 16, 119 ]
2512 / 10000: [ 0, 0, 0, 2, 0 ], [ 0, 425, 16, 119 ]
2513 / 10000: [ 0, 1, 0, 0, 0 ], [ 0, 425, 16, 119 ]
2514 / 10000: [ 0, 0, 0, 0, 0 ], [ 0, 425, 16, 119 ]
2515 / 10000: [ 0, 0, 0, 2, 0 ], [ 0, 425, 16, 119 ]
2516 / 10000: [ 0, 0, 0, 1, 0 ], [ 0, 425, 16, 119 ]
2517 / 10000: [ 0, 0, 0, 0, 0 ], [ 0, 425, 16, 119 ]
2518 / 10000: [ 0, 2, 0, 1, 0 ], [ 0, 425, 16, 120 ]
2519 / 10000: [ 0, 0, 0, 1, 0 ], [ 0, 425, 16, 120 ]
2520 / 10000: [ 0, 2, 0, 1, 0 ], [ 0, 425, 16, 121 ]
2521 / 10000: [ 0, 0, 0, 3, 0 ], [ 0, 425, 16, 122 ]
2522 / 10000: [ 0, 2, 0, 1, 0 ], [ 0, 425, 16, 123 ]
2523 / 10000: [ 0, 2, 0, 1, 0 ], [ 0, 425, 16, 124 ]
2524 / 10000: [ 0, 0, 0, 0, 0 ], [ 0, 425, 16, 124 ]
2525 / 10000: [ 0, 0, 0, 1, 0 ], [ 0, 425, 16, 124 ]
2526 / 10000: [ 0, 0, 0, 0, 0 ], [ 0, 425, 16, 124 ]
2527 / 10000: [ 0, 0, 0, 2, 0 ], [ 0, 425, 16, 124 ]
2528 / 10000: [ 0, 2, 0, 1, 0 ], [ 0, 425, 16, 125 ]
2529 / 10000: [ 0, 1, 0, 0, 0 ], [ 0, 425, 16, 125 ]
2530 / 10000: [ 0, 0, 0, 3, 0 ], [ 0, 425, 16, 126 ]
2531 / 10000: [ 0, 1, 0, 0, 0 ], [ 0, 425, 16, 126 ]
2532 / 10000: [ 0, 2, 0, 0, 0 ], [ 0, 425, 16, 126 ]
2533 / 10000: [ 0, 0, 0, 1, 0 ], [ 0, 425, 16, 126 ]
2534 / 10000: [ 0, 0, 0, 0, 0 ], [ 0, 425, 16, 126 ]
2535 / 10000: [ 0, 2, 0, 0, 0 ], [ 0, 425, 16, 126 ]
2536 / 10000: [ 0, 1, 0, 0, 0 ], [ 0, 425, 16, 126 ]
2537 / 10000: [ 0, 0, 0, 0, 0 ], [ 0, 425, 16, 126 ]
2538 / 10000: [ 0, 1, 0, 2, 0 ], [ 0, 425, 16, 127 ]
2539 / 10000: [ 0, 1, 0, 0, 0 ], [ 0, 425, 16, 127 ]
2540 / 10000: [ 0, 3, 0, 0, 0 ], [ 0, 426, 16, 127 ]
2541 / 10000: [ 0, 2, 0, 0, 0 ], [ 0, 426, 16, 127 ]
2542 / 10000: [ 0, 1, 0, 0, 0 ], [ 0, 426, 16, 127 ]
2543 / 10000: [ 0, 3, 0, 0, 0 ], [ 0, 427, 16, 127 ]
2544 / 10000: [ 0, 1, 0, 0, 0 ], [ 0, 427, 16, 127 ]
2545 / 10000: [ 0, 2, 0, 0, 0 ], [ 0, 427, 16, 127 ]
2546 / 10000: [ 0, 3, 0, 0, 0 ], [ 0, 428, 16, 127 ]
2547 / 10000: [ 0, 0, 0, 0, 0 ], [ 0, 428, 16, 127 ]
2548 / 10000: [ 0, 0, 0, 0, 0 ], [ 0, 428, 16, 127 ]
2549 / 10000: [ 0, 1, 0, 0, 0 ], [ 0, 428, 16, 127 ]
2550 / 10000: [ 0, 3, 0, 0, 0 ], [ 0, 429, 16, 127 ]
2551 / 10000: [ 0, 1, 0, 0, 0 ], [ 0, 429, 16, 127 ]
2552 / 10000: [ 0, 0, 0, 0, 0 ], [ 0, 429, 16, 127 ]
2553 / 10000: [ 0, 1, 0, 0, 0 ], [ 0, 429, 16, 127 ]
2554 / 10000: [ 0, 0, 0, 0, 0 ], [ 0, 429, 16, 127 ]
2555 / 10000: [ 0, 0, 0, 0, 0 ], [ 0, 429, 16, 127 ]
2556 / 10000: [ 0, 1, 0, 0, 0 ], [ 0, 429, 16, 127 ]
2557 / 10000: [ 0, 2, 0, 0, 0 ], [ 0, 429, 16, 127 ]
2558 / 10000: [ 0, 2, 0, 0, 0 ], [ 0, 429, 16, 127 ]
2559 / 10000: [ 0, 0, 0, 0, 0 ], [ 0, 429, 16, 127 ]
2560 / 10000: [ 0, 2, 0, 0, 0 ], [ 0, 429, 16, 127 ]
2561 / 10000: [ 0, 1, 0, 0, 0 ], [ 0, 429, 16, 127 ]
2562 / 10000: [ 0, 1, 0, 0, 0 ], [ 0, 429, 16, 127 ]
2563 / 10000: [ 0, 2, 1, 0, 0 ], [ 0, 429, 17, 127 ]
2564 / 10000: [ 0, 0, 0, 0, 0 ], [ 0, 429, 17, 127 ]
2565 / 10000: [ 0, 1, 0, 0, 0 ], [ 0, 429, 17, 127 ]
2566 / 10000: [ 0, 3, 0, 0, 0 ], [ 0, 430, 17, 127 ]
2567 / 10000: [ 0, 0, 0, 0, 0 ], [ 0, 430, 17, 127 ]
2568 / 10000: [ 0, 1, 0, 0, 0 ], [ 0, 430, 17, 127 ]
2569 / 10000: [ 0, 2, 0, 0, 0 ], [ 0, 430, 17, 127 ]
2570 / 10000: [ 0, 1, 1, 0, 0 ], [ 0, 430, 17, 127 ]
2571 / 10000: [ 0, 1, 0, 0, 0 ], [ 0, 430, 17, 127 ]
2572 / 10000: [ 0, 0, 0, 0, 0 ], [ 0, 430, 17, 127 ]
2573 / 10000: [ 0, 3, 0, 0, 0 ], [ 0, 431, 17, 127 ]
2574 / 10000: [ 0, 2, 0, 0, 0 ], [ 0, 431, 17, 127 ]
2575 / 10000: [ 0, 0, 0, 0, 0 ], [ 0, 431, 17, 127 ]
2576 / 10000: [ 0, 1, 0, 0, 0 ], [ 0, 431, 17, 127 ]
2577 / 10000: [ 0, 2, 0, 0, 0 ], [ 0, 431, 17, 127 ]
2578 / 10000: [ 0, 2, 0, 0, 0 ], [ 0, 431, 17, 127 ]
2579 / 10000: [ 0, 0, 0, 0, 0 ], [ 0, 431, 17, 127 ]
2580 / 10000: [ 0, 0, 0, 0, 0 ], [ 0, 431, 17, 127 ]
2581 / 10000: [ 0, 2, 0, 0, 0 ], [ 0, 431, 17, 127 ]
2582 / 10000: [ 0, 1, 0, 0, 0 ], [ 0, 431, 17, 127 ]
2583 / 10000: [ 0, 3, 0, 0, 0 ], [ 0, 432, 17, 127 ]
2584 / 10000: [ 0, 0, 0, 0, 0 ], [ 0, 432, 17, 127 ]
2585 / 10000: [ 0, 2, 0, 0, 0 ], [ 0, 432, 17, 127 ]
2586 / 10000: [ 0, 1, 0, 0, 0 ], [ 0, 432, 17, 127 ]
2587 / 10000: [ 0, 0, 0, 0, 0 ], [ 0, 432, 17, 127 ]
2588 / 10000: [ 0, 0, 0, 0, 0 ], [ 0, 432, 17, 127 ]
2589 / 10000: [ 0, 0, 0, 0, 0 ], [ 0, 432, 17, 127 ]
2590 / 10000: [ 0, 3, 0, 0, 0 ], [ 0, 433, 17, 127 ]
2591 / 10000: [ 0, 0, 0, 0, 0 ], [ 0, 433, 17, 127 ]
2592 / 10000: [ 0, 1, 0, 0, 0 ], [ 0, 433, 17, 127 ]
2593 / 10000: [ 0, 3, 0, 0, 0 ], [ 0, 434, 17, 127 ]
2594 / 10000: [ 0, 1, 0, 0, 0 ], [ 0, 434, 17, 127 ]
2595 / 10000: [ 0, 0, 0, 0, 0 ], [ 0, 434, 17, 127 ]
2596 / 10000: [ 0, 0, 0, 0, 0 ], [ 0, 434, 17, 127 ]
2597 / 10000: [ 0, 1, 1, 0, 0 ], [ 0, 434, 17, 127 ]
2598 / 10000: [ 0, 2, 0, 0, 0 ], [ 0, 434, 17, 127 ]
2599 / 10000: [ 0, 3, 0, 0, 0 ], [ 0, 435, 17, 127 ]
2600 / 10000: [ 0, 2, 0, 0, 0 ], [ 0, 435, 17, 127 ]
2601 / 10000: [ 0, 2, 0, 0, 0 ], [ 0, 435, 17, 127 ]
2602 / 10000: [ 0, 1, 0, 0, 0 ], [ 0, 435, 17, 127 ]
2603 / 10000: [ 0, 3, 0, 0, 0 ], [ 0, 436, 17, 127 ]
2604 / 10000: [ 0, 0, 0, 0, 0 ], [ 0, 436, 17, 127 ]
2605 / 10000: [ 0, 0, 0, 0, 0 ], [ 0, 436, 17, 127 ]
2606 / 10000: [ 0, 1, 0, 0, 0 ], [ 0, 436, 17, 127 ]
2607 / 10000: [ 0, 0, 0, 0, 0 ], [ 0, 436, 17, 127 ]
2608 / 10000: [ 0, 0, 0, 0, 0 ], [ 0, 436, 17, 127 ]
2609 / 10000: [ 0, 1, 0, 0, 0 ], [ 0, 436, 17, 127 ]
2610 / 10000: [ 0, 3, 0, 0, 0 ], [ 0, 437, 17, 127 ]
2611 / 10000: [ 0, 1, 0, 0, 0 ], [ 0, 437, 17, 127 ]
2612 / 10000: [ 0, 1, 0, 0, 0 ], [ 0, 437, 17, 127 ]
2613 / 10000: [ 0, 0, 0, 0, 0 ], [ 0, 437, 17, 127 ]
2614 / 10000: [ 0, 0, 0, 0, 0 ], [ 0, 437, 17, 127 ]
2615 / 10000: [ 0, 0, 0, 0, 0 ], [ 0, 437, 17, 127 ]
2616 / 10000: [ 0, 0, 0, 0, 0 ], [ 0, 437, 17, 127 ]
2617 / 10000: [ 0, 0, 0, 0, 0 ], [ 0, 437, 17, 127 ]
2618 / 10000: [ 0, 3, 0, 0, 0 ], [ 0, 438, 17, 127 ]
2619 / 10000: [ 0, 2, 0, 0, 0 ], [ 0, 438, 17, 127 ]
2620 / 10000: [ 0, 3, 0, 0, 0 ], [ 0, 439, 17, 127 ]
2621 / 10000: [ 0, 1, 0, 0, 0 ], [ 0, 439, 17, 127 ]
2622 / 10000: [ 0, 1, 0, 0, 0 ], [ 0, 439, 17, 127 ]
2623 / 10000: [ 0, 2, 0, 0, 0 ], [ 0, 439, 17, 127 ]
2624 / 10000: [ 0, 1, 0, 0, 0 ], [ 0, 439, 17, 127 ]
2625 / 10000: [ 0, 1, 0, 0, 0 ], [ 0, 439, 17, 127 ]
2626 / 10000: [ 0, 2, 0, 0, 0 ], [ 0, 439, 17, 127 ]
2627 / 10000: [ 0, 0, 0, 0, 0 ], [ 0, 439, 17, 127 ]
2628 / 10000: [ 0, 1, 0, 0, 0 ], [ 0, 439, 17, 127 ]
2629 / 10000: [ 0, 2, 0, 0, 0 ], [ 0, 439, 17, 127 ]
2630 / 10000: [ 0, 0, 0, 0, 0 ], [ 0, 439, 17, 127 ]
2631 / 10000: [ 0, 1, 0, 0, 0 ], [ 0, 439, 17, 127 ]
2632 / 10000: [ 0, 0, 0, 0, 0 ], [ 0, 439, 17, 127 ]
2633 / 10000: [ 0, 3, 0, 0, 0 ], [ 0, 440, 17, 127 ]
2634 / 10000: [ 0, 3, 0, 0, 0 ], [ 0, 441, 17, 127 ]
2635 / 10000: [ 0, 0, 0, 0, 0 ], [ 0, 441, 17, 127 ]
2636 / 10000: [ 0, 1, 0, 0, 0 ], [ 0, 441, 17, 127 ]
2637 / 10000: [ 0, 0, 0, 0, 0 ], [ 0, 441, 17, 127 ]
2638 / 10000: [ 0, 2, 0, 0, 0 ], [ 0, 441, 17, 127 ]
2639 / 10000: [ 0, 1, 0, 0, 0 ], [ 0, 441, 17, 127 ]
2640 / 10000: [ 0, 0, 0, 0, 0 ], [ 0, 441, 17, 127 ]
2641 / 10000: [ 0, 1, 0, 0, 0 ], [ 0, 441, 17, 127 ]
2642 / 10000: [ 0, 2, 0, 0, 0 ], [ 0, 441, 17, 127 ]
2643 / 10000: [ 0, 0, 0, 0, 0 ], [ 0, 441, 17, 127 ]
2644 / 10000: [ 0, 0, 0, 0, 0 ], [ 0, 441, 17, 127 ]
2645 / 10000: [ 0, 2, 0, 0, 0 ], [ 0, 441, 17, 127 ]
2646 / 10000: [ 0, 2, 0, 0, 0 ], [ 0, 441, 17, 127 ]
2647 / 10000: [ 0, 0, 0, 0, 0 ], [ 0, 441, 17, 127 ]
2648 / 10000: [ 0, 1, 0, 0, 0 ], [ 0, 441, 17, 127 ]
2649 / 10000: [ 0, 2, 0, 0, 0 ], [ 0, 441, 17, 127 ]
2650 / 10000: [ 0, 0, 0, 0, 0 ], [ 0, 441, 17, 127 ]
2651 / 10000: [ 0, 2, 0, 0, 0 ], [ 0, 441, 17, 127 ]
2652 / 10000: [ 0, 1, 0, 0, 0 ], [ 0, 441, 17, 127 ]
2653 / 10000: [ 0, 3, 0, 0, 0 ], [ 0, 442, 17, 127 ]
2654 / 10000: [ 0, 2, 0, 0, 0 ], [ 0, 442, 17, 127 ]
2655 / 10000: [ 0, 3, 0, 0, 0 ], [ 0, 443, 17, 127 ]
2656 / 10000: [ 0, 1, 0, 0, 0 ], [ 0, 443, 17, 127 ]
2657 / 10000: [ 0, 3, 0, 0, 0 ], [ 0, 444, 17, 127 ]
2658 / 10000: [ 0, 2, 0, 0, 0 ], [ 0, 444, 17, 127 ]
2659 / 10000: [ 0, 0, 0, 0, 0 ], [ 0, 444, 17, 127 ]
2660 / 10000: [ 0, 2, 0, 0, 0 ], [ 0, 444, 17, 127 ]
2661 / 10000: [ 0, 0, 0, 0, 0 ], [ 0, 444, 17, 127 ]
2662 / 10000: [ 0, 0, 0, 0, 0 ], [ 0, 444, 17, 127 ]
2663 / 10000: [ 0, 0, 0, 0, 0 ], [ 0, 444, 17, 127 ]
2664 / 10000: [ 0, 0, 0, 0, 0 ], [ 0, 444, 17, 127 ]
2665 / 10000: [ 0, 0, 0, 0, 0 ], [ 0, 444, 17, 127 ]
2666 / 10000: [ 0, 0, 0, 0, 0 ], [ 0, 444, 17, 127 ]
2667 / 10000: [ 0, 0, 0, 0, 0 ], [ 0, 444, 17, 127 ]
2668 / 10000: [ 0, 1, 0, 0, 0 ], [ 0, 444, 17, 127 ]
2669 / 10000: [ 0, 0, 0, 0, 0 ], [ 0, 444, 17, 127 ]
2670 / 10000: [ 0, 0, 0, 0, 0 ], [ 0, 444, 17, 127 ]
2671 / 10000: [ 0, 1, 0, 0, 0 ], [ 0, 444, 17, 127 ]
2672 / 10000: [ 0, 0, 0, 0, 0 ], [ 0, 444, 17, 127 ]
2673 / 10000: [ 0, 0, 0, 0, 0 ], [ 0, 444, 17, 127 ]
2674 / 10000: [ 0, 0, 0, 0, 0 ], [ 0, 444, 17, 127 ]
2675 / 10000: [ 0, 0, 0, 0, 0 ], [ 0, 444, 17, 127 ]
2676 / 10000: [ 0, 0, 0, 0, 0 ], [ 0, 444, 17, 127 ]
2677 / 10000: [ 0, 0, 0, 0, 0 ], [ 0, 444, 17, 127 ]
2678 / 10000: [ 0, 0, 0, 0, 0 ], [ 0, 444, 17, 127 ]
2679 / 10000: [ 0, 0, 0, 0, 0 ], [ 0, 444, 17, 127 ]
2680 / 10000: [ 0, 0, 0, 0, 0 ], [ 0, 444, 17, 127 ]
2681 / 10000: [ 0, 0, 0, 0, 0 ], [ 0, 444, 17, 127 ]
2682 / 10000: [ 0, 0, 0, 0, 0 ], [ 0, 444, 17, 127 ]
2683 / 10000: [ 0, 0, 0, 0, 0 ], [ 0, 444, 17, 127 ]
2684 / 10000: [ 0, 0, 0, 0, 0 ], [ 0, 444, 17, 127 ]
2685 / 10000: [ 0, 0, 0, 0, 0 ], [ 0, 444, 17, 127 ]
2686 / 10000: [ 0, 0, 0, 2, 0 ], [ 0, 444, 17, 127 ]
2687 / 10000: [ 0, 0, 0, 0, 0 ], [ 0, 444, 17, 127 ]
2688 / 10000: [ 0, 0, 0, 1, 1 ], [ 0, 444, 17, 127 ]
2689 / 10000: [ 0, 1, 0, 1, 0 ], [ 0, 444, 17, 127 ]
2690 / 10000: [ 0, 0, 0, 0, 0 ], [ 0, 444, 17, 127 ]
2691 / 10000: [ 0, 0, 0, 3, 0 ], [ 0, 444, 17, 128 ]
2692 / 10000: [ 0, 1, 0, 1, 0 ], [ 0, 444, 17, 128 ]
2693 / 10000: [ 0, 0, 0, 0, 0 ], [ 0, 444, 17, 128 ]
2694 / 10000: [ 0, 0, 0, 0, 0 ], [ 0, 444, 17, 128 ]
2695 / 10000: [ 0, 1, 0, 1, 0 ], [ 0, 444, 17, 128 ]
2696 / 10000: [ 0, 0, 0, 0, 0 ], [ 0, 444, 17, 128 ]
2697 / 10000: [ 0, 0, 0, 2, 0 ], [ 0, 444, 17, 128 ]
2698 / 10000: [ 0, 0, 0, 0, 0 ], [ 0, 444, 17, 128 ]
2699 / 10000: [ 0, 0, 0, 0, 0 ], [ 0, 444, 17, 128 ]
2700 / 10000: [ 0, 0, 1, 1, 0 ], [ 0, 444, 17, 128 ]
2701 / 10000: [ 0, 0, 0, 0, 0 ], [ 0, 444, 17, 128 ]
2702 / 10000: [ 0, 0, 0, 0, 0 ], [ 0, 444, 17, 128 ]
2703 / 10000: [ 0, 0, 0, 0, 0 ], [ 0, 444, 17, 128 ]
2704 / 10000: [ 0, 0, 0, 0, 0 ], [ 0, 444, 17, 128 ]
2705 / 10000: [ 0, 0, 0, 0, 0 ], [ 0, 444, 17, 128 ]
2706 / 10000: [ 0, 2, 0, 0, 0 ], [ 0, 444, 17, 128 ]
2707 / 10000: [ 0, 0, 0, 0, 0 ], [ 0, 444, 17, 128 ]
2708 / 10000: [ 0, 1, 1, 0, 0 ], [ 0, 444, 17, 128 ]
2709 / 10000: [ 0, 2, 0, 0, 0 ], [ 0, 444, 17, 128 ]
2710 / 10000: [ 0, 0, 0, 0, 0 ], [ 0, 444, 17, 128 ]
2711 / 10000: [ 0, 3, 0, 0, 0 ], [ 0, 445, 17, 128 ]
2712 / 10000: [ 0, 1, 0, 1, 0 ], [ 0, 445, 17, 128 ]
2713 / 10000: [ 0, 0, 0, 0, 0 ], [ 0, 445, 17, 128 ]
2714 / 10000: [ 0, 0, 0, 0, 0 ], [ 0, 445, 17, 128 ]
2715 / 10000: [ 0, 1, 0, 1, 0 ], [ 0, 445, 17, 128 ]
2716 / 10000: [ 0, 0, 0, 0, 0 ], [ 0, 445, 17, 128 ]
2717 / 10000: [ 0, 2, 0, 0, 0 ], [ 0, 445, 17, 128 ]
2718 / 10000: [ 0, 0, 0, 0, 0 ], [ 0, 445, 17, 128 ]
2719 / 10000: [ 0, 0, 0, 0, 0 ], [ 0, 445, 17, 128 ]
2720 / 10000: [ 0, 2, 0, 0, 0 ], [ 0, 445, 17, 128 ]
2721 / 10000: [ 0, 0, 0, 2, 0 ], [ 0, 445, 17, 128 ]
2722 / 10000: [ 0, 0, 0, 3, 0 ], [ 0, 445, 17, 129 ]
2723 / 10000: [ 0, 1, 0, 2, 0 ], [ 0, 445, 17, 130 ]
2724 / 10000: [ 0, 0, 0, 0, 0 ], [ 0, 445, 17, 130 ]
2725 / 10000: [ 0, 2, 0, 0, 0 ], [ 0, 445, 17, 130 ]
2726 / 10000: [ 0, 2, 0, 0, 0 ], [ 0, 445, 17, 130 ]
2727 / 10000: [ 0, 0, 0, 0, 0 ], [ 0, 445, 17, 130 ]
2728 / 10000: [ 0, 2, 0, 1, 0 ], [ 0, 445, 17, 131 ]
2729 / 10000: [ 0, 2, 0, 0, 0 ], [ 0, 445, 17, 131 ]
2730 / 10000: [ 0, 3, 0, 0, 0 ], [ 0, 446, 17, 131 ]
2731 / 10000: [ 0, 3, 0, 0, 0 ], [ 0, 447, 17, 131 ]
2732 / 10000: [ 0, 1, 0, 1, 0 ], [ 0, 447, 17, 131 ]
2733 / 10000: [ 0, 3, 0, 0, 0 ], [ 0, 448, 17, 131 ]
2734 / 10000: [ 0, 0, 0, 0, 0 ], [ 0, 448, 17, 131 ]
2735 / 10000: [ 0, 3, 0, 0, 0 ], [ 0, 449, 17, 131 ]
2736 / 10000: [ 0, 1, 0, 0, 0 ], [ 0, 449, 17, 131 ]
2737 / 10000: [ 0, 3, 0, 0, 0 ], [ 0, 450, 17, 131 ]
2738 / 10000: [ 0, 0, 0, 3, 0 ], [ 0, 450, 17, 132 ]
2739 / 10000: [ 0, 2, 0, 0, 0 ], [ 0, 450, 17, 132 ]
2740 / 10000: [ 0, 2, 1, 0, 0 ], [ 0, 450, 18, 132 ]
2741 / 10000: [ 0, 2, 0, 0, 0 ], [ 0, 450, 18, 132 ]
2742 / 10000: [ 0, 3, 0, 0, 0 ], [ 0, 451, 18, 132 ]
2743 / 10000: [ 0, 3, 0, 0, 0 ], [ 0, 452, 18, 132 ]
2744 / 10000: [ 0, 0, 0, 0, 0 ], [ 0, 452, 18, 132 ]
2745 / 10000: [ 0, 0, 0, 2, 0 ], [ 0, 452, 18, 132 ]
2746 / 10000: [ 0, 1, 0, 1, 0 ], [ 0, 452, 18, 132 ]
2747 / 10000: [ 0, 0, 0, 0, 0 ], [ 0, 452, 18, 132 ]
2748 / 10000: [ 0, 2, 1, 0, 0 ], [ 0, 452, 19, 132 ]
2749 / 10000: [ 0, 1, 0, 1, 0 ], [ 0, 452, 19, 132 ]
2750 / 10000: [ 0, 2, 0, 1, 0 ], [ 0, 452, 19, 133 ]
2751 / 10000: [ 0, 3, 0, 0, 0 ], [ 0, 453, 19, 133 ]
2752 / 10000: [ 0, 2, 0, 0, 0 ], [ 0, 453, 19, 133 ]
2753 / 10000: [ 0, 0, 0, 3, 0 ], [ 0, 453, 19, 134 ]
2754 / 10000: [ 0, 0, 0, 0, 0 ], [ 0, 453, 19, 134 ]
2755 / 10000: [ 0, 3, 0, 0, 0 ], [ 0, 454, 19, 134 ]
2756 / 10000: [ 0, 1, 0, 0, 0 ], [ 0, 454, 19, 134 ]
2757 / 10000: [ 0, 1, 0, 2, 0 ], [ 0, 454, 19, 135 ]
2758 / 10000: [ 0, 3, 0, 0, 0 ], [ 0, 455, 19, 135 ]
2759 / 10000: [ 0, 1, 0, 1, 0 ], [ 0, 455, 19, 135 ]
2760 / 10000: [ 0, 3, 0, 0, 0 ], [ 0, 456, 19, 135 ]
2761 / 10000: [ 0, 0, 0, 0, 0 ], [ 0, 456, 19, 135 ]
2762 / 10000: [ 0, 0, 0, 0, 0 ], [ 0, 456, 19, 135 ]
2763 / 10000: [ 0, 0, 0, 0, 0 ], [ 0, 456, 19, 135 ]
2764 / 10000: [ 0, 0, 0, 0, 0 ], [ 0, 456, 19, 135 ]
2765 / 10000: [ 0, 0, 0, 0, 0 ], [ 0, 456, 19, 135 ]
2766 / 10000: [ 0, 0, 0, 0, 0 ], [ 0, 456, 19, 135 ]
2767 / 10000: [ 0, 1, 0, 0, 0 ], [ 0, 456, 19, 135 ]
2768 / 10000: [ 0, 0, 0, 0, 0 ], [ 0, 456, 19, 135 ]
2769 / 10000: [ 0, 0, 0, 0, 0 ], [ 0, 456, 19, 135 ]
2770 / 10000: [ 0, 0, 0, 0, 0 ], [ 0, 456, 19, 135 ]
2771 / 10000: [ 0, 0, 0, 0, 0 ], [ 0, 456, 19, 135 ]
2772 / 10000: [ 0, 0, 0, 0, 0 ], [ 0, 456, 19, 135 ]
2773 / 10000: [ 0, 0, 0, 0, 0 ], [ 0, 456, 19, 135 ]
2774 / 10000: [ 0, 0, 0, 0, 0 ], [ 0, 456, 19, 135 ]
2775 / 10000: [ 0, 0, 0, 0, 0 ], [ 0, 456, 19, 135 ]
2776 / 10000: [ 0, 0, 0, 0, 0 ], [ 0, 456, 19, 135 ]
2777 / 10000: [ 0, 0, 0, 0, 0 ], [ 0, 456, 19, 135 ]
2778 / 10000: [ 0, 0, 0, 0, 0 ], [ 0, 456, 19, 135 ]
2779 / 10000: [ 0, 0, 0, 0, 0 ], [ 0, 456, 19, 135 ]
2780 / 10000: [ 0, 0, 0, 0, 0 ], [ 0, 456, 19, 135 ]
2781 / 10000: [ 0, 3, 0, 0, 0 ], [ 0, 457, 19, 135 ]
2782 / 10000: [ 0, 3, 0, 0, 0 ], [ 0, 458, 19, 135 ]
2783 / 10000: [ 0, 3, 0, 0, 0 ], [ 0, 459, 19, 135 ]
2784 / 10000: [ 0, 0, 0, 0, 0 ], [ 0, 459, 19, 135 ]
2785 / 10000: [ 0, 1, 0, 0, 0 ], [ 0, 459, 19, 135 ]
2786 / 10000: [ 0, 2, 0, 0, 0 ], [ 0, 459, 19, 135 ]
2787 / 10000: [ 0, 0, 0, 0, 0 ], [ 0, 459, 19, 135 ]
2788 / 10000: [ 0, 2, 0, 0, 0 ], [ 0, 459, 19, 135 ]
2789 / 10000: [ 0, 2, 0, 0, 0 ], [ 0, 459, 19, 135 ]
2790 / 10000: [ 0, 3, 0, 0, 0 ], [ 0, 460, 19, 135 ]
2791 / 10000: [ 0, 1, 0, 0, 0 ], [ 0, 460, 19, 135 ]
2792 / 10000: [ 0, 0, 0, 0, 0 ], [ 0, 460, 19, 135 ]
2793 / 10000: [ 0, 2, 0, 0, 0 ], [ 0, 460, 19, 135 ]
2794 / 10000: [ 0, 2, 0, 0, 0 ], [ 0, 460, 19, 135 ]
2795 / 10000: [ 0, 0, 0, 0, 0 ], [ 0, 460, 19, 135 ]
2796 / 10000: [ 0, 1, 0, 0, 0 ], [ 0, 460, 19, 135 ]
2797 / 10000: [ 0, 1, 0, 0, 0 ], [ 0, 460, 19, 135 ]
2798 / 10000: [ 0, 3, 0, 0, 0 ], [ 0, 461, 19, 135 ]
2799 / 10000: [ 0, 0, 0, 0, 0 ], [ 0, 461, 19, 135 ]
2800 / 10000: [ 0, 2, 0, 0, 0 ], [ 0, 461, 19, 135 ]
2801 / 10000: [ 0, 2, 0, 0, 0 ], [ 0, 461, 19, 135 ]
2802 / 10000: [ 0, 1, 0, 0, 0 ], [ 0, 461, 19, 135 ]
2803 / 10000: [ 0, 2, 0, 0, 0 ], [ 0, 461, 19, 135 ]
2804 / 10000: [ 0, 0, 0, 0, 0 ], [ 0, 461, 19, 135 ]
2805 / 10000: [ 0, 1, 0, 0, 0 ], [ 0, 461, 19, 135 ]
2806 / 10000: [ 0, 0, 0, 0, 0 ], [ 0, 461, 19, 135 ]
2807 / 10000: [ 0, 0, 0, 0, 0 ], [ 0, 461, 19, 135 ]
2808 / 10000: [ 0, 0, 0, 0, 0 ], [ 0, 461, 19, 135 ]
2809 / 10000: [ 0, 0, 0, 0, 0 ], [ 0, 461, 19, 135 ]
2810 / 10000: [ 0, 3, 0, 0, 0 ], [ 0, 462, 19, 135 ]
2811 / 10000: [ 0, 0, 0, 0, 0 ], [ 0, 462, 19, 135 ]
2812 / 10000: [ 0, 0, 0, 0, 0 ], [ 0, 462, 19, 135 ]
2813 / 10000: [ 0, 1, 0, 0, 0 ], [ 0, 462, 19, 135 ]
2814 / 10000: [ 0, 0, 0, 0, 0 ], [ 0, 462, 19, 135 ]
2815 / 10000: [ 0, 0, 0, 0, 0 ], [ 0, 462, 19, 135 ]
2816 / 10000: [ 0, 0, 0, 0, 0 ], [ 0, 462, 19, 135 ]
2817 / 10000: [ 0, 1, 0, 0, 0 ], [ 0, 462, 19, 135 ]
2818 / 10000: [ 0, 2, 0, 0, 0 ], [ 0, 462, 19, 135 ]
2819 / 10000: [ 0, 1, 0, 0, 0 ], [ 0, 462, 19, 135 ]
2820 / 10000: [ 0, 2, 0, 0, 0 ], [ 0, 462, 19, 135 ]
2821 / 10000: [ 0, 0, 0, 0, 0 ], [ 0, 462, 19, 135 ]
2822 / 10000: [ 0, 0, 1, 0, 0 ], [ 0, 462, 19, 135 ]
2823 / 10000: [ 0, 1, 0, 0, 0 ], [ 0, 462, 19, 135 ]
2824 / 10000: [ 0, 0, 0, 0, 0 ], [ 0, 462, 19, 135 ]
2825 / 10000: [ 0, 1, 0, 0, 0 ], [ 0, 462, 19, 135 ]
2826 / 10000: [ 0, 3, 0, 0, 0 ], [ 0, 463, 19, 135 ]
2827 / 10000: [ 0, 0, 0, 0, 0 ], [ 0, 463, 19, 135 ]
2828 / 10000: [ 0, 0, 0, 0, 0 ], [ 0, 463, 19, 135 ]
2829 / 10000: [ 0, 1, 0, 0, 0 ], [ 0, 463, 19, 135 ]
2830 / 10000: [ 0, 1, 0, 0, 0 ], [ 0, 463, 19, 135 ]
2831 / 10000: [ 0, 2, 0, 0, 0 ], [ 0, 463, 19, 135 ]
2832 / 10000: [ 0, 0, 0, 0, 0 ], [ 0, 463, 19, 135 ]
2833 / 10000: [ 0, 1, 0, 0, 0 ], [ 0, 463, 19, 135 ]
2834 / 10000: [ 0, 0, 0, 0, 0 ], [ 0, 463, 19, 135 ]
2835 / 10000: [ 0, 0, 0, 0, 0 ], [ 0, 463, 19, 135 ]
2836 / 10000: [ 0, 0, 0, 0, 0 ], [ 0, 463, 19, 135 ]
2837 / 10000: [ 0, 2, 0, 0, 0 ], [ 0, 463, 19, 135 ]
2838 / 10000: [ 0, 1, 0, 0, 0 ], [ 0, 463, 19, 135 ]
2839 / 10000: [ 0, 0, 0, 0, 0 ], [ 0, 463, 19, 135 ]
2840 / 10000: [ 0, 0, 0, 0, 0 ], [ 0, 463, 19, 135 ]
2841 / 10000: [ 0, 0, 0, 0, 0 ], [ 0, 463, 19, 135 ]
2842 / 10000: [ 0, 0, 0, 0, 0 ], [ 0, 463, 19, 135 ]
2843 / 10000: [ 0, 0, 0, 0, 0 ], [ 0, 463, 19, 135 ]
2844 / 10000: [ 0, 0, 0, 0, 0 ], [ 0, 463, 19, 135 ]
2845 / 10000: [ 0, 0, 0, 0, 0 ], [ 0, 463, 19, 135 ]
2846 / 10000: [ 0, 0, 0, 0, 0 ], [ 0, 463, 19, 135 ]
2847 / 10000: [ 0, 0, 0, 0, 0 ], [ 0, 463, 19, 135 ]
2848 / 10000: [ 0, 0, 0, 0, 0 ], [ 0, 463, 19, 135 ]
2849 / 10000: [ 0, 0, 0, 0, 0 ], [ 0, 463, 19, 135 ]
2850 / 10000: [ 0, 0, 0, 0, 0 ], [ 0, 463, 19, 135 ]
2851 / 10000: [ 0, 0, 0, 0, 0 ], [ 0, 463, 19, 135 ]
2852 / 10000: [ 0, 0, 0, 0, 0 ], [ 0, 463, 19, 135 ]
2853 / 10000: [ 0, 1, 0, 0, 0 ], [ 0, 463, 19, 135 ]
2854 / 10000: [ 0, 1, 0, 0, 0 ], [ 0, 463, 19, 135 ]
2855 / 10000: [ 0, 1, 0, 0, 0 ], [ 0, 463, 19, 135 ]
2856 / 10000: [ 0, 0, 0, 0, 0 ], [ 0, 463, 19, 135 ]
2857 / 10000: [ 0, 0, 0, 0, 0 ], [ 0, 463, 19, 135 ]
2858 / 10000: [ 0, 0, 0, 0, 0 ], [ 0, 463, 19, 135 ]
2859 / 10000: [ 0, 2, 0, 0, 0 ], [ 0, 463, 19, 135 ]
2860 / 10000: [ 0, 0, 0, 0, 0 ], [ 0, 463, 19, 135 ]
2861 / 10000: [ 0, 1, 0, 0, 0 ], [ 0, 463, 19, 135 ]
2862 / 10000: [ 0, 1, 0, 0, 0 ], [ 0, 463, 19, 135 ]
2863 / 10000: [ 0, 2, 0, 0, 0 ], [ 0, 463, 19, 135 ]
2864 / 10000: [ 0, 0, 0, 0, 0 ], [ 0, 463, 19, 135 ]
2865 / 10000: [ 0, 1, 0, 0, 0 ], [ 0, 463, 19, 135 ]
2866 / 10000: [ 0, 3, 0, 0, 0 ], [ 0, 464, 19, 135 ]
2867 / 10000: [ 0, 0, 0, 0, 0 ], [ 0, 464, 19, 135 ]
2868 / 10000: [ 0, 1, 0, 0, 0 ], [ 0, 464, 19, 135 ]
2869 / 10000: [ 0, 2, 0, 0, 0 ], [ 0, 464, 19, 135 ]
2870 / 10000: [ 0, 1, 0, 0, 0 ], [ 0, 464, 19, 135 ]
2871 / 10000: [ 0, 1, 0, 0, 0 ], [ 0, 464, 19, 135 ]
2872 / 10000: [ 0, 0, 0, 0, 0 ], [ 0, 464, 19, 135 ]
2873 / 10000: [ 0, 3, 0, 0, 0 ], [ 0, 465, 19, 135 ]
2874 / 10000: [ 0, 3, 0, 0, 0 ], [ 0, 466, 19, 135 ]
2875 / 10000: [ 0, 0, 0, 0, 0 ], [ 0, 466, 19, 135 ]
2876 / 10000: [ 0, 1, 0, 0, 0 ], [ 0, 466, 19, 135 ]
2877 / 10000: [ 0, 3, 0, 0, 0 ], [ 0, 467, 19, 135 ]
2878 / 10000: [ 0, 2, 0, 0, 0 ], [ 0, 467, 19, 135 ]
2879 / 10000: [ 0, 0, 0, 0, 0 ], [ 0, 467, 19, 135 ]
2880 / 10000: [ 0, 0, 0, 0, 0 ], [ 0, 467, 19, 135 ]
2881 / 10000: [ 0, 0, 0, 0, 0 ], [ 0, 467, 19, 135 ]
2882 / 10000: [ 0, 1, 0, 0, 0 ], [ 0, 467, 19, 135 ]
2883 / 10000: [ 0, 0, 0, 0, 0 ], [ 0, 467, 19, 135 ]
2884 / 10000: [ 0, 0, 0, 0, 0 ], [ 0, 467, 19, 135 ]
2885 / 10000: [ 0, 0, 0, 0, 0 ], [ 0, 467, 19, 135 ]
2886 / 10000: [ 0, 0, 0, 0, 0 ], [ 0, 467, 19, 135 ]
2887 / 10000: [ 0, 0, 0, 0, 0 ], [ 0, 467, 19, 135 ]
2888 / 10000: [ 0, 1, 0, 0, 0 ], [ 0, 467, 19, 135 ]
2889 / 10000: [ 0, 0, 0, 0, 0 ], [ 0, 467, 19, 135 ]
2890 / 10000: [ 0, 0, 0, 0, 0 ], [ 0, 467, 19, 135 ]
2891 / 10000: [ 0, 0, 0, 0, 0 ], [ 0, 467, 19, 135 ]
2892 / 10000: [ 0, 0, 0, 0, 0 ], [ 0, 467, 19, 135 ]
2893 / 10000: [ 0, 0, 0, 0, 0 ], [ 0, 467, 19, 135 ]
2894 / 10000: [ 0, 0, 0, 0, 0 ], [ 0, 467, 19, 135 ]
2895 / 10000: [ 0, 0, 0, 0, 0 ], [ 0, 467, 19, 135 ]
2896 / 10000: [ 0, 0, 0, 0, 0 ], [ 0, 467, 19, 135 ]
2897 / 10000: [ 0, 0, 0, 0, 0 ], [ 0, 467, 19, 135 ]
2898 / 10000: [ 0, 0, 0, 0, 0 ], [ 0, 467, 19, 135 ]
2899 / 10000: [ 0, 0, 0, 0, 0 ], [ 0, 467, 19, 135 ]
2900 / 10000: [ 0, 0, 0, 0, 0 ], [ 0, 467, 19, 135 ]
2901 / 10000: [ 0, 3, 0, 0, 0 ], [ 0, 468, 19, 135 ]
2902 / 10000: [ 0, 2, 0, 0, 0 ], [ 0, 468, 19, 135 ]
2903 / 10000: [ 0, 2, 0, 0, 0 ], [ 0, 468, 19, 135 ]
2904 / 10000: [ 0, 0, 0, 0, 0 ], [ 0, 468, 19, 135 ]
2905 / 10000: [ 0, 0, 0, 0, 0 ], [ 0, 468, 19, 135 ]
2906 / 10000: [ 0, 2, 0, 0, 0 ], [ 0, 468, 19, 135 ]
2907 / 10000: [ 0, 0, 0, 0, 0 ], [ 0, 468, 19, 135 ]
2908 / 10000: [ 0, 1, 0, 0, 0 ], [ 0, 468, 19, 135 ]
2909 / 10000: [ 0, 2, 0, 0, 0 ], [ 0, 468, 19, 135 ]
2910 / 10000: [ 0, 2, 0, 0, 0 ], [ 0, 468, 19, 135 ]
2911 / 10000: [ 0, 1, 0, 0, 0 ], [ 0, 468, 19, 135 ]
2912 / 10000: [ 0, 0, 0, 0, 0 ], [ 0, 468, 19, 135 ]
2913 / 10000: [ 0, 2, 0, 0, 0 ], [ 0, 468, 19, 135 ]
2914 / 10000: [ 0, 2, 0, 0, 0 ], [ 0, 468, 19, 135 ]
2915 / 10000: [ 0, 0, 0, 0, 0 ], [ 0, 468, 19, 135 ]
2916 / 10000: [ 0, 1, 0, 0, 0 ], [ 0, 468, 19, 135 ]
2917 / 10000: [ 0, 0, 0, 0, 0 ], [ 0, 468, 19, 135 ]
2918 / 10000: [ 0, 3, 0, 0, 0 ], [ 0, 469, 19, 135 ]
2919 / 10000: [ 0, 0, 0, 0, 0 ], [ 0, 469, 19, 135 ]
2920 / 10000: [ 0, 2, 0, 0, 0 ], [ 0, 469, 19, 135 ]
2921 / 10000: [ 0, 1, 0, 0, 0 ], [ 0, 469, 19, 135 ]
2922 / 10000: [ 0, 1, 0, 0, 0 ], [ 0, 469, 19, 135 ]
2923 / 10000: [ 0, 1, 0, 0, 0 ], [ 0, 469, 19, 135 ]
2924 / 10000: [ 0, 0, 0, 0, 0 ], [ 0, 469, 19, 135 ]
2925 / 10000: [ 0, 0, 0, 0, 0 ], [ 0, 469, 19, 135 ]
2926 / 10000: [ 0, 2, 0, 0, 0 ], [ 0, 469, 19, 135 ]
2927 / 10000: [ 0, 0, 0, 0, 0 ], [ 0, 469, 19, 135 ]
2928 / 10000: [ 0, 1, 0, 0, 0 ], [ 0, 469, 19, 135 ]
2929 / 10000: [ 0, 2, 0, 0, 0 ], [ 0, 469, 19, 135 ]
2930 / 10000: [ 0, 0, 0, 0, 0 ], [ 0, 469, 19, 135 ]
2931 / 10000: [ 0, 1, 0, 0, 0 ], [ 0, 469, 19, 135 ]
2932 / 10000: [ 0, 0, 0, 0, 0 ], [ 0, 469, 19, 135 ]
2933 / 10000: [ 0, 3, 0, 0, 0 ], [ 0, 470, 19, 135 ]
2934 / 10000: [ 0, 2, 0, 0, 0 ], [ 0, 470, 19, 135 ]
2935 / 10000: [ 0, 0, 0, 0, 0 ], [ 0, 470, 19, 135 ]
2936 / 10000: [ 0, 1, 0, 0, 0 ], [ 0, 470, 19, 135 ]
2937 / 10000: [ 0, 0, 0, 0, 0 ], [ 0, 470, 19, 135 ]
2938 / 10000: [ 0, 2, 0, 0, 0 ], [ 0, 470, 19, 135 ]
2939 / 10000: [ 0, 1, 0, 0, 0 ], [ 0, 470, 19, 135 ]
2940 / 10000: [ 0, 0, 0, 0, 0 ], [ 0, 470, 19, 135 ]
2941 / 10000: [ 0, 0, 0, 0, 0 ], [ 0, 470, 19, 135 ]
2942 / 10000: [ 0, 0, 0, 0, 0 ], [ 0, 470, 19, 135 ]
2943 / 10000: [ 0, 0, 0, 0, 0 ], [ 0, 470, 19, 135 ]
2944 / 10000: [ 0, 0, 0, 0, 0 ], [ 0, 470, 19, 135 ]
2945 / 10000: [ 0, 0, 0, 0, 0 ], [ 0, 470, 19, 135 ]
2946 / 10000: [ 0, 0, 0, 0, 0 ], [ 0, 470, 19, 135 ]
2947 / 10000: [ 0, 0, 0, 0, 0 ], [ 0, 470, 19, 135 ]
2948 / 10000: [ 0, 0, 0, 0, 0 ], [ 0, 470, 19, 135 ]
2949 / 10000: [ 0, 0, 0, 0, 0 ], [ 0, 470, 19, 135 ]
2950 / 10000: [ 0, 0, 0, 0, 0 ], [ 0, 470, 19, 135 ]
2951 / 10000: [ 0, 0, 0, 0, 0 ], [ 0, 470, 19, 135 ]
2952 / 10000: [ 0, 0, 0, 0, 0 ], [ 0, 470, 19, 135 ]
2953 / 10000: [ 0, 0, 0, 0, 0 ], [ 0, 470, 19, 135 ]
2954 / 10000: [ 0, 0, 0, 0, 0 ], [ 0, 470, 19, 135 ]
2955 / 10000: [ 0, 0, 0, 0, 0 ], [ 0, 470, 19, 135 ]
2956 / 10000: [ 0, 0, 0, 0, 0 ], [ 0, 470, 19, 135 ]
2957 / 10000: [ 0, 0, 0, 0, 0 ], [ 0, 470, 19, 135 ]
2958 / 10000: [ 0, 0, 0, 0, 0 ], [ 0, 470, 19, 135 ]
2959 / 10000: [ 0, 0, 0, 0, 0 ], [ 0, 470, 19, 135 ]
2960 / 10000: [ 0, 0, 0, 0, 0 ], [ 0, 470, 19, 135 ]
2961 / 10000: [ 0, 0, 0, 0, 0 ], [ 0, 470, 19, 135 ]
2962 / 10000: [ 0, 0, 0, 0, 0 ], [ 0, 470, 19, 135 ]
2963 / 10000: [ 0, 0, 0, 0, 0 ], [ 0, 470, 19, 135 ]
2964 / 10000: [ 0, 1, 0, 0, 0 ], [ 0, 470, 19, 135 ]
2965 / 10000: [ 0, 2, 0, 0, 0 ], [ 0, 470, 19, 135 ]
2966 / 10000: [ 0, 3, 0, 0, 0 ], [ 0, 471, 19, 135 ]
2967 / 10000: [ 0, 0, 0, 0, 0 ], [ 0, 471, 19, 135 ]
2968 / 10000: [ 0, 1, 0, 0, 0 ], [ 0, 471, 19, 135 ]
2969 / 10000: [ 0, 2, 0, 0, 0 ], [ 0, 471, 19, 135 ]
2970 / 10000: [ 0, 0, 0, 0, 0 ], [ 0, 471, 19, 135 ]
2971 / 10000: [ 0, 3, 0, 0, 0 ], [ 0, 472, 19, 135 ]
2972 / 10000: [ 0, 1, 0, 0, 0 ], [ 0, 472, 19, 135 ]
2973 / 10000: [ 0, 2, 0, 0, 0 ], [ 0, 472, 19, 135 ]
2974 / 10000: [ 0, 1, 0, 0, 0 ], [ 0, 472, 19, 135 ]
2975 / 10000: [ 0, 2, 0, 0, 0 ], [ 0, 472, 19, 135 ]
2976 / 10000: [ 0, 0, 0, 0, 0 ], [ 0, 472, 19, 135 ]
2977 / 10000: [ 0, 3, 0, 0, 0 ], [ 0, 473, 19, 135 ]
2978 / 10000: [ 0, 1, 0, 0, 0 ], [ 0, 473, 19, 135 ]
2979 / 10000: [ 0, 0, 0, 0, 0 ], [ 0, 473, 19, 135 ]
2980 / 10000: [ 0, 2, 0, 0, 0 ], [ 0, 473, 19, 135 ]
2981 / 10000: [ 0, 0, 0, 0, 0 ], [ 0, 473, 19, 135 ]
2982 / 10000: [ 0, 0, 0, 1, 0 ], [ 0, 473, 19, 135 ]
2983 / 10000: [ 0, 1, 0, 0, 0 ], [ 0, 473, 19, 135 ]
2984 / 10000: [ 0, 0, 0, 2, 0 ], [ 0, 473, 19, 135 ]
2985 / 10000: [ 0, 2, 0, 1, 0 ], [ 0, 473, 19, 136 ]
2986 / 10000: [ 0, 2, 0, 1, 0 ], [ 0, 473, 19, 137 ]
2987 / 10000: [ 0, 0, 0, 0, 0 ], [ 0, 473, 19, 137 ]
2988 / 10000: [ 0, 0, 0, 0, 0 ], [ 0, 473, 19, 137 ]
2989 / 10000: [ 0, 0, 0, 1, 0 ], [ 0, 473, 19, 137 ]
2990 / 10000: [ 0, 1, 0, 0, 0 ], [ 0, 473, 19, 137 ]
2991 / 10000: [ 0, 0, 0, 0, 0 ], [ 0, 473, 19, 137 ]
2992 / 10000: [ 0, 0, 0, 0, 0 ], [ 0, 473, 19, 137 ]
2993 / 10000: [ 0, 1, 0, 1, 0 ], [ 0, 473, 19, 137 ]
2994 / 10000: [ 0, 0, 0, 1, 0 ], [ 0, 473, 19, 137 ]
2995 / 10000: [ 0, 0, 0, 0, 0 ], [ 0, 473, 19, 137 ]
2996 / 10000: [ 0, 0, 0, 0, 0 ], [ 0, 473, 19, 137 ]
2997 / 10000: [ 0, 2, 0, 1, 0 ], [ 0, 473, 19, 138 ]
2998 / 10000: [ 0, 0, 0, 1, 0 ], [ 0, 473, 19, 138 ]
2999 / 10000: [ 0, 0, 0, 0, 0 ], [ 0, 473, 19, 138 ]
3000 / 10000: [ 0, 0, 0, 0, 0 ], [ 0, 473, 19, 138 ]
3001 / 10000: [ 0, 1, 0, 0, 0 ], [ 0, 473, 19, 138 ]
3002 / 10000: [ 0, 0, 0, 0, 0 ], [ 0, 473, 19, 138 ]
3003 / 10000: [ 0, 1, 0, 0, 0 ], [ 0, 473, 19, 138 ]
3004 / 10000: [ 0, 0, 0, 0, 0 ], [ 0, 473, 19, 138 ]
3005 / 10000: [ 0, 1, 0, 0, 0 ], [ 0, 473, 19, 138 ]
3006 / 10000: [ 0, 2, 0, 0, 0 ], [ 0, 473, 19, 138 ]
3007 / 10000: [ 0, 0, 0, 0, 0 ], [ 0, 473, 19, 138 ]
3008 / 10000: [ 0, 1, 0, 0, 0 ], [ 0, 473, 19, 138 ]
3009 / 10000: [ 0, 0, 0, 0, 0 ], [ 0, 473, 19, 138 ]
3010 / 10000: [ 0, 1, 0, 0, 0 ], [ 0, 473, 19, 138 ]
3011 / 10000: [ 0, 0, 0, 0, 0 ], [ 0, 473, 19, 138 ]
3012 / 10000: [ 0, 0, 0, 0, 0 ], [ 0, 473, 19, 138 ]
3013 / 10000: [ 0, 1, 0, 0, 0 ], [ 0, 473, 19, 138 ]
3014 / 10000: [ 0, 0, 0, 0, 0 ], [ 0, 473, 19, 138 ]
3015 / 10000: [ 0, 0, 0, 0, 0 ], [ 0, 473, 19, 138 ]
3016 / 10000: [ 0, 1, 0, 0, 0 ], [ 0, 473, 19, 138 ]
3017 / 10000: [ 0, 2, 0, 0, 0 ], [ 0, 473, 19, 138 ]
3018 / 10000: [ 0, 0, 0, 0, 0 ], [ 0, 473, 19, 138 ]
3019 / 10000: [ 0, 0, 0, 0, 0 ], [ 0, 473, 19, 138 ]
3020 / 10000: [ 0, 0, 0, 0, 0 ], [ 0, 473, 19, 138 ]
3021 / 10000: [ 0, 0, 0, 0, 0 ], [ 0, 473, 19, 138 ]
3022 / 10000: [ 0, 0, 0, 0, 0 ], [ 0, 473, 19, 138 ]
3023 / 10000: [ 0, 2, 0, 0, 0 ], [ 0, 473, 19, 138 ]
3024 / 10000: [ 0, 1, 0, 0, 0 ], [ 0, 473, 19, 138 ]
3025 / 10000: [ 0, 2, 0, 0, 0 ], [ 0, 473, 19, 138 ]
3026 / 10000: [ 0, 2, 0, 0, 0 ], [ 0, 473, 19, 138 ]
3027 / 10000: [ 0, 0, 0, 0, 0 ], [ 0, 473, 19, 138 ]
3028 / 10000: [ 0, 0, 0, 0, 0 ], [ 0, 473, 19, 138 ]
3029 / 10000: [ 0, 1, 0, 0, 0 ], [ 0, 473, 19, 138 ]
3030 / 10000: [ 0, 2, 0, 0, 0 ], [ 0, 473, 19, 138 ]
3031 / 10000: [ 0, 1, 0, 0, 0 ], [ 0, 473, 19, 138 ]
3032 / 10000: [ 0, 0, 0, 0, 0 ], [ 0, 473, 19, 138 ]
3033 / 10000: [ 0, 1, 0, 0, 0 ], [ 0, 473, 19, 138 ]
3034 / 10000: [ 0, 0, 0, 0, 0 ], [ 0, 473, 19, 138 ]
3035 / 10000: [ 0, 0, 0, 0, 0 ], [ 0, 473, 19, 138 ]
3036 / 10000: [ 0, 1, 0, 0, 0 ], [ 0, 473, 19, 138 ]
3037 / 10000: [ 0, 2, 0, 0, 0 ], [ 0, 473, 19, 138 ]
3038 / 10000: [ 0, 0, 0, 0, 0 ], [ 0, 473, 19, 138 ]
3039 / 10000: [ 0, 0, 0, 0, 0 ], [ 0, 473, 19, 138 ]
3040 / 10000: [ 0, 0, 0, 0, 0 ], [ 0, 473, 19, 138 ]
3041 / 10000: [ 0, 2, 0, 0, 0 ], [ 0, 473, 19, 138 ]
3042 / 10000: [ 0, 1, 0, 0, 0 ], [ 0, 473, 19, 138 ]
3043 / 10000: [ 0, 2, 0, 0, 0 ], [ 0, 473, 19, 138 ]
3044 / 10000: [ 0, 0, 0, 0, 0 ], [ 0, 473, 19, 138 ]
3045 / 10000: [ 0, 0, 0, 0, 0 ], [ 0, 473, 19, 138 ]
3046 / 10000: [ 0, 2, 0, 0, 0 ], [ 0, 473, 19, 138 ]
3047 / 10000: [ 0, 1, 0, 0, 0 ], [ 0, 473, 19, 138 ]
3048 / 10000: [ 0, 1, 0, 0, 0 ], [ 0, 473, 19, 138 ]
3049 / 10000: [ 0, 2, 0, 0, 0 ], [ 0, 473, 19, 138 ]
3050 / 10000: [ 0, 2, 0, 0, 0 ], [ 0, 473, 19, 138 ]
3051 / 10000: [ 0, 3, 0, 0, 0 ], [ 0, 474, 19, 138 ]
3052 / 10000: [ 0, 2, 0, 0, 0 ], [ 0, 474, 19, 138 ]
3053 / 10000: [ 0, 0, 0, 0, 0 ], [ 0, 474, 19, 138 ]
3054 / 10000: [ 0, 0, 0, 0, 0 ], [ 0, 474, 19, 138 ]
3055 / 10000: [ 0, 2, 0, 0, 0 ], [ 0, 474, 19, 138 ]
3056 / 10000: [ 0, 0, 0, 0, 0 ], [ 0, 474, 19, 138 ]
3057 / 10000: [ 0, 1, 0, 0, 0 ], [ 0, 474, 19, 138 ]
3058 / 10000: [ 0, 2, 0, 0, 0 ], [ 0, 474, 19, 138 ]
3059 / 10000: [ 0, 2, 0, 0, 0 ], [ 0, 474, 19, 138 ]
3060 / 10000: [ 0, 3, 0, 0, 0 ], [ 0, 475, 19, 138 ]
3061 / 10000: [ 0, 2, 0, 0, 0 ], [ 0, 475, 19, 138 ]
3062 / 10000: [ 0, 1, 0, 0, 0 ], [ 0, 475, 19, 138 ]
3063 / 10000: [ 0, 1, 0, 0, 1 ], [ 0, 475, 19, 138 ]
3064 / 10000: [ 0, 0, 0, 0, 0 ], [ 0, 475, 19, 138 ]
3065 / 10000: [ 0, 0, 0, 0, 0 ], [ 0, 475, 19, 138 ]
3066 / 10000: [ 0, 3, 0, 0, 0 ], [ 0, 476, 19, 138 ]
3067 / 10000: [ 0, 3, 0, 0, 0 ], [ 0, 477, 19, 138 ]
3068 / 10000: [ 0, 3, 0, 0, 0 ], [ 0, 478, 19, 138 ]
3069 / 10000: [ 0, 3, 0, 0, 0 ], [ 0, 479, 19, 138 ]
3070 / 10000: [ 0, 0, 0, 0, 0 ], [ 0, 479, 19, 138 ]
3071 / 10000: [ 0, 3, 0, 0, 0 ], [ 0, 480, 19, 138 ]
3072 / 10000: [ 0, 1, 0, 1, 0 ], [ 0, 480, 19, 138 ]
3073 / 10000: [ 0, 2, 0, 0, 0 ], [ 0, 480, 19, 138 ]
3074 / 10000: [ 0, 2, 0, 0, 0 ], [ 0, 480, 19, 138 ]
3075 / 10000: [ 0, 2, 0, 0, 0 ], [ 0, 480, 19, 138 ]
3076 / 10000: [ 0, 2, 0, 0, 0 ], [ 0, 480, 19, 138 ]
3077 / 10000: [ 0, 2, 0, 0, 0 ], [ 0, 480, 19, 138 ]
3078 / 10000: [ 0, 2, 0, 0, 0 ], [ 0, 480, 19, 138 ]
3079 / 10000: [ 0, 0, 0, 1, 0 ], [ 0, 480, 19, 138 ]
3080 / 10000: [ 0, 3, 0, 0, 0 ], [ 0, 481, 19, 138 ]
3081 / 10000: [ 0, 0, 0, 0, 0 ], [ 0, 481, 19, 138 ]
3082 / 10000: [ 0, 0, 0, 0, 0 ], [ 0, 481, 19, 138 ]
3083 / 10000: [ 0, 0, 0, 0, 0 ], [ 0, 481, 19, 138 ]
3084 / 10000: [ 0, 0, 0, 0, 0 ], [ 0, 481, 19, 138 ]
3085 / 10000: [ 0, 0, 0, 0, 0 ], [ 0, 481, 19, 138 ]
3086 / 10000: [ 0, 1, 0, 0, 0 ], [ 0, 481, 19, 138 ]
3087 / 10000: [ 0, 0, 0, 0, 0 ], [ 0, 481, 19, 138 ]
3088 / 10000: [ 0, 3, 0, 0, 0 ], [ 0, 482, 19, 138 ]
3089 / 10000: [ 0, 0, 0, 0, 0 ], [ 0, 482, 19, 138 ]
3090 / 10000: [ 0, 0, 0, 0, 0 ], [ 0, 482, 19, 138 ]
3091 / 10000: [ 0, 2, 0, 0, 0 ], [ 0, 482, 19, 138 ]
3092 / 10000: [ 0, 0, 0, 0, 0 ], [ 0, 482, 19, 138 ]
3093 / 10000: [ 0, 0, 0, 0, 0 ], [ 0, 482, 19, 138 ]
3094 / 10000: [ 0, 0, 0, 0, 0 ], [ 0, 482, 19, 138 ]
3095 / 10000: [ 0, 0, 0, 0, 0 ], [ 0, 482, 19, 138 ]
3096 / 10000: [ 0, 0, 0, 0, 0 ], [ 0, 482, 19, 138 ]
3097 / 10000: [ 0, 0, 0, 0, 0 ], [ 0, 482, 19, 138 ]
3098 / 10000: [ 0, 0, 0, 0, 0 ], [ 0, 482, 19, 138 ]
3099 / 10000: [ 0, 0, 0, 0, 0 ], [ 0, 482, 19, 138 ]
3100 / 10000: [ 0, 0, 0, 0, 0 ], [ 0, 482, 19, 138 ]
3101 / 10000: [ 0, 0, 0, 0, 0 ], [ 0, 482, 19, 138 ]
3102 / 10000: [ 0, 0, 0, 0, 0 ], [ 0, 482, 19, 138 ]
3103 / 10000: [ 0, 0, 0, 0, 0 ], [ 0, 482, 19, 138 ]
3104 / 10000: [ 0, 0, 0, 0, 0 ], [ 0, 482, 19, 138 ]
3105 / 10000: [ 0, 0, 0, 0, 0 ], [ 0, 482, 19, 138 ]
3106 / 10000: [ 0, 0, 0, 0, 0 ], [ 0, 482, 19, 138 ]
3107 / 10000: [ 0, 1, 0, 0, 0 ], [ 0, 482, 19, 138 ]
3108 / 10000: [ 0, 1, 0, 0, 0 ], [ 0, 482, 19, 138 ]
3109 / 10000: [ 0, 0, 0, 0, 0 ], [ 0, 482, 19, 138 ]
3110 / 10000: [ 0, 0, 0, 0, 0 ], [ 0, 482, 19, 138 ]
3111 / 10000: [ 0, 1, 0, 0, 0 ], [ 0, 482, 19, 138 ]
3112 / 10000: [ 0, 0, 0, 0, 0 ], [ 0, 482, 19, 138 ]
3113 / 10000: [ 0, 0, 0, 0, 0 ], [ 0, 482, 19, 138 ]
3114 / 10000: [ 0, 0, 0, 0, 0 ], [ 0, 482, 19, 138 ]
3115 / 10000: [ 0, 0, 0, 0, 0 ], [ 0, 482, 19, 138 ]
3116 / 10000: [ 0, 0, 0, 0, 0 ], [ 0, 482, 19, 138 ]
3117 / 10000: [ 0, 0, 0, 0, 0 ], [ 0, 482, 19, 138 ]
3118 / 10000: [ 0, 0, 0, 0, 0 ], [ 0, 482, 19, 138 ]
3119 / 10000: [ 0, 1, 0, 0, 0 ], [ 0, 482, 19, 138 ]
3120 / 10000: [ 0, 0, 0, 0, 0 ], [ 0, 482, 19, 138 ]
3121 / 10000: [ 0, 1, 0, 0, 0 ], [ 0, 482, 19, 138 ]
3122 / 10000: [ 0, 0, 0, 0, 0 ], [ 0, 482, 19, 138 ]
3123 / 10000: [ 0, 0, 0, 0, 0 ], [ 0, 482, 19, 138 ]
3124 / 10000: [ 0, 0, 0, 0, 0 ], [ 0, 482, 19, 138 ]
3125 / 10000: [ 0, 0, 0, 0, 0 ], [ 0, 482, 19, 138 ]
3126 / 10000: [ 0, 3, 0, 0, 0 ], [ 0, 483, 19, 138 ]
3127 / 10000: [ 0, 1, 0, 0, 0 ], [ 0, 483, 19, 138 ]
3128 / 10000: [ 0, 3, 0, 0, 0 ], [ 0, 484, 19, 138 ]
3129 / 10000: [ 0, 3, 0, 0, 0 ], [ 0, 485, 19, 138 ]
3130 / 10000: [ 0, 0, 0, 0, 0 ], [ 0, 485, 19, 138 ]
3131 / 10000: [ 0, 3, 0, 0, 0 ], [ 0, 486, 19, 138 ]
3132 / 10000: [ 0, 2, 0, 0, 0 ], [ 0, 486, 19, 138 ]
3133 / 10000: [ 0, 0, 0, 0, 0 ], [ 0, 486, 19, 138 ]
3134 / 10000: [ 0, 0, 0, 0, 0 ], [ 0, 486, 19, 138 ]
3135 / 10000: [ 0, 2, 0, 0, 0 ], [ 0, 486, 19, 138 ]
3136 / 10000: [ 0, 3, 0, 0, 0 ], [ 0, 487, 19, 138 ]
3137 / 10000: [ 0, 1, 0, 0, 0 ], [ 0, 487, 19, 138 ]
3138 / 10000: [ 0, 1, 0, 0, 0 ], [ 0, 487, 19, 138 ]
3139 / 10000: [ 0, 0, 0, 0, 0 ], [ 0, 487, 19, 138 ]
3140 / 10000: [ 0, 3, 0, 0, 0 ], [ 0, 488, 19, 138 ]
3141 / 10000: [ 0, 3, 0, 0, 0 ], [ 0, 489, 19, 138 ]
3142 / 10000: [ 0, 3, 0, 0, 0 ], [ 0, 490, 19, 138 ]
3143 / 10000: [ 0, 2, 0, 1, 0 ], [ 0, 490, 19, 139 ]
3144 / 10000: [ 0, 0, 0, 0, 0 ], [ 0, 490, 19, 139 ]
3145 / 10000: [ 0, 0, 0, 0, 0 ], [ 0, 490, 19, 139 ]
3146 / 10000: [ 0, 1, 0, 1, 0 ], [ 0, 490, 19, 139 ]
3147 / 10000: [ 0, 0, 0, 0, 0 ], [ 0, 490, 19, 139 ]
3148 / 10000: [ 0, 0, 0, 2, 0 ], [ 0, 490, 19, 139 ]
3149 / 10000: [ 0, 1, 0, 2, 0 ], [ 0, 490, 19, 140 ]
3150 / 10000: [ 0, 2, 0, 0, 0 ], [ 0, 490, 19, 140 ]
3151 / 10000: [ 0, 0, 0, 1, 0 ], [ 0, 490, 19, 140 ]
3152 / 10000: [ 0, 2, 0, 1, 0 ], [ 0, 490, 19, 141 ]
3153 / 10000: [ 0, 0, 0, 2, 0 ], [ 0, 490, 19, 141 ]
3154 / 10000: [ 0, 1, 0, 2, 0 ], [ 0, 490, 19, 142 ]
3155 / 10000: [ 0, 0, 0, 0, 0 ], [ 0, 490, 19, 142 ]
3156 / 10000: [ 0, 0, 0, 1, 0 ], [ 0, 490, 19, 142 ]
3157 / 10000: [ 0, 1, 0, 0, 0 ], [ 0, 490, 19, 142 ]
3158 / 10000: [ 0, 3, 0, 0, 0 ], [ 0, 491, 19, 142 ]
3159 / 10000: [ 0, 1, 0, 0, 0 ], [ 0, 491, 19, 142 ]
3160 / 10000: [ 0, 2, 0, 0, 0 ], [ 0, 491, 19, 142 ]
3161 / 10000: [ 0, 3, 0, 0, 0 ], [ 0, 492, 19, 142 ]
3162 / 10000: [ 0, 3, 0, 0, 0 ], [ 0, 493, 19, 142 ]
3163 / 10000: [ 0, 3, 0, 0, 0 ], [ 0, 494, 19, 142 ]
3164 / 10000: [ 0, 0, 0, 0, 0 ], [ 0, 494, 19, 142 ]
3165 / 10000: [ 0, 0, 0, 0, 0 ], [ 0, 494, 19, 142 ]
3166 / 10000: [ 0, 2, 0, 0, 0 ], [ 0, 494, 19, 142 ]
3167 / 10000: [ 0, 0, 0, 0, 0 ], [ 0, 494, 19, 142 ]
3168 / 10000: [ 0, 2, 0, 0, 0 ], [ 0, 494, 19, 142 ]
3169 / 10000: [ 0, 3, 0, 0, 0 ], [ 0, 495, 19, 142 ]
3170 / 10000: [ 0, 2, 0, 0, 0 ], [ 0, 495, 19, 142 ]
3171 / 10000: [ 0, 1, 0, 0, 0 ], [ 0, 495, 19, 142 ]
3172 / 10000: [ 0, 3, 0, 0, 0 ], [ 0, 496, 19, 142 ]
3173 / 10000: [ 0, 2, 0, 0, 0 ], [ 0, 496, 19, 142 ]
3174 / 10000: [ 0, 2, 0, 1, 0 ], [ 0, 496, 19, 143 ]
3175 / 10000: [ 0, 0, 0, 0, 0 ], [ 0, 496, 19, 143 ]
3176 / 10000: [ 0, 1, 0, 0, 0 ], [ 0, 496, 19, 143 ]
3177 / 10000: [ 0, 0, 0, 1, 0 ], [ 0, 496, 19, 143 ]
3178 / 10000: [ 0, 3, 0, 0, 0 ], [ 0, 497, 19, 143 ]
3179 / 10000: [ 0, 0, 0, 1, 0 ], [ 0, 497, 19, 143 ]
3180 / 10000: [ 0, 2, 0, 0, 0 ], [ 0, 497, 19, 143 ]
3181 / 10000: [ 0, 3, 0, 0, 0 ], [ 0, 498, 19, 143 ]
3182 / 10000: [ 0, 3, 0, 0, 0 ], [ 0, 499, 19, 143 ]
3183 / 10000: [ 0, 3, 0, 0, 0 ], [ 0, 500, 19, 143 ]
3184 / 10000: [ 0, 0, 0, 0, 0 ], [ 0, 500, 19, 143 ]
3185 / 10000: [ 0, 0, 0, 0, 0 ], [ 0, 500, 19, 143 ]
3186 / 10000: [ 0, 2, 0, 0, 0 ], [ 0, 500, 19, 143 ]
3187 / 10000: [ 0, 0, 0, 0, 0 ], [ 0, 500, 19, 143 ]
3188 / 10000: [ 0, 1, 0, 0, 0 ], [ 0, 500, 19, 143 ]
3189 / 10000: [ 0, 3, 0, 0, 0 ], [ 0, 501, 19, 143 ]
3190 / 10000: [ 0, 3, 0, 0, 0 ], [ 0, 502, 19, 143 ]
3191 / 10000: [ 0, 3, 0, 0, 0 ], [ 0, 503, 19, 143 ]
3192 / 10000: [ 0, 3, 0, 0, 0 ], [ 0, 504, 19, 143 ]
3193 / 10000: [ 0, 0, 0, 0, 0 ], [ 0, 504, 19, 143 ]
3194 / 10000: [ 0, 0, 0, 0, 0 ], [ 0, 504, 19, 143 ]
3195 / 10000: [ 0, 2, 0, 0, 0 ], [ 0, 504, 19, 143 ]
3196 / 10000: [ 0, 0, 0, 0, 0 ], [ 0, 504, 19, 143 ]
3197 / 10000: [ 0, 1, 0, 0, 0 ], [ 0, 504, 19, 143 ]
3198 / 10000: [ 0, 3, 0, 0, 0 ], [ 0, 505, 19, 143 ]
3199 / 10000: [ 0, 0, 0, 0, 0 ], [ 0, 505, 19, 143 ]
3200 / 10000: [ 0, 3, 0, 0, 0 ], [ 0, 506, 19, 143 ]
3201 / 10000: [ 0, 0, 0, 0, 0 ], [ 0, 506, 19, 143 ]
3202 / 10000: [ 0, 2, 0, 0, 0 ], [ 0, 506, 19, 143 ]
3203 / 10000: [ 0, 1, 0, 0, 0 ], [ 0, 506, 19, 143 ]
3204 / 10000: [ 0, 0, 0, 0, 0 ], [ 0, 506, 19, 143 ]
3205 / 10000: [ 0, 0, 0, 0, 0 ], [ 0, 506, 19, 143 ]
3206 / 10000: [ 0, 1, 0, 0, 0 ], [ 0, 506, 19, 143 ]
3207 / 10000: [ 0, 0, 0, 0, 0 ], [ 0, 506, 19, 143 ]
3208 / 10000: [ 0, 0, 0, 0, 0 ], [ 0, 506, 19, 143 ]
3209 / 10000: [ 0, 0, 0, 0, 0 ], [ 0, 506, 19, 143 ]
3210 / 10000: [ 0, 2, 0, 0, 0 ], [ 0, 506, 19, 143 ]
3211 / 10000: [ 0, 0, 0, 0, 0 ], [ 0, 506, 19, 143 ]
3212 / 10000: [ 0, 1, 0, 0, 0 ], [ 0, 506, 19, 143 ]
3213 / 10000: [ 0, 0, 0, 0, 0 ], [ 0, 506, 19, 143 ]
3214 / 10000: [ 0, 0, 0, 0, 0 ], [ 0, 506, 19, 143 ]
3215 / 10000: [ 0, 0, 0, 0, 0 ], [ 0, 506, 19, 143 ]
3216 / 10000: [ 0, 0, 0, 0, 0 ], [ 0, 506, 19, 143 ]
3217 / 10000: [ 0, 0, 0, 0, 0 ], [ 0, 506, 19, 143 ]
3218 / 10000: [ 0, 1, 0, 0, 0 ], [ 0, 506, 19, 143 ]
3219 / 10000: [ 0, 3, 0, 0, 0 ], [ 0, 507, 19, 143 ]
3220 / 10000: [ 0, 0, 0, 0, 0 ], [ 0, 507, 19, 143 ]
3221 / 10000: [ 0, 0, 0, 0, 0 ], [ 0, 507, 19, 143 ]
3222 / 10000: [ 0, 0, 0, 0, 0 ], [ 0, 507, 19, 143 ]
3223 / 10000: [ 0, 1, 0, 0, 0 ], [ 0, 507, 19, 143 ]
3224 / 10000: [ 0, 2, 0, 0, 0 ], [ 0, 507, 19, 143 ]
3225 / 10000: [ 0, 2, 0, 0, 0 ], [ 0, 507, 19, 143 ]
3226 / 10000: [ 0, 2, 0, 0, 0 ], [ 0, 507, 19, 143 ]
3227 / 10000: [ 0, 0, 0, 0, 0 ], [ 0, 507, 19, 143 ]
3228 / 10000: [ 0, 0, 0, 0, 0 ], [ 0, 507, 19, 143 ]
3229 / 10000: [ 0, 1, 0, 0, 0 ], [ 0, 507, 19, 143 ]
3230 / 10000: [ 0, 0, 0, 0, 0 ], [ 0, 507, 19, 143 ]
3231 / 10000: [ 0, 1, 0, 0, 0 ], [ 0, 507, 19, 143 ]
3232 / 10000: [ 0, 2, 0, 0, 0 ], [ 0, 507, 19, 143 ]
3233 / 10000: [ 0, 3, 0, 0, 0 ], [ 0, 508, 19, 143 ]
3234 / 10000: [ 0, 3, 0, 0, 0 ], [ 0, 509, 19, 143 ]
3235 / 10000: [ 0, 1, 0, 0, 0 ], [ 0, 509, 19, 143 ]
3236 / 10000: [ 0, 1, 0, 0, 0 ], [ 0, 509, 19, 143 ]
3237 / 10000: [ 0, 1, 0, 0, 0 ], [ 0, 509, 19, 143 ]
3238 / 10000: [ 0, 0, 0, 0, 0 ], [ 0, 509, 19, 143 ]
3239 / 10000: [ 0, 1, 0, 0, 0 ], [ 0, 509, 19, 143 ]
3240 / 10000: [ 0, 0, 0, 0, 0 ], [ 0, 509, 19, 143 ]
3241 / 10000: [ 0, 0, 0, 2, 0 ], [ 0, 509, 19, 143 ]
3242 / 10000: [ 0, 0, 0, 1, 0 ], [ 0, 509, 19, 143 ]
3243 / 10000: [ 0, 0, 0, 2, 0 ], [ 0, 509, 19, 143 ]
3244 / 10000: [ 0, 0, 0, 0, 1 ], [ 0, 509, 19, 143 ]
3245 / 10000: [ 0, 2, 0, 0, 0 ], [ 0, 509, 19, 143 ]
3246 / 10000: [ 0, 3, 0, 0, 0 ], [ 0, 510, 19, 143 ]
3247 / 10000: [ 0, 0, 0, 0, 0 ], [ 0, 510, 19, 143 ]
3248 / 10000: [ 0, 3, 0, 0, 0 ], [ 0, 511, 19, 143 ]
3249 / 10000: [ 0, 3, 0, 0, 0 ], [ 0, 512, 19, 143 ]
3250 / 10000: [ 0, 0, 0, 2, 0 ], [ 0, 512, 19, 143 ]
3251 / 10000: [ 0, 3, 0, 0, 0 ], [ 0, 513, 19, 143 ]
3252 / 10000: [ 0, 2, 0, 0, 0 ], [ 0, 513, 19, 143 ]
3253 / 10000: [ 0, 3, 0, 0, 0 ], [ 0, 514, 19, 143 ]
3254 / 10000: [ 0, 1, 0, 0, 0 ], [ 0, 514, 19, 143 ]
3255 / 10000: [ 0, 3, 0, 0, 0 ], [ 0, 515, 19, 143 ]
3256 / 10000: [ 0, 1, 0, 0, 0 ], [ 0, 515, 19, 143 ]
3257 / 10000: [ 0, 3, 0, 0, 0 ], [ 0, 516, 19, 143 ]
3258 / 10000: [ 0, 0, 0, 2, 0 ], [ 0, 516, 19, 143 ]
3259 / 10000: [ 0, 0, 0, 0, 0 ], [ 0, 516, 19, 143 ]
3260 / 10000: [ 0, 3, 0, 0, 0 ], [ 0, 517, 19, 143 ]
3261 / 10000: [ 0, 2, 0, 0, 0 ], [ 0, 517, 19, 143 ]
3262 / 10000: [ 0, 1, 0, 0, 0 ], [ 0, 517, 19, 143 ]
3263 / 10000: [ 0, 2, 0, 0, 0 ], [ 0, 517, 19, 143 ]
3264 / 10000: [ 0, 0, 1, 0, 0 ], [ 0, 517, 19, 143 ]
3265 / 10000: [ 0, 0, 0, 2, 0 ], [ 0, 517, 19, 143 ]
3266 / 10000: [ 0, 3, 0, 0, 0 ], [ 0, 518, 19, 143 ]
3267 / 10000: [ 0, 0, 0, 0, 0 ], [ 0, 518, 19, 143 ]
3268 / 10000: [ 0, 2, 0, 1, 0 ], [ 0, 518, 19, 144 ]
3269 / 10000: [ 0, 1, 0, 2, 0 ], [ 0, 518, 19, 145 ]
3270 / 10000: [ 0, 2, 0, 0, 0 ], [ 0, 518, 19, 145 ]
3271 / 10000: [ 0, 3, 0, 0, 0 ], [ 0, 519, 19, 145 ]
3272 / 10000: [ 0, 1, 0, 1, 0 ], [ 0, 519, 19, 145 ]
3273 / 10000: [ 0, 0, 0, 3, 0 ], [ 0, 519, 19, 146 ]
3274 / 10000: [ 0, 0, 0, 1, 0 ], [ 0, 519, 19, 146 ]
3275 / 10000: [ 0, 2, 0, 1, 0 ], [ 0, 519, 19, 147 ]
3276 / 10000: [ 0, 0, 0, 1, 0 ], [ 0, 519, 19, 147 ]
3277 / 10000: [ 0, 1, 0, 2, 0 ], [ 0, 519, 19, 148 ]
3278 / 10000: [ 0, 2, 0, 0, 0 ], [ 0, 519, 19, 148 ]
3279 / 10000: [ 0, 0, 0, 0, 0 ], [ 0, 519, 19, 148 ]
3280 / 10000: [ 0, 3, 0, 0, 0 ], [ 0, 520, 19, 148 ]
3281 / 10000: [ 0, 1, 0, 1, 0 ], [ 0, 520, 19, 148 ]
3282 / 10000: [ 0, 0, 0, 1, 0 ], [ 0, 520, 19, 148 ]
3283 / 10000: [ 0, 0, 0, 1, 0 ], [ 0, 520, 19, 148 ]
3284 / 10000: [ 0, 0, 0, 0, 0 ], [ 0, 520, 19, 148 ]
3285 / 10000: [ 0, 0, 0, 0, 0 ], [ 0, 520, 19, 148 ]
3286 / 10000: [ 0, 2, 0, 1, 0 ], [ 0, 520, 19, 149 ]
3287 / 10000: [ 0, 0, 0, 0, 0 ], [ 0, 520, 19, 149 ]
3288 / 10000: [ 0, 1, 0, 1, 0 ], [ 0, 520, 19, 149 ]
3289 / 10000: [ 0, 0, 0, 2, 0 ], [ 0, 520, 19, 149 ]
3290 / 10000: [ 0, 0, 0, 0, 0 ], [ 0, 520, 19, 149 ]
3291 / 10000: [ 0, 0, 0, 2, 0 ], [ 0, 520, 19, 149 ]
3292 / 10000: [ 0, 0, 0, 0, 0 ], [ 0, 520, 19, 149 ]
3293 / 10000: [ 0, 0, 0, 2, 0 ], [ 0, 520, 19, 149 ]
3294 / 10000: [ 0, 0, 0, 2, 0 ], [ 0, 520, 19, 149 ]
3295 / 10000: [ 0, 0, 0, 0, 0 ], [ 0, 520, 19, 149 ]
3296 / 10000: [ 0, 1, 0, 2, 0 ], [ 0, 520, 19, 150 ]
3297 / 10000: [ 0, 1, 0, 1, 0 ], [ 0, 520, 19, 150 ]
3298 / 10000: [ 0, 0, 0, 2, 0 ], [ 0, 520, 19, 150 ]
3299 / 10000: [ 0, 0, 0, 0, 0 ], [ 0, 520, 19, 150 ]
3300 / 10000: [ 0, 0, 0, 1, 0 ], [ 0, 520, 19, 150 ]
3301 / 10000: [ 0, 1, 0, 1, 0 ], [ 0, 520, 19, 150 ]
3302 / 10000: [ 0, 1, 0, 0, 0 ], [ 0, 520, 19, 150 ]
3303 / 10000: [ 0, 1, 0, 0, 0 ], [ 0, 520, 19, 150 ]
3304 / 10000: [ 0, 0, 0, 0, 0 ], [ 0, 520, 19, 150 ]
3305 / 10000: [ 0, 0, 0, 0, 0 ], [ 0, 520, 19, 150 ]
3306 / 10000: [ 0, 2, 0, 1, 0 ], [ 0, 520, 19, 151 ]
3307 / 10000: [ 0, 0, 0, 0, 0 ], [ 0, 520, 19, 151 ]
3308 / 10000: [ 0, 1, 0, 1, 0 ], [ 0, 520, 19, 151 ]
3309 / 10000: [ 0, 2, 0, 0, 0 ], [ 0, 520, 19, 151 ]
3310 / 10000: [ 0, 0, 0, 0, 0 ], [ 0, 520, 19, 151 ]
3311 / 10000: [ 0, 2, 0, 0, 0 ], [ 0, 520, 19, 151 ]
3312 / 10000: [ 0, 0, 0, 0, 0 ], [ 0, 520, 19, 151 ]
3313 / 10000: [ 0, 2, 0, 0, 0 ], [ 0, 520, 19, 151 ]
3314 / 10000: [ 0, 2, 0, 0, 0 ], [ 0, 520, 19, 151 ]
3315 / 10000: [ 0, 0, 0, 0, 0 ], [ 0, 520, 19, 151 ]
3316 / 10000: [ 0, 2, 0, 1, 0 ], [ 0, 520, 19, 152 ]
3317 / 10000: [ 0, 2, 0, 0, 0 ], [ 0, 520, 19, 152 ]
3318 / 10000: [ 0, 2, 0, 0, 0 ], [ 0, 520, 19, 152 ]
3319 / 10000: [ 0, 0, 0, 0, 0 ], [ 0, 520, 19, 152 ]
3320 / 10000: [ 0, 1, 0, 0, 0 ], [ 0, 520, 19, 152 ]
3321 / 10000: [ 0, 1, 0, 0, 0 ], [ 0, 520, 19, 152 ]
3322 / 10000: [ 0, 1, 0, 0, 0 ], [ 0, 520, 19, 152 ]
3323 / 10000: [ 0, 2, 0, 0, 0 ], [ 0, 520, 19, 152 ]
3324 / 10000: [ 0, 0, 0, 0, 0 ], [ 0, 520, 19, 152 ]
3325 / 10000: [ 0, 1, 0, 0, 0 ], [ 0, 520, 19, 152 ]
3326 / 10000: [ 0, 2, 0, 0, 0 ], [ 0, 520, 19, 152 ]
3327 / 10000: [ 0, 0, 0, 0, 0 ], [ 0, 520, 19, 152 ]
3328 / 10000: [ 0, 0, 0, 0, 0 ], [ 0, 520, 19, 152 ]
3329 / 10000: [ 0, 0, 0, 0, 0 ], [ 0, 520, 19, 152 ]
3330 / 10000: [ 0, 2, 0, 0, 0 ], [ 0, 520, 19, 152 ]
3331 / 10000: [ 0, 0, 0, 0, 0 ], [ 0, 520, 19, 152 ]
3332 / 10000: [ 0, 0, 0, 0, 0 ], [ 0, 520, 19, 152 ]
3333 / 10000: [ 0, 1, 0, 0, 0 ], [ 0, 520, 19, 152 ]
3334 / 10000: [ 0, 0, 0, 0, 0 ], [ 0, 520, 19, 152 ]
3335 / 10000: [ 0, 0, 0, 0, 0 ], [ 0, 520, 19, 152 ]
3336 / 10000: [ 0, 0, 0, 0, 0 ], [ 0, 520, 19, 152 ]
3337 / 10000: [ 0, 2, 0, 0, 0 ], [ 0, 520, 19, 152 ]
3338 / 10000: [ 0, 0, 0, 0, 0 ], [ 0, 520, 19, 152 ]
3339 / 10000: [ 0, 0, 0, 0, 0 ], [ 0, 520, 19, 152 ]
3340 / 10000: [ 0, 0, 0, 0, 0 ], [ 0, 520, 19, 152 ]
3341 / 10000: [ 0, 1, 0, 0, 0 ], [ 0, 520, 19, 152 ]
3342 / 10000: [ 0, 1, 0, 0, 0 ], [ 0, 520, 19, 152 ]
3343 / 10000: [ 0, 1, 0, 0, 0 ], [ 0, 520, 19, 152 ]
3344 / 10000: [ 0, 0, 0, 0, 0 ], [ 0, 520, 19, 152 ]
3345 / 10000: [ 0, 0, 0, 0, 0 ], [ 0, 520, 19, 152 ]
3346 / 10000: [ 0, 2, 0, 0, 0 ], [ 0, 520, 19, 152 ]
3347 / 10000: [ 0, 0, 0, 0, 0 ], [ 0, 520, 19, 152 ]
3348 / 10000: [ 0, 1, 0, 0, 0 ], [ 0, 520, 19, 152 ]
3349 / 10000: [ 0, 2, 0, 0, 0 ], [ 0, 520, 19, 152 ]
3350 / 10000: [ 0, 0, 0, 0, 0 ], [ 0, 520, 19, 152 ]
3351 / 10000: [ 0, 1, 0, 0, 0 ], [ 0, 520, 19, 152 ]
3352 / 10000: [ 0, 0, 0, 0, 0 ], [ 0, 520, 19, 152 ]
3353 / 10000: [ 0, 2, 0, 0, 0 ], [ 0, 520, 19, 152 ]
3354 / 10000: [ 0, 2, 0, 0, 0 ], [ 0, 520, 19, 152 ]
3355 / 10000: [ 0, 0, 0, 0, 0 ], [ 0, 520, 19, 152 ]
3356 / 10000: [ 0, 1, 0, 0, 0 ], [ 0, 520, 19, 152 ]
3357 / 10000: [ 0, 0, 0, 0, 0 ], [ 0, 520, 19, 152 ]
3358 / 10000: [ 0, 2, 0, 0, 0 ], [ 0, 520, 19, 152 ]
3359 / 10000: [ 0, 0, 0, 0, 0 ], [ 0, 520, 19, 152 ]
3360 / 10000: [ 0, 0, 0, 0, 0 ], [ 0, 520, 19, 152 ]
3361 / 10000: [ 0, 2, 0, 0, 0 ], [ 0, 520, 19, 152 ]
3362 / 10000: [ 0, 1, 0, 0, 0 ], [ 0, 520, 19, 152 ]
3363 / 10000: [ 0, 2, 0, 0, 0 ], [ 0, 520, 19, 152 ]
3364 / 10000: [ 0, 1, 0, 0, 0 ], [ 0, 520, 19, 152 ]
3365 / 10000: [ 0, 1, 0, 0, 0 ], [ 0, 520, 19, 152 ]
3366 / 10000: [ 0, 0, 0, 0, 0 ], [ 0, 520, 19, 152 ]
3367 / 10000: [ 0, 1, 0, 0, 0 ], [ 0, 520, 19, 152 ]
3368 / 10000: [ 0, 0, 0, 0, 0 ], [ 0, 520, 19, 152 ]
3369 / 10000: [ 0, 1, 0, 0, 0 ], [ 0, 520, 19, 152 ]
3370 / 10000: [ 0, 2, 0, 0, 0 ], [ 0, 520, 19, 152 ]
3371 / 10000: [ 0, 1, 0, 0, 0 ], [ 0, 520, 19, 152 ]
3372 / 10000: [ 0, 0, 0, 0, 0 ], [ 0, 520, 19, 152 ]
3373 / 10000: [ 0, 1, 0, 0, 0 ], [ 0, 520, 19, 152 ]
3374 / 10000: [ 0, 1, 0, 0, 0 ], [ 0, 520, 19, 152 ]
3375 / 10000: [ 0, 1, 0, 0, 0 ], [ 0, 520, 19, 152 ]
3376 / 10000: [ 0, 0, 0, 0, 0 ], [ 0, 520, 19, 152 ]
3377 / 10000: [ 0, 1, 0, 0, 0 ], [ 0, 520, 19, 152 ]
3378 / 10000: [ 0, 2, 0, 0, 0 ], [ 0, 520, 19, 152 ]
3379 / 10000: [ 0, 0, 0, 0, 0 ], [ 0, 520, 19, 152 ]
3380 / 10000: [ 0, 2, 0, 0, 0 ], [ 0, 520, 19, 152 ]
3381 / 10000: [ 0, 2, 0, 0, 0 ], [ 0, 520, 19, 152 ]
3382 / 10000: [ 0, 2, 0, 0, 0 ], [ 0, 520, 19, 152 ]
3383 / 10000: [ 0, 2, 0, 0, 0 ], [ 0, 520, 19, 152 ]
3384 / 10000: [ 0, 0, 0, 0, 0 ], [ 0, 520, 19, 152 ]
3385 / 10000: [ 0, 1, 0, 0, 0 ], [ 0, 520, 19, 152 ]
3386 / 10000: [ 0, 1, 0, 0, 0 ], [ 0, 520, 19, 152 ]
3387 / 10000: [ 0, 0, 0, 0, 0 ], [ 0, 520, 19, 152 ]
3388 / 10000: [ 0, 0, 0, 0, 0 ], [ 0, 520, 19, 152 ]
3389 / 10000: [ 0, 0, 0, 0, 0 ], [ 0, 520, 19, 152 ]
3390 / 10000: [ 0, 1, 0, 0, 0 ], [ 0, 520, 19, 152 ]
3391 / 10000: [ 0, 0, 0, 0, 0 ], [ 0, 520, 19, 152 ]
3392 / 10000: [ 0, 0, 0, 0, 0 ], [ 0, 520, 19, 152 ]
3393 / 10000: [ 0, 1, 0, 0, 0 ], [ 0, 520, 19, 152 ]
3394 / 10000: [ 0, 0, 0, 0, 0 ], [ 0, 520, 19, 152 ]
3395 / 10000: [ 0, 0, 0, 0, 0 ], [ 0, 520, 19, 152 ]
3396 / 10000: [ 0, 0, 0, 0, 0 ], [ 0, 520, 19, 152 ]
3397 / 10000: [ 0, 2, 0, 0, 0 ], [ 0, 520, 19, 152 ]
3398 / 10000: [ 0, 1, 0, 0, 0 ], [ 0, 520, 19, 152 ]
3399 / 10000: [ 0, 0, 0, 0, 0 ], [ 0, 520, 19, 152 ]
3400 / 10000: [ 0, 0, 0, 0, 0 ], [ 0, 520, 19, 152 ]
3401 / 10000: [ 0, 2, 0, 0, 0 ], [ 0, 520, 19, 152 ]
3402 / 10000: [ 0, 3, 0, 0, 0 ], [ 0, 521, 19, 152 ]
3403 / 10000: [ 0, 3, 0, 0, 0 ], [ 0, 522, 19, 152 ]
3404 / 10000: [ 0, 0, 0, 0, 0 ], [ 0, 522, 19, 152 ]
3405 / 10000: [ 0, 1, 0, 0, 0 ], [ 0, 522, 19, 152 ]
3406 / 10000: [ 0, 3, 0, 0, 0 ], [ 0, 523, 19, 152 ]
3407 / 10000: [ 0, 0, 0, 0, 0 ], [ 0, 523, 19, 152 ]
3408 / 10000: [ 0, 1, 0, 0, 0 ], [ 0, 523, 19, 152 ]
3409 / 10000: [ 0, 2, 0, 0, 0 ], [ 0, 523, 19, 152 ]
3410 / 10000: [ 0, 1, 0, 0, 0 ], [ 0, 523, 19, 152 ]
3411 / 10000: [ 0, 1, 0, 0, 0 ], [ 0, 523, 19, 152 ]
3412 / 10000: [ 0, 2, 0, 0, 0 ], [ 0, 523, 19, 152 ]
3413 / 10000: [ 0, 3, 0, 0, 0 ], [ 0, 524, 19, 152 ]
3414 / 10000: [ 0, 3, 0, 0, 0 ], [ 0, 525, 19, 152 ]
3415 / 10000: [ 0, 0, 0, 0, 0 ], [ 0, 525, 19, 152 ]
3416 / 10000: [ 0, 1, 0, 0, 0 ], [ 0, 525, 19, 152 ]
3417 / 10000: [ 0, 2, 0, 0, 0 ], [ 0, 525, 19, 152 ]
3418 / 10000: [ 0, 3, 0, 0, 0 ], [ 0, 526, 19, 152 ]
3419 / 10000: [ 0, 0, 0, 0, 0 ], [ 0, 526, 19, 152 ]
3420 / 10000: [ 0, 0, 0, 0, 0 ], [ 0, 526, 19, 152 ]
3421 / 10000: [ 0, 0, 0, 0, 0 ], [ 0, 526, 19, 152 ]
3422 / 10000: [ 0, 0, 0, 0, 0 ], [ 0, 526, 19, 152 ]
3423 / 10000: [ 0, 0, 0, 2, 0 ], [ 0, 526, 19, 152 ]
3424 / 10000: [ 0, 0, 0, 0, 0 ], [ 0, 526, 19, 152 ]
3425 / 10000: [ 0, 0, 0, 1, 0 ], [ 0, 526, 19, 152 ]
3426 / 10000: [ 0, 0, 0, 1, 0 ], [ 0, 526, 19, 152 ]
3427 / 10000: [ 0, 0, 0, 0, 0 ], [ 0, 526, 19, 152 ]
3428 / 10000: [ 0, 0, 0, 1, 0 ], [ 0, 526, 19, 152 ]
3429 / 10000: [ 0, 0, 0, 0, 0 ], [ 0, 526, 19, 152 ]
3430 / 10000: [ 0, 0, 0, 1, 0 ], [ 0, 526, 19, 152 ]
3431 / 10000: [ 0, 0, 0, 0, 0 ], [ 0, 526, 19, 152 ]
3432 / 10000: [ 0, 0, 0, 0, 0 ], [ 0, 526, 19, 152 ]
3433 / 10000: [ 0, 1, 0, 2, 0 ], [ 0, 526, 19, 153 ]
3434 / 10000: [ 0, 0, 0, 0, 0 ], [ 0, 526, 19, 153 ]
3435 / 10000: [ 0, 0, 0, 0, 0 ], [ 0, 526, 19, 153 ]
3436 / 10000: [ 0, 0, 0, 0, 0 ], [ 0, 526, 19, 153 ]
3437 / 10000: [ 0, 0, 0, 2, 0 ], [ 0, 526, 19, 153 ]
3438 / 10000: [ 0, 0, 0, 0, 0 ], [ 0, 526, 19, 153 ]
3439 / 10000: [ 0, 1, 0, 1, 0 ], [ 0, 526, 19, 153 ]
3440 / 10000: [ 0, 0, 0, 0, 0 ], [ 0, 526, 19, 153 ]
3441 / 10000: [ 0, 0, 0, 0, 0 ], [ 0, 526, 19, 153 ]
3442 / 10000: [ 0, 0, 0, 0, 0 ], [ 0, 526, 19, 153 ]
3443 / 10000: [ 0, 0, 0, 2, 0 ], [ 0, 526, 19, 153 ]
3444 / 10000: [ 0, 0, 0, 0, 0 ], [ 0, 526, 19, 153 ]
3445 / 10000: [ 0, 1, 0, 1, 0 ], [ 0, 526, 19, 153 ]
3446 / 10000: [ 0, 0, 0, 1, 0 ], [ 0, 526, 19, 153 ]
3447 / 10000: [ 0, 1, 0, 0, 0 ], [ 0, 526, 19, 153 ]
3448 / 10000: [ 0, 0, 0, 2, 0 ], [ 0, 526, 19, 153 ]
3449 / 10000: [ 0, 0, 0, 0, 0 ], [ 0, 526, 19, 153 ]
3450 / 10000: [ 0, 1, 0, 1, 0 ], [ 0, 526, 19, 153 ]
3451 / 10000: [ 0, 0, 0, 0, 0 ], [ 0, 526, 19, 153 ]
3452 / 10000: [ 0, 0, 0, 0, 0 ], [ 0, 526, 19, 153 ]
3453 / 10000: [ 0, 1, 0, 2, 0 ], [ 0, 526, 19, 154 ]
3454 / 10000: [ 0, 0, 0, 1, 0 ], [ 0, 526, 19, 154 ]
3455 / 10000: [ 0, 0, 0, 1, 0 ], [ 0, 526, 19, 154 ]
3456 / 10000: [ 0, 0, 0, 0, 0 ], [ 0, 526, 19, 154 ]
3457 / 10000: [ 0, 2, 0, 1, 0 ], [ 0, 526, 19, 155 ]
3458 / 10000: [ 0, 0, 0, 0, 0 ], [ 0, 526, 19, 155 ]
3459 / 10000: [ 0, 0, 0, 0, 0 ], [ 0, 526, 19, 155 ]
3460 / 10000: [ 0, 0, 0, 0, 0 ], [ 0, 526, 19, 155 ]
3461 / 10000: [ 0, 1, 0, 0, 0 ], [ 0, 526, 19, 155 ]
3462 / 10000: [ 0, 1, 0, 0, 0 ], [ 0, 526, 19, 155 ]
3463 / 10000: [ 0, 3, 0, 0, 0 ], [ 0, 527, 19, 155 ]
3464 / 10000: [ 0, 0, 0, 0, 0 ], [ 0, 527, 19, 155 ]
3465 / 10000: [ 0, 1, 0, 0, 0 ], [ 0, 527, 19, 155 ]
3466 / 10000: [ 0, 3, 0, 0, 0 ], [ 0, 528, 19, 155 ]
3467 / 10000: [ 0, 0, 0, 0, 0 ], [ 0, 528, 19, 155 ]
3468 / 10000: [ 0, 2, 0, 0, 0 ], [ 0, 528, 19, 155 ]
3469 / 10000: [ 0, 2, 0, 0, 0 ], [ 0, 528, 19, 155 ]
3470 / 10000: [ 0, 2, 0, 0, 0 ], [ 0, 528, 19, 155 ]
3471 / 10000: [ 0, 2, 0, 0, 0 ], [ 0, 528, 19, 155 ]
3472 / 10000: [ 0, 0, 0, 0, 0 ], [ 0, 528, 19, 155 ]
3473 / 10000: [ 0, 3, 0, 0, 0 ], [ 0, 529, 19, 155 ]
3474 / 10000: [ 0, 2, 0, 0, 0 ], [ 0, 529, 19, 155 ]
3475 / 10000: [ 0, 0, 0, 0, 0 ], [ 0, 529, 19, 155 ]
3476 / 10000: [ 0, 1, 0, 0, 0 ], [ 0, 529, 19, 155 ]
3477 / 10000: [ 0, 3, 0, 0, 0 ], [ 0, 530, 19, 155 ]
3478 / 10000: [ 0, 2, 0, 0, 0 ], [ 0, 530, 19, 155 ]
3479 / 10000: [ 0, 1, 0, 0, 0 ], [ 0, 530, 19, 155 ]
3480 / 10000: [ 0, 0, 0, 0, 0 ], [ 0, 530, 19, 155 ]
3481 / 10000: [ 0, 2, 0, 0, 0 ], [ 0, 530, 19, 155 ]
3482 / 10000: [ 0, 1, 0, 0, 0 ], [ 0, 530, 19, 155 ]
3483 / 10000: [ 0, 2, 0, 0, 0 ], [ 0, 530, 19, 155 ]
3484 / 10000: [ 0, 0, 0, 0, 0 ], [ 0, 530, 19, 155 ]
3485 / 10000: [ 0, 0, 0, 0, 0 ], [ 0, 530, 19, 155 ]
3486 / 10000: [ 0, 0, 0, 0, 0 ], [ 0, 530, 19, 155 ]
3487 / 10000: [ 0, 0, 0, 0, 0 ], [ 0, 530, 19, 155 ]
3488 / 10000: [ 0, 0, 0, 0, 0 ], [ 0, 530, 19, 155 ]
3489 / 10000: [ 0, 0, 0, 0, 0 ], [ 0, 530, 19, 155 ]
3490 / 10000: [ 0, 2, 0, 0, 0 ], [ 0, 530, 19, 155 ]
3491 / 10000: [ 0, 0, 0, 0, 0 ], [ 0, 530, 19, 155 ]
3492 / 10000: [ 0, 0, 0, 0, 0 ], [ 0, 530, 19, 155 ]
3493 / 10000: [ 0, 0, 0, 0, 0 ], [ 0, 530, 19, 155 ]
3494 / 10000: [ 0, 0, 0, 0, 0 ], [ 0, 530, 19, 155 ]
3495 / 10000: [ 0, 0, 1, 0, 0 ], [ 0, 530, 19, 155 ]
3496 / 10000: [ 0, 0, 0, 0, 0 ], [ 0, 530, 19, 155 ]
3497 / 10000: [ 0, 0, 0, 0, 0 ], [ 0, 530, 19, 155 ]
3498 / 10000: [ 0, 2, 0, 0, 0 ], [ 0, 530, 19, 155 ]
3499 / 10000: [ 0, 0, 0, 0, 0 ], [ 0, 530, 19, 155 ]
3500 / 10000: [ 0, 3, 0, 0, 0 ], [ 0, 531, 19, 155 ]
3501 / 10000: [ 0, 1, 0, 0, 0 ], [ 0, 531, 19, 155 ]
3502 / 10000: [ 0, 1, 0, 0, 0 ], [ 0, 531, 19, 155 ]
3503 / 10000: [ 0, 1, 0, 0, 0 ], [ 0, 531, 19, 155 ]
3504 / 10000: [ 0, 0, 0, 0, 0 ], [ 0, 531, 19, 155 ]
3505 / 10000: [ 0, 0, 0, 0, 0 ], [ 0, 531, 19, 155 ]
3506 / 10000: [ 0, 2, 0, 0, 0 ], [ 0, 531, 19, 155 ]
3507 / 10000: [ 0, 0, 0, 0, 0 ], [ 0, 531, 19, 155 ]
3508 / 10000: [ 0, 1, 0, 0, 0 ], [ 0, 531, 19, 155 ]
3509 / 10000: [ 0, 2, 0, 0, 0 ], [ 0, 531, 19, 155 ]
3510 / 10000: [ 0, 0, 0, 0, 0 ], [ 0, 531, 19, 155 ]
3511 / 10000: [ 0, 1, 0, 0, 0 ], [ 0, 531, 19, 155 ]
3512 / 10000: [ 0, 0, 0, 0, 0 ], [ 0, 531, 19, 155 ]
3513 / 10000: [ 0, 2, 0, 0, 0 ], [ 0, 531, 19, 155 ]
3514 / 10000: [ 0, 2, 0, 0, 0 ], [ 0, 531, 19, 155 ]
3515 / 10000: [ 0, 0, 0, 0, 0 ], [ 0, 531, 19, 155 ]
3516 / 10000: [ 0, 1, 0, 0, 0 ], [ 0, 531, 19, 155 ]
3517 / 10000: [ 0, 0, 0, 0, 0 ], [ 0, 531, 19, 155 ]
3518 / 10000: [ 0, 2, 0, 0, 0 ], [ 0, 531, 19, 155 ]
3519 / 10000: [ 0, 0, 0, 0, 0 ], [ 0, 531, 19, 155 ]
3520 / 10000: [ 0, 0, 0, 0, 0 ], [ 0, 531, 19, 155 ]
3521 / 10000: [ 0, 0, 0, 0, 0 ], [ 0, 531, 19, 155 ]
3522 / 10000: [ 0, 0, 0, 0, 0 ], [ 0, 531, 19, 155 ]
3523 / 10000: [ 0, 0, 0, 1, 0 ], [ 0, 531, 19, 155 ]
3524 / 10000: [ 0, 0, 0, 0, 0 ], [ 0, 531, 19, 155 ]
3525 / 10000: [ 0, 0, 0, 1, 0 ], [ 0, 531, 19, 155 ]
3526 / 10000: [ 0, 1, 0, 2, 0 ], [ 0, 531, 19, 156 ]
3527 / 10000: [ 0, 0, 0, 0, 0 ], [ 0, 531, 19, 156 ]
3528 / 10000: [ 0, 0, 0, 0, 0 ], [ 0, 531, 19, 156 ]
3529 / 10000: [ 0, 0, 0, 0, 0 ], [ 0, 531, 19, 156 ]
3530 / 10000: [ 0, 0, 0, 1, 0 ], [ 0, 531, 19, 156 ]
3531 / 10000: [ 0, 0, 0, 0, 0 ], [ 0, 531, 19, 156 ]
3532 / 10000: [ 0, 0, 0, 0, 0 ], [ 0, 531, 19, 156 ]
3533 / 10000: [ 0, 1, 0, 1, 0 ], [ 0, 531, 19, 156 ]
3534 / 10000: [ 0, 0, 0, 0, 0 ], [ 0, 531, 19, 156 ]
3535 / 10000: [ 0, 0, 0, 0, 0 ], [ 0, 531, 19, 156 ]
3536 / 10000: [ 0, 0, 0, 0, 0 ], [ 0, 531, 19, 156 ]
3537 / 10000: [ 0, 0, 0, 2, 0 ], [ 0, 531, 19, 156 ]
3538 / 10000: [ 0, 0, 0, 0, 0 ], [ 0, 531, 19, 156 ]
3539 / 10000: [ 0, 0, 0, 0, 0 ], [ 0, 531, 19, 156 ]
3540 / 10000: [ 0, 0, 0, 0, 0 ], [ 0, 531, 19, 156 ]
3541 / 10000: [ 0, 3, 0, 0, 0 ], [ 0, 532, 19, 156 ]
3542 / 10000: [ 0, 2, 1, 0, 0 ], [ 0, 532, 20, 156 ]
3543 / 10000: [ 0, 2, 0, 0, 0 ], [ 0, 532, 20, 156 ]
3544 / 10000: [ 0, 0, 0, 0, 0 ], [ 0, 532, 20, 156 ]
3545 / 10000: [ 0, 0, 0, 0, 0 ], [ 0, 532, 20, 156 ]
3546 / 10000: [ 0, 2, 0, 0, 0 ], [ 0, 532, 20, 156 ]
3547 / 10000: [ 0, 0, 0, 0, 0 ], [ 0, 532, 20, 156 ]
3548 / 10000: [ 0, 1, 0, 0, 0 ], [ 0, 532, 20, 156 ]
3549 / 10000: [ 0, 2, 0, 0, 0 ], [ 0, 532, 20, 156 ]
3550 / 10000: [ 0, 2, 0, 0, 0 ], [ 0, 532, 20, 156 ]
3551 / 10000: [ 0, 1, 0, 0, 0 ], [ 0, 532, 20, 156 ]
3552 / 10000: [ 0, 1, 0, 0, 0 ], [ 0, 532, 20, 156 ]
3553 / 10000: [ 0, 2, 0, 0, 0 ], [ 0, 532, 20, 156 ]
3554 / 10000: [ 0, 2, 0, 0, 0 ], [ 0, 532, 20, 156 ]
3555 / 10000: [ 0, 0, 0, 0, 0 ], [ 0, 532, 20, 156 ]
3556 / 10000: [ 0, 1, 0, 0, 0 ], [ 0, 532, 20, 156 ]
3557 / 10000: [ 0, 0, 0, 0, 0 ], [ 0, 532, 20, 156 ]
3558 / 10000: [ 0, 3, 0, 0, 0 ], [ 0, 533, 20, 156 ]
3559 / 10000: [ 0, 0, 0, 0, 0 ], [ 0, 533, 20, 156 ]
3560 / 10000: [ 0, 2, 0, 0, 0 ], [ 0, 533, 20, 156 ]
3561 / 10000: [ 0, 1, 0, 0, 0 ], [ 0, 533, 20, 156 ]
3562 / 10000: [ 0, 1, 0, 0, 0 ], [ 0, 533, 20, 156 ]
3563 / 10000: [ 0, 1, 0, 0, 0 ], [ 0, 533, 20, 156 ]
3564 / 10000: [ 0, 0, 0, 0, 0 ], [ 0, 533, 20, 156 ]
3565 / 10000: [ 0, 2, 0, 0, 0 ], [ 0, 533, 20, 156 ]
3566 / 10000: [ 0, 3, 0, 0, 0 ], [ 0, 534, 20, 156 ]
3567 / 10000: [ 0, 2, 0, 0, 0 ], [ 0, 534, 20, 156 ]
3568 / 10000: [ 0, 3, 0, 0, 0 ], [ 0, 535, 20, 156 ]
3569 / 10000: [ 0, 3, 0, 0, 0 ], [ 0, 536, 20, 156 ]
3570 / 10000: [ 0, 0, 0, 0, 0 ], [ 0, 536, 20, 156 ]
3571 / 10000: [ 0, 2, 0, 0, 0 ], [ 0, 536, 20, 156 ]
3572 / 10000: [ 0, 1, 0, 0, 0 ], [ 0, 536, 20, 156 ]
3573 / 10000: [ 0, 3, 0, 0, 0 ], [ 0, 537, 20, 156 ]
3574 / 10000: [ 0, 3, 0, 0, 0 ], [ 0, 538, 20, 156 ]
3575 / 10000: [ 0, 2, 0, 0, 0 ], [ 0, 538, 20, 156 ]
3576 / 10000: [ 0, 2, 0, 0, 0 ], [ 0, 538, 20, 156 ]
3577 / 10000: [ 0, 2, 1, 0, 0 ], [ 0, 538, 21, 156 ]
3578 / 10000: [ 0, 2, 0, 0, 0 ], [ 0, 538, 21, 156 ]
3579 / 10000: [ 0, 0, 0, 0, 0 ], [ 0, 538, 21, 156 ]
3580 / 10000: [ 0, 2, 0, 0, 0 ], [ 0, 538, 21, 156 ]
3581 / 10000: [ 0, 0, 0, 1, 0 ], [ 0, 538, 21, 156 ]
3582 / 10000: [ 0, 0, 0, 0, 0 ], [ 0, 538, 21, 156 ]
3583 / 10000: [ 0, 0, 0, 0, 0 ], [ 0, 538, 21, 156 ]
3584 / 10000: [ 0, 0, 0, 0, 0 ], [ 0, 538, 21, 156 ]
3585 / 10000: [ 0, 1, 0, 1, 0 ], [ 0, 538, 21, 156 ]
3586 / 10000: [ 0, 0, 0, 3, 0 ], [ 0, 538, 21, 157 ]
3587 / 10000: [ 0, 0, 0, 2, 0 ], [ 0, 538, 21, 157 ]
3588 / 10000: [ 0, 1, 2, 0, 0 ], [ 0, 538, 22, 157 ]
3589 / 10000: [ 0, 1, 0, 1, 0 ], [ 0, 538, 22, 157 ]
3590 / 10000: [ 0, 0, 0, 0, 0 ], [ 0, 538, 22, 157 ]
3591 / 10000: [ 0, 1, 0, 1, 0 ], [ 0, 538, 22, 157 ]
3592 / 10000: [ 0, 1, 0, 0, 0 ], [ 0, 538, 22, 157 ]
3593 / 10000: [ 0, 2, 0, 1, 0 ], [ 0, 538, 22, 158 ]
3594 / 10000: [ 0, 0, 0, 1, 0 ], [ 0, 538, 22, 158 ]
3595 / 10000: [ 0, 2, 0, 0, 0 ], [ 0, 538, 22, 158 ]
3596 / 10000: [ 0, 1, 0, 1, 0 ], [ 0, 538, 22, 158 ]
3597 / 10000: [ 0, 1, 0, 2, 0 ], [ 0, 538, 22, 159 ]
3598 / 10000: [ 0, 0, 0, 1, 0 ], [ 0, 538, 22, 159 ]
3599 / 10000: [ 0, 0, 1, 0, 0 ], [ 0, 538, 22, 159 ]
3600 / 10000: [ 0, 2, 0, 0, 0 ], [ 0, 538, 22, 159 ]
3601 / 10000: [ 0, 2, 0, 0, 0 ], [ 0, 538, 22, 159 ]
3602 / 10000: [ 0, 1, 0, 0, 0 ], [ 0, 538, 22, 159 ]
3603 / 10000: [ 0, 3, 0, 0, 0 ], [ 0, 539, 22, 159 ]
3604 / 10000: [ 0, 1, 0, 0, 0 ], [ 0, 539, 22, 159 ]
3605 / 10000: [ 0, 1, 0, 0, 0 ], [ 0, 539, 22, 159 ]
3606 / 10000: [ 0, 3, 0, 0, 0 ], [ 0, 540, 22, 159 ]
3607 / 10000: [ 0, 0, 0, 0, 0 ], [ 0, 540, 22, 159 ]
3608 / 10000: [ 0, 3, 0, 0, 0 ], [ 0, 541, 22, 159 ]
3609 / 10000: [ 0, 2, 0, 0, 0 ], [ 0, 541, 22, 159 ]
3610 / 10000: [ 0, 2, 0, 0, 0 ], [ 0, 541, 22, 159 ]
3611 / 10000: [ 0, 3, 0, 0, 0 ], [ 0, 542, 22, 159 ]
3612 / 10000: [ 0, 1, 0, 0, 0 ], [ 0, 542, 22, 159 ]
3613 / 10000: [ 0, 0, 0, 0, 0 ], [ 0, 542, 22, 159 ]
3614 / 10000: [ 0, 0, 0, 0, 0 ], [ 0, 542, 22, 159 ]
3615 / 10000: [ 0, 1, 0, 0, 0 ], [ 0, 542, 22, 159 ]
3616 / 10000: [ 0, 1, 0, 0, 0 ], [ 0, 542, 22, 159 ]
3617 / 10000: [ 0, 1, 0, 0, 0 ], [ 0, 542, 22, 159 ]
3618 / 10000: [ 0, 2, 0, 0, 0 ], [ 0, 542, 22, 159 ]
3619 / 10000: [ 0, 0, 0, 0, 0 ], [ 0, 542, 22, 159 ]
3620 / 10000: [ 0, 3, 0, 0, 0 ], [ 0, 543, 22, 159 ]
3621 / 10000: [ 0, 1, 0, 0, 0 ], [ 0, 543, 22, 159 ]
3622 / 10000: [ 0, 1, 0, 0, 0 ], [ 0, 543, 22, 159 ]
3623 / 10000: [ 0, 2, 0, 0, 0 ], [ 0, 543, 22, 159 ]
3624 / 10000: [ 0, 0, 0, 0, 0 ], [ 0, 543, 22, 159 ]
3625 / 10000: [ 0, 0, 0, 0, 0 ], [ 0, 543, 22, 159 ]
3626 / 10000: [ 0, 3, 0, 0, 0 ], [ 0, 544, 22, 159 ]
3627 / 10000: [ 0, 2, 0, 0, 0 ], [ 0, 544, 22, 159 ]
3628 / 10000: [ 0, 3, 0, 0, 0 ], [ 0, 545, 22, 159 ]
3629 / 10000: [ 0, 3, 0, 0, 0 ], [ 0, 546, 22, 159 ]
3630 / 10000: [ 0, 0, 0, 0, 0 ], [ 0, 546, 22, 159 ]
3631 / 10000: [ 0, 3, 0, 0, 0 ], [ 0, 547, 22, 159 ]
3632 / 10000: [ 0, 2, 0, 0, 0 ], [ 0, 547, 22, 159 ]
3633 / 10000: [ 0, 2, 0, 0, 0 ], [ 0, 547, 22, 159 ]
3634 / 10000: [ 0, 3, 0, 0, 0 ], [ 0, 548, 22, 159 ]
3635 / 10000: [ 0, 3, 0, 0, 0 ], [ 0, 549, 22, 159 ]
3636 / 10000: [ 0, 2, 0, 0, 0 ], [ 0, 549, 22, 159 ]
3637 / 10000: [ 0, 0, 0, 0, 0 ], [ 0, 549, 22, 159 ]
3638 / 10000: [ 0, 2, 0, 0, 0 ], [ 0, 549, 22, 159 ]
3639 / 10000: [ 0, 0, 0, 0, 0 ], [ 0, 549, 22, 159 ]
3640 / 10000: [ 0, 2, 0, 0, 0 ], [ 0, 549, 22, 159 ]
3641 / 10000: [ 0, 3, 0, 0, 0 ], [ 0, 550, 22, 159 ]
3642 / 10000: [ 0, 3, 0, 0, 0 ], [ 0, 551, 22, 159 ]
3643 / 10000: [ 0, 2, 0, 0, 0 ], [ 0, 551, 22, 159 ]
3644 / 10000: [ 0, 2, 0, 0, 0 ], [ 0, 551, 22, 159 ]
3645 / 10000: [ 0, 0, 0, 0, 0 ], [ 0, 551, 22, 159 ]
3646 / 10000: [ 0, 2, 0, 0, 0 ], [ 0, 551, 22, 159 ]
3647 / 10000: [ 0, 0, 0, 0, 0 ], [ 0, 551, 22, 159 ]
3648 / 10000: [ 0, 1, 0, 0, 0 ], [ 0, 551, 22, 159 ]
3649 / 10000: [ 0, 3, 0, 0, 0 ], [ 0, 552, 22, 159 ]
3650 / 10000: [ 0, 2, 0, 0, 0 ], [ 0, 552, 22, 159 ]
3651 / 10000: [ 0, 1, 0, 0, 0 ], [ 0, 552, 22, 159 ]
3652 / 10000: [ 0, 3, 0, 0, 0 ], [ 0, 553, 22, 159 ]
3653 / 10000: [ 0, 3, 0, 0, 0 ], [ 0, 554, 22, 159 ]
3654 / 10000: [ 0, 3, 0, 0, 0 ], [ 0, 555, 22, 159 ]
3655 / 10000: [ 0, 0, 0, 0, 0 ], [ 0, 555, 22, 159 ]
3656 / 10000: [ 0, 1, 0, 0, 0 ], [ 0, 555, 22, 159 ]
3657 / 10000: [ 0, 0, 0, 0, 0 ], [ 0, 555, 22, 159 ]
3658 / 10000: [ 0, 3, 0, 0, 0 ], [ 0, 556, 22, 159 ]
3659 / 10000: [ 0, 0, 0, 0, 0 ], [ 0, 556, 22, 159 ]
3660 / 10000: [ 0, 2, 0, 0, 0 ], [ 0, 556, 22, 159 ]
3661 / 10000: [ 0, 2, 0, 0, 0 ], [ 0, 556, 22, 159 ]
3662 / 10000: [ 0, 1, 0, 0, 0 ], [ 0, 556, 22, 159 ]
3663 / 10000: [ 0, 3, 0, 0, 0 ], [ 0, 557, 22, 159 ]
3664 / 10000: [ 0, 0, 0, 0, 0 ], [ 0, 557, 22, 159 ]
3665 / 10000: [ 0, 2, 0, 0, 0 ], [ 0, 557, 22, 159 ]
3666 / 10000: [ 0, 1, 0, 0, 0 ], [ 0, 557, 22, 159 ]
3667 / 10000: [ 0, 0, 0, 0, 0 ], [ 0, 557, 22, 159 ]
3668 / 10000: [ 0, 0, 0, 0, 0 ], [ 0, 557, 22, 159 ]
3669 / 10000: [ 0, 0, 0, 0, 0 ], [ 0, 557, 22, 159 ]
3670 / 10000: [ 0, 3, 0, 0, 0 ], [ 0, 558, 22, 159 ]
3671 / 10000: [ 0, 0, 0, 0, 0 ], [ 0, 558, 22, 159 ]
3672 / 10000: [ 0, 0, 0, 0, 0 ], [ 0, 558, 22, 159 ]
3673 / 10000: [ 0, 3, 0, 0, 0 ], [ 0, 559, 22, 159 ]
3674 / 10000: [ 0, 2, 0, 0, 0 ], [ 0, 559, 22, 159 ]
3675 / 10000: [ 0, 0, 0, 0, 0 ], [ 0, 559, 22, 159 ]
3676 / 10000: [ 0, 0, 0, 0, 0 ], [ 0, 559, 22, 159 ]
3677 / 10000: [ 0, 3, 0, 0, 0 ], [ 0, 560, 22, 159 ]
3678 / 10000: [ 0, 2, 0, 0, 0 ], [ 0, 560, 22, 159 ]
3679 / 10000: [ 0, 1, 0, 0, 0 ], [ 0, 560, 22, 159 ]
3680 / 10000: [ 0, 2, 0, 0, 0 ], [ 0, 560, 22, 159 ]
3681 / 10000: [ 0, 0, 0, 0, 0 ], [ 0, 560, 22, 159 ]
3682 / 10000: [ 0, 0, 1, 0, 0 ], [ 0, 560, 22, 159 ]
3683 / 10000: [ 0, 2, 0, 0, 0 ], [ 0, 560, 22, 159 ]
3684 / 10000: [ 0, 2, 0, 0, 0 ], [ 0, 560, 22, 159 ]
3685 / 10000: [ 0, 2, 0, 0, 0 ], [ 0, 560, 22, 159 ]
3686 / 10000: [ 0, 3, 0, 0, 0 ], [ 0, 561, 22, 159 ]
3687 / 10000: [ 0, 0, 0, 0, 0 ], [ 0, 561, 22, 159 ]
3688 / 10000: [ 0, 0, 0, 0, 0 ], [ 0, 561, 22, 159 ]
3689 / 10000: [ 0, 1, 0, 0, 0 ], [ 0, 561, 22, 159 ]
3690 / 10000: [ 0, 2, 0, 0, 0 ], [ 0, 561, 22, 159 ]
3691 / 10000: [ 0, 1, 0, 0, 0 ], [ 0, 561, 22, 159 ]
3692 / 10000: [ 0, 0, 0, 0, 0 ], [ 0, 561, 22, 159 ]
3693 / 10000: [ 0, 3, 0, 0, 0 ], [ 0, 562, 22, 159 ]
3694 / 10000: [ 0, 2, 0, 0, 0 ], [ 0, 562, 22, 159 ]
3695 / 10000: [ 0, 0, 0, 0, 0 ], [ 0, 562, 22, 159 ]
3696 / 10000: [ 0, 1, 0, 0, 0 ], [ 0, 562, 22, 159 ]
3697 / 10000: [ 0, 2, 0, 0, 0 ], [ 0, 562, 22, 159 ]
3698 / 10000: [ 0, 0, 0, 0, 0 ], [ 0, 562, 22, 159 ]
3699 / 10000: [ 0, 1, 0, 0, 0 ], [ 0, 562, 22, 159 ]
3700 / 10000: [ 0, 0, 0, 0, 0 ], [ 0, 562, 22, 159 ]
3701 / 10000: [ 0, 0, 0, 1, 0 ], [ 0, 562, 22, 159 ]
3702 / 10000: [ 0, 2, 0, 1, 0 ], [ 0, 562, 22, 160 ]
3703 / 10000: [ 0, 1, 0, 1, 0 ], [ 0, 562, 22, 160 ]
3704 / 10000: [ 0, 0, 1, 0, 0 ], [ 0, 562, 22, 160 ]
3705 / 10000: [ 0, 0, 0, 1, 0 ], [ 0, 562, 22, 160 ]
3706 / 10000: [ 0, 1, 0, 2, 0 ], [ 0, 562, 22, 161 ]
3707 / 10000: [ 0, 0, 0, 0, 0 ], [ 0, 562, 22, 161 ]
3708 / 10000: [ 0, 0, 0, 1, 0 ], [ 0, 562, 22, 161 ]
3709 / 10000: [ 0, 0, 0, 2, 0 ], [ 0, 562, 22, 161 ]
3710 / 10000: [ 0, 0, 0, 1, 0 ], [ 0, 562, 22, 161 ]
3711 / 10000: [ 0, 0, 0, 1, 0 ], [ 0, 562, 22, 161 ]
3712 / 10000: [ 0, 1, 0, 0, 0 ], [ 0, 562, 22, 161 ]
3713 / 10000: [ 0, 0, 0, 3, 0 ], [ 0, 562, 22, 162 ]
3714 / 10000: [ 0, 0, 0, 3, 0 ], [ 0, 562, 22, 163 ]
3715 / 10000: [ 0, 0, 0, 0, 0 ], [ 0, 562, 22, 163 ]
3716 / 10000: [ 0, 0, 0, 1, 0 ], [ 0, 562, 22, 163 ]
3717 / 10000: [ 0, 0, 0, 1, 0 ], [ 0, 562, 22, 163 ]
3718 / 10000: [ 0, 1, 0, 2, 0 ], [ 0, 562, 22, 164 ]
3719 / 10000: [ 0, 0, 0, 0, 1 ], [ 0, 562, 22, 164 ]
3720 / 10000: [ 0, 0, 0, 0, 0 ], [ 0, 562, 22, 164 ]
3721 / 10000: [ 0, 1, 0, 0, 0 ], [ 0, 562, 22, 164 ]
3722 / 10000: [ 0, 1, 0, 2, 0 ], [ 0, 562, 22, 165 ]
3723 / 10000: [ 0, 1, 0, 1, 0 ], [ 0, 562, 22, 165 ]
3724 / 10000: [ 0, 0, 0, 0, 1 ], [ 0, 562, 22, 165 ]
3725 / 10000: [ 0, 1, 0, 0, 0 ], [ 0, 562, 22, 165 ]
3726 / 10000: [ 0, 3, 0, 0, 0 ], [ 0, 563, 22, 165 ]
3727 / 10000: [ 0, 0, 0, 0, 0 ], [ 0, 563, 22, 165 ]
3728 / 10000: [ 0, 1, 0, 0, 0 ], [ 0, 563, 22, 165 ]
3729 / 10000: [ 0, 2, 0, 0, 0 ], [ 0, 563, 22, 165 ]
3730 / 10000: [ 0, 1, 0, 0, 0 ], [ 0, 563, 22, 165 ]
3731 / 10000: [ 0, 1, 0, 0, 0 ], [ 0, 563, 22, 165 ]
3732 / 10000: [ 0, 0, 0, 1, 0 ], [ 0, 563, 22, 165 ]
3733 / 10000: [ 0, 3, 0, 0, 0 ], [ 0, 564, 22, 165 ]
3734 / 10000: [ 0, 3, 0, 0, 0 ], [ 0, 565, 22, 165 ]
3735 / 10000: [ 0, 0, 0, 0, 0 ], [ 0, 565, 22, 165 ]
3736 / 10000: [ 0, 1, 0, 0, 0 ], [ 0, 565, 22, 165 ]
3737 / 10000: [ 0, 1, 0, 0, 0 ], [ 0, 565, 22, 165 ]
3738 / 10000: [ 0, 2, 0, 1, 0 ], [ 0, 565, 22, 166 ]
3739 / 10000: [ 0, 0, 1, 0, 0 ], [ 0, 565, 22, 166 ]
3740 / 10000: [ 0, 0, 0, 0, 0 ], [ 0, 565, 22, 166 ]
3741 / 10000: [ 0, 0, 0, 0, 0 ], [ 0, 565, 22, 166 ]
3742 / 10000: [ 0, 0, 0, 0, 0 ], [ 0, 565, 22, 166 ]
3743 / 10000: [ 0, 0, 0, 1, 0 ], [ 0, 565, 22, 166 ]
3744 / 10000: [ 0, 0, 0, 2, 0 ], [ 0, 565, 22, 166 ]
3745 / 10000: [ 0, 0, 0, 2, 0 ], [ 0, 565, 22, 166 ]
3746 / 10000: [ 0, 0, 0, 1, 0 ], [ 0, 565, 22, 166 ]
3747 / 10000: [ 0, 0, 0, 0, 0 ], [ 0, 565, 22, 166 ]
3748 / 10000: [ 0, 0, 0, 0, 0 ], [ 0, 565, 22, 166 ]
3749 / 10000: [ 0, 0, 0, 1, 0 ], [ 0, 565, 22, 166 ]
3750 / 10000: [ 0, 1, 0, 0, 0 ], [ 0, 565, 22, 166 ]
3751 / 10000: [ 0, 0, 0, 1, 0 ], [ 0, 565, 22, 166 ]
3752 / 10000: [ 0, 0, 0, 0, 0 ], [ 0, 565, 22, 166 ]
3753 / 10000: [ 0, 2, 0, 1, 0 ], [ 0, 565, 22, 167 ]
3754 / 10000: [ 0, 0, 0, 1, 0 ], [ 0, 565, 22, 167 ]
3755 / 10000: [ 0, 0, 0, 0, 0 ], [ 0, 565, 22, 167 ]
3756 / 10000: [ 0, 0, 0, 1, 0 ], [ 0, 565, 22, 167 ]
3757 / 10000: [ 0, 0, 0, 0, 0 ], [ 0, 565, 22, 167 ]
3758 / 10000: [ 0, 0, 0, 0, 0 ], [ 0, 565, 22, 167 ]
3759 / 10000: [ 0, 0, 0, 0, 0 ], [ 0, 565, 22, 167 ]
3760 / 10000: [ 0, 0, 0, 0, 0 ], [ 0, 565, 22, 167 ]
3761 / 10000: [ 0, 0, 0, 0, 0 ], [ 0, 565, 22, 167 ]
3762 / 10000: [ 0, 0, 0, 0, 0 ], [ 0, 565, 22, 167 ]
3763 / 10000: [ 0, 1, 0, 0, 0 ], [ 0, 565, 22, 167 ]
3764 / 10000: [ 0, 2, 0, 0, 0 ], [ 0, 565, 22, 167 ]
3765 / 10000: [ 0, 2, 0, 0, 0 ], [ 0, 565, 22, 167 ]
3766 / 10000: [ 0, 1, 0, 0, 0 ], [ 0, 565, 22, 167 ]
3767 / 10000: [ 0, 0, 0, 0, 0 ], [ 0, 565, 22, 167 ]
3768 / 10000: [ 0, 0, 0, 0, 0 ], [ 0, 565, 22, 167 ]
3769 / 10000: [ 0, 1, 0, 0, 0 ], [ 0, 565, 22, 167 ]
3770 / 10000: [ 0, 0, 0, 1, 0 ], [ 0, 565, 22, 167 ]
3771 / 10000: [ 0, 1, 0, 0, 0 ], [ 0, 565, 22, 167 ]
3772 / 10000: [ 0, 0, 0, 0, 0 ], [ 0, 565, 22, 167 ]
3773 / 10000: [ 0, 1, 0, 2, 0 ], [ 0, 565, 22, 168 ]
3774 / 10000: [ 0, 1, 0, 0, 0 ], [ 0, 565, 22, 168 ]
3775 / 10000: [ 0, 0, 0, 0, 0 ], [ 0, 565, 22, 168 ]
3776 / 10000: [ 0, 1, 0, 0, 0 ], [ 0, 565, 22, 168 ]
3777 / 10000: [ 0, 0, 0, 0, 0 ], [ 0, 565, 22, 168 ]
3778 / 10000: [ 0, 0, 0, 0, 0 ], [ 0, 565, 22, 168 ]
3779 / 10000: [ 0, 0, 0, 0, 0 ], [ 0, 565, 22, 168 ]
3780 / 10000: [ 0, 0, 0, 0, 0 ], [ 0, 565, 22, 168 ]
3781 / 10000: [ 0, 1, 0, 0, 0 ], [ 0, 565, 22, 168 ]
3782 / 10000: [ 0, 1, 0, 0, 0 ], [ 0, 565, 22, 168 ]
3783 / 10000: [ 0, 3, 0, 0, 0 ], [ 0, 566, 22, 168 ]
3784 / 10000: [ 0, 0, 0, 0, 0 ], [ 0, 566, 22, 168 ]
3785 / 10000: [ 0, 1, 0, 0, 0 ], [ 0, 566, 22, 168 ]
3786 / 10000: [ 0, 3, 0, 0, 0 ], [ 0, 567, 22, 168 ]
3787 / 10000: [ 0, 0, 0, 0, 0 ], [ 0, 567, 22, 168 ]
3788 / 10000: [ 0, 1, 0, 0, 0 ], [ 0, 567, 22, 168 ]
3789 / 10000: [ 0, 2, 0, 0, 0 ], [ 0, 567, 22, 168 ]
3790 / 10000: [ 0, 3, 0, 0, 0 ], [ 0, 568, 22, 168 ]
3791 / 10000: [ 0, 1, 0, 0, 0 ], [ 0, 568, 22, 168 ]
3792 / 10000: [ 0, 0, 0, 0, 0 ], [ 0, 568, 22, 168 ]
3793 / 10000: [ 0, 3, 0, 0, 0 ], [ 0, 569, 22, 168 ]
3794 / 10000: [ 0, 2, 0, 0, 0 ], [ 0, 569, 22, 168 ]
3795 / 10000: [ 0, 0, 0, 0, 0 ], [ 0, 569, 22, 168 ]
3796 / 10000: [ 0, 1, 0, 0, 0 ], [ 0, 569, 22, 168 ]
3797 / 10000: [ 0, 2, 0, 0, 0 ], [ 0, 569, 22, 168 ]
3798 / 10000: [ 0, 2, 0, 0, 0 ], [ 0, 569, 22, 168 ]
3799 / 10000: [ 0, 1, 0, 0, 0 ], [ 0, 569, 22, 168 ]
3800 / 10000: [ 0, 0, 0, 0, 0 ], [ 0, 569, 22, 168 ]
3801 / 10000: [ 0, 2, 0, 0, 0 ], [ 0, 569, 22, 168 ]
3802 / 10000: [ 0, 1, 0, 0, 0 ], [ 0, 569, 22, 168 ]
3803 / 10000: [ 0, 3, 0, 0, 0 ], [ 0, 570, 22, 168 ]
3804 / 10000: [ 0, 0, 0, 0, 0 ], [ 0, 570, 22, 168 ]
3805 / 10000: [ 0, 1, 0, 0, 0 ], [ 0, 570, 22, 168 ]
3806 / 10000: [ 0, 1, 0, 0, 0 ], [ 0, 570, 22, 168 ]
3807 / 10000: [ 0, 0, 0, 0, 0 ], [ 0, 570, 22, 168 ]
3808 / 10000: [ 0, 0, 0, 0, 0 ], [ 0, 570, 22, 168 ]
3809 / 10000: [ 0, 0, 0, 0, 0 ], [ 0, 570, 22, 168 ]
3810 / 10000: [ 0, 3, 0, 0, 0 ], [ 0, 571, 22, 168 ]
3811 / 10000: [ 0, 0, 0, 0, 0 ], [ 0, 571, 22, 168 ]
3812 / 10000: [ 0, 0, 0, 0, 0 ], [ 0, 571, 22, 168 ]
3813 / 10000: [ 0, 2, 0, 0, 0 ], [ 0, 571, 22, 168 ]
3814 / 10000: [ 0, 0, 0, 0, 0 ], [ 0, 571, 22, 168 ]
3815 / 10000: [ 0, 0, 0, 0, 0 ], [ 0, 571, 22, 168 ]
3816 / 10000: [ 0, 0, 0, 0, 0 ], [ 0, 571, 22, 168 ]
3817 / 10000: [ 0, 2, 0, 0, 0 ], [ 0, 571, 22, 168 ]
3818 / 10000: [ 0, 2, 0, 0, 0 ], [ 0, 571, 22, 168 ]
3819 / 10000: [ 0, 0, 0, 0, 0 ], [ 0, 571, 22, 168 ]
3820 / 10000: [ 0, 2, 0, 0, 0 ], [ 0, 571, 22, 168 ]
3821 / 10000: [ 0, 3, 0, 0, 0 ], [ 0, 572, 22, 168 ]
3822 / 10000: [ 0, 3, 0, 0, 0 ], [ 0, 573, 22, 168 ]
3823 / 10000: [ 0, 0, 0, 0, 0 ], [ 0, 573, 22, 168 ]
3824 / 10000: [ 0, 0, 0, 0, 0 ], [ 0, 573, 22, 168 ]
3825 / 10000: [ 0, 0, 0, 0, 0 ], [ 0, 573, 22, 168 ]
3826 / 10000: [ 0, 0, 0, 0, 0 ], [ 0, 573, 22, 168 ]
3827 / 10000: [ 0, 0, 0, 0, 0 ], [ 0, 573, 22, 168 ]
3828 / 10000: [ 0, 1, 0, 0, 0 ], [ 0, 573, 22, 168 ]
3829 / 10000: [ 0, 3, 0, 0, 0 ], [ 0, 574, 22, 168 ]
3830 / 10000: [ 0, 2, 0, 0, 0 ], [ 0, 574, 22, 168 ]
3831 / 10000: [ 0, 2, 0, 0, 0 ], [ 0, 574, 22, 168 ]
3832 / 10000: [ 0, 2, 0, 0, 0 ], [ 0, 574, 22, 168 ]
3833 / 10000: [ 0, 0, 0, 0, 0 ], [ 0, 574, 22, 168 ]
3834 / 10000: [ 0, 0, 0, 0, 0 ], [ 0, 574, 22, 168 ]
3835 / 10000: [ 0, 3, 0, 0, 0 ], [ 0, 575, 22, 168 ]
3836 / 10000: [ 0, 1, 0, 0, 0 ], [ 0, 575, 22, 168 ]
3837 / 10000: [ 0, 1, 0, 0, 0 ], [ 0, 575, 22, 168 ]
3838 / 10000: [ 0, 0, 0, 0, 0 ], [ 0, 575, 22, 168 ]
3839 / 10000: [ 0, 2, 0, 0, 0 ], [ 0, 575, 22, 168 ]
3840 / 10000: [ 0, 3, 0, 0, 0 ], [ 0, 576, 22, 168 ]
3841 / 10000: [ 0, 2, 0, 0, 0 ], [ 0, 576, 22, 168 ]
3842 / 10000: [ 0, 1, 0, 0, 0 ], [ 0, 576, 22, 168 ]
3843 / 10000: [ 0, 3, 0, 0, 0 ], [ 0, 577, 22, 168 ]
3844 / 10000: [ 0, 0, 0, 0, 0 ], [ 0, 577, 22, 168 ]
3845 / 10000: [ 0, 1, 0, 0, 0 ], [ 0, 577, 22, 168 ]
3846 / 10000: [ 0, 0, 0, 0, 0 ], [ 0, 577, 22, 168 ]
3847 / 10000: [ 0, 0, 0, 0, 0 ], [ 0, 577, 22, 168 ]
3848 / 10000: [ 0, 0, 0, 0, 0 ], [ 0, 577, 22, 168 ]
3849 / 10000: [ 0, 0, 0, 0, 0 ], [ 0, 577, 22, 168 ]
3850 / 10000: [ 0, 2, 0, 0, 0 ], [ 0, 577, 22, 168 ]
3851 / 10000: [ 0, 0, 0, 0, 0 ], [ 0, 577, 22, 168 ]
3852 / 10000: [ 0, 0, 0, 0, 0 ], [ 0, 577, 22, 168 ]
3853 / 10000: [ 0, 1, 0, 0, 0 ], [ 0, 577, 22, 168 ]
3854 / 10000: [ 0, 0, 0, 0, 0 ], [ 0, 577, 22, 168 ]
3855 / 10000: [ 0, 0, 0, 0, 0 ], [ 0, 577, 22, 168 ]
3856 / 10000: [ 0, 0, 0, 0, 0 ], [ 0, 577, 22, 168 ]
3857 / 10000: [ 0, 1, 0, 0, 0 ], [ 0, 577, 22, 168 ]
3858 / 10000: [ 0, 2, 0, 0, 0 ], [ 0, 577, 22, 168 ]
3859 / 10000: [ 0, 1, 0, 0, 0 ], [ 0, 577, 22, 168 ]
3860 / 10000: [ 0, 2, 0, 0, 0 ], [ 0, 577, 22, 168 ]
3861 / 10000: [ 0, 2, 0, 0, 0 ], [ 0, 577, 22, 168 ]
3862 / 10000: [ 0, 1, 0, 0, 0 ], [ 0, 577, 22, 168 ]
3863 / 10000: [ 0, 2, 0, 0, 0 ], [ 0, 577, 22, 168 ]
3864 / 10000: [ 0, 0, 0, 0, 0 ], [ 0, 577, 22, 168 ]
3865 / 10000: [ 0, 0, 0, 0, 0 ], [ 0, 577, 22, 168 ]
3866 / 10000: [ 0, 0, 0, 0, 0 ], [ 0, 577, 22, 168 ]
3867 / 10000: [ 0, 0, 0, 0, 0 ], [ 0, 577, 22, 168 ]
3868 / 10000: [ 0, 0, 0, 0, 0 ], [ 0, 577, 22, 168 ]
3869 / 10000: [ 0, 0, 0, 0, 0 ], [ 0, 577, 22, 168 ]
3870 / 10000: [ 0, 2, 0, 0, 0 ], [ 0, 577, 22, 168 ]
3871 / 10000: [ 0, 0, 0, 0, 0 ], [ 0, 577, 22, 168 ]
3872 / 10000: [ 0, 0, 0, 0, 0 ], [ 0, 577, 22, 168 ]
3873 / 10000: [ 0, 0, 0, 0, 0 ], [ 0, 577, 22, 168 ]
3874 / 10000: [ 0, 0, 0, 0, 0 ], [ 0, 577, 22, 168 ]
3875 / 10000: [ 0, 0, 0, 0, 0 ], [ 0, 577, 22, 168 ]
3876 / 10000: [ 0, 0, 0, 0, 0 ], [ 0, 577, 22, 168 ]
3877 / 10000: [ 0, 0, 0, 0, 0 ], [ 0, 577, 22, 168 ]
3878 / 10000: [ 0, 2, 0, 0, 0 ], [ 0, 577, 22, 168 ]
3879 / 10000: [ 0, 1, 0, 0, 0 ], [ 0, 577, 22, 168 ]
3880 / 10000: [ 0, 2, 0, 0, 0 ], [ 0, 577, 22, 168 ]
3881 / 10000: [ 0, 0, 0, 0, 0 ], [ 0, 577, 22, 168 ]
3882 / 10000: [ 0, 3, 0, 0, 0 ], [ 0, 578, 22, 168 ]
3883 / 10000: [ 0, 2, 0, 0, 0 ], [ 0, 578, 22, 168 ]
3884 / 10000: [ 0, 0, 0, 0, 0 ], [ 0, 578, 22, 168 ]
3885 / 10000: [ 0, 2, 0, 0, 0 ], [ 0, 578, 22, 168 ]
3886 / 10000: [ 0, 0, 0, 0, 0 ], [ 0, 578, 22, 168 ]
3887 / 10000: [ 0, 0, 0, 0, 0 ], [ 0, 578, 22, 168 ]
3888 / 10000: [ 0, 0, 0, 0, 0 ], [ 0, 578, 22, 168 ]
3889 / 10000: [ 0, 0, 0, 0, 0 ], [ 0, 578, 22, 168 ]
3890 / 10000: [ 0, 1, 0, 0, 0 ], [ 0, 578, 22, 168 ]
3891 / 10000: [ 0, 0, 0, 0, 0 ], [ 0, 578, 22, 168 ]
3892 / 10000: [ 0, 1, 0, 0, 0 ], [ 0, 578, 22, 168 ]
3893 / 10000: [ 0, 1, 0, 0, 0 ], [ 0, 578, 22, 168 ]
3894 / 10000: [ 0, 0, 0, 0, 0 ], [ 0, 578, 22, 168 ]
3895 / 10000: [ 0, 0, 0, 0, 0 ], [ 0, 578, 22, 168 ]
3896 / 10000: [ 0, 0, 0, 0, 0 ], [ 0, 578, 22, 168 ]
3897 / 10000: [ 0, 1, 0, 0, 0 ], [ 0, 578, 22, 168 ]
3898 / 10000: [ 0, 2, 0, 0, 0 ], [ 0, 578, 22, 168 ]
3899 / 10000: [ 0, 0, 0, 0, 0 ], [ 0, 578, 22, 168 ]
3900 / 10000: [ 0, 0, 0, 0, 0 ], [ 0, 578, 22, 168 ]
3901 / 10000: [ 0, 2, 0, 0, 0 ], [ 0, 578, 22, 168 ]
3902 / 10000: [ 0, 1, 0, 0, 0 ], [ 0, 578, 22, 168 ]
3903 / 10000: [ 0, 2, 0, 0, 0 ], [ 0, 578, 22, 168 ]
3904 / 10000: [ 0, 0, 0, 0, 0 ], [ 0, 578, 22, 168 ]
3905 / 10000: [ 0, 0, 0, 0, 0 ], [ 0, 578, 22, 168 ]
3906 / 10000: [ 0, 0, 0, 0, 0 ], [ 0, 578, 22, 168 ]
3907 / 10000: [ 0, 0, 0, 0, 0 ], [ 0, 578, 22, 168 ]
3908 / 10000: [ 0, 0, 0, 0, 0 ], [ 0, 578, 22, 168 ]
3909 / 10000: [ 0, 0, 0, 0, 0 ], [ 0, 578, 22, 168 ]
3910 / 10000: [ 0, 2, 0, 0, 0 ], [ 0, 578, 22, 168 ]
3911 / 10000: [ 0, 1, 0, 0, 0 ], [ 0, 578, 22, 168 ]
3912 / 10000: [ 0, 0, 0, 0, 0 ], [ 0, 578, 22, 168 ]
3913 / 10000: [ 0, 1, 0, 0, 0 ], [ 0, 578, 22, 168 ]
3914 / 10000: [ 0, 0, 0, 0, 0 ], [ 0, 578, 22, 168 ]
3915 / 10000: [ 0, 0, 0, 0, 0 ], [ 0, 578, 22, 168 ]
3916 / 10000: [ 0, 0, 0, 0, 0 ], [ 0, 578, 22, 168 ]
3917 / 10000: [ 0, 0, 0, 0, 0 ], [ 0, 578, 22, 168 ]
3918 / 10000: [ 0, 2, 0, 0, 0 ], [ 0, 578, 22, 168 ]
3919 / 10000: [ 0, 1, 0, 0, 0 ], [ 0, 578, 22, 168 ]
3920 / 10000: [ 0, 2, 0, 0, 0 ], [ 0, 578, 22, 168 ]
3921 / 10000: [ 0, 2, 0, 0, 0 ], [ 0, 578, 22, 168 ]
3922 / 10000: [ 0, 2, 0, 0, 0 ], [ 0, 578, 22, 168 ]
3923 / 10000: [ 0, 2, 0, 0, 0 ], [ 0, 578, 22, 168 ]
3924 / 10000: [ 0, 0, 0, 0, 0 ], [ 0, 578, 22, 168 ]
3925 / 10000: [ 0, 0, 0, 0, 0 ], [ 0, 578, 22, 168 ]
3926 / 10000: [ 0, 2, 0, 0, 0 ], [ 0, 578, 22, 168 ]
3927 / 10000: [ 0, 0, 0, 0, 0 ], [ 0, 578, 22, 168 ]
3928 / 10000: [ 0, 3, 0, 0, 0 ], [ 0, 579, 22, 168 ]
3929 / 10000: [ 0, 3, 0, 0, 0 ], [ 0, 580, 22, 168 ]
3930 / 10000: [ 0, 3, 0, 0, 0 ], [ 0, 581, 22, 168 ]
3931 / 10000: [ 0, 3, 0, 0, 0 ], [ 0, 582, 22, 168 ]
3932 / 10000: [ 0, 2, 0, 0, 0 ], [ 0, 582, 22, 168 ]
3933 / 10000: [ 0, 0, 0, 0, 0 ], [ 0, 582, 22, 168 ]
3934 / 10000: [ 0, 0, 0, 0, 0 ], [ 0, 582, 22, 168 ]
3935 / 10000: [ 0, 2, 0, 0, 0 ], [ 0, 582, 22, 168 ]
3936 / 10000: [ 0, 1, 0, 0, 0 ], [ 0, 582, 22, 168 ]
3937 / 10000: [ 0, 1, 0, 0, 0 ], [ 0, 582, 22, 168 ]
3938 / 10000: [ 0, 2, 0, 0, 0 ], [ 0, 582, 22, 168 ]
3939 / 10000: [ 0, 1, 0, 0, 0 ], [ 0, 582, 22, 168 ]
3940 / 10000: [ 0, 3, 0, 0, 0 ], [ 0, 583, 22, 168 ]
3941 / 10000: [ 0, 2, 0, 0, 0 ], [ 0, 583, 22, 168 ]
3942 / 10000: [ 0, 3, 0, 0, 0 ], [ 0, 584, 22, 168 ]
3943 / 10000: [ 0, 3, 0, 0, 0 ], [ 0, 585, 22, 168 ]
3944 / 10000: [ 0, 1, 0, 0, 0 ], [ 0, 585, 22, 168 ]
3945 / 10000: [ 0, 1, 0, 0, 0 ], [ 0, 585, 22, 168 ]
3946 / 10000: [ 0, 0, 0, 0, 0 ], [ 0, 585, 22, 168 ]
3947 / 10000: [ 0, 0, 0, 0, 0 ], [ 0, 585, 22, 168 ]
3948 / 10000: [ 0, 1, 0, 0, 0 ], [ 0, 585, 22, 168 ]
3949 / 10000: [ 0, 1, 0, 0, 0 ], [ 0, 585, 22, 168 ]
3950 / 10000: [ 0, 2, 0, 0, 0 ], [ 0, 585, 22, 168 ]
3951 / 10000: [ 0, 1, 0, 0, 0 ], [ 0, 585, 22, 168 ]
3952 / 10000: [ 0, 2, 0, 0, 0 ], [ 0, 585, 22, 168 ]
3953 / 10000: [ 0, 1, 0, 0, 0 ], [ 0, 585, 22, 168 ]
3954 / 10000: [ 0, 1, 0, 0, 0 ], [ 0, 585, 22, 168 ]
3955 / 10000: [ 0, 2, 0, 0, 0 ], [ 0, 585, 22, 168 ]
3956 / 10000: [ 0, 1, 0, 0, 0 ], [ 0, 585, 22, 168 ]
3957 / 10000: [ 0, 0, 0, 0, 0 ], [ 0, 585, 22, 168 ]
3958 / 10000: [ 0, 3, 0, 0, 0 ], [ 0, 586, 22, 168 ]
3959 / 10000: [ 0, 0, 0, 0, 0 ], [ 0, 586, 22, 168 ]
3960 / 10000: [ 0, 3, 0, 0, 0 ], [ 0, 587, 22, 168 ]
3961 / 10000: [ 0, 0, 0, 0, 0 ], [ 0, 587, 22, 168 ]
3962 / 10000: [ 0, 0, 0, 0, 0 ], [ 0, 587, 22, 168 ]
3963 / 10000: [ 0, 1, 0, 0, 0 ], [ 0, 587, 22, 168 ]
3964 / 10000: [ 0, 0, 0, 0, 0 ], [ 0, 587, 22, 168 ]
3965 / 10000: [ 0, 0, 0, 0, 0 ], [ 0, 587, 22, 168 ]
3966 / 10000: [ 0, 1, 0, 0, 0 ], [ 0, 587, 22, 168 ]
3967 / 10000: [ 0, 0, 0, 0, 0 ], [ 0, 587, 22, 168 ]
3968 / 10000: [ 0, 1, 0, 0, 0 ], [ 0, 587, 22, 168 ]
3969 / 10000: [ 0, 0, 0, 0, 0 ], [ 0, 587, 22, 168 ]
3970 / 10000: [ 0, 0, 0, 0, 0 ], [ 0, 587, 22, 168 ]
3971 / 10000: [ 0, 3, 0, 0, 0 ], [ 0, 588, 22, 168 ]
3972 / 10000: [ 0, 1, 0, 0, 0 ], [ 0, 588, 22, 168 ]
3973 / 10000: [ 0, 0, 0, 0, 0 ], [ 0, 588, 22, 168 ]
3974 / 10000: [ 0, 0, 0, 0, 0 ], [ 0, 588, 22, 168 ]
3975 / 10000: [ 0, 1, 0, 0, 0 ], [ 0, 588, 22, 168 ]
3976 / 10000: [ 0, 0, 0, 0, 0 ], [ 0, 588, 22, 168 ]
3977 / 10000: [ 0, 0, 0, 0, 0 ], [ 0, 588, 22, 168 ]
3978 / 10000: [ 0, 2, 0, 0, 0 ], [ 0, 588, 22, 168 ]
3979 / 10000: [ 0, 0, 0, 0, 0 ], [ 0, 588, 22, 168 ]
3980 / 10000: [ 0, 2, 0, 0, 0 ], [ 0, 588, 22, 168 ]
3981 / 10000: [ 0, 0, 0, 0, 0 ], [ 0, 588, 22, 168 ]
3982 / 10000: [ 0, 0, 0, 0, 0 ], [ 0, 588, 22, 168 ]
3983 / 10000: [ 0, 0, 0, 0, 0 ], [ 0, 588, 22, 168 ]
3984 / 10000: [ 0, 0, 0, 0, 0 ], [ 0, 588, 22, 168 ]
3985 / 10000: [ 0, 0, 0, 0, 0 ], [ 0, 588, 22, 168 ]
3986 / 10000: [ 0, 1, 0, 0, 0 ], [ 0, 588, 22, 168 ]
3987 / 10000: [ 0, 0, 0, 0, 0 ], [ 0, 588, 22, 168 ]
3988 / 10000: [ 0, 0, 0, 0, 0 ], [ 0, 588, 22, 168 ]
3989 / 10000: [ 0, 0, 0, 0, 0 ], [ 0, 588, 22, 168 ]
3990 / 10000: [ 0, 0, 0, 0, 0 ], [ 0, 588, 22, 168 ]
3991 / 10000: [ 0, 1, 0, 0, 0 ], [ 0, 588, 22, 168 ]
3992 / 10000: [ 0, 0, 0, 0, 0 ], [ 0, 588, 22, 168 ]
3993 / 10000: [ 0, 0, 0, 0, 0 ], [ 0, 588, 22, 168 ]
3994 / 10000: [ 0, 0, 0, 0, 0 ], [ 0, 588, 22, 168 ]
3995 / 10000: [ 0, 0, 0, 0, 0 ], [ 0, 588, 22, 168 ]
3996 / 10000: [ 0, 0, 0, 0, 0 ], [ 0, 588, 22, 168 ]
3997 / 10000: [ 0, 0, 0, 0, 0 ], [ 0, 588, 22, 168 ]
3998 / 10000: [ 0, 0, 0, 0, 0 ], [ 0, 588, 22, 168 ]
3999 / 10000: [ 0, 0, 0, 0, 0 ], [ 0, 588, 22, 168 ]
4000 / 10000: [ 0, 0, 0, 0, 0 ], [ 0, 588, 22, 168 ]
4001 / 10000: [ 0, 0, 0, 0, 0 ], [ 0, 588, 22, 168 ]
4002 / 10000: [ 0, 0, 0, 0, 0 ], [ 0, 588, 22, 168 ]
4003 / 10000: [ 0, 1, 0, 0, 0 ], [ 0, 588, 22, 168 ]
4004 / 10000: [ 0, 0, 0, 0, 0 ], [ 0, 588, 22, 168 ]
4005 / 10000: [ 0, 1, 0, 0, 0 ], [ 0, 588, 22, 168 ]
4006 / 10000: [ 0, 2, 0, 0, 0 ], [ 0, 588, 22, 168 ]
4007 / 10000: [ 0, 0, 0, 0, 0 ], [ 0, 588, 22, 168 ]
4008 / 10000: [ 0, 0, 0, 0, 0 ], [ 0, 588, 22, 168 ]
4009 / 10000: [ 0, 0, 0, 0, 0 ], [ 0, 588, 22, 168 ]
4010 / 10000: [ 0, 0, 0, 0, 0 ], [ 0, 588, 22, 168 ]
4011 / 10000: [ 0, 0, 0, 0, 0 ], [ 0, 588, 22, 168 ]
4012 / 10000: [ 0, 0, 0, 0, 0 ], [ 0, 588, 22, 168 ]
4013 / 10000: [ 0, 2, 0, 0, 0 ], [ 0, 588, 22, 168 ]
4014 / 10000: [ 0, 1, 0, 0, 0 ], [ 0, 588, 22, 168 ]
4015 / 10000: [ 0, 0, 0, 0, 0 ], [ 0, 588, 22, 168 ]
4016 / 10000: [ 0, 0, 0, 0, 0 ], [ 0, 588, 22, 168 ]
4017 / 10000: [ 0, 1, 0, 0, 0 ], [ 0, 588, 22, 168 ]
4018 / 10000: [ 0, 0, 0, 0, 0 ], [ 0, 588, 22, 168 ]
4019 / 10000: [ 0, 1, 0, 0, 0 ], [ 0, 588, 22, 168 ]
4020 / 10000: [ 0, 0, 0, 0, 0 ], [ 0, 588, 22, 168 ]
4021 / 10000: [ 0, 0, 0, 0, 0 ], [ 0, 588, 22, 168 ]
4022 / 10000: [ 0, 0, 0, 0, 0 ], [ 0, 588, 22, 168 ]
4023 / 10000: [ 0, 0, 0, 0, 0 ], [ 0, 588, 22, 168 ]
4024 / 10000: [ 0, 0, 0, 0, 0 ], [ 0, 588, 22, 168 ]
4025 / 10000: [ 0, 0, 0, 0, 0 ], [ 0, 588, 22, 168 ]
4026 / 10000: [ 0, 2, 0, 0, 0 ], [ 0, 588, 22, 168 ]
4027 / 10000: [ 0, 0, 0, 0, 0 ], [ 0, 588, 22, 168 ]
4028 / 10000: [ 0, 1, 0, 0, 0 ], [ 0, 588, 22, 168 ]
4029 / 10000: [ 0, 3, 0, 0, 0 ], [ 0, 589, 22, 168 ]
4030 / 10000: [ 0, 2, 0, 1, 0 ], [ 0, 589, 22, 169 ]
4031 / 10000: [ 0, 3, 0, 0, 0 ], [ 0, 590, 22, 169 ]
4032 / 10000: [ 0, 2, 0, 0, 0 ], [ 0, 590, 22, 169 ]
4033 / 10000: [ 0, 0, 0, 0, 0 ], [ 0, 590, 22, 169 ]
4034 / 10000: [ 0, 0, 0, 0, 0 ], [ 0, 590, 22, 169 ]
4035 / 10000: [ 0, 2, 0, 0, 0 ], [ 0, 590, 22, 169 ]
4036 / 10000: [ 0, 1, 0, 0, 0 ], [ 0, 590, 22, 169 ]
4037 / 10000: [ 0, 1, 0, 0, 0 ], [ 0, 590, 22, 169 ]
4038 / 10000: [ 0, 0, 0, 0, 0 ], [ 0, 590, 22, 169 ]
4039 / 10000: [ 0, 2, 0, 1, 0 ], [ 0, 590, 22, 170 ]
4040 / 10000: [ 0, 2, 0, 0, 0 ], [ 0, 590, 22, 170 ]
4041 / 10000: [ 0, 0, 0, 0, 0 ], [ 0, 590, 22, 170 ]
4042 / 10000: [ 0, 0, 0, 0, 0 ], [ 0, 590, 22, 170 ]
4043 / 10000: [ 0, 0, 0, 0, 0 ], [ 0, 590, 22, 170 ]
4044 / 10000: [ 0, 0, 0, 0, 0 ], [ 0, 590, 22, 170 ]
4045 / 10000: [ 0, 0, 0, 0, 0 ], [ 0, 590, 22, 170 ]
4046 / 10000: [ 0, 2, 0, 0, 0 ], [ 0, 590, 22, 170 ]
4047 / 10000: [ 0, 0, 0, 0, 0 ], [ 0, 590, 22, 170 ]
4048 / 10000: [ 0, 1, 0, 0, 0 ], [ 0, 590, 22, 170 ]
4049 / 10000: [ 0, 1, 0, 2, 0 ], [ 0, 590, 22, 171 ]
4050 / 10000: [ 0, 2, 0, 1, 0 ], [ 0, 590, 22, 172 ]
4051 / 10000: [ 0, 3, 0, 0, 0 ], [ 0, 591, 22, 172 ]
4052 / 10000: [ 0, 1, 0, 1, 0 ], [ 0, 591, 22, 172 ]
4053 / 10000: [ 0, 0, 0, 0, 0 ], [ 0, 591, 22, 172 ]
4054 / 10000: [ 0, 0, 0, 0, 0 ], [ 0, 591, 22, 172 ]
4055 / 10000: [ 0, 1, 0, 1, 0 ], [ 0, 591, 22, 172 ]
4056 / 10000: [ 0, 0, 0, 1, 0 ], [ 0, 591, 22, 172 ]
4057 / 10000: [ 0, 1, 0, 0, 0 ], [ 0, 591, 22, 172 ]
4058 / 10000: [ 0, 0, 0, 0, 0 ], [ 0, 591, 22, 172 ]
4059 / 10000: [ 0, 2, 0, 1, 0 ], [ 0, 591, 22, 173 ]
4060 / 10000: [ 0, 2, 0, 0, 0 ], [ 0, 591, 22, 173 ]
4061 / 10000: [ 0, 0, 0, 0, 0 ], [ 0, 591, 22, 173 ]
4062 / 10000: [ 0, 0, 0, 0, 0 ], [ 0, 591, 22, 173 ]
4063 / 10000: [ 0, 0, 0, 0, 0 ], [ 0, 591, 22, 173 ]
4064 / 10000: [ 0, 0, 0, 0, 0 ], [ 0, 591, 22, 173 ]
4065 / 10000: [ 0, 0, 0, 1, 0 ], [ 0, 591, 22, 173 ]
4066 / 10000: [ 0, 0, 0, 1, 0 ], [ 0, 591, 22, 173 ]
4067 / 10000: [ 0, 0, 0, 0, 0 ], [ 0, 591, 22, 173 ]
4068 / 10000: [ 0, 0, 0, 0, 0 ], [ 0, 591, 22, 173 ]
4069 / 10000: [ 0, 0, 0, 1, 0 ], [ 0, 591, 22, 173 ]
4070 / 10000: [ 0, 0, 0, 1, 0 ], [ 0, 591, 22, 173 ]
4071 / 10000: [ 0, 0, 0, 0, 0 ], [ 0, 591, 22, 173 ]
4072 / 10000: [ 0, 0, 0, 0, 0 ], [ 0, 591, 22, 173 ]
4073 / 10000: [ 0, 0, 0, 3, 0 ], [ 0, 591, 22, 174 ]
4074 / 10000: [ 0, 0, 0, 0, 0 ], [ 0, 591, 22, 174 ]
4075 / 10000: [ 0, 0, 0, 0, 0 ], [ 0, 591, 22, 174 ]
4076 / 10000: [ 0, 0, 0, 0, 0 ], [ 0, 591, 22, 174 ]
4077 / 10000: [ 0, 0, 0, 1, 0 ], [ 0, 591, 22, 174 ]
4078 / 10000: [ 0, 0, 0, 1, 0 ], [ 0, 591, 22, 174 ]
4079 / 10000: [ 0, 1, 0, 1, 0 ], [ 0, 591, 22, 174 ]
4080 / 10000: [ 0, 0, 0, 0, 0 ], [ 0, 591, 22, 174 ]
4081 / 10000: [ 0, 0, 0, 0, 0 ], [ 0, 591, 22, 174 ]
4082 / 10000: [ 0, 0, 0, 0, 0 ], [ 0, 591, 22, 174 ]
4083 / 10000: [ 0, 0, 0, 0, 0 ], [ 0, 591, 22, 174 ]
4084 / 10000: [ 0, 0, 0, 0, 0 ], [ 0, 591, 22, 174 ]
4085 / 10000: [ 0, 0, 0, 1, 0 ], [ 0, 591, 22, 174 ]
4086 / 10000: [ 0, 0, 0, 1, 0 ], [ 0, 591, 22, 174 ]
4087 / 10000: [ 0, 0, 0, 0, 0 ], [ 0, 591, 22, 174 ]
4088 / 10000: [ 0, 0, 0, 0, 0 ], [ 0, 591, 22, 174 ]
4089 / 10000: [ 0, 0, 0, 1, 0 ], [ 0, 591, 22, 174 ]
4090 / 10000: [ 0, 0, 0, 1, 0 ], [ 0, 591, 22, 174 ]
4091 / 10000: [ 0, 0, 0, 0, 0 ], [ 0, 591, 22, 174 ]
4092 / 10000: [ 0, 0, 0, 0, 0 ], [ 0, 591, 22, 174 ]
4093 / 10000: [ 0, 1, 0, 2, 0 ], [ 0, 591, 22, 175 ]
4094 / 10000: [ 0, 0, 0, 0, 0 ], [ 0, 591, 22, 175 ]
4095 / 10000: [ 0, 0, 0, 0, 0 ], [ 0, 591, 22, 175 ]
4096 / 10000: [ 0, 0, 0, 0, 0 ], [ 0, 591, 22, 175 ]
4097 / 10000: [ 0, 0, 0, 1, 0 ], [ 0, 591, 22, 175 ]
4098 / 10000: [ 0, 0, 0, 1, 0 ], [ 0, 591, 22, 175 ]
4099 / 10000: [ 0, 0, 0, 2, 0 ], [ 0, 591, 22, 175 ]
4100 / 10000: [ 0, 0, 0, 0, 0 ], [ 0, 591, 22, 175 ]
4101 / 10000: [ 0, 0, 0, 0, 0 ], [ 0, 591, 22, 175 ]
4102 / 10000: [ 0, 0, 0, 0, 0 ], [ 0, 591, 22, 175 ]
4103 / 10000: [ 0, 0, 0, 0, 0 ], [ 0, 591, 22, 175 ]
4104 / 10000: [ 0, 0, 0, 0, 0 ], [ 0, 591, 22, 175 ]
4105 / 10000: [ 0, 1, 0, 0, 0 ], [ 0, 591, 22, 175 ]
4106 / 10000: [ 0, 1, 0, 0, 0 ], [ 0, 591, 22, 175 ]
4107 / 10000: [ 0, 0, 0, 0, 0 ], [ 0, 591, 22, 175 ]
4108 / 10000: [ 0, 0, 0, 0, 0 ], [ 0, 591, 22, 175 ]
4109 / 10000: [ 0, 1, 0, 0, 0 ], [ 0, 591, 22, 175 ]
4110 / 10000: [ 0, 1, 0, 0, 0 ], [ 0, 591, 22, 175 ]
4111 / 10000: [ 0, 0, 0, 0, 0 ], [ 0, 591, 22, 175 ]
4112 / 10000: [ 0, 0, 0, 0, 0 ], [ 0, 591, 22, 175 ]
4113 / 10000: [ 0, 2, 0, 1, 0 ], [ 0, 591, 22, 176 ]
4114 / 10000: [ 0, 0, 0, 0, 0 ], [ 0, 591, 22, 176 ]
4115 / 10000: [ 0, 0, 0, 0, 0 ], [ 0, 591, 22, 176 ]
4116 / 10000: [ 0, 0, 0, 0, 0 ], [ 0, 591, 22, 176 ]
4117 / 10000: [ 0, 1, 0, 0, 0 ], [ 0, 591, 22, 176 ]
4118 / 10000: [ 0, 1, 0, 0, 0 ], [ 0, 591, 22, 176 ]
4119 / 10000: [ 0, 1, 0, 1, 0 ], [ 0, 591, 22, 176 ]
4120 / 10000: [ 0, 0, 0, 0, 0 ], [ 0, 591, 22, 176 ]
4121 / 10000: [ 0, 2, 0, 0, 0 ], [ 0, 591, 22, 176 ]
4122 / 10000: [ 0, 3, 0, 0, 0 ], [ 0, 592, 22, 176 ]
4123 / 10000: [ 0, 1, 0, 0, 0 ], [ 0, 592, 22, 176 ]
4124 / 10000: [ 0, 0, 0, 0, 0 ], [ 0, 592, 22, 176 ]
4125 / 10000: [ 0, 0, 0, 0, 0 ], [ 0, 592, 22, 176 ]
4126 / 10000: [ 0, 0, 0, 0, 0 ], [ 0, 592, 22, 176 ]
4127 / 10000: [ 0, 0, 0, 0, 0 ], [ 0, 592, 22, 176 ]
4128 / 10000: [ 0, 0, 0, 0, 0 ], [ 0, 592, 22, 176 ]
4129 / 10000: [ 0, 0, 0, 0, 0 ], [ 0, 592, 22, 176 ]
4130 / 10000: [ 0, 0, 0, 0, 0 ], [ 0, 592, 22, 176 ]
4131 / 10000: [ 0, 1, 0, 0, 0 ], [ 0, 592, 22, 176 ]
4132 / 10000: [ 0, 0, 0, 0, 0 ], [ 0, 592, 22, 176 ]
4133 / 10000: [ 0, 0, 0, 0, 0 ], [ 0, 592, 22, 176 ]
4134 / 10000: [ 0, 1, 0, 0, 0 ], [ 0, 592, 22, 176 ]
4135 / 10000: [ 0, 0, 0, 0, 0 ], [ 0, 592, 22, 176 ]
4136 / 10000: [ 0, 0, 0, 0, 0 ], [ 0, 592, 22, 176 ]
4137 / 10000: [ 0, 0, 0, 0, 0 ], [ 0, 592, 22, 176 ]
4138 / 10000: [ 0, 1, 0, 0, 0 ], [ 0, 592, 22, 176 ]
4139 / 10000: [ 0, 1, 0, 0, 0 ], [ 0, 592, 22, 176 ]
4140 / 10000: [ 0, 0, 0, 0, 0 ], [ 0, 592, 22, 176 ]
4141 / 10000: [ 0, 2, 0, 0, 0 ], [ 0, 592, 22, 176 ]
4142 / 10000: [ 0, 0, 0, 0, 0 ], [ 0, 592, 22, 176 ]
4143 / 10000: [ 0, 0, 0, 0, 0 ], [ 0, 592, 22, 176 ]
4144 / 10000: [ 0, 0, 0, 0, 0 ], [ 0, 592, 22, 176 ]
4145 / 10000: [ 0, 0, 0, 0, 0 ], [ 0, 592, 22, 176 ]
4146 / 10000: [ 0, 0, 0, 0, 0 ], [ 0, 592, 22, 176 ]
4147 / 10000: [ 0, 1, 0, 0, 0 ], [ 0, 592, 22, 176 ]
4148 / 10000: [ 0, 0, 0, 0, 0 ], [ 0, 592, 22, 176 ]
4149 / 10000: [ 0, 0, 0, 0, 0 ], [ 0, 592, 22, 176 ]
4150 / 10000: [ 0, 0, 0, 0, 0 ], [ 0, 592, 22, 176 ]
4151 / 10000: [ 0, 0, 0, 0, 0 ], [ 0, 592, 22, 176 ]
4152 / 10000: [ 0, 0, 0, 0, 0 ], [ 0, 592, 22, 176 ]
4153 / 10000: [ 0, 0, 0, 0, 0 ], [ 0, 592, 22, 176 ]
4154 / 10000: [ 0, 0, 0, 0, 0 ], [ 0, 592, 22, 176 ]
4155 / 10000: [ 0, 0, 0, 0, 0 ], [ 0, 592, 22, 176 ]
4156 / 10000: [ 0, 0, 0, 0, 0 ], [ 0, 592, 22, 176 ]
4157 / 10000: [ 0, 0, 0, 0, 0 ], [ 0, 592, 22, 176 ]
4158 / 10000: [ 0, 0, 0, 0, 0 ], [ 0, 592, 22, 176 ]
4159 / 10000: [ 0, 0, 0, 0, 0 ], [ 0, 592, 22, 176 ]
4160 / 10000: [ 0, 0, 0, 0, 0 ], [ 0, 592, 22, 176 ]
4161 / 10000: [ 0, 1, 0, 0, 0 ], [ 0, 592, 22, 176 ]
4162 / 10000: [ 0, 1, 0, 0, 0 ], [ 0, 592, 22, 176 ]
4163 / 10000: [ 0, 1, 0, 0, 0 ], [ 0, 592, 22, 176 ]
4164 / 10000: [ 0, 0, 0, 0, 0 ], [ 0, 592, 22, 176 ]
4165 / 10000: [ 0, 0, 0, 0, 0 ], [ 0, 592, 22, 176 ]
4166 / 10000: [ 0, 2, 0, 0, 0 ], [ 0, 592, 22, 176 ]
4167 / 10000: [ 0, 0, 0, 0, 0 ], [ 0, 592, 22, 176 ]
4168 / 10000: [ 0, 1, 0, 0, 0 ], [ 0, 592, 22, 176 ]
4169 / 10000: [ 0, 3, 0, 0, 0 ], [ 0, 593, 22, 176 ]
4170 / 10000: [ 0, 0, 0, 0, 0 ], [ 0, 593, 22, 176 ]
4171 / 10000: [ 0, 1, 0, 0, 0 ], [ 0, 593, 22, 176 ]
4172 / 10000: [ 0, 1, 0, 0, 0 ], [ 0, 593, 22, 176 ]
4173 / 10000: [ 0, 2, 0, 0, 0 ], [ 0, 593, 22, 176 ]
4174 / 10000: [ 0, 2, 0, 0, 0 ], [ 0, 593, 22, 176 ]
4175 / 10000: [ 0, 1, 0, 0, 0 ], [ 0, 593, 22, 176 ]
4176 / 10000: [ 0, 1, 0, 0, 0 ], [ 0, 593, 22, 176 ]
4177 / 10000: [ 0, 0, 0, 0, 0 ], [ 0, 593, 22, 176 ]
4178 / 10000: [ 0, 2, 0, 0, 0 ], [ 0, 593, 22, 176 ]
4179 / 10000: [ 0, 0, 0, 0, 0 ], [ 0, 593, 22, 176 ]
4180 / 10000: [ 0, 0, 0, 0, 0 ], [ 0, 593, 22, 176 ]
4181 / 10000: [ 0, 2, 0, 0, 0 ], [ 0, 593, 22, 176 ]
4182 / 10000: [ 0, 1, 0, 0, 0 ], [ 0, 593, 22, 176 ]
4183 / 10000: [ 0, 2, 0, 0, 0 ], [ 0, 593, 22, 176 ]
4184 / 10000: [ 0, 1, 0, 0, 0 ], [ 0, 593, 22, 176 ]
4185 / 10000: [ 0, 1, 0, 0, 0 ], [ 0, 593, 22, 176 ]
4186 / 10000: [ 0, 0, 0, 0, 0 ], [ 0, 593, 22, 176 ]
4187 / 10000: [ 0, 0, 0, 0, 0 ], [ 0, 593, 22, 176 ]
4188 / 10000: [ 0, 2, 0, 0, 0 ], [ 0, 593, 22, 176 ]
4189 / 10000: [ 0, 1, 0, 0, 0 ], [ 0, 593, 22, 176 ]
4190 / 10000: [ 0, 2, 0, 0, 0 ], [ 0, 593, 22, 176 ]
4191 / 10000: [ 0, 2, 0, 0, 0 ], [ 0, 593, 22, 176 ]
4192 / 10000: [ 0, 2, 0, 0, 0 ], [ 0, 593, 22, 176 ]
4193 / 10000: [ 0, 1, 1, 0, 0 ], [ 0, 593, 22, 176 ]
4194 / 10000: [ 0, 1, 0, 0, 0 ], [ 0, 593, 22, 176 ]
4195 / 10000: [ 0, 2, 0, 0, 0 ], [ 0, 593, 22, 176 ]
4196 / 10000: [ 0, 1, 0, 0, 0 ], [ 0, 593, 22, 176 ]
4197 / 10000: [ 0, 1, 0, 0, 0 ], [ 0, 593, 22, 176 ]
4198 / 10000: [ 0, 2, 0, 0, 0 ], [ 0, 593, 22, 176 ]
4199 / 10000: [ 0, 0, 0, 0, 0 ], [ 0, 593, 22, 176 ]
4200 / 10000: [ 0, 3, 0, 0, 0 ], [ 0, 594, 22, 176 ]
4201 / 10000: [ 0, 2, 0, 0, 0 ], [ 0, 594, 22, 176 ]
4202 / 10000: [ 0, 1, 0, 0, 0 ], [ 0, 594, 22, 176 ]
4203 / 10000: [ 0, 3, 0, 0, 0 ], [ 0, 595, 22, 176 ]
4204 / 10000: [ 0, 0, 0, 0, 0 ], [ 0, 595, 22, 176 ]
4205 / 10000: [ 0, 2, 0, 0, 0 ], [ 0, 595, 22, 176 ]
4206 / 10000: [ 0, 0, 0, 0, 0 ], [ 0, 595, 22, 176 ]
4207 / 10000: [ 0, 0, 0, 0, 0 ], [ 0, 595, 22, 176 ]
4208 / 10000: [ 0, 0, 0, 0, 0 ], [ 0, 595, 22, 176 ]
4209 / 10000: [ 0, 1, 0, 0, 0 ], [ 0, 595, 22, 176 ]
4210 / 10000: [ 0, 3, 0, 0, 0 ], [ 0, 596, 22, 176 ]
4211 / 10000: [ 0, 1, 0, 0, 0 ], [ 0, 596, 22, 176 ]
4212 / 10000: [ 0, 3, 0, 0, 0 ], [ 0, 597, 22, 176 ]
4213 / 10000: [ 0, 0, 0, 0, 0 ], [ 0, 597, 22, 176 ]
4214 / 10000: [ 0, 0, 0, 0, 0 ], [ 0, 597, 22, 176 ]
4215 / 10000: [ 0, 1, 0, 0, 0 ], [ 0, 597, 22, 176 ]
4216 / 10000: [ 0, 0, 0, 0, 0 ], [ 0, 597, 22, 176 ]
4217 / 10000: [ 0, 1, 0, 0, 0 ], [ 0, 597, 22, 176 ]
4218 / 10000: [ 0, 3, 0, 0, 0 ], [ 0, 598, 22, 176 ]
4219 / 10000: [ 0, 0, 0, 0, 0 ], [ 0, 598, 22, 176 ]
4220 / 10000: [ 0, 3, 0, 0, 0 ], [ 0, 599, 22, 176 ]
4221 / 10000: [ 0, 0, 0, 0, 0 ], [ 0, 599, 22, 176 ]
4222 / 10000: [ 0, 0, 0, 0, 0 ], [ 0, 599, 22, 176 ]
4223 / 10000: [ 0, 1, 0, 0, 0 ], [ 0, 599, 22, 176 ]
4224 / 10000: [ 0, 0, 0, 0, 0 ], [ 0, 599, 22, 176 ]
4225 / 10000: [ 0, 1, 0, 0, 0 ], [ 0, 599, 22, 176 ]
4226 / 10000: [ 0, 3, 0, 0, 0 ], [ 0, 600, 22, 176 ]
4227 / 10000: [ 0, 0, 0, 0, 0 ], [ 0, 600, 22, 176 ]
4228 / 10000: [ 0, 1, 0, 0, 0 ], [ 0, 600, 22, 176 ]
4229 / 10000: [ 0, 2, 0, 0, 0 ], [ 0, 600, 22, 176 ]
4230 / 10000: [ 0, 1, 0, 0, 0 ], [ 0, 600, 22, 176 ]
4231 / 10000: [ 0, 3, 0, 0, 0 ], [ 0, 601, 22, 176 ]
4232 / 10000: [ 0, 1, 0, 0, 0 ], [ 0, 601, 22, 176 ]
4233 / 10000: [ 0, 2, 0, 0, 0 ], [ 0, 601, 22, 176 ]
4234 / 10000: [ 0, 0, 0, 0, 0 ], [ 0, 601, 22, 176 ]
4235 / 10000: [ 0, 2, 0, 0, 0 ], [ 0, 601, 22, 176 ]
4236 / 10000: [ 0, 0, 0, 0, 0 ], [ 0, 601, 22, 176 ]
4237 / 10000: [ 0, 3, 0, 0, 0 ], [ 0, 602, 22, 176 ]
4238 / 10000: [ 0, 0, 0, 0, 0 ], [ 0, 602, 22, 176 ]
4239 / 10000: [ 0, 0, 0, 0, 0 ], [ 0, 602, 22, 176 ]
4240 / 10000: [ 0, 3, 0, 0, 0 ], [ 0, 603, 22, 176 ]
4241 / 10000: [ 0, 1, 0, 0, 0 ], [ 0, 603, 22, 176 ]
4242 / 10000: [ 0, 0, 0, 0, 0 ], [ 0, 603, 22, 176 ]
4243 / 10000: [ 0, 1, 0, 0, 0 ], [ 0, 603, 22, 176 ]
4244 / 10000: [ 0, 0, 0, 0, 0 ], [ 0, 603, 22, 176 ]
4245 / 10000: [ 0, 0, 0, 0, 0 ], [ 0, 603, 22, 176 ]
4246 / 10000: [ 0, 1, 0, 0, 0 ], [ 0, 603, 22, 176 ]
4247 / 10000: [ 0, 0, 0, 0, 0 ], [ 0, 603, 22, 176 ]
4248 / 10000: [ 0, 1, 0, 0, 0 ], [ 0, 603, 22, 176 ]
4249 / 10000: [ 0, 0, 0, 0, 0 ], [ 0, 603, 22, 176 ]
4250 / 10000: [ 0, 2, 0, 0, 0 ], [ 0, 603, 22, 176 ]
4251 / 10000: [ 0, 0, 0, 0, 0 ], [ 0, 603, 22, 176 ]
4252 / 10000: [ 0, 0, 0, 0, 0 ], [ 0, 603, 22, 176 ]
4253 / 10000: [ 0, 0, 0, 0, 0 ], [ 0, 603, 22, 176 ]
4254 / 10000: [ 0, 0, 0, 0, 0 ], [ 0, 603, 22, 176 ]
4255 / 10000: [ 0, 0, 0, 0, 0 ], [ 0, 603, 22, 176 ]
4256 / 10000: [ 0, 1, 0, 0, 0 ], [ 0, 603, 22, 176 ]
4257 / 10000: [ 0, 0, 0, 0, 0 ], [ 0, 603, 22, 176 ]
4258 / 10000: [ 0, 1, 0, 0, 0 ], [ 0, 603, 22, 176 ]
4259 / 10000: [ 0, 2, 0, 0, 0 ], [ 0, 603, 22, 176 ]
4260 / 10000: [ 0, 0, 0, 0, 0 ], [ 0, 603, 22, 176 ]
4261 / 10000: [ 0, 1, 0, 0, 0 ], [ 0, 603, 22, 176 ]
4262 / 10000: [ 0, 0, 0, 0, 0 ], [ 0, 603, 22, 176 ]
4263 / 10000: [ 0, 1, 0, 0, 0 ], [ 0, 603, 22, 176 ]
4264 / 10000: [ 0, 0, 0, 0, 0 ], [ 0, 603, 22, 176 ]
4265 / 10000: [ 0, 1, 0, 0, 0 ], [ 0, 603, 22, 176 ]
4266 / 10000: [ 0, 2, 0, 0, 0 ], [ 0, 603, 22, 176 ]
4267 / 10000: [ 0, 0, 0, 0, 0 ], [ 0, 603, 22, 176 ]
4268 / 10000: [ 0, 0, 0, 0, 0 ], [ 0, 603, 22, 176 ]
4269 / 10000: [ 0, 2, 0, 0, 0 ], [ 0, 603, 22, 176 ]
4270 / 10000: [ 0, 0, 0, 0, 0 ], [ 0, 603, 22, 176 ]
4271 / 10000: [ 0, 1, 0, 0, 0 ], [ 0, 603, 22, 176 ]
4272 / 10000: [ 0, 0, 0, 0, 0 ], [ 0, 603, 22, 176 ]
4273 / 10000: [ 0, 2, 0, 0, 0 ], [ 0, 603, 22, 176 ]
4274 / 10000: [ 0, 1, 0, 0, 0 ], [ 0, 603, 22, 176 ]
4275 / 10000: [ 0, 0, 0, 0, 0 ], [ 0, 603, 22, 176 ]
4276 / 10000: [ 0, 0, 0, 0, 0 ], [ 0, 603, 22, 176 ]
4277 / 10000: [ 0, 1, 0, 0, 0 ], [ 0, 603, 22, 176 ]
4278 / 10000: [ 0, 1, 0, 0, 0 ], [ 0, 603, 22, 176 ]
4279 / 10000: [ 0, 1, 0, 0, 0 ], [ 0, 603, 22, 176 ]
4280 / 10000: [ 0, 0, 0, 0, 0 ], [ 0, 603, 22, 176 ]
4281 / 10000: [ 0, 3, 0, 0, 0 ], [ 0, 604, 22, 176 ]
4282 / 10000: [ 0, 3, 0, 0, 0 ], [ 0, 605, 22, 176 ]
4283 / 10000: [ 0, 3, 0, 0, 0 ], [ 0, 606, 22, 176 ]
4284 / 10000: [ 0, 0, 0, 0, 0 ], [ 0, 606, 22, 176 ]
4285 / 10000: [ 0, 0, 0, 0, 0 ], [ 0, 606, 22, 176 ]
4286 / 10000: [ 0, 3, 0, 0, 0 ], [ 0, 607, 22, 176 ]
4287 / 10000: [ 0, 0, 0, 0, 0 ], [ 0, 607, 22, 176 ]
4288 / 10000: [ 0, 1, 0, 0, 0 ], [ 0, 607, 22, 176 ]
4289 / 10000: [ 0, 2, 0, 0, 0 ], [ 0, 607, 22, 176 ]
4290 / 10000: [ 0, 2, 0, 0, 0 ], [ 0, 607, 22, 176 ]
4291 / 10000: [ 0, 1, 0, 0, 0 ], [ 0, 607, 22, 176 ]
4292 / 10000: [ 0, 1, 1, 0, 0 ], [ 0, 607, 22, 176 ]
4293 / 10000: [ 0, 2, 0, 0, 0 ], [ 0, 607, 22, 176 ]
4294 / 10000: [ 0, 3, 0, 0, 0 ], [ 0, 608, 22, 176 ]
4295 / 10000: [ 0, 0, 0, 0, 0 ], [ 0, 608, 22, 176 ]
4296 / 10000: [ 0, 1, 0, 0, 0 ], [ 0, 608, 22, 176 ]
4297 / 10000: [ 0, 0, 0, 0, 0 ], [ 0, 608, 22, 176 ]
4298 / 10000: [ 0, 3, 0, 0, 0 ], [ 0, 609, 22, 176 ]
4299 / 10000: [ 0, 0, 0, 0, 0 ], [ 0, 609, 22, 176 ]
4300 / 10000: [ 0, 2, 0, 0, 0 ], [ 0, 609, 22, 176 ]
4301 / 10000: [ 0, 1, 0, 0, 0 ], [ 0, 609, 22, 176 ]
4302 / 10000: [ 0, 1, 0, 0, 0 ], [ 0, 609, 22, 176 ]
4303 / 10000: [ 0, 1, 0, 0, 0 ], [ 0, 609, 22, 176 ]
4304 / 10000: [ 0, 0, 0, 0, 0 ], [ 0, 609, 22, 176 ]
4305 / 10000: [ 0, 0, 0, 0, 0 ], [ 0, 609, 22, 176 ]
4306 / 10000: [ 0, 2, 0, 0, 0 ], [ 0, 609, 22, 176 ]
4307 / 10000: [ 0, 0, 0, 0, 0 ], [ 0, 609, 22, 176 ]
4308 / 10000: [ 0, 1, 0, 0, 0 ], [ 0, 609, 22, 176 ]
4309 / 10000: [ 0, 2, 0, 0, 0 ], [ 0, 609, 22, 176 ]
4310 / 10000: [ 0, 0, 0, 0, 0 ], [ 0, 609, 22, 176 ]
4311 / 10000: [ 0, 1, 0, 0, 0 ], [ 0, 609, 22, 176 ]
4312 / 10000: [ 0, 0, 0, 0, 0 ], [ 0, 609, 22, 176 ]
4313 / 10000: [ 0, 2, 0, 0, 0 ], [ 0, 609, 22, 176 ]
4314 / 10000: [ 0, 2, 0, 0, 0 ], [ 0, 609, 22, 176 ]
4315 / 10000: [ 0, 0, 0, 0, 0 ], [ 0, 609, 22, 176 ]
4316 / 10000: [ 0, 1, 0, 0, 0 ], [ 0, 609, 22, 176 ]
4317 / 10000: [ 0, 0, 0, 0, 0 ], [ 0, 609, 22, 176 ]
4318 / 10000: [ 0, 2, 0, 0, 0 ], [ 0, 609, 22, 176 ]
4319 / 10000: [ 0, 1, 0, 0, 0 ], [ 0, 609, 22, 176 ]
4320 / 10000: [ 0, 0, 0, 0, 0 ], [ 0, 609, 22, 176 ]
4321 / 10000: [ 0, 0, 0, 0, 0 ], [ 0, 609, 22, 176 ]
4322 / 10000: [ 0, 0, 0, 0, 0 ], [ 0, 609, 22, 176 ]
4323 / 10000: [ 0, 1, 0, 0, 0 ], [ 0, 609, 22, 176 ]
4324 / 10000: [ 0, 0, 0, 0, 0 ], [ 0, 609, 22, 176 ]
4325 / 10000: [ 0, 1, 0, 0, 0 ], [ 0, 609, 22, 176 ]
4326 / 10000: [ 0, 1, 0, 0, 0 ], [ 0, 609, 22, 176 ]
4327 / 10000: [ 0, 0, 0, 0, 0 ], [ 0, 609, 22, 176 ]
4328 / 10000: [ 0, 0, 0, 0, 0 ], [ 0, 609, 22, 176 ]
4329 / 10000: [ 0, 1, 0, 0, 0 ], [ 0, 609, 22, 176 ]
4330 / 10000: [ 0, 1, 0, 0, 0 ], [ 0, 609, 22, 176 ]
4331 / 10000: [ 0, 0, 0, 0, 0 ], [ 0, 609, 22, 176 ]
4332 / 10000: [ 0, 1, 0, 0, 0 ], [ 0, 609, 22, 176 ]
4333 / 10000: [ 0, 1, 0, 0, 0 ], [ 0, 609, 22, 176 ]
4334 / 10000: [ 0, 0, 0, 0, 0 ], [ 0, 609, 22, 176 ]
4335 / 10000: [ 0, 1, 0, 0, 0 ], [ 0, 609, 22, 176 ]
4336 / 10000: [ 0, 0, 0, 0, 0 ], [ 0, 609, 22, 176 ]
4337 / 10000: [ 0, 2, 0, 0, 0 ], [ 0, 609, 22, 176 ]
4338 / 10000: [ 0, 0, 0, 0, 0 ], [ 0, 609, 22, 176 ]
4339 / 10000: [ 0, 0, 0, 0, 0 ], [ 0, 609, 22, 176 ]
4340 / 10000: [ 0, 0, 0, 0, 0 ], [ 0, 609, 22, 176 ]
4341 / 10000: [ 0, 2, 0, 0, 0 ], [ 0, 609, 22, 176 ]
4342 / 10000: [ 0, 1, 0, 0, 0 ], [ 0, 609, 22, 176 ]
4343 / 10000: [ 0, 2, 0, 0, 0 ], [ 0, 609, 22, 176 ]
4344 / 10000: [ 0, 0, 0, 0, 0 ], [ 0, 609, 22, 176 ]
4345 / 10000: [ 0, 0, 0, 0, 0 ], [ 0, 609, 22, 176 ]
4346 / 10000: [ 0, 0, 0, 0, 0 ], [ 0, 609, 22, 176 ]
4347 / 10000: [ 0, 0, 0, 0, 0 ], [ 0, 609, 22, 176 ]
4348 / 10000: [ 0, 0, 0, 1, 0 ], [ 0, 609, 22, 176 ]
4349 / 10000: [ 0, 1, 0, 1, 0 ], [ 0, 609, 22, 176 ]
4350 / 10000: [ 0, 3, 0, 0, 0 ], [ 0, 610, 22, 176 ]
4351 / 10000: [ 0, 2, 0, 1, 0 ], [ 0, 610, 22, 177 ]
4352 / 10000: [ 0, 0, 0, 1, 0 ], [ 0, 610, 22, 177 ]
4353 / 10000: [ 0, 0, 0, 0, 0 ], [ 0, 610, 22, 177 ]
4354 / 10000: [ 0, 0, 0, 0, 0 ], [ 0, 610, 22, 177 ]
4355 / 10000: [ 0, 1, 0, 2, 0 ], [ 0, 610, 22, 178 ]
4356 / 10000: [ 0, 0, 0, 1, 0 ], [ 0, 610, 22, 178 ]
4357 / 10000: [ 0, 1, 0, 0, 0 ], [ 0, 610, 22, 178 ]
4358 / 10000: [ 0, 2, 0, 0, 0 ], [ 0, 610, 22, 178 ]
4359 / 10000: [ 0, 1, 0, 1, 0 ], [ 0, 610, 22, 178 ]
4360 / 10000: [ 0, 3, 0, 0, 0 ], [ 0, 611, 22, 178 ]
4361 / 10000: [ 0, 2, 0, 0, 0 ], [ 0, 611, 22, 178 ]
4362 / 10000: [ 0, 1, 0, 0, 0 ], [ 0, 611, 22, 178 ]
4363 / 10000: [ 0, 2, 0, 0, 0 ], [ 0, 611, 22, 178 ]
4364 / 10000: [ 0, 0, 0, 0, 0 ], [ 0, 611, 22, 178 ]
4365 / 10000: [ 0, 0, 0, 0, 0 ], [ 0, 611, 22, 178 ]
4366 / 10000: [ 0, 0, 0, 0, 0 ], [ 0, 611, 22, 178 ]
4367 / 10000: [ 0, 0, 0, 0, 0 ], [ 0, 611, 22, 178 ]
4368 / 10000: [ 0, 1, 0, 0, 0 ], [ 0, 611, 22, 178 ]
4369 / 10000: [ 0, 1, 0, 1, 0 ], [ 0, 611, 22, 178 ]
4370 / 10000: [ 0, 2, 0, 1, 0 ], [ 0, 611, 22, 179 ]
4371 / 10000: [ 0, 1, 0, 2, 0 ], [ 0, 611, 22, 180 ]
4372 / 10000: [ 0, 1, 0, 0, 0 ], [ 0, 611, 22, 180 ]
4373 / 10000: [ 0, 0, 0, 0, 0 ], [ 0, 611, 22, 180 ]
4374 / 10000: [ 0, 0, 0, 0, 0 ], [ 0, 611, 22, 180 ]
4375 / 10000: [ 0, 2, 0, 1, 0 ], [ 0, 611, 22, 181 ]
4376 / 10000: [ 0, 1, 0, 0, 0 ], [ 0, 611, 22, 181 ]
4377 / 10000: [ 0, 0, 0, 1, 0 ], [ 0, 611, 22, 181 ]
4378 / 10000: [ 0, 2, 0, 0, 0 ], [ 0, 611, 22, 181 ]
4379 / 10000: [ 0, 1, 0, 1, 0 ], [ 0, 611, 22, 181 ]
4380 / 10000: [ 0, 3, 0, 0, 0 ], [ 0, 612, 22, 181 ]
4381 / 10000: [ 0, 0, 0, 0, 0 ], [ 0, 612, 22, 181 ]
4382 / 10000: [ 0, 0, 0, 0, 0 ], [ 0, 612, 22, 181 ]
4383 / 10000: [ 0, 1, 0, 0, 0 ], [ 0, 612, 22, 181 ]
4384 / 10000: [ 0, 0, 0, 0, 0 ], [ 0, 612, 22, 181 ]
4385 / 10000: [ 0, 1, 0, 0, 0 ], [ 0, 612, 22, 181 ]
4386 / 10000: [ 0, 1, 0, 0, 0 ], [ 0, 612, 22, 181 ]
4387 / 10000: [ 0, 0, 0, 0, 0 ], [ 0, 612, 22, 181 ]
4388 / 10000: [ 0, 0, 0, 0, 0 ], [ 0, 612, 22, 181 ]
4389 / 10000: [ 0, 0, 0, 0, 0 ], [ 0, 612, 22, 181 ]
4390 / 10000: [ 0, 1, 0, 0, 0 ], [ 0, 612, 22, 181 ]
4391 / 10000: [ 0, 0, 0, 0, 0 ], [ 0, 612, 22, 181 ]
4392 / 10000: [ 0, 0, 0, 0, 0 ], [ 0, 612, 22, 181 ]
4393 / 10000: [ 0, 2, 0, 0, 0 ], [ 0, 612, 22, 181 ]
4394 / 10000: [ 0, 0, 0, 0, 0 ], [ 0, 612, 22, 181 ]
4395 / 10000: [ 0, 0, 0, 0, 0 ], [ 0, 612, 22, 181 ]
4396 / 10000: [ 0, 0, 0, 0, 0 ], [ 0, 612, 22, 181 ]
4397 / 10000: [ 0, 2, 0, 0, 0 ], [ 0, 612, 22, 181 ]
4398 / 10000: [ 0, 0, 0, 0, 0 ], [ 0, 612, 22, 181 ]
4399 / 10000: [ 0, 0, 0, 0, 0 ], [ 0, 612, 22, 181 ]
4400 / 10000: [ 0, 0, 0, 0, 0 ], [ 0, 612, 22, 181 ]
4401 / 10000: [ 0, 3, 0, 0, 0 ], [ 0, 613, 22, 181 ]
4402 / 10000: [ 0, 2, 0, 0, 0 ], [ 0, 613, 22, 181 ]
4403 / 10000: [ 0, 3, 0, 0, 0 ], [ 0, 614, 22, 181 ]
4404 / 10000: [ 0, 0, 0, 0, 0 ], [ 0, 614, 22, 181 ]
4405 / 10000: [ 0, 0, 0, 0, 0 ], [ 0, 614, 22, 181 ]
4406 / 10000: [ 0, 2, 0, 0, 0 ], [ 0, 614, 22, 181 ]
4407 / 10000: [ 0, 0, 0, 0, 0 ], [ 0, 614, 22, 181 ]
4408 / 10000: [ 0, 1, 0, 0, 0 ], [ 0, 614, 22, 181 ]
4409 / 10000: [ 0, 2, 0, 0, 0 ], [ 0, 614, 22, 181 ]
4410 / 10000: [ 0, 3, 0, 0, 0 ], [ 0, 615, 22, 181 ]
4411 / 10000: [ 0, 1, 0, 0, 0 ], [ 0, 615, 22, 181 ]
4412 / 10000: [ 0, 0, 0, 0, 0 ], [ 0, 615, 22, 181 ]
4413 / 10000: [ 0, 2, 0, 0, 0 ], [ 0, 615, 22, 181 ]
4414 / 10000: [ 0, 2, 0, 0, 0 ], [ 0, 615, 22, 181 ]
4415 / 10000: [ 0, 0, 0, 0, 0 ], [ 0, 615, 22, 181 ]
4416 / 10000: [ 0, 1, 0, 0, 0 ], [ 0, 615, 22, 181 ]
4417 / 10000: [ 0, 0, 0, 0, 0 ], [ 0, 615, 22, 181 ]
4418 / 10000: [ 0, 3, 0, 0, 0 ], [ 0, 616, 22, 181 ]
4419 / 10000: [ 0, 0, 0, 0, 0 ], [ 0, 616, 22, 181 ]
4420 / 10000: [ 0, 2, 0, 0, 0 ], [ 0, 616, 22, 181 ]
4421 / 10000: [ 0, 0, 0, 0, 0 ], [ 0, 616, 22, 181 ]
4422 / 10000: [ 0, 2, 0, 0, 0 ], [ 0, 616, 22, 181 ]
4423 / 10000: [ 0, 3, 0, 0, 0 ], [ 0, 617, 22, 181 ]
4424 / 10000: [ 0, 0, 0, 0, 0 ], [ 0, 617, 22, 181 ]
4425 / 10000: [ 0, 0, 0, 0, 0 ], [ 0, 617, 22, 181 ]
4426 / 10000: [ 0, 0, 0, 0, 0 ], [ 0, 617, 22, 181 ]
4427 / 10000: [ 0, 0, 0, 0, 0 ], [ 0, 617, 22, 181 ]
4428 / 10000: [ 0, 0, 0, 0, 0 ], [ 0, 617, 22, 181 ]
4429 / 10000: [ 0, 0, 0, 0, 0 ], [ 0, 617, 22, 181 ]
4430 / 10000: [ 0, 0, 0, 0, 0 ], [ 0, 617, 22, 181 ]
4431 / 10000: [ 0, 0, 0, 0, 0 ], [ 0, 617, 22, 181 ]
4432 / 10000: [ 0, 1, 0, 0, 0 ], [ 0, 617, 22, 181 ]
4433 / 10000: [ 0, 0, 0, 0, 0 ], [ 0, 617, 22, 181 ]
4434 / 10000: [ 0, 0, 0, 0, 0 ], [ 0, 617, 22, 181 ]
4435 / 10000: [ 0, 0, 0, 0, 0 ], [ 0, 617, 22, 181 ]
4436 / 10000: [ 0, 0, 0, 0, 0 ], [ 0, 617, 22, 181 ]
4437 / 10000: [ 0, 0, 0, 0, 0 ], [ 0, 617, 22, 181 ]
4438 / 10000: [ 0, 1, 0, 0, 0 ], [ 0, 617, 22, 181 ]
4439 / 10000: [ 0, 0, 0, 0, 0 ], [ 0, 617, 22, 181 ]
4440 / 10000: [ 0, 0, 0, 0, 0 ], [ 0, 617, 22, 181 ]
4441 / 10000: [ 0, 0, 0, 0, 0 ], [ 0, 617, 22, 181 ]
4442 / 10000: [ 0, 0, 0, 0, 0 ], [ 0, 617, 22, 181 ]
4443 / 10000: [ 0, 0, 0, 0, 0 ], [ 0, 617, 22, 181 ]
4444 / 10000: [ 0, 0, 0, 0, 0 ], [ 0, 617, 22, 181 ]
4445 / 10000: [ 0, 0, 0, 0, 0 ], [ 0, 617, 22, 181 ]
4446 / 10000: [ 0, 0, 0, 0, 0 ], [ 0, 617, 22, 181 ]
4447 / 10000: [ 0, 0, 0, 0, 0 ], [ 0, 617, 22, 181 ]
4448 / 10000: [ 0, 0, 0, 0, 0 ], [ 0, 617, 22, 181 ]
4449 / 10000: [ 0, 0, 0, 0, 0 ], [ 0, 617, 22, 181 ]
4450 / 10000: [ 0, 0, 0, 0, 0 ], [ 0, 617, 22, 181 ]
4451 / 10000: [ 0, 0, 0, 0, 0 ], [ 0, 617, 22, 181 ]
4452 / 10000: [ 0, 0, 0, 0, 0 ], [ 0, 617, 22, 181 ]
4453 / 10000: [ 0, 0, 0, 0, 0 ], [ 0, 617, 22, 181 ]
4454 / 10000: [ 0, 0, 0, 0, 0 ], [ 0, 617, 22, 181 ]
4455 / 10000: [ 0, 0, 0, 0, 0 ], [ 0, 617, 22, 181 ]
4456 / 10000: [ 0, 0, 0, 0, 0 ], [ 0, 617, 22, 181 ]
4457 / 10000: [ 0, 0, 0, 0, 0 ], [ 0, 617, 22, 181 ]
4458 / 10000: [ 0, 0, 0, 0, 0 ], [ 0, 617, 22, 181 ]
4459 / 10000: [ 0, 0, 0, 0, 0 ], [ 0, 617, 22, 181 ]
4460 / 10000: [ 0, 0, 0, 0, 0 ], [ 0, 617, 22, 181 ]
4461 / 10000: [ 0, 0, 0, 0, 0 ], [ 0, 617, 22, 181 ]
4462 / 10000: [ 0, 0, 0, 0, 0 ], [ 0, 617, 22, 181 ]
4463 / 10000: [ 0, 2, 0, 0, 0 ], [ 0, 617, 22, 181 ]
4464 / 10000: [ 0, 1, 0, 0, 0 ], [ 0, 617, 22, 181 ]
4465 / 10000: [ 0, 3, 0, 0, 0 ], [ 0, 618, 22, 181 ]
4466 / 10000: [ 0, 2, 0, 0, 0 ], [ 0, 618, 22, 181 ]
4467 / 10000: [ 0, 0, 0, 0, 0 ], [ 0, 618, 22, 181 ]
4468 / 10000: [ 0, 0, 0, 0, 0 ], [ 0, 618, 22, 181 ]
4469 / 10000: [ 0, 1, 0, 0, 0 ], [ 0, 618, 22, 181 ]
4470 / 10000: [ 0, 1, 0, 0, 0 ], [ 0, 618, 22, 181 ]
4471 / 10000: [ 0, 1, 0, 0, 0 ], [ 0, 618, 22, 181 ]
4472 / 10000: [ 0, 0, 0, 0, 0 ], [ 0, 618, 22, 181 ]
4473 / 10000: [ 0, 1, 1, 0, 0 ], [ 0, 618, 22, 181 ]
4474 / 10000: [ 0, 0, 0, 0, 0 ], [ 0, 618, 22, 181 ]
4475 / 10000: [ 0, 0, 0, 0, 0 ], [ 0, 618, 22, 181 ]
4476 / 10000: [ 0, 1, 0, 0, 0 ], [ 0, 618, 22, 181 ]
4477 / 10000: [ 0, 3, 0, 0, 0 ], [ 0, 619, 22, 181 ]
4478 / 10000: [ 0, 0, 0, 0, 0 ], [ 0, 619, 22, 181 ]
4479 / 10000: [ 0, 0, 0, 0, 0 ], [ 0, 619, 22, 181 ]
4480 / 10000: [ 0, 0, 0, 0, 0 ], [ 0, 619, 22, 181 ]
4481 / 10000: [ 0, 0, 0, 0, 0 ], [ 0, 619, 22, 181 ]
4482 / 10000: [ 0, 0, 0, 0, 0 ], [ 0, 619, 22, 181 ]
4483 / 10000: [ 0, 0, 0, 0, 0 ], [ 0, 619, 22, 181 ]
4484 / 10000: [ 0, 0, 0, 0, 0 ], [ 0, 619, 22, 181 ]
4485 / 10000: [ 0, 0, 0, 0, 0 ], [ 0, 619, 22, 181 ]
4486 / 10000: [ 0, 3, 0, 0, 0 ], [ 0, 620, 22, 181 ]
4487 / 10000: [ 0, 0, 0, 0, 0 ], [ 0, 620, 22, 181 ]
4488 / 10000: [ 0, 0, 0, 0, 0 ], [ 0, 620, 22, 181 ]
4489 / 10000: [ 0, 1, 0, 0, 0 ], [ 0, 620, 22, 181 ]
4490 / 10000: [ 0, 0, 0, 0, 0 ], [ 0, 620, 22, 181 ]
4491 / 10000: [ 0, 1, 0, 0, 0 ], [ 0, 620, 22, 181 ]
4492 / 10000: [ 0, 0, 0, 0, 0 ], [ 0, 620, 22, 181 ]
4493 / 10000: [ 0, 0, 0, 0, 0 ], [ 0, 620, 22, 181 ]
4494 / 10000: [ 0, 0, 0, 0, 0 ], [ 0, 620, 22, 181 ]
4495 / 10000: [ 0, 1, 0, 0, 0 ], [ 0, 620, 22, 181 ]
4496 / 10000: [ 0, 0, 0, 0, 0 ], [ 0, 620, 22, 181 ]
4497 / 10000: [ 0, 3, 0, 0, 0 ], [ 0, 621, 22, 181 ]
4498 / 10000: [ 0, 0, 0, 0, 0 ], [ 0, 621, 22, 181 ]
4499 / 10000: [ 0, 0, 0, 0, 0 ], [ 0, 621, 22, 181 ]
4500 / 10000: [ 0, 0, 0, 0, 0 ], [ 0, 621, 22, 181 ]
4501 / 10000: [ 0, 0, 0, 0, 0 ], [ 0, 621, 22, 181 ]
4502 / 10000: [ 0, 0, 0, 0, 0 ], [ 0, 621, 22, 181 ]
4503 / 10000: [ 0, 0, 0, 0, 0 ], [ 0, 621, 22, 181 ]
4504 / 10000: [ 0, 0, 0, 0, 0 ], [ 0, 621, 22, 181 ]
4505 / 10000: [ 0, 0, 0, 0, 0 ], [ 0, 621, 22, 181 ]
4506 / 10000: [ 0, 2, 0, 0, 0 ], [ 0, 621, 22, 181 ]
4507 / 10000: [ 0, 0, 0, 0, 0 ], [ 0, 621, 22, 181 ]
4508 / 10000: [ 0, 0, 0, 0, 0 ], [ 0, 621, 22, 181 ]
4509 / 10000: [ 0, 1, 0, 0, 0 ], [ 0, 621, 22, 181 ]
4510 / 10000: [ 0, 0, 0, 0, 0 ], [ 0, 621, 22, 181 ]
4511 / 10000: [ 0, 1, 0, 0, 0 ], [ 0, 621, 22, 181 ]
4512 / 10000: [ 0, 0, 0, 0, 0 ], [ 0, 621, 22, 181 ]
4513 / 10000: [ 0, 0, 0, 0, 0 ], [ 0, 621, 22, 181 ]
4514 / 10000: [ 0, 0, 0, 0, 0 ], [ 0, 621, 22, 181 ]
4515 / 10000: [ 0, 1, 0, 0, 0 ], [ 0, 621, 22, 181 ]
4516 / 10000: [ 0, 0, 0, 0, 0 ], [ 0, 621, 22, 181 ]
4517 / 10000: [ 0, 2, 0, 0, 0 ], [ 0, 621, 22, 181 ]
4518 / 10000: [ 0, 0, 0, 0, 0 ], [ 0, 621, 22, 181 ]
4519 / 10000: [ 0, 1, 0, 0, 0 ], [ 0, 621, 22, 181 ]
4520 / 10000: [ 0, 0, 0, 0, 0 ], [ 0, 621, 22, 181 ]
4521 / 10000: [ 0, 0, 0, 0, 0 ], [ 0, 621, 22, 181 ]
4522 / 10000: [ 0, 0, 0, 0, 0 ], [ 0, 621, 22, 181 ]
4523 / 10000: [ 0, 0, 0, 0, 0 ], [ 0, 621, 22, 181 ]
4524 / 10000: [ 0, 1, 0, 0, 0 ], [ 0, 621, 22, 181 ]
4525 / 10000: [ 0, 1, 0, 0, 0 ], [ 0, 621, 22, 181 ]
4526 / 10000: [ 0, 0, 0, 0, 0 ], [ 0, 621, 22, 181 ]
4527 / 10000: [ 0, 0, 0, 0, 0 ], [ 0, 621, 22, 181 ]
4528 / 10000: [ 0, 1, 0, 0, 0 ], [ 0, 621, 22, 181 ]
4529 / 10000: [ 0, 1, 0, 0, 0 ], [ 0, 621, 22, 181 ]
4530 / 10000: [ 0, 0, 0, 0, 0 ], [ 0, 621, 22, 181 ]
4531 / 10000: [ 0, 1, 0, 0, 0 ], [ 0, 621, 22, 181 ]
4532 / 10000: [ 0, 1, 0, 0, 0 ], [ 0, 621, 22, 181 ]
4533 / 10000: [ 0, 1, 0, 0, 0 ], [ 0, 621, 22, 181 ]
4534 / 10000: [ 0, 1, 0, 0, 0 ], [ 0, 621, 22, 181 ]
4535 / 10000: [ 0, 2, 0, 0, 0 ], [ 0, 621, 22, 181 ]
4536 / 10000: [ 0, 1, 0, 0, 0 ], [ 0, 621, 22, 181 ]
4537 / 10000: [ 0, 0, 0, 0, 0 ], [ 0, 621, 22, 181 ]
4538 / 10000: [ 0, 0, 0, 0, 0 ], [ 0, 621, 22, 181 ]
4539 / 10000: [ 0, 0, 0, 0, 0 ], [ 0, 621, 22, 181 ]
4540 / 10000: [ 0, 2, 0, 0, 0 ], [ 0, 621, 22, 181 ]
4541 / 10000: [ 0, 1, 0, 0, 0 ], [ 0, 621, 22, 181 ]
4542 / 10000: [ 0, 1, 0, 0, 0 ], [ 0, 621, 22, 181 ]
4543 / 10000: [ 0, 0, 0, 0, 0 ], [ 0, 621, 22, 181 ]
4544 / 10000: [ 0, 0, 0, 0, 0 ], [ 0, 621, 22, 181 ]
4545 / 10000: [ 0, 0, 0, 0, 0 ], [ 0, 621, 22, 181 ]
4546 / 10000: [ 0, 1, 0, 0, 0 ], [ 0, 621, 22, 181 ]
4547 / 10000: [ 0, 0, 0, 0, 0 ], [ 0, 621, 22, 181 ]
4548 / 10000: [ 0, 0, 0, 0, 0 ], [ 0, 621, 22, 181 ]
4549 / 10000: [ 0, 1, 0, 0, 0 ], [ 0, 621, 22, 181 ]
4550 / 10000: [ 0, 2, 0, 0, 0 ], [ 0, 621, 22, 181 ]
4551 / 10000: [ 0, 0, 0, 0, 0 ], [ 0, 621, 22, 181 ]
4552 / 10000: [ 0, 0, 0, 0, 0 ], [ 0, 621, 22, 181 ]
4553 / 10000: [ 0, 1, 0, 0, 0 ], [ 0, 621, 22, 181 ]
4554 / 10000: [ 0, 0, 0, 0, 0 ], [ 0, 621, 22, 181 ]
4555 / 10000: [ 0, 0, 0, 0, 0 ], [ 0, 621, 22, 181 ]
4556 / 10000: [ 0, 0, 0, 0, 0 ], [ 0, 621, 22, 181 ]
4557 / 10000: [ 0, 0, 0, 0, 0 ], [ 0, 621, 22, 181 ]
4558 / 10000: [ 0, 1, 0, 0, 0 ], [ 0, 621, 22, 181 ]
4559 / 10000: [ 0, 1, 1, 1, 0 ], [ 0, 621, 22, 182 ]
4560 / 10000: [ 0, 0, 0, 0, 0 ], [ 0, 621, 22, 182 ]
4561 / 10000: [ 0, 0, 0, 1, 0 ], [ 0, 621, 22, 182 ]
4562 / 10000: [ 0, 0, 0, 1, 0 ], [ 0, 621, 22, 182 ]
4563 / 10000: [ 0, 0, 0, 0, 0 ], [ 0, 621, 22, 182 ]
4564 / 10000: [ 0, 0, 0, 0, 0 ], [ 0, 621, 22, 182 ]
4565 / 10000: [ 0, 0, 0, 0, 0 ], [ 0, 621, 22, 182 ]
4566 / 10000: [ 0, 0, 0, 1, 0 ], [ 0, 621, 22, 182 ]
4567 / 10000: [ 0, 0, 0, 0, 0 ], [ 0, 621, 22, 182 ]
4568 / 10000: [ 0, 0, 0, 0, 0 ], [ 0, 621, 22, 182 ]
4569 / 10000: [ 0, 0, 0, 1, 0 ], [ 0, 621, 22, 182 ]
4570 / 10000: [ 0, 0, 0, 2, 0 ], [ 0, 621, 22, 182 ]
4571 / 10000: [ 0, 0, 0, 0, 0 ], [ 0, 621, 22, 182 ]
4572 / 10000: [ 0, 0, 0, 0, 0 ], [ 0, 621, 22, 182 ]
4573 / 10000: [ 0, 0, 0, 1, 0 ], [ 0, 621, 22, 182 ]
4574 / 10000: [ 0, 0, 0, 0, 0 ], [ 0, 621, 22, 182 ]
4575 / 10000: [ 0, 0, 0, 0, 0 ], [ 0, 621, 22, 182 ]
4576 / 10000: [ 0, 0, 0, 0, 0 ], [ 0, 621, 22, 182 ]
4577 / 10000: [ 0, 0, 0, 0, 0 ], [ 0, 621, 22, 182 ]
4578 / 10000: [ 0, 0, 0, 1, 0 ], [ 0, 621, 22, 182 ]
4579 / 10000: [ 0, 1, 0, 1, 1 ], [ 0, 621, 22, 183 ]
4580 / 10000: [ 0, 0, 0, 0, 0 ], [ 0, 621, 22, 183 ]
4581 / 10000: [ 0, 1, 0, 0, 0 ], [ 0, 621, 22, 183 ]
4582 / 10000: [ 0, 1, 0, 0, 0 ], [ 0, 621, 22, 183 ]
4583 / 10000: [ 0, 1, 0, 0, 0 ], [ 0, 621, 22, 183 ]
4584 / 10000: [ 0, 1, 0, 0, 0 ], [ 0, 621, 22, 183 ]
4585 / 10000: [ 0, 1, 0, 0, 0 ], [ 0, 621, 22, 183 ]
4586 / 10000: [ 0, 3, 0, 0, 0 ], [ 0, 622, 22, 183 ]
4587 / 10000: [ 0, 0, 0, 0, 0 ], [ 0, 622, 22, 183 ]
4588 / 10000: [ 0, 1, 0, 0, 0 ], [ 0, 622, 22, 183 ]
4589 / 10000: [ 0, 2, 0, 0, 0 ], [ 0, 622, 22, 183 ]
4590 / 10000: [ 0, 0, 0, 0, 0 ], [ 0, 622, 22, 183 ]
4591 / 10000: [ 0, 1, 0, 0, 0 ], [ 0, 622, 22, 183 ]
4592 / 10000: [ 0, 1, 0, 0, 0 ], [ 0, 622, 22, 183 ]
4593 / 10000: [ 0, 2, 0, 0, 0 ], [ 0, 622, 22, 183 ]
4594 / 10000: [ 0, 2, 0, 0, 0 ], [ 0, 622, 22, 183 ]
4595 / 10000: [ 0, 0, 0, 0, 0 ], [ 0, 622, 22, 183 ]
4596 / 10000: [ 0, 1, 0, 0, 0 ], [ 0, 622, 22, 183 ]
4597 / 10000: [ 0, 0, 1, 0, 0 ], [ 0, 622, 22, 183 ]
4598 / 10000: [ 0, 2, 0, 0, 0 ], [ 0, 622, 22, 183 ]
4599 / 10000: [ 0, 0, 0, 0, 0 ], [ 0, 622, 22, 183 ]
4600 / 10000: [ 0, 0, 0, 0, 0 ], [ 0, 622, 22, 183 ]
4601 / 10000: [ 0, 2, 0, 0, 0 ], [ 0, 622, 22, 183 ]
4602 / 10000: [ 0, 3, 0, 0, 0 ], [ 0, 623, 22, 183 ]
4603 / 10000: [ 0, 2, 0, 0, 0 ], [ 0, 623, 22, 183 ]
4604 / 10000: [ 0, 0, 0, 0, 0 ], [ 0, 623, 22, 183 ]
4605 / 10000: [ 0, 1, 0, 0, 0 ], [ 0, 623, 22, 183 ]
4606 / 10000: [ 0, 1, 0, 0, 0 ], [ 0, 623, 22, 183 ]
4607 / 10000: [ 0, 0, 0, 0, 0 ], [ 0, 623, 22, 183 ]
4608 / 10000: [ 0, 0, 0, 0, 0 ], [ 0, 623, 22, 183 ]
4609 / 10000: [ 0, 0, 0, 0, 0 ], [ 0, 623, 22, 183 ]
4610 / 10000: [ 0, 3, 0, 0, 0 ], [ 0, 624, 22, 183 ]
4611 / 10000: [ 0, 0, 0, 0, 0 ], [ 0, 624, 22, 183 ]
4612 / 10000: [ 0, 1, 0, 0, 0 ], [ 0, 624, 22, 183 ]
4613 / 10000: [ 0, 1, 0, 0, 0 ], [ 0, 624, 22, 183 ]
4614 / 10000: [ 0, 0, 0, 0, 0 ], [ 0, 624, 22, 183 ]
4615 / 10000: [ 0, 0, 0, 0, 0 ], [ 0, 624, 22, 183 ]
4616 / 10000: [ 0, 0, 0, 0, 0 ], [ 0, 624, 22, 183 ]
4617 / 10000: [ 0, 2, 0, 0, 0 ], [ 0, 624, 22, 183 ]
4618 / 10000: [ 0, 2, 0, 0, 0 ], [ 0, 624, 22, 183 ]
4619 / 10000: [ 0, 1, 0, 0, 0 ], [ 0, 624, 22, 183 ]
4620 / 10000: [ 0, 0, 0, 0, 0 ], [ 0, 624, 22, 183 ]
4621 / 10000: [ 0, 0, 0, 1, 0 ], [ 0, 624, 22, 183 ]
4622 / 10000: [ 0, 0, 0, 1, 0 ], [ 0, 624, 22, 183 ]
4623 / 10000: [ 0, 1, 0, 1, 0 ], [ 0, 624, 22, 183 ]
4624 / 10000: [ 0, 0, 0, 0, 0 ], [ 0, 624, 22, 183 ]
4625 / 10000: [ 0, 0, 0, 0, 0 ], [ 0, 624, 22, 183 ]
4626 / 10000: [ 0, 2, 0, 1, 0 ], [ 0, 624, 22, 184 ]
4627 / 10000: [ 0, 0, 0, 0, 0 ], [ 0, 624, 22, 184 ]
4628 / 10000: [ 0, 1, 1, 1, 0 ], [ 0, 624, 22, 185 ]
4629 / 10000: [ 0, 2, 0, 1, 0 ], [ 0, 624, 22, 186 ]
4630 / 10000: [ 0, 1, 0, 0, 0 ], [ 0, 624, 22, 186 ]
4631 / 10000: [ 0, 3, 0, 0, 0 ], [ 0, 625, 22, 186 ]
4632 / 10000: [ 0, 2, 0, 1, 0 ], [ 0, 625, 22, 187 ]
4633 / 10000: [ 0, 0, 0, 2, 0 ], [ 0, 625, 22, 187 ]
4634 / 10000: [ 0, 0, 0, 2, 0 ], [ 0, 625, 22, 187 ]
4635 / 10000: [ 0, 2, 0, 0, 0 ], [ 0, 625, 22, 187 ]
4636 / 10000: [ 0, 0, 0, 2, 0 ], [ 0, 625, 22, 187 ]
4637 / 10000: [ 0, 1, 0, 1, 0 ], [ 0, 625, 22, 187 ]
4638 / 10000: [ 0, 0, 0, 2, 0 ], [ 0, 625, 22, 187 ]
4639 / 10000: [ 0, 0, 0, 0, 0 ], [ 0, 625, 22, 187 ]
4640 / 10000: [ 0, 3, 0, 0, 0 ], [ 0, 626, 22, 187 ]
4641 / 10000: [ 0, 1, 0, 0, 0 ], [ 0, 626, 22, 187 ]
4642 / 10000: [ 0, 1, 0, 0, 0 ], [ 0, 626, 22, 187 ]
4643 / 10000: [ 0, 1, 0, 1, 0 ], [ 0, 626, 22, 187 ]
4644 / 10000: [ 0, 0, 0, 0, 0 ], [ 0, 626, 22, 187 ]
4645 / 10000: [ 0, 0, 0, 0, 0 ], [ 0, 626, 22, 187 ]
4646 / 10000: [ 0, 3, 0, 0, 0 ], [ 0, 627, 22, 187 ]
4647 / 10000: [ 0, 0, 0, 0, 0 ], [ 0, 627, 22, 187 ]
4648 / 10000: [ 0, 3, 0, 0, 0 ], [ 0, 628, 22, 187 ]
4649 / 10000: [ 0, 3, 0, 0, 0 ], [ 0, 629, 22, 187 ]
4650 / 10000: [ 0, 0, 0, 1, 0 ], [ 0, 629, 22, 187 ]
4651 / 10000: [ 0, 3, 0, 0, 0 ], [ 0, 630, 22, 187 ]
4652 / 10000: [ 0, 2, 0, 1, 0 ], [ 0, 630, 22, 188 ]
4653 / 10000: [ 0, 2, 0, 0, 0 ], [ 0, 630, 22, 188 ]
4654 / 10000: [ 0, 2, 0, 0, 0 ], [ 0, 630, 22, 188 ]
4655 / 10000: [ 0, 2, 0, 0, 0 ], [ 0, 630, 22, 188 ]
4656 / 10000: [ 0, 2, 0, 0, 0 ], [ 0, 630, 22, 188 ]
4657 / 10000: [ 0, 2, 0, 0, 0 ], [ 0, 630, 22, 188 ]
4658 / 10000: [ 0, 2, 0, 0, 0 ], [ 0, 630, 22, 188 ]
4659 / 10000: [ 0, 0, 0, 0, 0 ], [ 0, 630, 22, 188 ]
4660 / 10000: [ 0, 2, 0, 1, 0 ], [ 0, 630, 22, 189 ]
4661 / 10000: [ 0, 1, 0, 2, 0 ], [ 0, 630, 22, 190 ]
4662 / 10000: [ 0, 1, 0, 1, 0 ], [ 0, 630, 22, 190 ]
4663 / 10000: [ 0, 1, 0, 0, 0 ], [ 0, 630, 22, 190 ]
4664 / 10000: [ 0, 0, 0, 0, 0 ], [ 0, 630, 22, 190 ]
4665 / 10000: [ 0, 0, 0, 0, 0 ], [ 0, 630, 22, 190 ]
4666 / 10000: [ 0, 3, 0, 0, 0 ], [ 0, 631, 22, 190 ]
4667 / 10000: [ 0, 3, 0, 0, 0 ], [ 0, 632, 22, 190 ]
4668 / 10000: [ 0, 3, 0, 0, 0 ], [ 0, 633, 22, 190 ]
4669 / 10000: [ 0, 3, 0, 0, 0 ], [ 0, 634, 22, 190 ]
4670 / 10000: [ 0, 0, 0, 0, 0 ], [ 0, 634, 22, 190 ]
4671 / 10000: [ 0, 3, 0, 0, 0 ], [ 0, 635, 22, 190 ]
4672 / 10000: [ 0, 0, 0, 1, 0 ], [ 0, 635, 22, 190 ]
4673 / 10000: [ 0, 2, 0, 0, 0 ], [ 0, 635, 22, 190 ]
4674 / 10000: [ 0, 2, 0, 0, 0 ], [ 0, 635, 22, 190 ]
4675 / 10000: [ 0, 1, 0, 2, 0 ], [ 0, 635, 22, 191 ]
4676 / 10000: [ 0, 1, 0, 1, 0 ], [ 0, 635, 22, 191 ]
4677 / 10000: [ 0, 1, 0, 0, 0 ], [ 0, 635, 22, 191 ]
4678 / 10000: [ 0, 2, 0, 0, 0 ], [ 0, 635, 22, 191 ]
4679 / 10000: [ 0, 0, 0, 0, 0 ], [ 0, 635, 22, 191 ]
4680 / 10000: [ 0, 1, 0, 1, 0 ], [ 0, 635, 22, 191 ]
4681 / 10000: [ 0, 2, 0, 1, 0 ], [ 0, 635, 22, 192 ]
4682 / 10000: [ 0, 1, 0, 1, 0 ], [ 0, 635, 22, 192 ]
4683 / 10000: [ 0, 0, 0, 1, 0 ], [ 0, 635, 22, 192 ]
4684 / 10000: [ 0, 0, 0, 0, 0 ], [ 0, 635, 22, 192 ]
4685 / 10000: [ 0, 0, 0, 0, 0 ], [ 0, 635, 22, 192 ]
4686 / 10000: [ 0, 1, 0, 2, 0 ], [ 0, 635, 22, 193 ]
4687 / 10000: [ 0, 2, 0, 1, 0 ], [ 0, 635, 22, 194 ]
4688 / 10000: [ 0, 3, 0, 0, 0 ], [ 0, 636, 22, 194 ]
4689 / 10000: [ 0, 1, 0, 2, 0 ], [ 0, 636, 22, 195 ]
4690 / 10000: [ 0, 0, 0, 0, 0 ], [ 0, 636, 22, 195 ]
4691 / 10000: [ 0, 1, 0, 2, 0 ], [ 0, 636, 22, 196 ]
4692 / 10000: [ 0, 1, 0, 0, 0 ], [ 0, 636, 22, 196 ]
4693 / 10000: [ 0, 0, 0, 2, 0 ], [ 0, 636, 22, 196 ]
4694 / 10000: [ 0, 0, 0, 2, 0 ], [ 0, 636, 22, 196 ]
4695 / 10000: [ 0, 2, 0, 1, 0 ], [ 0, 636, 22, 197 ]
4696 / 10000: [ 0, 1, 0, 1, 0 ], [ 0, 636, 22, 197 ]
4697 / 10000: [ 0, 0, 0, 1, 0 ], [ 0, 636, 22, 197 ]
4698 / 10000: [ 0, 0, 0, 2, 0 ], [ 0, 636, 22, 197 ]
4699 / 10000: [ 0, 0, 0, 0, 0 ], [ 0, 636, 22, 197 ]
4700 / 10000: [ 0, 2, 0, 0, 0 ], [ 0, 636, 22, 197 ]
4701 / 10000: [ 0, 0, 0, 0, 0 ], [ 0, 636, 22, 197 ]
4702 / 10000: [ 0, 2, 0, 0, 0 ], [ 0, 636, 22, 197 ]
4703 / 10000: [ 0, 2, 0, 0, 0 ], [ 0, 636, 22, 197 ]
4704 / 10000: [ 0, 0, 0, 0, 0 ], [ 0, 636, 22, 197 ]
4705 / 10000: [ 0, 0, 0, 0, 0 ], [ 0, 636, 22, 197 ]
4706 / 10000: [ 0, 0, 0, 0, 0 ], [ 0, 636, 22, 197 ]
4707 / 10000: [ 0, 0, 0, 0, 0 ], [ 0, 636, 22, 197 ]
4708 / 10000: [ 0, 0, 0, 0, 0 ], [ 0, 636, 22, 197 ]
4709 / 10000: [ 0, 0, 0, 0, 0 ], [ 0, 636, 22, 197 ]
4710 / 10000: [ 0, 1, 0, 0, 0 ], [ 0, 636, 22, 197 ]
4711 / 10000: [ 0, 0, 0, 0, 0 ], [ 0, 636, 22, 197 ]
4712 / 10000: [ 0, 1, 0, 0, 0 ], [ 0, 636, 22, 197 ]
4713 / 10000: [ 0, 0, 0, 0, 0 ], [ 0, 636, 22, 197 ]
4714 / 10000: [ 0, 0, 0, 0, 0 ], [ 0, 636, 22, 197 ]
4715 / 10000: [ 0, 0, 0, 0, 0 ], [ 0, 636, 22, 197 ]
4716 / 10000: [ 0, 0, 0, 0, 0 ], [ 0, 636, 22, 197 ]
4717 / 10000: [ 0, 0, 0, 0, 0 ], [ 0, 636, 22, 197 ]
4718 / 10000: [ 0, 1, 0, 0, 0 ], [ 0, 636, 22, 197 ]
4719 / 10000: [ 0, 0, 0, 0, 0 ], [ 0, 636, 22, 197 ]
4720 / 10000: [ 0, 0, 0, 0, 0 ], [ 0, 636, 22, 197 ]
4721 / 10000: [ 0, 2, 0, 0, 0 ], [ 0, 636, 22, 197 ]
4722 / 10000: [ 0, 1, 0, 0, 0 ], [ 0, 636, 22, 197 ]
4723 / 10000: [ 0, 2, 0, 0, 0 ], [ 0, 636, 22, 197 ]
4724 / 10000: [ 0, 0, 0, 0, 0 ], [ 0, 636, 22, 197 ]
4725 / 10000: [ 0, 0, 0, 0, 0 ], [ 0, 636, 22, 197 ]
4726 / 10000: [ 0, 1, 0, 0, 0 ], [ 0, 636, 22, 197 ]
4727 / 10000: [ 0, 0, 0, 0, 0 ], [ 0, 636, 22, 197 ]
4728 / 10000: [ 0, 0, 0, 0, 0 ], [ 0, 636, 22, 197 ]
4729 / 10000: [ 0, 1, 0, 0, 0 ], [ 0, 636, 22, 197 ]
4730 / 10000: [ 0, 2, 0, 0, 0 ], [ 0, 636, 22, 197 ]
4731 / 10000: [ 0, 1, 0, 0, 0 ], [ 0, 636, 22, 197 ]
4732 / 10000: [ 0, 0, 0, 0, 0 ], [ 0, 636, 22, 197 ]
4733 / 10000: [ 0, 0, 0, 0, 0 ], [ 0, 636, 22, 197 ]
4734 / 10000: [ 0, 0, 0, 0, 0 ], [ 0, 636, 22, 197 ]
4735 / 10000: [ 0, 0, 0, 0, 0 ], [ 0, 636, 22, 197 ]
4736 / 10000: [ 0, 0, 0, 0, 0 ], [ 0, 636, 22, 197 ]
4737 / 10000: [ 0, 0, 0, 0, 0 ], [ 0, 636, 22, 197 ]
4738 / 10000: [ 0, 3, 0, 0, 0 ], [ 0, 637, 22, 197 ]
4739 / 10000: [ 0, 1, 0, 0, 0 ], [ 0, 637, 22, 197 ]
4740 / 10000: [ 0, 2, 0, 0, 0 ], [ 0, 637, 22, 197 ]
4741 / 10000: [ 0, 0, 0, 0, 0 ], [ 0, 637, 22, 197 ]
4742 / 10000: [ 0, 0, 0, 0, 0 ], [ 0, 637, 22, 197 ]
4743 / 10000: [ 0, 0, 0, 0, 0 ], [ 0, 637, 22, 197 ]
4744 / 10000: [ 0, 0, 0, 0, 0 ], [ 0, 637, 22, 197 ]
4745 / 10000: [ 0, 0, 0, 0, 0 ], [ 0, 637, 22, 197 ]
4746 / 10000: [ 0, 0, 0, 0, 0 ], [ 0, 637, 22, 197 ]
4747 / 10000: [ 0, 0, 0, 0, 0 ], [ 0, 637, 22, 197 ]
4748 / 10000: [ 0, 0, 0, 0, 0 ], [ 0, 637, 22, 197 ]
4749 / 10000: [ 0, 0, 0, 0, 0 ], [ 0, 637, 22, 197 ]
4750 / 10000: [ 0, 0, 0, 0, 0 ], [ 0, 637, 22, 197 ]
4751 / 10000: [ 0, 0, 0, 0, 0 ], [ 0, 637, 22, 197 ]
4752 / 10000: [ 0, 0, 0, 0, 0 ], [ 0, 637, 22, 197 ]
4753 / 10000: [ 0, 0, 0, 0, 0 ], [ 0, 637, 22, 197 ]
4754 / 10000: [ 0, 1, 0, 0, 0 ], [ 0, 637, 22, 197 ]
4755 / 10000: [ 0, 0, 0, 0, 0 ], [ 0, 637, 22, 197 ]
4756 / 10000: [ 0, 0, 0, 0, 0 ], [ 0, 637, 22, 197 ]
4757 / 10000: [ 0, 0, 0, 0, 0 ], [ 0, 637, 22, 197 ]
4758 / 10000: [ 0, 0, 0, 0, 0 ], [ 0, 637, 22, 197 ]
4759 / 10000: [ 0, 1, 0, 0, 0 ], [ 0, 637, 22, 197 ]
4760 / 10000: [ 0, 0, 0, 0, 0 ], [ 0, 637, 22, 197 ]
4761 / 10000: [ 0, 0, 0, 0, 0 ], [ 0, 637, 22, 197 ]
4762 / 10000: [ 0, 0, 0, 0, 0 ], [ 0, 637, 22, 197 ]
4763 / 10000: [ 0, 3, 0, 0, 0 ], [ 0, 638, 22, 197 ]
4764 / 10000: [ 0, 0, 0, 0, 0 ], [ 0, 638, 22, 197 ]
4765 / 10000: [ 0, 1, 0, 0, 0 ], [ 0, 638, 22, 197 ]
4766 / 10000: [ 0, 2, 0, 0, 0 ], [ 0, 638, 22, 197 ]
4767 / 10000: [ 0, 0, 0, 0, 0 ], [ 0, 638, 22, 197 ]
4768 / 10000: [ 0, 1, 0, 0, 0 ], [ 0, 638, 22, 197 ]
4769 / 10000: [ 0, 1, 0, 0, 0 ], [ 0, 638, 22, 197 ]
4770 / 10000: [ 0, 3, 0, 0, 0 ], [ 0, 639, 22, 197 ]
4771 / 10000: [ 0, 3, 0, 0, 0 ], [ 0, 640, 22, 197 ]
4772 / 10000: [ 0, 2, 0, 0, 0 ], [ 0, 640, 22, 197 ]
4773 / 10000: [ 0, 1, 0, 0, 0 ], [ 0, 640, 22, 197 ]
4774 / 10000: [ 0, 0, 0, 0, 0 ], [ 0, 640, 22, 197 ]
4775 / 10000: [ 0, 1, 0, 0, 0 ], [ 0, 640, 22, 197 ]
4776 / 10000: [ 0, 1, 0, 0, 0 ], [ 0, 640, 22, 197 ]
4777 / 10000: [ 0, 3, 0, 0, 0 ], [ 0, 641, 22, 197 ]
4778 / 10000: [ 0, 0, 0, 0, 0 ], [ 0, 641, 22, 197 ]
4779 / 10000: [ 0, 2, 0, 0, 0 ], [ 0, 641, 22, 197 ]
4780 / 10000: [ 0, 3, 0, 0, 0 ], [ 0, 642, 22, 197 ]
4781 / 10000: [ 0, 1, 0, 0, 0 ], [ 0, 642, 22, 197 ]
4782 / 10000: [ 0, 1, 0, 0, 0 ], [ 0, 642, 22, 197 ]
4783 / 10000: [ 0, 2, 0, 0, 0 ], [ 0, 642, 22, 197 ]
4784 / 10000: [ 0, 0, 0, 0, 0 ], [ 0, 642, 22, 197 ]
4785 / 10000: [ 0, 1, 0, 0, 0 ], [ 0, 642, 22, 197 ]
4786 / 10000: [ 0, 2, 0, 0, 0 ], [ 0, 642, 22, 197 ]
4787 / 10000: [ 0, 0, 0, 0, 0 ], [ 0, 642, 22, 197 ]
4788 / 10000: [ 0, 2, 0, 0, 0 ], [ 0, 642, 22, 197 ]
4789 / 10000: [ 0, 3, 0, 0, 0 ], [ 0, 643, 22, 197 ]
4790 / 10000: [ 0, 0, 0, 0, 0 ], [ 0, 643, 22, 197 ]
4791 / 10000: [ 0, 2, 0, 0, 0 ], [ 0, 643, 22, 197 ]
4792 / 10000: [ 0, 1, 0, 0, 0 ], [ 0, 643, 22, 197 ]
4793 / 10000: [ 0, 2, 0, 0, 0 ], [ 0, 643, 22, 197 ]
4794 / 10000: [ 0, 2, 0, 0, 0 ], [ 0, 643, 22, 197 ]
4795 / 10000: [ 0, 2, 0, 0, 0 ], [ 0, 643, 22, 197 ]
4796 / 10000: [ 0, 2, 0, 0, 0 ], [ 0, 643, 22, 197 ]
4797 / 10000: [ 0, 0, 0, 0, 0 ], [ 0, 643, 22, 197 ]
4798 / 10000: [ 0, 2, 0, 0, 0 ], [ 0, 643, 22, 197 ]
4799 / 10000: [ 0, 1, 0, 0, 0 ], [ 0, 643, 22, 197 ]
4800 / 10000: [ 0, 2, 0, 0, 0 ], [ 0, 643, 22, 197 ]
4801 / 10000: [ 0, 0, 0, 0, 0 ], [ 0, 643, 22, 197 ]
4802 / 10000: [ 0, 0, 0, 0, 0 ], [ 0, 643, 22, 197 ]
4803 / 10000: [ 0, 2, 0, 0, 0 ], [ 0, 643, 22, 197 ]
4804 / 10000: [ 0, 0, 0, 1, 0 ], [ 0, 643, 22, 197 ]
4805 / 10000: [ 0, 0, 0, 1, 0 ], [ 0, 643, 22, 197 ]
4806 / 10000: [ 0, 0, 0, 1, 0 ], [ 0, 643, 22, 197 ]
4807 / 10000: [ 0, 0, 0, 0, 0 ], [ 0, 643, 22, 197 ]
4808 / 10000: [ 0, 0, 0, 1, 0 ], [ 0, 643, 22, 197 ]
4809 / 10000: [ 0, 0, 0, 2, 0 ], [ 0, 643, 22, 197 ]
4810 / 10000: [ 0, 0, 0, 0, 0 ], [ 0, 643, 22, 197 ]
4811 / 10000: [ 0, 0, 0, 2, 0 ], [ 0, 643, 22, 197 ]
4812 / 10000: [ 0, 0, 0, 1, 0 ], [ 0, 643, 22, 197 ]
4813 / 10000: [ 0, 0, 0, 0, 0 ], [ 0, 643, 22, 197 ]
4814 / 10000: [ 0, 0, 0, 0, 0 ], [ 0, 643, 22, 197 ]
4815 / 10000: [ 0, 1, 0, 1, 0 ], [ 0, 643, 22, 197 ]
4816 / 10000: [ 0, 0, 0, 2, 0 ], [ 0, 643, 22, 197 ]
4817 / 10000: [ 0, 0, 0, 0, 0 ], [ 0, 643, 22, 197 ]
4818 / 10000: [ 0, 0, 0, 0, 0 ], [ 0, 643, 22, 197 ]
4819 / 10000: [ 0, 0, 0, 1, 0 ], [ 0, 643, 22, 197 ]
4820 / 10000: [ 0, 0, 0, 2, 0 ], [ 0, 643, 22, 197 ]
4821 / 10000: [ 0, 0, 0, 0, 0 ], [ 0, 643, 22, 197 ]
4822 / 10000: [ 0, 0, 0, 0, 0 ], [ 0, 643, 22, 197 ]
4823 / 10000: [ 0, 1, 0, 1, 0 ], [ 0, 643, 22, 197 ]
4824 / 10000: [ 0, 1, 0, 0, 0 ], [ 0, 643, 22, 197 ]
4825 / 10000: [ 0, 1, 0, 0, 0 ], [ 0, 643, 22, 197 ]
4826 / 10000: [ 0, 1, 0, 0, 0 ], [ 0, 643, 22, 197 ]
4827 / 10000: [ 0, 0, 0, 0, 0 ], [ 0, 643, 22, 197 ]
4828 / 10000: [ 0, 1, 0, 0, 0 ], [ 0, 643, 22, 197 ]
4829 / 10000: [ 0, 2, 0, 0, 0 ], [ 0, 643, 22, 197 ]
4830 / 10000: [ 0, 0, 0, 0, 0 ], [ 0, 643, 22, 197 ]
4831 / 10000: [ 0, 2, 0, 0, 0 ], [ 0, 643, 22, 197 ]
4832 / 10000: [ 0, 1, 0, 0, 0 ], [ 0, 643, 22, 197 ]
4833 / 10000: [ 0, 0, 0, 0, 0 ], [ 0, 643, 22, 197 ]
4834 / 10000: [ 0, 0, 0, 0, 0 ], [ 0, 643, 22, 197 ]
4835 / 10000: [ 0, 2, 0, 0, 0 ], [ 0, 643, 22, 197 ]
4836 / 10000: [ 0, 2, 0, 0, 0 ], [ 0, 643, 22, 197 ]
4837 / 10000: [ 0, 0, 0, 0, 0 ], [ 0, 643, 22, 197 ]
4838 / 10000: [ 0, 0, 0, 0, 0 ], [ 0, 643, 22, 197 ]
4839 / 10000: [ 0, 1, 0, 0, 0 ], [ 0, 643, 22, 197 ]
4840 / 10000: [ 0, 2, 0, 0, 0 ], [ 0, 643, 22, 197 ]
4841 / 10000: [ 0, 0, 0, 1, 0 ], [ 0, 643, 22, 197 ]
4842 / 10000: [ 0, 0, 0, 1, 0 ], [ 0, 643, 22, 197 ]
4843 / 10000: [ 0, 0, 0, 2, 0 ], [ 0, 643, 22, 197 ]
4844 / 10000: [ 0, 0, 0, 0, 0 ], [ 0, 643, 22, 197 ]
4845 / 10000: [ 0, 0, 0, 0, 0 ], [ 0, 643, 22, 197 ]
4846 / 10000: [ 0, 1, 0, 2, 0 ], [ 0, 643, 22, 198 ]
4847 / 10000: [ 0, 0, 0, 0, 0 ], [ 0, 643, 22, 198 ]
4848 / 10000: [ 0, 2, 0, 1, 0 ], [ 0, 643, 22, 199 ]
4849 / 10000: [ 0, 2, 0, 1, 0 ], [ 0, 643, 22, 200 ]
4850 / 10000: [ 0, 0, 1, 2, 0 ], [ 0, 643, 22, 201 ]
4851 / 10000: [ 0, 2, 0, 1, 0 ], [ 0, 643, 22, 202 ]
4852 / 10000: [ 0, 1, 0, 0, 0 ], [ 0, 643, 22, 202 ]
4853 / 10000: [ 0, 0, 0, 2, 0 ], [ 0, 643, 22, 202 ]
4854 / 10000: [ 0, 0, 0, 3, 0 ], [ 0, 643, 22, 203 ]
4855 / 10000: [ 0, 2, 0, 1, 0 ], [ 0, 643, 22, 204 ]
4856 / 10000: [ 0, 1, 0, 1, 0 ], [ 0, 643, 22, 204 ]
4857 / 10000: [ 0, 0, 0, 1, 0 ], [ 0, 643, 22, 204 ]
4858 / 10000: [ 0, 0, 0, 2, 0 ], [ 0, 643, 22, 204 ]
4859 / 10000: [ 0, 2, 0, 1, 0 ], [ 0, 643, 22, 205 ]
4860 / 10000: [ 0, 2, 0, 0, 0 ], [ 0, 643, 22, 205 ]
4861 / 10000: [ 0, 2, 0, 0, 0 ], [ 0, 643, 22, 205 ]
4862 / 10000: [ 0, 1, 0, 0, 0 ], [ 0, 643, 22, 205 ]
4863 / 10000: [ 0, 3, 0, 0, 0 ], [ 0, 644, 22, 205 ]
4864 / 10000: [ 0, 0, 0, 0, 0 ], [ 0, 644, 22, 205 ]
4865 / 10000: [ 0, 1, 0, 0, 0 ], [ 0, 644, 22, 205 ]
4866 / 10000: [ 0, 1, 0, 0, 0 ], [ 0, 644, 22, 205 ]
4867 / 10000: [ 0, 0, 0, 0, 0 ], [ 0, 644, 22, 205 ]
4868 / 10000: [ 0, 1, 0, 0, 0 ], [ 0, 644, 22, 205 ]
4869 / 10000: [ 0, 2, 0, 0, 0 ], [ 0, 644, 22, 205 ]
4870 / 10000: [ 0, 3, 0, 0, 0 ], [ 0, 645, 22, 205 ]
4871 / 10000: [ 0, 3, 0, 0, 0 ], [ 0, 646, 22, 205 ]
4872 / 10000: [ 0, 2, 0, 0, 0 ], [ 0, 646, 22, 205 ]
4873 / 10000: [ 0, 1, 0, 0, 0 ], [ 0, 646, 22, 205 ]
4874 / 10000: [ 0, 0, 0, 0, 0 ], [ 0, 646, 22, 205 ]
4875 / 10000: [ 0, 3, 0, 0, 0 ], [ 0, 647, 22, 205 ]
4876 / 10000: [ 0, 1, 0, 0, 0 ], [ 0, 647, 22, 205 ]
4877 / 10000: [ 0, 3, 0, 0, 0 ], [ 0, 648, 22, 205 ]
4878 / 10000: [ 0, 2, 0, 0, 0 ], [ 0, 648, 22, 205 ]
4879 / 10000: [ 0, 2, 0, 0, 0 ], [ 0, 648, 22, 205 ]
4880 / 10000: [ 0, 3, 0, 0, 0 ], [ 0, 649, 22, 205 ]
4881 / 10000: [ 0, 2, 0, 1, 0 ], [ 0, 649, 22, 206 ]
4882 / 10000: [ 0, 3, 0, 0, 0 ], [ 0, 650, 22, 206 ]
4883 / 10000: [ 0, 3, 0, 0, 0 ], [ 0, 651, 22, 206 ]
4884 / 10000: [ 0, 0, 0, 0, 0 ], [ 0, 651, 22, 206 ]
4885 / 10000: [ 0, 0, 0, 0, 0 ], [ 0, 651, 22, 206 ]
4886 / 10000: [ 0, 1, 0, 2, 0 ], [ 0, 651, 22, 207 ]
4887 / 10000: [ 0, 0, 0, 0, 0 ], [ 0, 651, 22, 207 ]
4888 / 10000: [ 0, 0, 0, 1, 0 ], [ 0, 651, 22, 207 ]
4889 / 10000: [ 0, 0, 0, 3, 0 ], [ 0, 651, 22, 208 ]
4890 / 10000: [ 0, 2, 0, 1, 0 ], [ 0, 651, 22, 209 ]
4891 / 10000: [ 0, 1, 0, 2, 0 ], [ 0, 651, 22, 210 ]
4892 / 10000: [ 0, 1, 0, 0, 0 ], [ 0, 651, 22, 210 ]
4893 / 10000: [ 0, 0, 0, 2, 1 ], [ 0, 651, 22, 211 ]
4894 / 10000: [ 0, 0, 0, 2, 0 ], [ 0, 651, 22, 211 ]
4895 / 10000: [ 0, 1, 0, 1, 0 ], [ 0, 651, 22, 211 ]
4896 / 10000: [ 0, 0, 0, 1, 0 ], [ 0, 651, 22, 211 ]
4897 / 10000: [ 0, 0, 0, 1, 0 ], [ 0, 651, 22, 211 ]
4898 / 10000: [ 0, 3, 0, 0, 0 ], [ 0, 652, 22, 211 ]
4899 / 10000: [ 0, 0, 0, 1, 0 ], [ 0, 652, 22, 211 ]
4900 / 10000: [ 0, 3, 0, 0, 0 ], [ 0, 653, 22, 211 ]
4901 / 10000: [ 0, 0, 0, 0, 0 ], [ 0, 653, 22, 211 ]
4902 / 10000: [ 0, 2, 0, 0, 0 ], [ 0, 653, 22, 211 ]
4903 / 10000: [ 0, 0, 0, 0, 0 ], [ 0, 653, 22, 211 ]
4904 / 10000: [ 0, 0, 0, 0, 0 ], [ 0, 653, 22, 211 ]
4905 / 10000: [ 0, 0, 0, 0, 0 ], [ 0, 653, 22, 211 ]
4906 / 10000: [ 0, 0, 0, 0, 0 ], [ 0, 653, 22, 211 ]
4907 / 10000: [ 0, 0, 0, 0, 0 ], [ 0, 653, 22, 211 ]
4908 / 10000: [ 0, 1, 0, 0, 0 ], [ 0, 653, 22, 211 ]
4909 / 10000: [ 0, 0, 0, 0, 0 ], [ 0, 653, 22, 211 ]
4910 / 10000: [ 0, 0, 0, 0, 0 ], [ 0, 653, 22, 211 ]
4911 / 10000: [ 0, 0, 0, 0, 0 ], [ 0, 653, 22, 211 ]
4912 / 10000: [ 0, 2, 0, 0, 0 ], [ 0, 653, 22, 211 ]
4913 / 10000: [ 0, 0, 0, 0, 0 ], [ 0, 653, 22, 211 ]
4914 / 10000: [ 0, 1, 0, 0, 0 ], [ 0, 653, 22, 211 ]
4915 / 10000: [ 0, 0, 0, 0, 0 ], [ 0, 653, 22, 211 ]
4916 / 10000: [ 0, 0, 0, 0, 0 ], [ 0, 653, 22, 211 ]
4917 / 10000: [ 0, 0, 0, 0, 0 ], [ 0, 653, 22, 211 ]
4918 / 10000: [ 0, 1, 0, 0, 0 ], [ 0, 653, 22, 211 ]
4919 / 10000: [ 0, 0, 0, 0, 0 ], [ 0, 653, 22, 211 ]
4920 / 10000: [ 0, 1, 0, 0, 0 ], [ 0, 653, 22, 211 ]
4921 / 10000: [ 0, 0, 0, 0, 0 ], [ 0, 653, 22, 211 ]
4922 / 10000: [ 0, 0, 0, 0, 0 ], [ 0, 653, 22, 211 ]
4923 / 10000: [ 0, 0, 0, 0, 0 ], [ 0, 653, 22, 211 ]
4924 / 10000: [ 0, 0, 0, 0, 0 ], [ 0, 653, 22, 211 ]
4925 / 10000: [ 0, 0, 0, 0, 0 ], [ 0, 653, 22, 211 ]
4926 / 10000: [ 0, 0, 0, 0, 0 ], [ 0, 653, 22, 211 ]
4927 / 10000: [ 0, 1, 0, 0, 0 ], [ 0, 653, 22, 211 ]
4928 / 10000: [ 0, 1, 0, 0, 0 ], [ 0, 653, 22, 211 ]
4929 / 10000: [ 0, 0, 0, 0, 0 ], [ 0, 653, 22, 211 ]
4930 / 10000: [ 0, 0, 0, 0, 0 ], [ 0, 653, 22, 211 ]
4931 / 10000: [ 0, 0, 0, 0, 0 ], [ 0, 653, 22, 211 ]
4932 / 10000: [ 0, 0, 0, 0, 0 ], [ 0, 653, 22, 211 ]
4933 / 10000: [ 0, 1, 0, 0, 0 ], [ 0, 653, 22, 211 ]
4934 / 10000: [ 0, 0, 0, 0, 0 ], [ 0, 653, 22, 211 ]
4935 / 10000: [ 0, 0, 0, 0, 0 ], [ 0, 653, 22, 211 ]
4936 / 10000: [ 0, 0, 0, 0, 0 ], [ 0, 653, 22, 211 ]
4937 / 10000: [ 0, 0, 0, 0, 0 ], [ 0, 653, 22, 211 ]
4938 / 10000: [ 0, 0, 0, 0, 0 ], [ 0, 653, 22, 211 ]
4939 / 10000: [ 0, 0, 0, 0, 0 ], [ 0, 653, 22, 211 ]
4940 / 10000: [ 0, 0, 0, 0, 0 ], [ 0, 653, 22, 211 ]
4941 / 10000: [ 0, 2, 0, 0, 0 ], [ 0, 653, 22, 211 ]
4942 / 10000: [ 0, 1, 0, 0, 0 ], [ 0, 653, 22, 211 ]
4943 / 10000: [ 0, 3, 0, 0, 0 ], [ 0, 654, 22, 211 ]
4944 / 10000: [ 0, 0, 0, 0, 0 ], [ 0, 654, 22, 211 ]
4945 / 10000: [ 0, 0, 0, 0, 0 ], [ 0, 654, 22, 211 ]
4946 / 10000: [ 0, 0, 0, 0, 0 ], [ 0, 654, 22, 211 ]
4947 / 10000: [ 0, 0, 0, 0, 0 ], [ 0, 654, 22, 211 ]
4948 / 10000: [ 0, 0, 0, 0, 0 ], [ 0, 654, 22, 211 ]
4949 / 10000: [ 0, 0, 0, 0, 0 ], [ 0, 654, 22, 211 ]
4950 / 10000: [ 0, 3, 0, 0, 0 ], [ 0, 655, 22, 211 ]
4951 / 10000: [ 0, 0, 0, 0, 0 ], [ 0, 655, 22, 211 ]
4952 / 10000: [ 0, 0, 0, 0, 0 ], [ 0, 655, 22, 211 ]
4953 / 10000: [ 0, 0, 0, 0, 0 ], [ 0, 655, 22, 211 ]
4954 / 10000: [ 0, 1, 0, 0, 0 ], [ 0, 655, 22, 211 ]
4955 / 10000: [ 0, 1, 0, 0, 0 ], [ 0, 655, 22, 211 ]
4956 / 10000: [ 0, 0, 0, 0, 0 ], [ 0, 655, 22, 211 ]
4957 / 10000: [ 0, 1, 0, 0, 0 ], [ 0, 655, 22, 211 ]
4958 / 10000: [ 0, 2, 0, 0, 0 ], [ 0, 655, 22, 211 ]
4959 / 10000: [ 0, 0, 0, 0, 0 ], [ 0, 655, 22, 211 ]
4960 / 10000: [ 0, 2, 0, 0, 0 ], [ 0, 655, 22, 211 ]
4961 / 10000: [ 0, 0, 0, 0, 0 ], [ 0, 655, 22, 211 ]
4962 / 10000: [ 0, 2, 0, 0, 0 ], [ 0, 655, 22, 211 ]
4963 / 10000: [ 0, 1, 0, 0, 0 ], [ 0, 655, 22, 211 ]
4964 / 10000: [ 0, 0, 0, 0, 0 ], [ 0, 655, 22, 211 ]
4965 / 10000: [ 0, 0, 0, 0, 0 ], [ 0, 655, 22, 211 ]
4966 / 10000: [ 0, 0, 0, 0, 0 ], [ 0, 655, 22, 211 ]
4967 / 10000: [ 0, 0, 0, 0, 0 ], [ 0, 655, 22, 211 ]
4968 / 10000: [ 0, 0, 0, 0, 0 ], [ 0, 655, 22, 211 ]
4969 / 10000: [ 0, 0, 0, 0, 0 ], [ 0, 655, 22, 211 ]
4970 / 10000: [ 0, 0, 0, 0, 0 ], [ 0, 655, 22, 211 ]
4971 / 10000: [ 0, 0, 0, 0, 0 ], [ 0, 655, 22, 211 ]
4972 / 10000: [ 0, 1, 0, 0, 0 ], [ 0, 655, 22, 211 ]
4973 / 10000: [ 0, 0, 0, 0, 0 ], [ 0, 655, 22, 211 ]
4974 / 10000: [ 0, 0, 0, 0, 0 ], [ 0, 655, 22, 211 ]
4975 / 10000: [ 0, 0, 0, 0, 0 ], [ 0, 655, 22, 211 ]
4976 / 10000: [ 0, 0, 0, 0, 0 ], [ 0, 655, 22, 211 ]
4977 / 10000: [ 0, 0, 0, 0, 0 ], [ 0, 655, 22, 211 ]
4978 / 10000: [ 0, 1, 0, 0, 0 ], [ 0, 655, 22, 211 ]
4979 / 10000: [ 0, 0, 0, 0, 0 ], [ 0, 655, 22, 211 ]
4980 / 10000: [ 0, 0, 0, 0, 0 ], [ 0, 655, 22, 211 ]
4981 / 10000: [ 0, 3, 0, 0, 0 ], [ 0, 656, 22, 211 ]
4982 / 10000: [ 0, 1, 0, 0, 0 ], [ 0, 656, 22, 211 ]
4983 / 10000: [ 0, 3, 0, 0, 0 ], [ 0, 657, 22, 211 ]
4984 / 10000: [ 0, 0, 0, 0, 0 ], [ 0, 657, 22, 211 ]
4985 / 10000: [ 0, 0, 0, 0, 0 ], [ 0, 657, 22, 211 ]
4986 / 10000: [ 0, 1, 0, 0, 0 ], [ 0, 657, 22, 211 ]
4987 / 10000: [ 0, 0, 0, 0, 0 ], [ 0, 657, 22, 211 ]
4988 / 10000: [ 0, 2, 0, 0, 0 ], [ 0, 657, 22, 211 ]
4989 / 10000: [ 0, 1, 0, 0, 0 ], [ 0, 657, 22, 211 ]
4990 / 10000: [ 0, 3, 0, 0, 0 ], [ 0, 658, 22, 211 ]
4991 / 10000: [ 0, 2, 0, 0, 0 ], [ 0, 658, 22, 211 ]
4992 / 10000: [ 0, 1, 0, 0, 0 ], [ 0, 658, 22, 211 ]
4993 / 10000: [ 0, 0, 0, 0, 0 ], [ 0, 658, 22, 211 ]
4994 / 10000: [ 0, 0, 0, 0, 0 ], [ 0, 658, 22, 211 ]
4995 / 10000: [ 0, 2, 0, 0, 0 ], [ 0, 658, 22, 211 ]
4996 / 10000: [ 0, 1, 0, 0, 0 ], [ 0, 658, 22, 211 ]
4997 / 10000: [ 0, 0, 0, 0, 0 ], [ 0, 658, 22, 211 ]
4998 / 10000: [ 0, 2, 0, 0, 0 ], [ 0, 658, 22, 211 ]
4999 / 10000: [ 0, 1, 1, 0, 0 ], [ 0, 658, 22, 211 ]
5000 / 10000: [ 0, 3, 0, 0, 0 ], [ 0, 659, 22, 211 ]
5001 / 10000: [ 0, 2, 1, 0, 0 ], [ 0, 659, 23, 211 ]
5002 / 10000: [ 0, 1, 0, 0, 0 ], [ 0, 659, 23, 211 ]
5003 / 10000: [ 0, 3, 0, 0, 0 ], [ 0, 660, 23, 211 ]
5004 / 10000: [ 0, 0, 0, 0, 0 ], [ 0, 660, 23, 211 ]
5005 / 10000: [ 0, 1, 0, 0, 0 ], [ 0, 660, 23, 211 ]
5006 / 10000: [ 0, 1, 0, 0, 0 ], [ 0, 660, 23, 211 ]
5007 / 10000: [ 0, 0, 0, 0, 0 ], [ 0, 660, 23, 211 ]
5008 / 10000: [ 0, 0, 0, 0, 0 ], [ 0, 660, 23, 211 ]
5009 / 10000: [ 0, 0, 0, 0, 0 ], [ 0, 660, 23, 211 ]
5010 / 10000: [ 0, 3, 0, 0, 0 ], [ 0, 661, 23, 211 ]
5011 / 10000: [ 0, 0, 0, 0, 0 ], [ 0, 661, 23, 211 ]
5012 / 10000: [ 0, 0, 2, 0, 0 ], [ 0, 661, 23, 211 ]
5013 / 10000: [ 0, 1, 0, 0, 0 ], [ 0, 661, 23, 211 ]
5014 / 10000: [ 0, 0, 0, 0, 0 ], [ 0, 661, 23, 211 ]
5015 / 10000: [ 0, 0, 0, 0, 0 ], [ 0, 661, 23, 211 ]
5016 / 10000: [ 0, 0, 0, 0, 0 ], [ 0, 661, 23, 211 ]
5017 / 10000: [ 0, 2, 0, 0, 0 ], [ 0, 661, 23, 211 ]
5018 / 10000: [ 0, 2, 0, 0, 0 ], [ 0, 661, 23, 211 ]
5019 / 10000: [ 0, 0, 0, 0, 0 ], [ 0, 661, 23, 211 ]
5020 / 10000: [ 0, 2, 0, 0, 0 ], [ 0, 661, 23, 211 ]
5021 / 10000: [ 0, 2, 0, 0, 0 ], [ 0, 661, 23, 211 ]
5022 / 10000: [ 0, 3, 0, 0, 0 ], [ 0, 662, 23, 211 ]
5023 / 10000: [ 0, 3, 0, 0, 0 ], [ 0, 663, 23, 211 ]
5024 / 10000: [ 0, 0, 0, 0, 0 ], [ 0, 663, 23, 211 ]
5025 / 10000: [ 0, 0, 0, 0, 0 ], [ 0, 663, 23, 211 ]
5026 / 10000: [ 0, 0, 0, 0, 0 ], [ 0, 663, 23, 211 ]
5027 / 10000: [ 0, 1, 0, 0, 0 ], [ 0, 663, 23, 211 ]
5028 / 10000: [ 0, 0, 0, 0, 0 ], [ 0, 663, 23, 211 ]
5029 / 10000: [ 0, 0, 0, 0, 0 ], [ 0, 663, 23, 211 ]
5030 / 10000: [ 0, 3, 0, 0, 0 ], [ 0, 664, 23, 211 ]
5031 / 10000: [ 0, 0, 0, 0, 0 ], [ 0, 664, 23, 211 ]
5032 / 10000: [ 0, 1, 1, 0, 0 ], [ 0, 664, 23, 211 ]
5033 / 10000: [ 0, 0, 0, 0, 0 ], [ 0, 664, 23, 211 ]
5034 / 10000: [ 0, 0, 0, 0, 0 ], [ 0, 664, 23, 211 ]
5035 / 10000: [ 0, 0, 0, 0, 0 ], [ 0, 664, 23, 211 ]
5036 / 10000: [ 0, 0, 0, 0, 0 ], [ 0, 664, 23, 211 ]
5037 / 10000: [ 0, 0, 0, 0, 0 ], [ 0, 664, 23, 211 ]
5038 / 10000: [ 0, 3, 0, 0, 0 ], [ 0, 665, 23, 211 ]
5039 / 10000: [ 0, 1, 0, 0, 0 ], [ 0, 665, 23, 211 ]
5040 / 10000: [ 0, 2, 0, 0, 0 ], [ 0, 665, 23, 211 ]
5041 / 10000: [ 0, 3, 0, 0, 0 ], [ 0, 666, 23, 211 ]
5042 / 10000: [ 0, 2, 0, 0, 0 ], [ 0, 666, 23, 211 ]
5043 / 10000: [ 0, 3, 0, 0, 0 ], [ 0, 667, 23, 211 ]
5044 / 10000: [ 0, 0, 0, 0, 0 ], [ 0, 667, 23, 211 ]
5045 / 10000: [ 0, 0, 0, 0, 0 ], [ 0, 667, 23, 211 ]
5046 / 10000: [ 0, 0, 0, 0, 0 ], [ 0, 667, 23, 211 ]
5047 / 10000: [ 0, 0, 0, 0, 0 ], [ 0, 667, 23, 211 ]
5048 / 10000: [ 0, 0, 0, 0, 0 ], [ 0, 667, 23, 211 ]
5049 / 10000: [ 0, 0, 0, 0, 0 ], [ 0, 667, 23, 211 ]
5050 / 10000: [ 0, 3, 0, 0, 0 ], [ 0, 668, 23, 211 ]
5051 / 10000: [ 0, 0, 0, 0, 0 ], [ 0, 668, 23, 211 ]
5052 / 10000: [ 0, 0, 0, 0, 0 ], [ 0, 668, 23, 211 ]
5053 / 10000: [ 0, 0, 0, 0, 0 ], [ 0, 668, 23, 211 ]
5054 / 10000: [ 0, 0, 0, 0, 0 ], [ 0, 668, 23, 211 ]
5055 / 10000: [ 0, 0, 0, 0, 0 ], [ 0, 668, 23, 211 ]
5056 / 10000: [ 0, 0, 0, 0, 0 ], [ 0, 668, 23, 211 ]
5057 / 10000: [ 0, 0, 0, 0, 0 ], [ 0, 668, 23, 211 ]
5058 / 10000: [ 0, 2, 0, 0, 0 ], [ 0, 668, 23, 211 ]
5059 / 10000: [ 0, 0, 0, 0, 0 ], [ 0, 668, 23, 211 ]
5060 / 10000: [ 0, 2, 0, 0, 0 ], [ 0, 668, 23, 211 ]
5061 / 10000: [ 0, 1, 0, 0, 0 ], [ 0, 668, 23, 211 ]
5062 / 10000: [ 0, 1, 0, 0, 0 ], [ 0, 668, 23, 211 ]
5063 / 10000: [ 0, 2, 0, 0, 0 ], [ 0, 668, 23, 211 ]
5064 / 10000: [ 0, 0, 0, 0, 0 ], [ 0, 668, 23, 211 ]
5065 / 10000: [ 0, 0, 0, 0, 0 ], [ 0, 668, 23, 211 ]
5066 / 10000: [ 0, 3, 0, 0, 0 ], [ 0, 669, 23, 211 ]
5067 / 10000: [ 0, 0, 0, 0, 0 ], [ 0, 669, 23, 211 ]
5068 / 10000: [ 0, 1, 0, 0, 0 ], [ 0, 669, 23, 211 ]
5069 / 10000: [ 0, 2, 0, 0, 0 ], [ 0, 669, 23, 211 ]
5070 / 10000: [ 0, 1, 0, 0, 0 ], [ 0, 669, 23, 211 ]
5071 / 10000: [ 0, 1, 0, 0, 0 ], [ 0, 669, 23, 211 ]
5072 / 10000: [ 0, 0, 0, 0, 0 ], [ 0, 669, 23, 211 ]
5073 / 10000: [ 0, 2, 0, 0, 0 ], [ 0, 669, 23, 211 ]
5074 / 10000: [ 0, 2, 0, 0, 0 ], [ 0, 669, 23, 211 ]
5075 / 10000: [ 0, 0, 0, 0, 0 ], [ 0, 669, 23, 211 ]
5076 / 10000: [ 0, 1, 0, 0, 0 ], [ 0, 669, 23, 211 ]
5077 / 10000: [ 0, 1, 0, 0, 0 ], [ 0, 669, 23, 211 ]
5078 / 10000: [ 0, 2, 0, 0, 0 ], [ 0, 669, 23, 211 ]
5079 / 10000: [ 0, 0, 0, 0, 0 ], [ 0, 669, 23, 211 ]
5080 / 10000: [ 0, 0, 0, 0, 0 ], [ 0, 669, 23, 211 ]
5081 / 10000: [ 0, 0, 0, 0, 0 ], [ 0, 669, 23, 211 ]
5082 / 10000: [ 0, 0, 0, 0, 0 ], [ 0, 669, 23, 211 ]
5083 / 10000: [ 0, 1, 0, 0, 0 ], [ 0, 669, 23, 211 ]
5084 / 10000: [ 0, 0, 0, 0, 0 ], [ 0, 669, 23, 211 ]
5085 / 10000: [ 0, 1, 0, 0, 0 ], [ 0, 669, 23, 211 ]
5086 / 10000: [ 0, 1, 0, 0, 0 ], [ 0, 669, 23, 211 ]
5087 / 10000: [ 0, 2, 0, 0, 0 ], [ 0, 669, 23, 211 ]
5088 / 10000: [ 0, 1, 0, 0, 0 ], [ 0, 669, 23, 211 ]
5089 / 10000: [ 0, 1, 0, 0, 0 ], [ 0, 669, 23, 211 ]
5090 / 10000: [ 0, 1, 0, 0, 0 ], [ 0, 669, 23, 211 ]
5091 / 10000: [ 0, 1, 0, 0, 0 ], [ 0, 669, 23, 211 ]
5092 / 10000: [ 0, 0, 0, 0, 0 ], [ 0, 669, 23, 211 ]
5093 / 10000: [ 0, 1, 0, 0, 0 ], [ 0, 669, 23, 211 ]
5094 / 10000: [ 0, 0, 0, 0, 0 ], [ 0, 669, 23, 211 ]
5095 / 10000: [ 0, 1, 0, 0, 0 ], [ 0, 669, 23, 211 ]
5096 / 10000: [ 0, 0, 0, 0, 0 ], [ 0, 669, 23, 211 ]
5097 / 10000: [ 0, 3, 0, 0, 0 ], [ 0, 670, 23, 211 ]
5098 / 10000: [ 0, 0, 0, 0, 0 ], [ 0, 670, 23, 211 ]
5099 / 10000: [ 0, 0, 0, 0, 0 ], [ 0, 670, 23, 211 ]
5100 / 10000: [ 0, 0, 0, 0, 0 ], [ 0, 670, 23, 211 ]
5101 / 10000: [ 0, 0, 0, 0, 0 ], [ 0, 670, 23, 211 ]
5102 / 10000: [ 0, 0, 0, 0, 0 ], [ 0, 670, 23, 211 ]
5103 / 10000: [ 0, 1, 0, 0, 0 ], [ 0, 670, 23, 211 ]
5104 / 10000: [ 0, 0, 0, 0, 0 ], [ 0, 670, 23, 211 ]
5105 / 10000: [ 0, 1, 0, 0, 0 ], [ 0, 670, 23, 211 ]
5106 / 10000: [ 0, 2, 0, 0, 0 ], [ 0, 670, 23, 211 ]
5107 / 10000: [ 0, 1, 0, 0, 0 ], [ 0, 670, 23, 211 ]
5108 / 10000: [ 0, 2, 0, 0, 0 ], [ 0, 670, 23, 211 ]
5109 / 10000: [ 0, 2, 0, 0, 0 ], [ 0, 670, 23, 211 ]
5110 / 10000: [ 0, 1, 0, 0, 0 ], [ 0, 670, 23, 211 ]
5111 / 10000: [ 0, 3, 0, 0, 0 ], [ 0, 671, 23, 211 ]
5112 / 10000: [ 0, 1, 0, 0, 0 ], [ 0, 671, 23, 211 ]
5113 / 10000: [ 0, 2, 0, 0, 0 ], [ 0, 671, 23, 211 ]
5114 / 10000: [ 0, 0, 0, 0, 0 ], [ 0, 671, 23, 211 ]
5115 / 10000: [ 0, 1, 0, 0, 0 ], [ 0, 671, 23, 211 ]
5116 / 10000: [ 0, 0, 0, 0, 0 ], [ 0, 671, 23, 211 ]
5117 / 10000: [ 0, 3, 0, 0, 0 ], [ 0, 672, 23, 211 ]
5118 / 10000: [ 0, 0, 0, 0, 0 ], [ 0, 672, 23, 211 ]
5119 / 10000: [ 0, 0, 0, 0, 0 ], [ 0, 672, 23, 211 ]
5120 / 10000: [ 0, 2, 0, 0, 0 ], [ 0, 672, 23, 211 ]
5121 / 10000: [ 0, 3, 0, 0, 0 ], [ 0, 673, 23, 211 ]
5122 / 10000: [ 0, 2, 0, 0, 0 ], [ 0, 673, 23, 211 ]
5123 / 10000: [ 0, 2, 0, 0, 0 ], [ 0, 673, 23, 211 ]
5124 / 10000: [ 0, 2, 0, 0, 0 ], [ 0, 673, 23, 211 ]
5125 / 10000: [ 0, 0, 0, 0, 0 ], [ 0, 673, 23, 211 ]
5126 / 10000: [ 0, 0, 0, 0, 0 ], [ 0, 673, 23, 211 ]
5127 / 10000: [ 0, 0, 0, 0, 0 ], [ 0, 673, 23, 211 ]
5128 / 10000: [ 0, 1, 0, 0, 0 ], [ 0, 673, 23, 211 ]
5129 / 10000: [ 0, 1, 0, 0, 0 ], [ 0, 673, 23, 211 ]
5130 / 10000: [ 0, 2, 0, 0, 0 ], [ 0, 673, 23, 211 ]
5131 / 10000: [ 0, 2, 0, 0, 0 ], [ 0, 673, 23, 211 ]
5132 / 10000: [ 0, 3, 0, 0, 0 ], [ 0, 674, 23, 211 ]
5133 / 10000: [ 0, 0, 0, 0, 0 ], [ 0, 674, 23, 211 ]
5134 / 10000: [ 0, 1, 0, 0, 0 ], [ 0, 674, 23, 211 ]
5135 / 10000: [ 0, 2, 0, 0, 0 ], [ 0, 674, 23, 211 ]
5136 / 10000: [ 0, 1, 0, 0, 0 ], [ 0, 674, 23, 211 ]
5137 / 10000: [ 0, 0, 0, 0, 0 ], [ 0, 674, 23, 211 ]
5138 / 10000: [ 0, 2, 0, 0, 0 ], [ 0, 674, 23, 211 ]
5139 / 10000: [ 0, 1, 0, 0, 0 ], [ 0, 674, 23, 211 ]
5140 / 10000: [ 0, 3, 0, 0, 0 ], [ 0, 675, 23, 211 ]
5141 / 10000: [ 0, 1, 0, 0, 0 ], [ 0, 675, 23, 211 ]
5142 / 10000: [ 0, 1, 0, 0, 0 ], [ 0, 675, 23, 211 ]
5143 / 10000: [ 0, 2, 0, 0, 0 ], [ 0, 675, 23, 211 ]
5144 / 10000: [ 0, 1, 0, 1, 0 ], [ 0, 675, 23, 211 ]
5145 / 10000: [ 0, 1, 0, 0, 0 ], [ 0, 675, 23, 211 ]
5146 / 10000: [ 0, 3, 0, 0, 0 ], [ 0, 676, 23, 211 ]
5147 / 10000: [ 0, 0, 0, 0, 0 ], [ 0, 676, 23, 211 ]
5148 / 10000: [ 0, 1, 0, 1, 0 ], [ 0, 676, 23, 211 ]
5149 / 10000: [ 0, 3, 0, 0, 0 ], [ 0, 677, 23, 211 ]
5150 / 10000: [ 0, 0, 0, 0, 0 ], [ 0, 677, 23, 211 ]
5151 / 10000: [ 0, 3, 0, 0, 0 ], [ 0, 678, 23, 211 ]
5152 / 10000: [ 0, 1, 0, 1, 0 ], [ 0, 678, 23, 211 ]
5153 / 10000: [ 0, 2, 0, 1, 0 ], [ 0, 678, 23, 212 ]
5154 / 10000: [ 0, 2, 0, 0, 0 ], [ 0, 678, 23, 212 ]
5155 / 10000: [ 0, 0, 0, 3, 0 ], [ 0, 678, 23, 213 ]
5156 / 10000: [ 0, 2, 0, 1, 0 ], [ 0, 678, 23, 214 ]
5157 / 10000: [ 0, 0, 0, 2, 0 ], [ 0, 678, 23, 214 ]
5158 / 10000: [ 0, 2, 0, 0, 0 ], [ 0, 678, 23, 214 ]
5159 / 10000: [ 0, 2, 0, 1, 0 ], [ 0, 678, 23, 215 ]
5160 / 10000: [ 0, 0, 0, 2, 0 ], [ 0, 678, 23, 215 ]
5161 / 10000: [ 0, 0, 0, 0, 0 ], [ 0, 678, 23, 215 ]
5162 / 10000: [ 0, 1, 0, 0, 0 ], [ 0, 678, 23, 215 ]
5163 / 10000: [ 0, 1, 0, 0, 0 ], [ 0, 678, 23, 215 ]
5164 / 10000: [ 0, 0, 0, 0, 0 ], [ 0, 678, 23, 215 ]
5165 / 10000: [ 0, 0, 0, 0, 0 ], [ 0, 678, 23, 215 ]
5166 / 10000: [ 0, 0, 0, 0, 0 ], [ 0, 678, 23, 215 ]
5167 / 10000: [ 0, 0, 0, 0, 0 ], [ 0, 678, 23, 215 ]
5168 / 10000: [ 0, 0, 0, 0, 0 ], [ 0, 678, 23, 215 ]
5169 / 10000: [ 0, 0, 0, 0, 0 ], [ 0, 678, 23, 215 ]
5170 / 10000: [ 0, 0, 0, 0, 0 ], [ 0, 678, 23, 215 ]
5171 / 10000: [ 0, 0, 0, 0, 0 ], [ 0, 678, 23, 215 ]
5172 / 10000: [ 0, 1, 0, 0, 0 ], [ 0, 678, 23, 215 ]
5173 / 10000: [ 0, 0, 0, 0, 0 ], [ 0, 678, 23, 215 ]
5174 / 10000: [ 0, 0, 0, 0, 0 ], [ 0, 678, 23, 215 ]
5175 / 10000: [ 0, 0, 0, 0, 0 ], [ 0, 678, 23, 215 ]
5176 / 10000: [ 0, 0, 0, 0, 0 ], [ 0, 678, 23, 215 ]
5177 / 10000: [ 0, 0, 0, 0, 0 ], [ 0, 678, 23, 215 ]
5178 / 10000: [ 0, 0, 0, 0, 0 ], [ 0, 678, 23, 215 ]
5179 / 10000: [ 0, 1, 0, 0, 0 ], [ 0, 678, 23, 215 ]
5180 / 10000: [ 0, 1, 0, 0, 0 ], [ 0, 678, 23, 215 ]
5181 / 10000: [ 0, 2, 0, 0, 0 ], [ 0, 678, 23, 215 ]
5182 / 10000: [ 0, 1, 0, 2, 0 ], [ 0, 678, 23, 216 ]
5183 / 10000: [ 0, 2, 0, 1, 0 ], [ 0, 678, 23, 217 ]
5184 / 10000: [ 0, 0, 0, 0, 0 ], [ 0, 678, 23, 217 ]
5185 / 10000: [ 0, 0, 0, 0, 0 ], [ 0, 678, 23, 217 ]
5186 / 10000: [ 0, 0, 0, 1, 0 ], [ 0, 678, 23, 217 ]
5187 / 10000: [ 0, 0, 0, 0, 0 ], [ 0, 678, 23, 217 ]
5188 / 10000: [ 0, 1, 0, 0, 0 ], [ 0, 678, 23, 217 ]
5189 / 10000: [ 0, 1, 0, 1, 0 ], [ 0, 678, 23, 217 ]
5190 / 10000: [ 0, 2, 0, 0, 0 ], [ 0, 678, 23, 217 ]
5191 / 10000: [ 0, 1, 0, 1, 0 ], [ 0, 678, 23, 217 ]
5192 / 10000: [ 0, 1, 0, 1, 0 ], [ 0, 678, 23, 217 ]
5193 / 10000: [ 0, 0, 0, 0, 0 ], [ 0, 678, 23, 217 ]
5194 / 10000: [ 0, 0, 0, 0, 0 ], [ 0, 678, 23, 217 ]
5195 / 10000: [ 0, 2, 0, 1, 0 ], [ 0, 678, 23, 218 ]
5196 / 10000: [ 0, 1, 0, 0, 0 ], [ 0, 678, 23, 218 ]
5197 / 10000: [ 0, 0, 0, 2, 0 ], [ 0, 678, 23, 218 ]
5198 / 10000: [ 0, 2, 0, 1, 0 ], [ 0, 678, 23, 219 ]
5199 / 10000: [ 0, 0, 0, 0, 0 ], [ 0, 678, 23, 219 ]
5200 / 10000: [ 0, 3, 0, 0, 0 ], [ 0, 679, 23, 219 ]
5201 / 10000: [ 0, 0, 0, 2, 0 ], [ 0, 679, 23, 219 ]
5202 / 10000: [ 0, 2, 0, 1, 0 ], [ 0, 679, 23, 220 ]
5203 / 10000: [ 0, 3, 0, 0, 0 ], [ 0, 680, 23, 220 ]
5204 / 10000: [ 0, 0, 0, 0, 0 ], [ 0, 680, 23, 220 ]
5205 / 10000: [ 0, 0, 0, 0, 0 ], [ 0, 680, 23, 220 ]
5206 / 10000: [ 0, 1, 0, 0, 0 ], [ 0, 680, 23, 220 ]
5207 / 10000: [ 0, 0, 0, 0, 0 ], [ 0, 680, 23, 220 ]
5208 / 10000: [ 0, 0, 0, 1, 0 ], [ 0, 680, 23, 220 ]
5209 / 10000: [ 0, 1, 0, 1, 0 ], [ 0, 680, 23, 220 ]
5210 / 10000: [ 0, 0, 0, 2, 0 ], [ 0, 680, 23, 220 ]
5211 / 10000: [ 0, 1, 0, 1, 0 ], [ 0, 680, 23, 220 ]
5212 / 10000: [ 0, 1, 0, 1, 0 ], [ 0, 680, 23, 220 ]
5213 / 10000: [ 0, 0, 0, 0, 0 ], [ 0, 680, 23, 220 ]
5214 / 10000: [ 0, 0, 0, 0, 0 ], [ 0, 680, 23, 220 ]
5215 / 10000: [ 0, 1, 0, 2, 0 ], [ 0, 680, 23, 221 ]
5216 / 10000: [ 0, 0, 0, 1, 0 ], [ 0, 680, 23, 221 ]
5217 / 10000: [ 0, 2, 0, 0, 0 ], [ 0, 680, 23, 221 ]
5218 / 10000: [ 0, 1, 0, 2, 0 ], [ 0, 680, 23, 222 ]
5219 / 10000: [ 0, 0, 0, 0, 0 ], [ 0, 680, 23, 222 ]
5220 / 10000: [ 0, 1, 0, 2, 0 ], [ 0, 680, 23, 223 ]
5221 / 10000: [ 0, 1, 0, 1, 0 ], [ 0, 680, 23, 223 ]
5222 / 10000: [ 0, 1, 0, 1, 0 ], [ 0, 680, 23, 223 ]
5223 / 10000: [ 0, 1, 0, 0, 1 ], [ 0, 680, 23, 223 ]
5224 / 10000: [ 0, 0, 0, 0, 0 ], [ 0, 680, 23, 223 ]
5225 / 10000: [ 0, 0, 0, 0, 0 ], [ 0, 680, 23, 223 ]
5226 / 10000: [ 0, 2, 0, 1, 0 ], [ 0, 680, 23, 224 ]
5227 / 10000: [ 0, 0, 0, 0, 0 ], [ 0, 680, 23, 224 ]
5228 / 10000: [ 0, 1, 0, 0, 0 ], [ 0, 680, 23, 224 ]
5229 / 10000: [ 0, 2, 0, 0, 0 ], [ 0, 680, 23, 224 ]
5230 / 10000: [ 0, 0, 0, 0, 0 ], [ 0, 680, 23, 224 ]
5231 / 10000: [ 0, 1, 0, 0, 0 ], [ 0, 680, 23, 224 ]
5232 / 10000: [ 0, 0, 0, 0, 0 ], [ 0, 680, 23, 224 ]
5233 / 10000: [ 0, 2, 0, 0, 0 ], [ 0, 680, 23, 224 ]
5234 / 10000: [ 0, 2, 0, 0, 0 ], [ 0, 680, 23, 224 ]
5235 / 10000: [ 0, 0, 0, 1, 0 ], [ 0, 680, 23, 224 ]
5236 / 10000: [ 0, 1, 0, 0, 0 ], [ 0, 680, 23, 224 ]
5237 / 10000: [ 0, 0, 0, 1, 0 ], [ 0, 680, 23, 224 ]
5238 / 10000: [ 0, 2, 0, 0, 0 ], [ 0, 680, 23, 224 ]
5239 / 10000: [ 0, 0, 0, 0, 0 ], [ 0, 680, 23, 224 ]
5240 / 10000: [ 0, 1, 0, 0, 0 ], [ 0, 680, 23, 224 ]
5241 / 10000: [ 0, 1, 0, 1, 0 ], [ 0, 680, 23, 224 ]
5242 / 10000: [ 0, 1, 0, 1, 0 ], [ 0, 680, 23, 224 ]
5243 / 10000: [ 0, 0, 1, 1, 0 ], [ 0, 680, 23, 224 ]
5244 / 10000: [ 0, 0, 0, 0, 0 ], [ 0, 680, 23, 224 ]
5245 / 10000: [ 0, 0, 0, 0, 0 ], [ 0, 680, 23, 224 ]
5246 / 10000: [ 0, 2, 0, 1, 0 ], [ 0, 680, 23, 225 ]
5247 / 10000: [ 0, 0, 0, 0, 0 ], [ 0, 680, 23, 225 ]
5248 / 10000: [ 0, 0, 0, 1, 0 ], [ 0, 680, 23, 225 ]
5249 / 10000: [ 0, 0, 0, 2, 0 ], [ 0, 680, 23, 225 ]
5250 / 10000: [ 0, 0, 0, 0, 0 ], [ 0, 680, 23, 225 ]
5251 / 10000: [ 0, 0, 0, 1, 0 ], [ 0, 680, 23, 225 ]
5252 / 10000: [ 0, 0, 0, 0, 0 ], [ 0, 680, 23, 225 ]
5253 / 10000: [ 0, 0, 0, 2, 0 ], [ 0, 680, 23, 225 ]
5254 / 10000: [ 0, 0, 0, 2, 0 ], [ 0, 680, 23, 225 ]
5255 / 10000: [ 0, 1, 0, 0, 0 ], [ 0, 680, 23, 225 ]
5256 / 10000: [ 0, 0, 0, 1, 0 ], [ 0, 680, 23, 225 ]
5257 / 10000: [ 0, 1, 0, 0, 0 ], [ 0, 680, 23, 225 ]
5258 / 10000: [ 0, 0, 0, 2, 0 ], [ 0, 680, 23, 225 ]
5259 / 10000: [ 0, 0, 0, 0, 0 ], [ 0, 680, 23, 225 ]
5260 / 10000: [ 0, 0, 0, 1, 0 ], [ 0, 680, 23, 225 ]
5261 / 10000: [ 0, 2, 0, 0, 0 ], [ 0, 680, 23, 225 ]
5262 / 10000: [ 0, 1, 0, 0, 0 ], [ 0, 680, 23, 225 ]
5263 / 10000: [ 0, 2, 0, 0, 0 ], [ 0, 680, 23, 225 ]
5264 / 10000: [ 0, 0, 0, 0, 0 ], [ 0, 680, 23, 225 ]
5265 / 10000: [ 0, 0, 0, 0, 0 ], [ 0, 680, 23, 225 ]
5266 / 10000: [ 0, 1, 0, 0, 0 ], [ 0, 680, 23, 225 ]
5267 / 10000: [ 0, 0, 0, 0, 0 ], [ 0, 680, 23, 225 ]
5268 / 10000: [ 0, 0, 0, 0, 0 ], [ 0, 680, 23, 225 ]
5269 / 10000: [ 0, 1, 0, 0, 0 ], [ 0, 680, 23, 225 ]
5270 / 10000: [ 0, 2, 0, 0, 0 ], [ 0, 680, 23, 225 ]
5271 / 10000: [ 0, 1, 0, 0, 0 ], [ 0, 680, 23, 225 ]
5272 / 10000: [ 0, 0, 0, 0, 0 ], [ 0, 680, 23, 225 ]
5273 / 10000: [ 0, 0, 0, 0, 0 ], [ 0, 680, 23, 225 ]
5274 / 10000: [ 0, 0, 0, 0, 0 ], [ 0, 680, 23, 225 ]
5275 / 10000: [ 0, 0, 0, 0, 0 ], [ 0, 680, 23, 225 ]
5276 / 10000: [ 0, 0, 0, 0, 0 ], [ 0, 680, 23, 225 ]
5277 / 10000: [ 0, 0, 0, 0, 0 ], [ 0, 680, 23, 225 ]
5278 / 10000: [ 0, 3, 0, 0, 0 ], [ 0, 681, 23, 225 ]
5279 / 10000: [ 0, 2, 0, 0, 0 ], [ 0, 681, 23, 225 ]
5280 / 10000: [ 0, 2, 0, 0, 0 ], [ 0, 681, 23, 225 ]
5281 / 10000: [ 0, 1, 0, 0, 0 ], [ 0, 681, 23, 225 ]
5282 / 10000: [ 0, 1, 0, 2, 0 ], [ 0, 681, 23, 226 ]
5283 / 10000: [ 0, 1, 0, 2, 0 ], [ 0, 681, 23, 227 ]
5284 / 10000: [ 0, 0, 0, 0, 0 ], [ 0, 681, 23, 227 ]
5285 / 10000: [ 0, 0, 0, 0, 0 ], [ 0, 681, 23, 227 ]
5286 / 10000: [ 0, 2, 0, 1, 0 ], [ 0, 681, 23, 228 ]
5287 / 10000: [ 0, 3, 0, 0, 0 ], [ 0, 682, 23, 228 ]
5288 / 10000: [ 0, 3, 0, 0, 0 ], [ 0, 683, 23, 228 ]
5289 / 10000: [ 0, 2, 0, 1, 0 ], [ 0, 683, 23, 229 ]
5290 / 10000: [ 0, 0, 0, 0, 0 ], [ 0, 683, 23, 229 ]
5291 / 10000: [ 0, 1, 0, 2, 0 ], [ 0, 683, 23, 230 ]
5292 / 10000: [ 0, 0, 0, 2, 0 ], [ 0, 683, 23, 230 ]
5293 / 10000: [ 0, 2, 0, 1, 0 ], [ 0, 683, 23, 231 ]
5294 / 10000: [ 0, 2, 0, 0, 0 ], [ 0, 683, 23, 231 ]
5295 / 10000: [ 0, 0, 0, 1, 0 ], [ 0, 683, 23, 231 ]
5296 / 10000: [ 0, 1, 0, 0, 0 ], [ 0, 683, 23, 231 ]
5297 / 10000: [ 0, 0, 0, 1, 0 ], [ 0, 683, 23, 231 ]
5298 / 10000: [ 0, 2, 0, 1, 0 ], [ 0, 683, 23, 232 ]
5299 / 10000: [ 0, 0, 0, 0, 0 ], [ 0, 683, 23, 232 ]
5300 / 10000: [ 0, 0, 0, 2, 0 ], [ 0, 683, 23, 232 ]
5301 / 10000: [ 0, 0, 0, 1, 0 ], [ 0, 683, 23, 232 ]
5302 / 10000: [ 0, 0, 0, 3, 0 ], [ 0, 683, 23, 233 ]
5303 / 10000: [ 0, 1, 0, 2, 0 ], [ 0, 683, 23, 234 ]
5304 / 10000: [ 0, 0, 0, 0, 0 ], [ 0, 683, 23, 234 ]
5305 / 10000: [ 0, 0, 0, 0, 0 ], [ 0, 683, 23, 234 ]
5306 / 10000: [ 0, 2, 0, 1, 0 ], [ 0, 683, 23, 235 ]
5307 / 10000: [ 0, 1, 0, 2, 0 ], [ 0, 683, 23, 236 ]
5308 / 10000: [ 0, 3, 0, 0, 0 ], [ 0, 684, 23, 236 ]
5309 / 10000: [ 0, 1, 0, 2, 0 ], [ 0, 684, 23, 237 ]
5310 / 10000: [ 0, 0, 0, 0, 0 ], [ 0, 684, 23, 237 ]
5311 / 10000: [ 0, 3, 0, 0, 0 ], [ 0, 685, 23, 237 ]
5312 / 10000: [ 0, 1, 0, 1, 0 ], [ 0, 685, 23, 237 ]
5313 / 10000: [ 0, 1, 0, 2, 0 ], [ 0, 685, 23, 238 ]
5314 / 10000: [ 0, 0, 0, 2, 0 ], [ 0, 685, 23, 238 ]
5315 / 10000: [ 0, 1, 0, 0, 0 ], [ 0, 685, 23, 238 ]
5316 / 10000: [ 0, 0, 0, 1, 0 ], [ 0, 685, 23, 238 ]
5317 / 10000: [ 0, 1, 0, 0, 0 ], [ 0, 685, 23, 238 ]
5318 / 10000: [ 0, 0, 0, 3, 0 ], [ 0, 685, 23, 239 ]
5319 / 10000: [ 0, 0, 0, 0, 0 ], [ 0, 685, 23, 239 ]
5320 / 10000: [ 0, 2, 0, 0, 0 ], [ 0, 685, 23, 239 ]
5321 / 10000: [ 0, 0, 0, 1, 0 ], [ 0, 685, 23, 239 ]
5322 / 10000: [ 0, 2, 0, 1, 0 ], [ 0, 685, 23, 240 ]
5323 / 10000: [ 0, 1, 0, 2, 0 ], [ 0, 685, 23, 241 ]
5324 / 10000: [ 0, 0, 0, 0, 0 ], [ 0, 685, 23, 241 ]
5325 / 10000: [ 0, 0, 0, 0, 0 ], [ 0, 685, 23, 241 ]
5326 / 10000: [ 0, 0, 0, 3, 0 ], [ 0, 685, 23, 242 ]
5327 / 10000: [ 0, 0, 0, 3, 0 ], [ 0, 685, 23, 243 ]
5328 / 10000: [ 0, 3, 0, 0, 0 ], [ 0, 686, 23, 243 ]
5329 / 10000: [ 0, 0, 0, 3, 0 ], [ 0, 686, 23, 244 ]
5330 / 10000: [ 0, 0, 0, 0, 0 ], [ 0, 686, 23, 244 ]
5331 / 10000: [ 0, 0, 0, 3, 0 ], [ 0, 686, 23, 245 ]
5332 / 10000: [ 0, 1, 0, 1, 0 ], [ 0, 686, 23, 245 ]
5333 / 10000: [ 0, 0, 0, 3, 0 ], [ 0, 686, 23, 246 ]
5334 / 10000: [ 0, 0, 0, 2, 0 ], [ 0, 686, 23, 246 ]
5335 / 10000: [ 0, 0, 0, 1, 0 ], [ 0, 686, 23, 246 ]
5336 / 10000: [ 0, 0, 0, 1, 0 ], [ 0, 686, 23, 246 ]
5337 / 10000: [ 0, 0, 0, 1, 0 ], [ 0, 686, 23, 246 ]
5338 / 10000: [ 0, 1, 0, 2, 0 ], [ 0, 686, 23, 247 ]
5339 / 10000: [ 0, 0, 0, 0, 0 ], [ 0, 686, 23, 247 ]
5340 / 10000: [ 0, 0, 0, 2, 0 ], [ 0, 686, 23, 247 ]
5341 / 10000: [ 0, 2, 0, 0, 0 ], [ 0, 686, 23, 247 ]
5342 / 10000: [ 0, 1, 0, 0, 0 ], [ 0, 686, 23, 247 ]
5343 / 10000: [ 0, 3, 0, 0, 0 ], [ 0, 687, 23, 247 ]
5344 / 10000: [ 0, 0, 0, 0, 0 ], [ 0, 687, 23, 247 ]
5345 / 10000: [ 0, 0, 0, 0, 0 ], [ 0, 687, 23, 247 ]
5346 / 10000: [ 0, 0, 0, 0, 0 ], [ 0, 687, 23, 247 ]
5347 / 10000: [ 0, 0, 0, 0, 0 ], [ 0, 687, 23, 247 ]
5348 / 10000: [ 0, 0, 0, 0, 0 ], [ 0, 687, 23, 247 ]
5349 / 10000: [ 0, 0, 0, 0, 0 ], [ 0, 687, 23, 247 ]
5350 / 10000: [ 0, 3, 0, 0, 0 ], [ 0, 688, 23, 247 ]
5351 / 10000: [ 0, 0, 0, 0, 0 ], [ 0, 688, 23, 247 ]
5352 / 10000: [ 0, 0, 0, 0, 0 ], [ 0, 688, 23, 247 ]
5353 / 10000: [ 0, 1, 0, 0, 0 ], [ 0, 688, 23, 247 ]
5354 / 10000: [ 0, 0, 0, 0, 0 ], [ 0, 688, 23, 247 ]
5355 / 10000: [ 0, 0, 0, 0, 0 ], [ 0, 688, 23, 247 ]
5356 / 10000: [ 0, 0, 0, 0, 0 ], [ 0, 688, 23, 247 ]
5357 / 10000: [ 0, 0, 0, 0, 0 ], [ 0, 688, 23, 247 ]
5358 / 10000: [ 0, 2, 0, 0, 0 ], [ 0, 688, 23, 247 ]
5359 / 10000: [ 0, 0, 0, 0, 0 ], [ 0, 688, 23, 247 ]
5360 / 10000: [ 0, 2, 0, 0, 0 ], [ 0, 688, 23, 247 ]
5361 / 10000: [ 0, 0, 0, 0, 0 ], [ 0, 688, 23, 247 ]
5362 / 10000: [ 0, 0, 0, 0, 0 ], [ 0, 688, 23, 247 ]
5363 / 10000: [ 0, 0, 0, 0, 0 ], [ 0, 688, 23, 247 ]
5364 / 10000: [ 0, 0, 0, 0, 0 ], [ 0, 688, 23, 247 ]
5365 / 10000: [ 0, 0, 0, 0, 0 ], [ 0, 688, 23, 247 ]
5366 / 10000: [ 0, 0, 0, 0, 0 ], [ 0, 688, 23, 247 ]
5367 / 10000: [ 0, 0, 0, 0, 0 ], [ 0, 688, 23, 247 ]
5368 / 10000: [ 0, 0, 0, 0, 0 ], [ 0, 688, 23, 247 ]
5369 / 10000: [ 0, 0, 0, 0, 0 ], [ 0, 688, 23, 247 ]
5370 / 10000: [ 0, 0, 0, 0, 0 ], [ 0, 688, 23, 247 ]
5371 / 10000: [ 0, 0, 0, 0, 0 ], [ 0, 688, 23, 247 ]
5372 / 10000: [ 0, 0, 0, 0, 0 ], [ 0, 688, 23, 247 ]
5373 / 10000: [ 0, 0, 0, 0, 0 ], [ 0, 688, 23, 247 ]
5374 / 10000: [ 0, 0, 0, 0, 0 ], [ 0, 688, 23, 247 ]
5375 / 10000: [ 0, 0, 0, 0, 0 ], [ 0, 688, 23, 247 ]
5376 / 10000: [ 0, 0, 0, 0, 0 ], [ 0, 688, 23, 247 ]
5377 / 10000: [ 0, 0, 0, 0, 0 ], [ 0, 688, 23, 247 ]
5378 / 10000: [ 0, 0, 0, 0, 0 ], [ 0, 688, 23, 247 ]
5379 / 10000: [ 0, 0, 0, 1, 0 ], [ 0, 688, 23, 247 ]
5380 / 10000: [ 0, 0, 0, 0, 0 ], [ 0, 688, 23, 247 ]
5381 / 10000: [ 0, 0, 0, 0, 0 ], [ 0, 688, 23, 247 ]
5382 / 10000: [ 0, 0, 0, 0, 0 ], [ 0, 688, 23, 247 ]
5383 / 10000: [ 0, 0, 0, 0, 0 ], [ 0, 688, 23, 247 ]
5384 / 10000: [ 0, 0, 0, 0, 0 ], [ 0, 688, 23, 247 ]
5385 / 10000: [ 0, 0, 0, 0, 0 ], [ 0, 688, 23, 247 ]
5386 / 10000: [ 0, 0, 0, 0, 0 ], [ 0, 688, 23, 247 ]
5387 / 10000: [ 0, 0, 0, 0, 0 ], [ 0, 688, 23, 247 ]
5388 / 10000: [ 0, 0, 0, 0, 0 ], [ 0, 688, 23, 247 ]
5389 / 10000: [ 0, 0, 0, 0, 0 ], [ 0, 688, 23, 247 ]
5390 / 10000: [ 0, 0, 0, 0, 0 ], [ 0, 688, 23, 247 ]
5391 / 10000: [ 0, 0, 0, 0, 0 ], [ 0, 688, 23, 247 ]
5392 / 10000: [ 0, 0, 0, 0, 0 ], [ 0, 688, 23, 247 ]
5393 / 10000: [ 0, 0, 0, 0, 0 ], [ 0, 688, 23, 247 ]
5394 / 10000: [ 0, 0, 0, 0, 0 ], [ 0, 688, 23, 247 ]
5395 / 10000: [ 0, 0, 0, 0, 0 ], [ 0, 688, 23, 247 ]
5396 / 10000: [ 0, 0, 0, 0, 0 ], [ 0, 688, 23, 247 ]
5397 / 10000: [ 0, 0, 0, 0, 0 ], [ 0, 688, 23, 247 ]
5398 / 10000: [ 0, 0, 0, 0, 0 ], [ 0, 688, 23, 247 ]
5399 / 10000: [ 0, 1, 0, 0, 0 ], [ 0, 688, 23, 247 ]
5400 / 10000: [ 0, 0, 0, 0, 0 ], [ 0, 688, 23, 247 ]
5401 / 10000: [ 0, 0, 0, 0, 0 ], [ 0, 688, 23, 247 ]
5402 / 10000: [ 0, 0, 0, 0, 0 ], [ 0, 688, 23, 247 ]
5403 / 10000: [ 0, 0, 0, 0, 0 ], [ 0, 688, 23, 247 ]
5404 / 10000: [ 0, 0, 0, 0, 0 ], [ 0, 688, 23, 247 ]
5405 / 10000: [ 0, 0, 0, 0, 0 ], [ 0, 688, 23, 247 ]
5406 / 10000: [ 0, 0, 0, 0, 0 ], [ 0, 688, 23, 247 ]
5407 / 10000: [ 0, 0, 0, 0, 0 ], [ 0, 688, 23, 247 ]
5408 / 10000: [ 0, 0, 0, 0, 0 ], [ 0, 688, 23, 247 ]
5409 / 10000: [ 0, 0, 0, 0, 0 ], [ 0, 688, 23, 247 ]
5410 / 10000: [ 0, 0, 0, 0, 0 ], [ 0, 688, 23, 247 ]
5411 / 10000: [ 0, 0, 0, 0, 0 ], [ 0, 688, 23, 247 ]
5412 / 10000: [ 0, 0, 0, 0, 0 ], [ 0, 688, 23, 247 ]
5413 / 10000: [ 0, 0, 0, 0, 0 ], [ 0, 688, 23, 247 ]
5414 / 10000: [ 0, 0, 0, 0, 0 ], [ 0, 688, 23, 247 ]
5415 / 10000: [ 0, 0, 0, 0, 0 ], [ 0, 688, 23, 247 ]
5416 / 10000: [ 0, 0, 0, 0, 0 ], [ 0, 688, 23, 247 ]
5417 / 10000: [ 0, 0, 0, 0, 0 ], [ 0, 688, 23, 247 ]
5418 / 10000: [ 0, 0, 0, 0, 0 ], [ 0, 688, 23, 247 ]
5419 / 10000: [ 0, 0, 0, 0, 0 ], [ 0, 688, 23, 247 ]
5420 / 10000: [ 0, 0, 0, 0, 0 ], [ 0, 688, 23, 247 ]
5421 / 10000: [ 0, 3, 0, 0, 0 ], [ 0, 689, 23, 247 ]
5422 / 10000: [ 0, 2, 0, 0, 0 ], [ 0, 689, 23, 247 ]
5423 / 10000: [ 0, 3, 0, 0, 0 ], [ 0, 690, 23, 247 ]
5424 / 10000: [ 0, 0, 0, 1, 0 ], [ 0, 690, 23, 247 ]
5425 / 10000: [ 0, 0, 0, 1, 0 ], [ 0, 690, 23, 247 ]
5426 / 10000: [ 0, 0, 0, 2, 0 ], [ 0, 690, 23, 247 ]
5427 / 10000: [ 0, 0, 0, 0, 0 ], [ 0, 690, 23, 247 ]
5428 / 10000: [ 0, 0, 0, 0, 0 ], [ 0, 690, 23, 247 ]
5429 / 10000: [ 0, 0, 0, 2, 0 ], [ 0, 690, 23, 247 ]
5430 / 10000: [ 0, 3, 0, 0, 0 ], [ 0, 691, 23, 247 ]
5431 / 10000: [ 0, 0, 0, 2, 0 ], [ 0, 691, 23, 247 ]
5432 / 10000: [ 0, 0, 0, 0, 0 ], [ 0, 691, 23, 247 ]
5433 / 10000: [ 0, 0, 0, 0, 0 ], [ 0, 691, 23, 247 ]
5434 / 10000: [ 0, 0, 0, 0, 0 ], [ 0, 691, 23, 247 ]
5435 / 10000: [ 0, 0, 0, 0, 0 ], [ 0, 691, 23, 247 ]
5436 / 10000: [ 0, 0, 0, 1, 0 ], [ 0, 691, 23, 247 ]
5437 / 10000: [ 0, 0, 0, 0, 0 ], [ 0, 691, 23, 247 ]
5438 / 10000: [ 0, 2, 0, 1, 0 ], [ 0, 691, 23, 248 ]
5439 / 10000: [ 0, 0, 0, 2, 0 ], [ 0, 691, 23, 248 ]
5440 / 10000: [ 0, 2, 0, 0, 0 ], [ 0, 691, 23, 248 ]
5441 / 10000: [ 0, 1, 0, 0, 0 ], [ 0, 691, 23, 248 ]
5442 / 10000: [ 0, 1, 0, 0, 0 ], [ 0, 691, 23, 248 ]
5443 / 10000: [ 0, 1, 0, 0, 0 ], [ 0, 691, 23, 248 ]
5444 / 10000: [ 0, 0, 0, 0, 0 ], [ 0, 691, 23, 248 ]
5445 / 10000: [ 0, 0, 0, 0, 0 ], [ 0, 691, 23, 248 ]
5446 / 10000: [ 0, 2, 0, 0, 0 ], [ 0, 691, 23, 248 ]
5447 / 10000: [ 0, 0, 0, 0, 0 ], [ 0, 691, 23, 248 ]
5448 / 10000: [ 0, 1, 0, 0, 0 ], [ 0, 691, 23, 248 ]
5449 / 10000: [ 0, 2, 0, 0, 0 ], [ 0, 691, 23, 248 ]
5450 / 10000: [ 0, 0, 0, 0, 0 ], [ 0, 691, 23, 248 ]
5451 / 10000: [ 0, 1, 0, 0, 0 ], [ 0, 691, 23, 248 ]
5452 / 10000: [ 0, 0, 0, 0, 0 ], [ 0, 691, 23, 248 ]
5453 / 10000: [ 0, 2, 0, 0, 0 ], [ 0, 691, 23, 248 ]
5454 / 10000: [ 0, 2, 0, 0, 0 ], [ 0, 691, 23, 248 ]
5455 / 10000: [ 0, 0, 0, 0, 0 ], [ 0, 691, 23, 248 ]
5456 / 10000: [ 0, 1, 0, 0, 0 ], [ 0, 691, 23, 248 ]
5457 / 10000: [ 0, 1, 0, 0, 0 ], [ 0, 691, 23, 248 ]
5458 / 10000: [ 0, 2, 0, 0, 0 ], [ 0, 691, 23, 248 ]
5459 / 10000: [ 0, 0, 0, 0, 0 ], [ 0, 691, 23, 248 ]
5460 / 10000: [ 0, 0, 0, 0, 0 ], [ 0, 691, 23, 248 ]
5461 / 10000: [ 0, 3, 0, 0, 0 ], [ 0, 692, 23, 248 ]
5462 / 10000: [ 0, 3, 0, 0, 0 ], [ 0, 693, 23, 248 ]
5463 / 10000: [ 0, 3, 0, 0, 0 ], [ 0, 694, 23, 248 ]
5464 / 10000: [ 0, 0, 0, 0, 0 ], [ 0, 694, 23, 248 ]
5465 / 10000: [ 0, 0, 0, 0, 0 ], [ 0, 694, 23, 248 ]
5466 / 10000: [ 0, 0, 0, 0, 0 ], [ 0, 694, 23, 248 ]
5467 / 10000: [ 0, 0, 0, 0, 0 ], [ 0, 694, 23, 248 ]
5468 / 10000: [ 0, 0, 0, 0, 0 ], [ 0, 694, 23, 248 ]
5469 / 10000: [ 0, 1, 0, 0, 0 ], [ 0, 694, 23, 248 ]
5470 / 10000: [ 0, 2, 0, 0, 0 ], [ 0, 694, 23, 248 ]
5471 / 10000: [ 0, 0, 0, 0, 0 ], [ 0, 694, 23, 248 ]
5472 / 10000: [ 0, 1, 0, 0, 0 ], [ 0, 694, 23, 248 ]
5473 / 10000: [ 0, 0, 0, 0, 0 ], [ 0, 694, 23, 248 ]
5474 / 10000: [ 0, 0, 0, 0, 0 ], [ 0, 694, 23, 248 ]
5475 / 10000: [ 0, 0, 0, 0, 0 ], [ 0, 694, 23, 248 ]
5476 / 10000: [ 0, 0, 0, 0, 0 ], [ 0, 694, 23, 248 ]
5477 / 10000: [ 0, 0, 0, 0, 0 ], [ 0, 694, 23, 248 ]
5478 / 10000: [ 0, 3, 0, 0, 0 ], [ 0, 695, 23, 248 ]
5479 / 10000: [ 0, 0, 0, 0, 0 ], [ 0, 695, 23, 248 ]
5480 / 10000: [ 0, 2, 0, 0, 0 ], [ 0, 695, 23, 248 ]
5481 / 10000: [ 0, 3, 0, 0, 0 ], [ 0, 696, 23, 248 ]
5482 / 10000: [ 0, 3, 0, 0, 0 ], [ 0, 697, 23, 248 ]
5483 / 10000: [ 0, 2, 0, 0, 0 ], [ 0, 697, 23, 248 ]
5484 / 10000: [ 0, 0, 0, 0, 0 ], [ 0, 697, 23, 248 ]
5485 / 10000: [ 0, 0, 0, 0, 0 ], [ 0, 697, 23, 248 ]
5486 / 10000: [ 0, 2, 0, 0, 0 ], [ 0, 697, 23, 248 ]
5487 / 10000: [ 0, 0, 0, 0, 0 ], [ 0, 697, 23, 248 ]
5488 / 10000: [ 0, 1, 0, 0, 0 ], [ 0, 697, 23, 248 ]
5489 / 10000: [ 0, 2, 0, 0, 0 ], [ 0, 697, 23, 248 ]
5490 / 10000: [ 0, 2, 0, 0, 0 ], [ 0, 697, 23, 248 ]
5491 / 10000: [ 0, 1, 0, 0, 0 ], [ 0, 697, 23, 248 ]
5492 / 10000: [ 0, 2, 0, 0, 0 ], [ 0, 697, 23, 248 ]
5493 / 10000: [ 0, 2, 0, 0, 0 ], [ 0, 697, 23, 248 ]
5494 / 10000: [ 0, 2, 0, 0, 0 ], [ 0, 697, 23, 248 ]
5495 / 10000: [ 0, 0, 0, 0, 0 ], [ 0, 697, 23, 248 ]
5496 / 10000: [ 0, 1, 0, 0, 0 ], [ 0, 697, 23, 248 ]
5497 / 10000: [ 0, 0, 1, 0, 0 ], [ 0, 697, 23, 248 ]
5498 / 10000: [ 0, 3, 0, 0, 0 ], [ 0, 698, 23, 248 ]
5499 / 10000: [ 0, 0, 0, 0, 0 ], [ 0, 698, 23, 248 ]
5500 / 10000: [ 0, 2, 0, 0, 0 ], [ 0, 698, 23, 248 ]
5501 / 10000: [ 0, 0, 0, 0, 0 ], [ 0, 698, 23, 248 ]
5502 / 10000: [ 0, 0, 0, 0, 0 ], [ 0, 698, 23, 248 ]
5503 / 10000: [ 0, 1, 0, 0, 0 ], [ 0, 698, 23, 248 ]
5504 / 10000: [ 0, 0, 0, 0, 0 ], [ 0, 698, 23, 248 ]
5505 / 10000: [ 0, 1, 0, 0, 0 ], [ 0, 698, 23, 248 ]
5506 / 10000: [ 0, 1, 0, 0, 0 ], [ 0, 698, 23, 248 ]
5507 / 10000: [ 0, 0, 0, 0, 0 ], [ 0, 698, 23, 248 ]
5508 / 10000: [ 0, 0, 0, 0, 0 ], [ 0, 698, 23, 248 ]
5509 / 10000: [ 0, 0, 0, 0, 0 ], [ 0, 698, 23, 248 ]
5510 / 10000: [ 0, 1, 0, 0, 0 ], [ 0, 698, 23, 248 ]
5511 / 10000: [ 0, 0, 0, 0, 0 ], [ 0, 698, 23, 248 ]
5512 / 10000: [ 0, 0, 0, 0, 0 ], [ 0, 698, 23, 248 ]
5513 / 10000: [ 0, 1, 0, 0, 0 ], [ 0, 698, 23, 248 ]
5514 / 10000: [ 0, 1, 0, 0, 0 ], [ 0, 698, 23, 248 ]
5515 / 10000: [ 0, 1, 0, 0, 0 ], [ 0, 698, 23, 248 ]
5516 / 10000: [ 0, 0, 0, 0, 0 ], [ 0, 698, 23, 248 ]
5517 / 10000: [ 0, 2, 0, 0, 0 ], [ 0, 698, 23, 248 ]
5518 / 10000: [ 0, 0, 0, 0, 0 ], [ 0, 698, 23, 248 ]
5519 / 10000: [ 0, 0, 0, 0, 0 ], [ 0, 698, 23, 248 ]
5520 / 10000: [ 0, 0, 0, 0, 0 ], [ 0, 698, 23, 248 ]
5521 / 10000: [ 0, 1, 0, 0, 0 ], [ 0, 698, 23, 248 ]
5522 / 10000: [ 0, 1, 0, 0, 0 ], [ 0, 698, 23, 248 ]
5523 / 10000: [ 0, 1, 0, 0, 0 ], [ 0, 698, 23, 248 ]
5524 / 10000: [ 0, 1, 0, 0, 0 ], [ 0, 698, 23, 248 ]
5525 / 10000: [ 0, 1, 0, 0, 0 ], [ 0, 698, 23, 248 ]
5526 / 10000: [ 0, 3, 0, 0, 0 ], [ 0, 699, 23, 248 ]
5527 / 10000: [ 0, 0, 0, 0, 0 ], [ 0, 699, 23, 248 ]
5528 / 10000: [ 0, 1, 0, 0, 0 ], [ 0, 699, 23, 248 ]
5529 / 10000: [ 0, 2, 0, 0, 0 ], [ 0, 699, 23, 248 ]
5530 / 10000: [ 0, 0, 0, 0, 0 ], [ 0, 699, 23, 248 ]
5531 / 10000: [ 0, 1, 0, 0, 0 ], [ 0, 699, 23, 248 ]
5532 / 10000: [ 0, 1, 0, 0, 0 ], [ 0, 699, 23, 248 ]
5533 / 10000: [ 0, 2, 0, 0, 0 ], [ 0, 699, 23, 248 ]
5534 / 10000: [ 0, 2, 0, 0, 0 ], [ 0, 699, 23, 248 ]
5535 / 10000: [ 0, 0, 0, 0, 0 ], [ 0, 699, 23, 248 ]
5536 / 10000: [ 0, 1, 0, 0, 0 ], [ 0, 699, 23, 248 ]
5537 / 10000: [ 0, 1, 0, 0, 0 ], [ 0, 699, 23, 248 ]
5538 / 10000: [ 0, 2, 0, 0, 0 ], [ 0, 699, 23, 248 ]
5539 / 10000: [ 0, 0, 0, 0, 0 ], [ 0, 699, 23, 248 ]
5540 / 10000: [ 0, 0, 0, 0, 0 ], [ 0, 699, 23, 248 ]
5541 / 10000: [ 0, 0, 0, 0, 0 ], [ 0, 699, 23, 248 ]
5542 / 10000: [ 0, 1, 0, 0, 0 ], [ 0, 699, 23, 248 ]
5543 / 10000: [ 0, 0, 0, 0, 0 ], [ 0, 699, 23, 248 ]
5544 / 10000: [ 0, 0, 0, 0, 0 ], [ 0, 699, 23, 248 ]
5545 / 10000: [ 0, 0, 0, 0, 0 ], [ 0, 699, 23, 248 ]
5546 / 10000: [ 0, 0, 0, 0, 0 ], [ 0, 699, 23, 248 ]
5547 / 10000: [ 0, 0, 0, 0, 0 ], [ 0, 699, 23, 248 ]
5548 / 10000: [ 0, 0, 0, 0, 0 ], [ 0, 699, 23, 248 ]
5549 / 10000: [ 0, 0, 0, 0, 0 ], [ 0, 699, 23, 248 ]
5550 / 10000: [ 0, 2, 0, 0, 0 ], [ 0, 699, 23, 248 ]
5551 / 10000: [ 0, 0, 0, 0, 0 ], [ 0, 699, 23, 248 ]
5552 / 10000: [ 0, 0, 0, 0, 0 ], [ 0, 699, 23, 248 ]
5553 / 10000: [ 0, 0, 0, 0, 0 ], [ 0, 699, 23, 248 ]
5554 / 10000: [ 0, 1, 0, 0, 0 ], [ 0, 699, 23, 248 ]
5555 / 10000: [ 0, 0, 0, 0, 0 ], [ 0, 699, 23, 248 ]
5556 / 10000: [ 0, 0, 0, 0, 0 ], [ 0, 699, 23, 248 ]
5557 / 10000: [ 0, 0, 0, 0, 0 ], [ 0, 699, 23, 248 ]
5558 / 10000: [ 0, 1, 0, 0, 0 ], [ 0, 699, 23, 248 ]
5559 / 10000: [ 0, 2, 0, 0, 0 ], [ 0, 699, 23, 248 ]
5560 / 10000: [ 0, 0, 0, 0, 0 ], [ 0, 699, 23, 248 ]
5561 / 10000: [ 0, 2, 0, 0, 0 ], [ 0, 699, 23, 248 ]
5562 / 10000: [ 0, 1, 0, 0, 0 ], [ 0, 699, 23, 248 ]
5563 / 10000: [ 0, 3, 0, 0, 0 ], [ 0, 700, 23, 248 ]
5564 / 10000: [ 0, 0, 0, 0, 0 ], [ 0, 700, 23, 248 ]
5565 / 10000: [ 0, 1, 0, 0, 0 ], [ 0, 700, 23, 248 ]
5566 / 10000: [ 0, 0, 0, 0, 0 ], [ 0, 700, 23, 248 ]
5567 / 10000: [ 0, 2, 0, 0, 0 ], [ 0, 700, 23, 248 ]
5568 / 10000: [ 0, 2, 0, 0, 0 ], [ 0, 700, 23, 248 ]
5569 / 10000: [ 0, 1, 0, 0, 0 ], [ 0, 700, 23, 248 ]
5570 / 10000: [ 0, 2, 0, 0, 0 ], [ 0, 700, 23, 248 ]
5571 / 10000: [ 0, 0, 0, 0, 0 ], [ 0, 700, 23, 248 ]
5572 / 10000: [ 0, 1, 0, 0, 0 ], [ 0, 700, 23, 248 ]
5573 / 10000: [ 0, 1, 0, 0, 0 ], [ 0, 700, 23, 248 ]
5574 / 10000: [ 0, 0, 0, 0, 0 ], [ 0, 700, 23, 248 ]
5575 / 10000: [ 0, 0, 0, 0, 0 ], [ 0, 700, 23, 248 ]
5576 / 10000: [ 0, 2, 0, 0, 0 ], [ 0, 700, 23, 248 ]
5577 / 10000: [ 0, 1, 0, 0, 0 ], [ 0, 700, 23, 248 ]
5578 / 10000: [ 0, 3, 0, 0, 0 ], [ 0, 701, 23, 248 ]
5579 / 10000: [ 0, 0, 0, 0, 0 ], [ 0, 701, 23, 248 ]
5580 / 10000: [ 0, 3, 0, 0, 0 ], [ 0, 702, 23, 248 ]
5581 / 10000: [ 0, 0, 0, 0, 0 ], [ 0, 702, 23, 248 ]
5582 / 10000: [ 0, 0, 0, 0, 0 ], [ 0, 702, 23, 248 ]
5583 / 10000: [ 0, 0, 0, 0, 0 ], [ 0, 702, 23, 248 ]
5584 / 10000: [ 0, 0, 0, 0, 0 ], [ 0, 702, 23, 248 ]
5585 / 10000: [ 0, 0, 0, 0, 0 ], [ 0, 702, 23, 248 ]
5586 / 10000: [ 0, 0, 0, 0, 0 ], [ 0, 702, 23, 248 ]
5587 / 10000: [ 0, 0, 0, 0, 0 ], [ 0, 702, 23, 248 ]
5588 / 10000: [ 0, 0, 0, 0, 0 ], [ 0, 702, 23, 248 ]
5589 / 10000: [ 0, 0, 0, 0, 0 ], [ 0, 702, 23, 248 ]
5590 / 10000: [ 0, 0, 0, 0, 0 ], [ 0, 702, 23, 248 ]
5591 / 10000: [ 0, 0, 0, 0, 0 ], [ 0, 702, 23, 248 ]
5592 / 10000: [ 0, 0, 0, 0, 0 ], [ 0, 702, 23, 248 ]
5593 / 10000: [ 0, 0, 0, 0, 0 ], [ 0, 702, 23, 248 ]
5594 / 10000: [ 0, 0, 0, 0, 0 ], [ 0, 702, 23, 248 ]
5595 / 10000: [ 0, 0, 0, 0, 0 ], [ 0, 702, 23, 248 ]
5596 / 10000: [ 0, 0, 0, 0, 0 ], [ 0, 702, 23, 248 ]
5597 / 10000: [ 0, 0, 0, 0, 0 ], [ 0, 702, 23, 248 ]
5598 / 10000: [ 0, 0, 0, 0, 0 ], [ 0, 702, 23, 248 ]
5599 / 10000: [ 0, 0, 0, 0, 0 ], [ 0, 702, 23, 248 ]
5600 / 10000: [ 0, 0, 0, 0, 0 ], [ 0, 702, 23, 248 ]
5601 / 10000: [ 0, 0, 0, 0, 0 ], [ 0, 702, 23, 248 ]
5602 / 10000: [ 0, 0, 0, 0, 0 ], [ 0, 702, 23, 248 ]
5603 / 10000: [ 0, 0, 0, 0, 0 ], [ 0, 702, 23, 248 ]
5604 / 10000: [ 0, 0, 0, 0, 0 ], [ 0, 702, 23, 248 ]
5605 / 10000: [ 0, 0, 0, 0, 0 ], [ 0, 702, 23, 248 ]
5606 / 10000: [ 0, 1, 0, 0, 0 ], [ 0, 702, 23, 248 ]
5607 / 10000: [ 0, 0, 0, 0, 0 ], [ 0, 702, 23, 248 ]
5608 / 10000: [ 0, 3, 0, 0, 0 ], [ 0, 703, 23, 248 ]
5609 / 10000: [ 0, 0, 1, 0, 0 ], [ 0, 703, 23, 248 ]
5610 / 10000: [ 0, 0, 0, 0, 0 ], [ 0, 703, 23, 248 ]
5611 / 10000: [ 0, 2, 0, 0, 0 ], [ 0, 703, 23, 248 ]
5612 / 10000: [ 0, 0, 0, 0, 0 ], [ 0, 703, 23, 248 ]
5613 / 10000: [ 0, 0, 0, 0, 0 ], [ 0, 703, 23, 248 ]
5614 / 10000: [ 0, 0, 0, 0, 0 ], [ 0, 703, 23, 248 ]
5615 / 10000: [ 0, 0, 1, 0, 0 ], [ 0, 703, 23, 248 ]
5616 / 10000: [ 0, 0, 0, 0, 0 ], [ 0, 703, 23, 248 ]
5617 / 10000: [ 0, 0, 0, 0, 0 ], [ 0, 703, 23, 248 ]
5618 / 10000: [ 0, 0, 0, 0, 0 ], [ 0, 703, 23, 248 ]
5619 / 10000: [ 0, 0, 0, 0, 0 ], [ 0, 703, 23, 248 ]
5620 / 10000: [ 0, 0, 0, 0, 0 ], [ 0, 703, 23, 248 ]
5621 / 10000: [ 0, 2, 0, 0, 0 ], [ 0, 703, 23, 248 ]
5622 / 10000: [ 0, 1, 0, 0, 0 ], [ 0, 703, 23, 248 ]
5623 / 10000: [ 0, 3, 0, 0, 0 ], [ 0, 704, 23, 248 ]
5624 / 10000: [ 0, 0, 0, 0, 0 ], [ 0, 704, 23, 248 ]
5625 / 10000: [ 0, 1, 0, 0, 0 ], [ 0, 704, 23, 248 ]
5626 / 10000: [ 0, 0, 0, 0, 0 ], [ 0, 704, 23, 248 ]
5627 / 10000: [ 0, 0, 0, 0, 0 ], [ 0, 704, 23, 248 ]
5628 / 10000: [ 0, 0, 0, 0, 0 ], [ 0, 704, 23, 248 ]
5629 / 10000: [ 0, 0, 0, 0, 0 ], [ 0, 704, 23, 248 ]
5630 / 10000: [ 0, 2, 0, 0, 0 ], [ 0, 704, 23, 248 ]
5631 / 10000: [ 0, 0, 0, 0, 0 ], [ 0, 704, 23, 248 ]
5632 / 10000: [ 0, 0, 0, 0, 0 ], [ 0, 704, 23, 248 ]
5633 / 10000: [ 0, 1, 0, 0, 0 ], [ 0, 704, 23, 248 ]
5634 / 10000: [ 0, 0, 0, 0, 0 ], [ 0, 704, 23, 248 ]
5635 / 10000: [ 0, 0, 0, 0, 0 ], [ 0, 704, 23, 248 ]
5636 / 10000: [ 0, 0, 0, 0, 0 ], [ 0, 704, 23, 248 ]
5637 / 10000: [ 0, 1, 0, 0, 0 ], [ 0, 704, 23, 248 ]
5638 / 10000: [ 0, 2, 0, 0, 0 ], [ 0, 704, 23, 248 ]
5639 / 10000: [ 0, 1, 0, 0, 0 ], [ 0, 704, 23, 248 ]
5640 / 10000: [ 0, 2, 0, 0, 0 ], [ 0, 704, 23, 248 ]
5641 / 10000: [ 0, 1, 0, 0, 0 ], [ 0, 704, 23, 248 ]
5642 / 10000: [ 0, 1, 0, 0, 0 ], [ 0, 704, 23, 248 ]
5643 / 10000: [ 0, 1, 0, 0, 0 ], [ 0, 704, 23, 248 ]
5644 / 10000: [ 0, 0, 0, 0, 0 ], [ 0, 704, 23, 248 ]
5645 / 10000: [ 0, 0, 0, 0, 0 ], [ 0, 704, 23, 248 ]
5646 / 10000: [ 0, 2, 0, 0, 0 ], [ 0, 704, 23, 248 ]
5647 / 10000: [ 0, 0, 0, 0, 0 ], [ 0, 704, 23, 248 ]
5648 / 10000: [ 0, 1, 0, 0, 0 ], [ 0, 704, 23, 248 ]
5649 / 10000: [ 0, 2, 0, 0, 0 ], [ 0, 704, 23, 248 ]
5650 / 10000: [ 0, 1, 0, 0, 0 ], [ 0, 704, 23, 248 ]
5651 / 10000: [ 0, 1, 0, 0, 0 ], [ 0, 704, 23, 248 ]
5652 / 10000: [ 0, 0, 0, 0, 0 ], [ 0, 704, 23, 248 ]
5653 / 10000: [ 0, 2, 0, 0, 0 ], [ 0, 704, 23, 248 ]
5654 / 10000: [ 0, 2, 0, 0, 0 ], [ 0, 704, 23, 248 ]
5655 / 10000: [ 0, 0, 0, 0, 0 ], [ 0, 704, 23, 248 ]
5656 / 10000: [ 0, 1, 0, 0, 0 ], [ 0, 704, 23, 248 ]
5657 / 10000: [ 0, 0, 0, 0, 0 ], [ 0, 704, 23, 248 ]
5658 / 10000: [ 0, 2, 0, 0, 0 ], [ 0, 704, 23, 248 ]
5659 / 10000: [ 0, 0, 0, 0, 0 ], [ 0, 704, 23, 248 ]
5660 / 10000: [ 0, 0, 0, 0, 0 ], [ 0, 704, 23, 248 ]
5661 / 10000: [ 0, 2, 0, 0, 0 ], [ 0, 704, 23, 248 ]
5662 / 10000: [ 0, 1, 0, 0, 0 ], [ 0, 704, 23, 248 ]
5663 / 10000: [ 0, 1, 0, 0, 0 ], [ 0, 704, 23, 248 ]
5664 / 10000: [ 0, 1, 0, 0, 0 ], [ 0, 704, 23, 248 ]
5665 / 10000: [ 0, 1, 0, 0, 0 ], [ 0, 704, 23, 248 ]
5666 / 10000: [ 0, 3, 0, 0, 0 ], [ 0, 705, 23, 248 ]
5667 / 10000: [ 0, 0, 0, 0, 0 ], [ 0, 705, 23, 248 ]
5668 / 10000: [ 0, 0, 0, 0, 0 ], [ 0, 705, 23, 248 ]
5669 / 10000: [ 0, 3, 0, 0, 0 ], [ 0, 706, 23, 248 ]
5670 / 10000: [ 0, 0, 0, 0, 0 ], [ 0, 706, 23, 248 ]
5671 / 10000: [ 0, 2, 0, 0, 0 ], [ 0, 706, 23, 248 ]
5672 / 10000: [ 0, 2, 0, 0, 0 ], [ 0, 706, 23, 248 ]
5673 / 10000: [ 0, 0, 1, 0, 0 ], [ 0, 706, 23, 248 ]
5674 / 10000: [ 0, 0, 0, 0, 0 ], [ 0, 706, 23, 248 ]
5675 / 10000: [ 0, 0, 0, 0, 0 ], [ 0, 706, 23, 248 ]
5676 / 10000: [ 0, 1, 0, 0, 0 ], [ 0, 706, 23, 248 ]
5677 / 10000: [ 0, 1, 0, 0, 0 ], [ 0, 706, 23, 248 ]
5678 / 10000: [ 0, 1, 0, 0, 0 ], [ 0, 706, 23, 248 ]
5679 / 10000: [ 0, 0, 0, 0, 0 ], [ 0, 706, 23, 248 ]
5680 / 10000: [ 0, 2, 0, 0, 0 ], [ 0, 706, 23, 248 ]
5681 / 10000: [ 0, 2, 0, 0, 0 ], [ 0, 706, 23, 248 ]
5682 / 10000: [ 0, 3, 0, 0, 0 ], [ 0, 707, 23, 248 ]
5683 / 10000: [ 0, 1, 0, 0, 0 ], [ 0, 707, 23, 248 ]
5684 / 10000: [ 0, 1, 0, 0, 0 ], [ 0, 707, 23, 248 ]
5685 / 10000: [ 0, 2, 0, 0, 0 ], [ 0, 707, 23, 248 ]
5686 / 10000: [ 0, 2, 0, 0, 0 ], [ 0, 707, 23, 248 ]
5687 / 10000: [ 0, 0, 0, 0, 0 ], [ 0, 707, 23, 248 ]
5688 / 10000: [ 0, 3, 0, 0, 0 ], [ 0, 708, 23, 248 ]
5689 / 10000: [ 0, 2, 0, 0, 0 ], [ 0, 708, 23, 248 ]
5690 / 10000: [ 0, 1, 0, 0, 0 ], [ 0, 708, 23, 248 ]
5691 / 10000: [ 0, 3, 0, 0, 0 ], [ 0, 709, 23, 248 ]
5692 / 10000: [ 0, 3, 0, 0, 0 ], [ 0, 710, 23, 248 ]
5693 / 10000: [ 0, 3, 0, 0, 0 ], [ 0, 711, 23, 248 ]
5694 / 10000: [ 0, 1, 0, 0, 0 ], [ 0, 711, 23, 248 ]
5695 / 10000: [ 0, 2, 0, 0, 0 ], [ 0, 711, 23, 248 ]
5696 / 10000: [ 0, 1, 0, 0, 0 ], [ 0, 711, 23, 248 ]
5697 / 10000: [ 0, 3, 0, 0, 0 ], [ 0, 712, 23, 248 ]
5698 / 10000: [ 0, 0, 0, 0, 0 ], [ 0, 712, 23, 248 ]
5699 / 10000: [ 0, 0, 0, 0, 0 ], [ 0, 712, 23, 248 ]
5700 / 10000: [ 0, 3, 0, 0, 0 ], [ 0, 713, 23, 248 ]
5701 / 10000: [ 0, 0, 0, 0, 0 ], [ 0, 713, 23, 248 ]
5702 / 10000: [ 0, 2, 0, 0, 0 ], [ 0, 713, 23, 248 ]
5703 / 10000: [ 0, 1, 0, 0, 0 ], [ 0, 713, 23, 248 ]
5704 / 10000: [ 0, 0, 0, 0, 0 ], [ 0, 713, 23, 248 ]
5705 / 10000: [ 0, 0, 0, 0, 0 ], [ 0, 713, 23, 248 ]
5706 / 10000: [ 0, 0, 0, 0, 0 ], [ 0, 713, 23, 248 ]
5707 / 10000: [ 0, 0, 0, 0, 0 ], [ 0, 713, 23, 248 ]
5708 / 10000: [ 0, 0, 0, 0, 0 ], [ 0, 713, 23, 248 ]
5709 / 10000: [ 0, 0, 0, 0, 0 ], [ 0, 713, 23, 248 ]
5710 / 10000: [ 0, 0, 0, 0, 0 ], [ 0, 713, 23, 248 ]
5711 / 10000: [ 0, 0, 0, 0, 0 ], [ 0, 713, 23, 248 ]
5712 / 10000: [ 0, 1, 0, 0, 0 ], [ 0, 713, 23, 248 ]
5713 / 10000: [ 0, 0, 0, 0, 0 ], [ 0, 713, 23, 248 ]
5714 / 10000: [ 0, 0, 0, 0, 0 ], [ 0, 713, 23, 248 ]
5715 / 10000: [ 0, 0, 0, 0, 0 ], [ 0, 713, 23, 248 ]
5716 / 10000: [ 0, 0, 0, 0, 0 ], [ 0, 713, 23, 248 ]
5717 / 10000: [ 0, 0, 0, 0, 0 ], [ 0, 713, 23, 248 ]
5718 / 10000: [ 0, 1, 0, 0, 0 ], [ 0, 713, 23, 248 ]
5719 / 10000: [ 0, 1, 0, 0, 0 ], [ 0, 713, 23, 248 ]
5720 / 10000: [ 0, 0, 0, 0, 0 ], [ 0, 713, 23, 248 ]
5721 / 10000: [ 0, 1, 0, 0, 0 ], [ 0, 713, 23, 248 ]
5722 / 10000: [ 0, 1, 0, 0, 0 ], [ 0, 713, 23, 248 ]
5723 / 10000: [ 0, 1, 0, 0, 0 ], [ 0, 713, 23, 248 ]
5724 / 10000: [ 0, 0, 0, 0, 0 ], [ 0, 713, 23, 248 ]
5725 / 10000: [ 0, 0, 0, 0, 0 ], [ 0, 713, 23, 248 ]
5726 / 10000: [ 0, 2, 0, 0, 0 ], [ 0, 713, 23, 248 ]
5727 / 10000: [ 0, 0, 0, 0, 0 ], [ 0, 713, 23, 248 ]
5728 / 10000: [ 0, 1, 0, 0, 0 ], [ 0, 713, 23, 248 ]
5729 / 10000: [ 0, 2, 0, 0, 0 ], [ 0, 713, 23, 248 ]
5730 / 10000: [ 0, 0, 0, 0, 0 ], [ 0, 713, 23, 248 ]
5731 / 10000: [ 0, 1, 0, 0, 0 ], [ 0, 713, 23, 248 ]
5732 / 10000: [ 0, 0, 0, 0, 0 ], [ 0, 713, 23, 248 ]
5733 / 10000: [ 0, 3, 0, 0, 0 ], [ 0, 714, 23, 248 ]
5734 / 10000: [ 0, 2, 0, 0, 0 ], [ 0, 714, 23, 248 ]
5735 / 10000: [ 0, 0, 0, 0, 0 ], [ 0, 714, 23, 248 ]
5736 / 10000: [ 0, 1, 0, 0, 0 ], [ 0, 714, 23, 248 ]
5737 / 10000: [ 0, 0, 0, 0, 0 ], [ 0, 714, 23, 248 ]
5738 / 10000: [ 0, 2, 0, 0, 0 ], [ 0, 714, 23, 248 ]
5739 / 10000: [ 0, 0, 0, 0, 0 ], [ 0, 714, 23, 248 ]
5740 / 10000: [ 0, 0, 0, 0, 0 ], [ 0, 714, 23, 248 ]
5741 / 10000: [ 0, 0, 0, 0, 0 ], [ 0, 714, 23, 248 ]
5742 / 10000: [ 0, 0, 0, 0, 0 ], [ 0, 714, 23, 248 ]
5743 / 10000: [ 0, 0, 0, 0, 0 ], [ 0, 714, 23, 248 ]
5744 / 10000: [ 0, 0, 0, 0, 0 ], [ 0, 714, 23, 248 ]
5745 / 10000: [ 0, 0, 0, 0, 0 ], [ 0, 714, 23, 248 ]
5746 / 10000: [ 0, 0, 0, 0, 0 ], [ 0, 714, 23, 248 ]
5747 / 10000: [ 0, 0, 0, 0, 0 ], [ 0, 714, 23, 248 ]
5748 / 10000: [ 0, 0, 0, 0, 0 ], [ 0, 714, 23, 248 ]
5749 / 10000: [ 0, 0, 0, 0, 0 ], [ 0, 714, 23, 248 ]
5750 / 10000: [ 0, 0, 0, 0, 0 ], [ 0, 714, 23, 248 ]
5751 / 10000: [ 0, 0, 0, 0, 0 ], [ 0, 714, 23, 248 ]
5752 / 10000: [ 0, 0, 0, 0, 0 ], [ 0, 714, 23, 248 ]
5753 / 10000: [ 0, 0, 0, 0, 0 ], [ 0, 714, 23, 248 ]
5754 / 10000: [ 0, 1, 0, 0, 0 ], [ 0, 714, 23, 248 ]
5755 / 10000: [ 0, 1, 0, 0, 0 ], [ 0, 714, 23, 248 ]
5756 / 10000: [ 0, 0, 0, 0, 0 ], [ 0, 714, 23, 248 ]
5757 / 10000: [ 0, 0, 0, 0, 0 ], [ 0, 714, 23, 248 ]
5758 / 10000: [ 0, 0, 0, 0, 0 ], [ 0, 714, 23, 248 ]
5759 / 10000: [ 0, 0, 0, 0, 0 ], [ 0, 714, 23, 248 ]
5760 / 10000: [ 0, 0, 0, 0, 0 ], [ 0, 714, 23, 248 ]
5761 / 10000: [ 0, 1, 0, 0, 0 ], [ 0, 714, 23, 248 ]
5762 / 10000: [ 0, 1, 0, 0, 0 ], [ 0, 714, 23, 248 ]
5763 / 10000: [ 0, 2, 0, 0, 0 ], [ 0, 714, 23, 248 ]
5764 / 10000: [ 0, 1, 0, 0, 0 ], [ 0, 714, 23, 248 ]
5765 / 10000: [ 0, 1, 0, 0, 0 ], [ 0, 714, 23, 248 ]
5766 / 10000: [ 0, 3, 0, 0, 0 ], [ 0, 715, 23, 248 ]
5767 / 10000: [ 0, 0, 0, 0, 0 ], [ 0, 715, 23, 248 ]
5768 / 10000: [ 0, 1, 0, 0, 0 ], [ 0, 715, 23, 248 ]
5769 / 10000: [ 0, 3, 0, 0, 0 ], [ 0, 716, 23, 248 ]
5770 / 10000: [ 0, 0, 0, 0, 0 ], [ 0, 716, 23, 248 ]
5771 / 10000: [ 0, 3, 0, 0, 0 ], [ 0, 717, 23, 248 ]
5772 / 10000: [ 0, 0, 0, 0, 0 ], [ 0, 717, 23, 248 ]
5773 / 10000: [ 0, 3, 0, 0, 0 ], [ 0, 718, 23, 248 ]
5774 / 10000: [ 0, 3, 0, 0, 0 ], [ 0, 719, 23, 248 ]
5775 / 10000: [ 0, 0, 0, 0, 0 ], [ 0, 719, 23, 248 ]
5776 / 10000: [ 0, 2, 0, 0, 0 ], [ 0, 719, 23, 248 ]
5777 / 10000: [ 0, 1, 0, 0, 0 ], [ 0, 719, 23, 248 ]
5778 / 10000: [ 0, 2, 0, 0, 0 ], [ 0, 719, 23, 248 ]
5779 / 10000: [ 0, 0, 0, 0, 0 ], [ 0, 719, 23, 248 ]
5780 / 10000: [ 0, 0, 0, 0, 0 ], [ 0, 719, 23, 248 ]
5781 / 10000: [ 0, 0, 0, 0, 0 ], [ 0, 719, 23, 248 ]
5782 / 10000: [ 0, 0, 0, 1, 0 ], [ 0, 719, 23, 248 ]
5783 / 10000: [ 0, 2, 0, 1, 0 ], [ 0, 719, 23, 249 ]
5784 / 10000: [ 0, 0, 0, 2, 0 ], [ 0, 719, 23, 249 ]
5785 / 10000: [ 0, 0, 0, 1, 0 ], [ 0, 719, 23, 249 ]
5786 / 10000: [ 0, 0, 0, 1, 0 ], [ 0, 719, 23, 249 ]
5787 / 10000: [ 0, 0, 0, 0, 0 ], [ 0, 719, 23, 249 ]
5788 / 10000: [ 0, 0, 0, 0, 0 ], [ 0, 719, 23, 249 ]
5789 / 10000: [ 0, 0, 0, 0, 0 ], [ 0, 719, 23, 249 ]
5790 / 10000: [ 0, 2, 0, 1, 0 ], [ 0, 719, 23, 250 ]
5791 / 10000: [ 0, 0, 0, 0, 0 ], [ 0, 719, 23, 250 ]
5792 / 10000: [ 0, 0, 0, 0, 0 ], [ 0, 719, 23, 250 ]
5793 / 10000: [ 0, 0, 0, 2, 0 ], [ 0, 719, 23, 250 ]
5794 / 10000: [ 0, 0, 0, 1, 0 ], [ 0, 719, 23, 250 ]
5795 / 10000: [ 0, 0, 0, 0, 0 ], [ 0, 719, 23, 250 ]
5796 / 10000: [ 0, 0, 0, 0, 0 ], [ 0, 719, 23, 250 ]
5797 / 10000: [ 0, 0, 0, 2, 0 ], [ 0, 719, 23, 250 ]
5798 / 10000: [ 0, 0, 0, 0, 0 ], [ 0, 719, 23, 250 ]
5799 / 10000: [ 0, 0, 0, 0, 0 ], [ 0, 719, 23, 250 ]
5800 / 10000: [ 0, 0, 0, 0, 0 ], [ 0, 719, 23, 250 ]
5801 / 10000: [ 0, 2, 0, 0, 0 ], [ 0, 719, 23, 250 ]
5802 / 10000: [ 0, 1, 0, 0, 0 ], [ 0, 719, 23, 250 ]
5803 / 10000: [ 0, 2, 0, 0, 0 ], [ 0, 719, 23, 250 ]
5804 / 10000: [ 0, 0, 0, 0, 0 ], [ 0, 719, 23, 250 ]
5805 / 10000: [ 0, 1, 0, 0, 0 ], [ 0, 719, 23, 250 ]
5806 / 10000: [ 0, 0, 0, 0, 0 ], [ 0, 719, 23, 250 ]
5807 / 10000: [ 0, 0, 0, 0, 0 ], [ 0, 719, 23, 250 ]
5808 / 10000: [ 0, 0, 0, 0, 0 ], [ 0, 719, 23, 250 ]
5809 / 10000: [ 0, 0, 0, 0, 0 ], [ 0, 719, 23, 250 ]
5810 / 10000: [ 0, 3, 0, 0, 0 ], [ 0, 720, 23, 250 ]
5811 / 10000: [ 0, 0, 0, 0, 0 ], [ 0, 720, 23, 250 ]
5812 / 10000: [ 0, 0, 0, 0, 0 ], [ 0, 720, 23, 250 ]
5813 / 10000: [ 0, 1, 0, 0, 0 ], [ 0, 720, 23, 250 ]
5814 / 10000: [ 0, 0, 0, 0, 0 ], [ 0, 720, 23, 250 ]
5815 / 10000: [ 0, 0, 0, 0, 0 ], [ 0, 720, 23, 250 ]
5816 / 10000: [ 0, 0, 0, 0, 0 ], [ 0, 720, 23, 250 ]
5817 / 10000: [ 0, 1, 0, 0, 0 ], [ 0, 720, 23, 250 ]
5818 / 10000: [ 0, 2, 0, 0, 0 ], [ 0, 720, 23, 250 ]
5819 / 10000: [ 0, 0, 0, 0, 0 ], [ 0, 720, 23, 250 ]
5820 / 10000: [ 0, 2, 0, 0, 0 ], [ 0, 720, 23, 250 ]
5821 / 10000: [ 0, 0, 0, 0, 0 ], [ 0, 720, 23, 250 ]
5822 / 10000: [ 0, 0, 0, 0, 0 ], [ 0, 720, 23, 250 ]
5823 / 10000: [ 0, 0, 0, 0, 0 ], [ 0, 720, 23, 250 ]
5824 / 10000: [ 0, 0, 0, 0, 0 ], [ 0, 720, 23, 250 ]
5825 / 10000: [ 0, 0, 0, 0, 0 ], [ 0, 720, 23, 250 ]
5826 / 10000: [ 0, 1, 0, 0, 0 ], [ 0, 720, 23, 250 ]
5827 / 10000: [ 0, 0, 0, 0, 0 ], [ 0, 720, 23, 250 ]
5828 / 10000: [ 0, 0, 0, 0, 0 ], [ 0, 720, 23, 250 ]
5829 / 10000: [ 0, 1, 0, 0, 0 ], [ 0, 720, 23, 250 ]
5830 / 10000: [ 0, 0, 0, 0, 0 ], [ 0, 720, 23, 250 ]
5831 / 10000: [ 0, 0, 0, 0, 0 ], [ 0, 720, 23, 250 ]
5832 / 10000: [ 0, 1, 0, 0, 0 ], [ 0, 720, 23, 250 ]
5833 / 10000: [ 0, 0, 0, 0, 0 ], [ 0, 720, 23, 250 ]
5834 / 10000: [ 0, 0, 0, 0, 0 ], [ 0, 720, 23, 250 ]
5835 / 10000: [ 0, 2, 0, 0, 0 ], [ 0, 720, 23, 250 ]
5836 / 10000: [ 0, 0, 0, 0, 0 ], [ 0, 720, 23, 250 ]
5837 / 10000: [ 0, 0, 0, 0, 0 ], [ 0, 720, 23, 250 ]
5838 / 10000: [ 0, 0, 0, 0, 0 ], [ 0, 720, 23, 250 ]
5839 / 10000: [ 0, 0, 0, 0, 0 ], [ 0, 720, 23, 250 ]
5840 / 10000: [ 0, 0, 0, 0, 0 ], [ 0, 720, 23, 250 ]
5841 / 10000: [ 0, 0, 0, 0, 0 ], [ 0, 720, 23, 250 ]
5842 / 10000: [ 0, 0, 0, 0, 0 ], [ 0, 720, 23, 250 ]
5843 / 10000: [ 0, 0, 0, 0, 0 ], [ 0, 720, 23, 250 ]
5844 / 10000: [ 0, 0, 0, 0, 0 ], [ 0, 720, 23, 250 ]
5845 / 10000: [ 0, 1, 0, 0, 0 ], [ 0, 720, 23, 250 ]
5846 / 10000: [ 0, 2, 0, 0, 0 ], [ 0, 720, 23, 250 ]
5847 / 10000: [ 0, 0, 0, 0, 0 ], [ 0, 720, 23, 250 ]
5848 / 10000: [ 0, 0, 0, 0, 0 ], [ 0, 720, 23, 250 ]
5849 / 10000: [ 0, 0, 0, 0, 0 ], [ 0, 720, 23, 250 ]
5850 / 10000: [ 0, 0, 0, 0, 0 ], [ 0, 720, 23, 250 ]
5851 / 10000: [ 0, 0, 0, 0, 0 ], [ 0, 720, 23, 250 ]
5852 / 10000: [ 0, 0, 0, 0, 0 ], [ 0, 720, 23, 250 ]
5853 / 10000: [ 0, 1, 0, 0, 0 ], [ 0, 720, 23, 250 ]
5854 / 10000: [ 0, 0, 0, 0, 0 ], [ 0, 720, 23, 250 ]
5855 / 10000: [ 0, 0, 0, 0, 0 ], [ 0, 720, 23, 250 ]
5856 / 10000: [ 0, 0, 0, 0, 0 ], [ 0, 720, 23, 250 ]
5857 / 10000: [ 0, 1, 0, 0, 0 ], [ 0, 720, 23, 250 ]
5858 / 10000: [ 0, 0, 0, 0, 0 ], [ 0, 720, 23, 250 ]
5859 / 10000: [ 0, 0, 0, 0, 0 ], [ 0, 720, 23, 250 ]
5860 / 10000: [ 0, 0, 0, 0, 0 ], [ 0, 720, 23, 250 ]
5861 / 10000: [ 0, 0, 0, 0, 0 ], [ 0, 720, 23, 250 ]
5862 / 10000: [ 0, 0, 0, 0, 0 ], [ 0, 720, 23, 250 ]
5863 / 10000: [ 0, 0, 0, 0, 0 ], [ 0, 720, 23, 250 ]
5864 / 10000: [ 0, 0, 0, 0, 0 ], [ 0, 720, 23, 250 ]
5865 / 10000: [ 0, 1, 0, 0, 0 ], [ 0, 720, 23, 250 ]
5866 / 10000: [ 0, 0, 0, 0, 0 ], [ 0, 720, 23, 250 ]
5867 / 10000: [ 0, 0, 0, 0, 0 ], [ 0, 720, 23, 250 ]
5868 / 10000: [ 0, 0, 0, 0, 0 ], [ 0, 720, 23, 250 ]
5869 / 10000: [ 0, 0, 0, 0, 0 ], [ 0, 720, 23, 250 ]
5870 / 10000: [ 0, 1, 0, 0, 0 ], [ 0, 720, 23, 250 ]
5871 / 10000: [ 0, 0, 0, 0, 0 ], [ 0, 720, 23, 250 ]
5872 / 10000: [ 0, 0, 0, 0, 0 ], [ 0, 720, 23, 250 ]
5873 / 10000: [ 0, 0, 0, 0, 0 ], [ 0, 720, 23, 250 ]
5874 / 10000: [ 0, 0, 0, 0, 0 ], [ 0, 720, 23, 250 ]
5875 / 10000: [ 0, 0, 0, 0, 0 ], [ 0, 720, 23, 250 ]
5876 / 10000: [ 0, 0, 0, 0, 0 ], [ 0, 720, 23, 250 ]
5877 / 10000: [ 0, 1, 0, 0, 0 ], [ 0, 720, 23, 250 ]
5878 / 10000: [ 0, 0, 0, 0, 0 ], [ 0, 720, 23, 250 ]
5879 / 10000: [ 0, 0, 0, 0, 0 ], [ 0, 720, 23, 250 ]
5880 / 10000: [ 0, 0, 0, 0, 0 ], [ 0, 720, 23, 250 ]
5881 / 10000: [ 0, 0, 0, 2, 0 ], [ 0, 720, 23, 250 ]
5882 / 10000: [ 0, 1, 0, 2, 0 ], [ 0, 720, 23, 251 ]
5883 / 10000: [ 0, 1, 0, 0, 0 ], [ 0, 720, 23, 251 ]
5884 / 10000: [ 0, 0, 0, 0, 0 ], [ 0, 720, 23, 251 ]
5885 / 10000: [ 0, 0, 0, 0, 0 ], [ 0, 720, 23, 251 ]
5886 / 10000: [ 0, 0, 0, 0, 0 ], [ 0, 720, 23, 251 ]
5887 / 10000: [ 0, 0, 0, 0, 0 ], [ 0, 720, 23, 251 ]
5888 / 10000: [ 0, 0, 0, 0, 0 ], [ 0, 720, 23, 251 ]
5889 / 10000: [ 0, 0, 0, 0, 0 ], [ 0, 720, 23, 251 ]
5890 / 10000: [ 0, 0, 0, 0, 0 ], [ 0, 720, 23, 251 ]
5891 / 10000: [ 0, 0, 0, 0, 0 ], [ 0, 720, 23, 251 ]
5892 / 10000: [ 0, 1, 0, 0, 0 ], [ 0, 720, 23, 251 ]
5893 / 10000: [ 0, 0, 0, 0, 0 ], [ 0, 720, 23, 251 ]
5894 / 10000: [ 0, 0, 0, 0, 0 ], [ 0, 720, 23, 251 ]
5895 / 10000: [ 0, 0, 0, 0, 0 ], [ 0, 720, 23, 251 ]
5896 / 10000: [ 0, 0, 0, 0, 0 ], [ 0, 720, 23, 251 ]
5897 / 10000: [ 0, 0, 0, 0, 0 ], [ 0, 720, 23, 251 ]
5898 / 10000: [ 0, 1, 0, 0, 0 ], [ 0, 720, 23, 251 ]
5899 / 10000: [ 0, 0, 0, 0, 0 ], [ 0, 720, 23, 251 ]
5900 / 10000: [ 0, 1, 0, 0, 0 ], [ 0, 720, 23, 251 ]
5901 / 10000: [ 0, 2, 0, 0, 0 ], [ 0, 720, 23, 251 ]
5902 / 10000: [ 0, 2, 0, 1, 0 ], [ 0, 720, 23, 252 ]
5903 / 10000: [ 0, 0, 0, 1, 0 ], [ 0, 720, 23, 252 ]
5904 / 10000: [ 0, 0, 0, 0, 0 ], [ 0, 720, 23, 252 ]
5905 / 10000: [ 0, 0, 0, 0, 0 ], [ 0, 720, 23, 252 ]
5906 / 10000: [ 0, 0, 0, 0, 0 ], [ 0, 720, 23, 252 ]
5907 / 10000: [ 0, 0, 0, 0, 0 ], [ 0, 720, 23, 252 ]
5908 / 10000: [ 0, 0, 0, 0, 0 ], [ 0, 720, 23, 252 ]
5909 / 10000: [ 0, 0, 0, 0, 0 ], [ 0, 720, 23, 252 ]
5910 / 10000: [ 0, 0, 0, 0, 0 ], [ 0, 720, 23, 252 ]
5911 / 10000: [ 0, 0, 0, 0, 0 ], [ 0, 720, 23, 252 ]
5912 / 10000: [ 0, 0, 0, 1, 0 ], [ 0, 720, 23, 252 ]
5913 / 10000: [ 0, 0, 0, 0, 0 ], [ 0, 720, 23, 252 ]
5914 / 10000: [ 0, 0, 0, 0, 0 ], [ 0, 720, 23, 252 ]
5915 / 10000: [ 0, 0, 0, 0, 0 ], [ 0, 720, 23, 252 ]
5916 / 10000: [ 0, 0, 0, 0, 0 ], [ 0, 720, 23, 252 ]
5917 / 10000: [ 0, 0, 0, 0, 0 ], [ 0, 720, 23, 252 ]
5918 / 10000: [ 0, 0, 0, 1, 0 ], [ 0, 720, 23, 252 ]
5919 / 10000: [ 0, 0, 0, 0, 0 ], [ 0, 720, 23, 252 ]
5920 / 10000: [ 0, 0, 0, 1, 0 ], [ 0, 720, 23, 252 ]
5921 / 10000: [ 0, 2, 0, 0, 0 ], [ 0, 720, 23, 252 ]
5922 / 10000: [ 0, 1, 0, 0, 0 ], [ 0, 720, 23, 252 ]
5923 / 10000: [ 0, 2, 0, 0, 0 ], [ 0, 720, 23, 252 ]
5924 / 10000: [ 0, 0, 0, 0, 0 ], [ 0, 720, 23, 252 ]
5925 / 10000: [ 0, 0, 0, 0, 0 ], [ 0, 720, 23, 252 ]
5926 / 10000: [ 0, 0, 0, 0, 0 ], [ 0, 720, 23, 252 ]
5927 / 10000: [ 0, 0, 0, 0, 0 ], [ 0, 720, 23, 252 ]
5928 / 10000: [ 0, 0, 0, 0, 0 ], [ 0, 720, 23, 252 ]
5929 / 10000: [ 0, 0, 0, 0, 0 ], [ 0, 720, 23, 252 ]
5930 / 10000: [ 0, 2, 0, 0, 0 ], [ 0, 720, 23, 252 ]
5931 / 10000: [ 0, 1, 0, 0, 0 ], [ 0, 720, 23, 252 ]
5932 / 10000: [ 0, 0, 0, 0, 0 ], [ 0, 720, 23, 252 ]
5933 / 10000: [ 0, 0, 0, 0, 0 ], [ 0, 720, 23, 252 ]
5934 / 10000: [ 0, 0, 0, 0, 0 ], [ 0, 720, 23, 252 ]
5935 / 10000: [ 0, 1, 0, 0, 0 ], [ 0, 720, 23, 252 ]
5936 / 10000: [ 0, 0, 0, 0, 0 ], [ 0, 720, 23, 252 ]
5937 / 10000: [ 0, 0, 0, 0, 0 ], [ 0, 720, 23, 252 ]
5938 / 10000: [ 0, 2, 0, 0, 0 ], [ 0, 720, 23, 252 ]
5939 / 10000: [ 0, 1, 0, 0, 0 ], [ 0, 720, 23, 252 ]
5940 / 10000: [ 0, 2, 0, 0, 0 ], [ 0, 720, 23, 252 ]
5941 / 10000: [ 0, 0, 0, 0, 0 ], [ 0, 720, 23, 252 ]
5942 / 10000: [ 0, 0, 0, 0, 0 ], [ 0, 720, 23, 252 ]
5943 / 10000: [ 0, 0, 0, 0, 0 ], [ 0, 720, 23, 252 ]
5944 / 10000: [ 0, 0, 0, 0, 0 ], [ 0, 720, 23, 252 ]
5945 / 10000: [ 0, 0, 0, 0, 0 ], [ 0, 720, 23, 252 ]
5946 / 10000: [ 0, 1, 0, 0, 0 ], [ 0, 720, 23, 252 ]
5947 / 10000: [ 0, 0, 0, 0, 0 ], [ 0, 720, 23, 252 ]
5948 / 10000: [ 0, 0, 0, 0, 0 ], [ 0, 720, 23, 252 ]
5949 / 10000: [ 0, 0, 0, 0, 0 ], [ 0, 720, 23, 252 ]
5950 / 10000: [ 0, 0, 0, 0, 0 ], [ 0, 720, 23, 252 ]
5951 / 10000: [ 0, 0, 0, 0, 0 ], [ 0, 720, 23, 252 ]
5952 / 10000: [ 0, 0, 0, 0, 0 ], [ 0, 720, 23, 252 ]
5953 / 10000: [ 0, 0, 0, 0, 0 ], [ 0, 720, 23, 252 ]
5954 / 10000: [ 0, 0, 0, 0, 0 ], [ 0, 720, 23, 252 ]
5955 / 10000: [ 0, 1, 0, 0, 0 ], [ 0, 720, 23, 252 ]
5956 / 10000: [ 0, 0, 0, 0, 0 ], [ 0, 720, 23, 252 ]
5957 / 10000: [ 0, 0, 0, 0, 0 ], [ 0, 720, 23, 252 ]
5958 / 10000: [ 0, 0, 0, 0, 0 ], [ 0, 720, 23, 252 ]
5959 / 10000: [ 0, 0, 0, 0, 0 ], [ 0, 720, 23, 252 ]
5960 / 10000: [ 0, 1, 0, 0, 0 ], [ 0, 720, 23, 252 ]
5961 / 10000: [ 0, 2, 0, 0, 0 ], [ 0, 720, 23, 252 ]
5962 / 10000: [ 0, 2, 0, 0, 0 ], [ 0, 720, 23, 252 ]
5963 / 10000: [ 0, 3, 0, 0, 0 ], [ 0, 721, 23, 252 ]
5964 / 10000: [ 0, 0, 0, 0, 0 ], [ 0, 721, 23, 252 ]
5965 / 10000: [ 0, 1, 0, 0, 0 ], [ 0, 721, 23, 252 ]
5966 / 10000: [ 0, 1, 0, 0, 0 ], [ 0, 721, 23, 252 ]
5967 / 10000: [ 0, 0, 0, 0, 0 ], [ 0, 721, 23, 252 ]
5968 / 10000: [ 0, 0, 0, 0, 0 ], [ 0, 721, 23, 252 ]
5969 / 10000: [ 0, 0, 0, 0, 0 ], [ 0, 721, 23, 252 ]
5970 / 10000: [ 0, 3, 0, 0, 0 ], [ 0, 722, 23, 252 ]
5971 / 10000: [ 0, 0, 0, 0, 0 ], [ 0, 722, 23, 252 ]
5972 / 10000: [ 0, 1, 0, 0, 0 ], [ 0, 722, 23, 252 ]
5973 / 10000: [ 0, 1, 0, 0, 0 ], [ 0, 722, 23, 252 ]
5974 / 10000: [ 0, 0, 0, 0, 0 ], [ 0, 722, 23, 252 ]
5975 / 10000: [ 0, 0, 0, 0, 0 ], [ 0, 722, 23, 252 ]
5976 / 10000: [ 0, 0, 0, 0, 0 ], [ 0, 722, 23, 252 ]
5977 / 10000: [ 0, 2, 0, 0, 0 ], [ 0, 722, 23, 252 ]
5978 / 10000: [ 0, 2, 0, 0, 0 ], [ 0, 722, 23, 252 ]
5979 / 10000: [ 0, 2, 0, 0, 0 ], [ 0, 722, 23, 252 ]
5980 / 10000: [ 0, 3, 0, 0, 0 ], [ 0, 723, 23, 252 ]
5981 / 10000: [ 0, 2, 0, 0, 0 ], [ 0, 723, 23, 252 ]
5982 / 10000: [ 0, 1, 0, 0, 0 ], [ 0, 723, 23, 252 ]
5983 / 10000: [ 0, 3, 0, 0, 0 ], [ 0, 724, 23, 252 ]
5984 / 10000: [ 0, 0, 0, 0, 0 ], [ 0, 724, 23, 252 ]
5985 / 10000: [ 0, 0, 0, 0, 0 ], [ 0, 724, 23, 252 ]
5986 / 10000: [ 0, 0, 0, 0, 0 ], [ 0, 724, 23, 252 ]
5987 / 10000: [ 0, 0, 0, 0, 0 ], [ 0, 724, 23, 252 ]
5988 / 10000: [ 0, 0, 0, 0, 0 ], [ 0, 724, 23, 252 ]
5989 / 10000: [ 0, 0, 0, 0, 0 ], [ 0, 724, 23, 252 ]
5990 / 10000: [ 0, 3, 0, 0, 0 ], [ 0, 725, 23, 252 ]
5991 / 10000: [ 0, 0, 0, 0, 0 ], [ 0, 725, 23, 252 ]
5992 / 10000: [ 0, 0, 0, 0, 0 ], [ 0, 725, 23, 252 ]
5993 / 10000: [ 0, 0, 0, 0, 0 ], [ 0, 725, 23, 252 ]
5994 / 10000: [ 0, 0, 0, 0, 0 ], [ 0, 725, 23, 252 ]
5995 / 10000: [ 0, 0, 0, 0, 0 ], [ 0, 725, 23, 252 ]
5996 / 10000: [ 0, 0, 0, 0, 0 ], [ 0, 725, 23, 252 ]
5997 / 10000: [ 0, 1, 0, 0, 0 ], [ 0, 725, 23, 252 ]
5998 / 10000: [ 0, 2, 0, 0, 0 ], [ 0, 725, 23, 252 ]
5999 / 10000: [ 0, 0, 0, 0, 0 ], [ 0, 725, 23, 252 ]
6000 / 10000: [ 0, 2, 0, 0, 0 ], [ 0, 725, 23, 252 ]
6001 / 10000: [ 0, 0, 0, 0, 0 ], [ 0, 725, 23, 252 ]
6002 / 10000: [ 0, 0, 0, 0, 0 ], [ 0, 725, 23, 252 ]
6003 / 10000: [ 0, 1, 0, 0, 0 ], [ 0, 725, 23, 252 ]
6004 / 10000: [ 0, 0, 0, 0, 0 ], [ 0, 725, 23, 252 ]
6005 / 10000: [ 0, 2, 0, 0, 0 ], [ 0, 725, 23, 252 ]
6006 / 10000: [ 0, 1, 0, 0, 0 ], [ 0, 725, 23, 252 ]
6007 / 10000: [ 0, 0, 0, 0, 0 ], [ 0, 725, 23, 252 ]
6008 / 10000: [ 0, 0, 0, 0, 0 ], [ 0, 725, 23, 252 ]
6009 / 10000: [ 0, 0, 0, 0, 0 ], [ 0, 725, 23, 252 ]
6010 / 10000: [ 0, 1, 0, 0, 0 ], [ 0, 725, 23, 252 ]
6011 / 10000: [ 0, 0, 0, 0, 0 ], [ 0, 725, 23, 252 ]
6012 / 10000: [ 0, 0, 0, 0, 0 ], [ 0, 725, 23, 252 ]
6013 / 10000: [ 0, 2, 0, 0, 0 ], [ 0, 725, 23, 252 ]
6014 / 10000: [ 0, 0, 0, 0, 0 ], [ 0, 725, 23, 252 ]
6015 / 10000: [ 0, 0, 0, 0, 0 ], [ 0, 725, 23, 252 ]
6016 / 10000: [ 0, 0, 0, 0, 0 ], [ 0, 725, 23, 252 ]
6017 / 10000: [ 0, 3, 0, 0, 0 ], [ 0, 726, 23, 252 ]
6018 / 10000: [ 0, 0, 0, 0, 0 ], [ 0, 726, 23, 252 ]
6019 / 10000: [ 0, 0, 0, 0, 0 ], [ 0, 726, 23, 252 ]
6020 / 10000: [ 0, 0, 0, 0, 0 ], [ 0, 726, 23, 252 ]
6021 / 10000: [ 0, 0, 0, 0, 0 ], [ 0, 726, 23, 252 ]
6022 / 10000: [ 0, 0, 0, 0, 0 ], [ 0, 726, 23, 252 ]
6023 / 10000: [ 0, 0, 0, 0, 0 ], [ 0, 726, 23, 252 ]
6024 / 10000: [ 0, 0, 0, 0, 0 ], [ 0, 726, 23, 252 ]
6025 / 10000: [ 0, 0, 0, 0, 0 ], [ 0, 726, 23, 252 ]
6026 / 10000: [ 0, 3, 0, 0, 0 ], [ 0, 727, 23, 252 ]
6027 / 10000: [ 0, 0, 0, 0, 0 ], [ 0, 727, 23, 252 ]
6028 / 10000: [ 0, 1, 0, 0, 0 ], [ 0, 727, 23, 252 ]
6029 / 10000: [ 0, 3, 0, 0, 0 ], [ 0, 728, 23, 252 ]
6030 / 10000: [ 0, 0, 0, 0, 0 ], [ 0, 728, 23, 252 ]
6031 / 10000: [ 0, 3, 0, 0, 0 ], [ 0, 729, 23, 252 ]
6032 / 10000: [ 0, 1, 0, 0, 0 ], [ 0, 729, 23, 252 ]
6033 / 10000: [ 0, 0, 0, 0, 0 ], [ 0, 729, 23, 252 ]
6034 / 10000: [ 0, 0, 0, 0, 0 ], [ 0, 729, 23, 252 ]
6035 / 10000: [ 0, 1, 0, 0, 0 ], [ 0, 729, 23, 252 ]
6036 / 10000: [ 0, 3, 0, 0, 0 ], [ 0, 730, 23, 252 ]
6037 / 10000: [ 0, 1, 0, 0, 0 ], [ 0, 730, 23, 252 ]
6038 / 10000: [ 0, 1, 0, 0, 0 ], [ 0, 730, 23, 252 ]
6039 / 10000: [ 0, 1, 0, 0, 0 ], [ 0, 730, 23, 252 ]
6040 / 10000: [ 0, 2, 0, 0, 0 ], [ 0, 730, 23, 252 ]
6041 / 10000: [ 0, 0, 0, 0, 0 ], [ 0, 730, 23, 252 ]
6042 / 10000: [ 0, 0, 0, 0, 0 ], [ 0, 730, 23, 252 ]
6043 / 10000: [ 0, 0, 0, 0, 0 ], [ 0, 730, 23, 252 ]
6044 / 10000: [ 0, 0, 0, 0, 0 ], [ 0, 730, 23, 252 ]
6045 / 10000: [ 0, 0, 0, 0, 0 ], [ 0, 730, 23, 252 ]
6046 / 10000: [ 0, 0, 0, 0, 0 ], [ 0, 730, 23, 252 ]
6047 / 10000: [ 0, 0, 0, 0, 0 ], [ 0, 730, 23, 252 ]
6048 / 10000: [ 0, 0, 0, 0, 0 ], [ 0, 730, 23, 252 ]
6049 / 10000: [ 0, 0, 0, 0, 0 ], [ 0, 730, 23, 252 ]
6050 / 10000: [ 0, 0, 0, 0, 0 ], [ 0, 730, 23, 252 ]
6051 / 10000: [ 0, 0, 0, 0, 0 ], [ 0, 730, 23, 252 ]
6052 / 10000: [ 0, 0, 0, 0, 0 ], [ 0, 730, 23, 252 ]
6053 / 10000: [ 0, 0, 0, 0, 0 ], [ 0, 730, 23, 252 ]
6054 / 10000: [ 0, 0, 0, 0, 0 ], [ 0, 730, 23, 252 ]
6055 / 10000: [ 0, 0, 0, 0, 0 ], [ 0, 730, 23, 252 ]
6056 / 10000: [ 0, 0, 0, 0, 0 ], [ 0, 730, 23, 252 ]
6057 / 10000: [ 0, 0, 0, 0, 0 ], [ 0, 730, 23, 252 ]
6058 / 10000: [ 0, 0, 0, 0, 0 ], [ 0, 730, 23, 252 ]
6059 / 10000: [ 0, 0, 0, 0, 0 ], [ 0, 730, 23, 252 ]
6060 / 10000: [ 0, 0, 0, 0, 0 ], [ 0, 730, 23, 252 ]
6061 / 10000: [ 0, 2, 0, 0, 0 ], [ 0, 730, 23, 252 ]
6062 / 10000: [ 0, 1, 0, 0, 0 ], [ 0, 730, 23, 252 ]
6063 / 10000: [ 0, 3, 0, 0, 0 ], [ 0, 731, 23, 252 ]
6064 / 10000: [ 0, 1, 0, 0, 0 ], [ 0, 731, 23, 252 ]
6065 / 10000: [ 0, 0, 0, 0, 0 ], [ 0, 731, 23, 252 ]
6066 / 10000: [ 0, 2, 0, 0, 0 ], [ 0, 731, 23, 252 ]
6067 / 10000: [ 0, 0, 0, 0, 0 ], [ 0, 731, 23, 252 ]
6068 / 10000: [ 0, 2, 0, 0, 0 ], [ 0, 731, 23, 252 ]
6069 / 10000: [ 0, 1, 0, 0, 0 ], [ 0, 731, 23, 252 ]
6070 / 10000: [ 0, 2, 0, 0, 0 ], [ 0, 731, 23, 252 ]
6071 / 10000: [ 0, 3, 0, 0, 0 ], [ 0, 732, 23, 252 ]
6072 / 10000: [ 0, 3, 0, 0, 0 ], [ 0, 733, 23, 252 ]
6073 / 10000: [ 0, 1, 0, 0, 0 ], [ 0, 733, 23, 252 ]
6074 / 10000: [ 0, 2, 0, 0, 0 ], [ 0, 733, 23, 252 ]
6075 / 10000: [ 0, 1, 0, 0, 0 ], [ 0, 733, 23, 252 ]
6076 / 10000: [ 0, 0, 0, 0, 0 ], [ 0, 733, 23, 252 ]
6077 / 10000: [ 0, 1, 0, 0, 0 ], [ 0, 733, 23, 252 ]
6078 / 10000: [ 0, 3, 0, 0, 0 ], [ 0, 734, 23, 252 ]
6079 / 10000: [ 0, 0, 0, 0, 0 ], [ 0, 734, 23, 252 ]
6080 / 10000: [ 0, 3, 0, 0, 0 ], [ 0, 735, 23, 252 ]
6081 / 10000: [ 0, 0, 0, 0, 0 ], [ 0, 735, 23, 252 ]
6082 / 10000: [ 0, 0, 0, 0, 0 ], [ 0, 735, 23, 252 ]
6083 / 10000: [ 0, 0, 0, 0, 0 ], [ 0, 735, 23, 252 ]
6084 / 10000: [ 0, 2, 0, 0, 0 ], [ 0, 735, 23, 252 ]
6085 / 10000: [ 0, 0, 0, 0, 0 ], [ 0, 735, 23, 252 ]
6086 / 10000: [ 0, 3, 0, 0, 0 ], [ 0, 736, 23, 252 ]
6087 / 10000: [ 0, 0, 0, 0, 0 ], [ 0, 736, 23, 252 ]
6088 / 10000: [ 0, 2, 0, 0, 0 ], [ 0, 736, 23, 252 ]
6089 / 10000: [ 0, 1, 0, 0, 0 ], [ 0, 736, 23, 252 ]
6090 / 10000: [ 0, 0, 0, 0, 0 ], [ 0, 736, 23, 252 ]
6091 / 10000: [ 0, 3, 0, 0, 0 ], [ 0, 737, 23, 252 ]
6092 / 10000: [ 0, 3, 0, 0, 0 ], [ 0, 738, 23, 252 ]
6093 / 10000: [ 0, 1, 0, 0, 0 ], [ 0, 738, 23, 252 ]
6094 / 10000: [ 0, 2, 0, 0, 0 ], [ 0, 738, 23, 252 ]
6095 / 10000: [ 0, 2, 0, 0, 0 ], [ 0, 738, 23, 252 ]
6096 / 10000: [ 0, 0, 0, 0, 0 ], [ 0, 738, 23, 252 ]
6097 / 10000: [ 0, 1, 0, 0, 0 ], [ 0, 738, 23, 252 ]
6098 / 10000: [ 0, 0, 1, 0, 0 ], [ 0, 738, 23, 252 ]
6099 / 10000: [ 0, 0, 0, 0, 0 ], [ 0, 738, 23, 252 ]
6100 / 10000: [ 0, 2, 0, 0, 0 ], [ 0, 738, 23, 252 ]
6101 / 10000: [ 0, 0, 0, 0, 0 ], [ 0, 738, 23, 252 ]
6102 / 10000: [ 0, 0, 0, 0, 0 ], [ 0, 738, 23, 252 ]
6103 / 10000: [ 0, 3, 0, 0, 0 ], [ 0, 739, 23, 252 ]
6104 / 10000: [ 0, 2, 1, 0, 0 ], [ 0, 739, 24, 252 ]
6105 / 10000: [ 0, 1, 0, 0, 0 ], [ 0, 739, 24, 252 ]
6106 / 10000: [ 0, 1, 0, 0, 0 ], [ 0, 739, 24, 252 ]
6107 / 10000: [ 0, 0, 0, 0, 0 ], [ 0, 739, 24, 252 ]
6108 / 10000: [ 0, 0, 0, 0, 0 ], [ 0, 739, 24, 252 ]
6109 / 10000: [ 0, 1, 0, 0, 0 ], [ 0, 739, 24, 252 ]
6110 / 10000: [ 0, 0, 0, 0, 0 ], [ 0, 739, 24, 252 ]
6111 / 10000: [ 0, 1, 0, 0, 0 ], [ 0, 739, 24, 252 ]
6112 / 10000: [ 0, 2, 0, 0, 0 ], [ 0, 739, 24, 252 ]
6113 / 10000: [ 0, 2, 0, 0, 0 ], [ 0, 739, 24, 252 ]
6114 / 10000: [ 0, 0, 0, 0, 0 ], [ 0, 739, 24, 252 ]
6115 / 10000: [ 0, 1, 0, 0, 0 ], [ 0, 739, 24, 252 ]
6116 / 10000: [ 0, 0, 0, 0, 0 ], [ 0, 739, 24, 252 ]
6117 / 10000: [ 0, 3, 0, 0, 0 ], [ 0, 740, 24, 252 ]
6118 / 10000: [ 0, 0, 0, 0, 0 ], [ 0, 740, 24, 252 ]
6119 / 10000: [ 0, 1, 0, 0, 0 ], [ 0, 740, 24, 252 ]
6120 / 10000: [ 0, 0, 0, 0, 0 ], [ 0, 740, 24, 252 ]
6121 / 10000: [ 0, 1, 0, 0, 0 ], [ 0, 740, 24, 252 ]
6122 / 10000: [ 0, 0, 0, 0, 0 ], [ 0, 740, 24, 252 ]
6123 / 10000: [ 0, 1, 0, 0, 0 ], [ 0, 740, 24, 252 ]
6124 / 10000: [ 0, 0, 0, 0, 0 ], [ 0, 740, 24, 252 ]
6125 / 10000: [ 0, 1, 0, 0, 0 ], [ 0, 740, 24, 252 ]
6126 / 10000: [ 0, 1, 0, 0, 0 ], [ 0, 740, 24, 252 ]
6127 / 10000: [ 0, 0, 0, 0, 0 ], [ 0, 740, 24, 252 ]
6128 / 10000: [ 0, 0, 0, 0, 0 ], [ 0, 740, 24, 252 ]
6129 / 10000: [ 0, 0, 0, 0, 0 ], [ 0, 740, 24, 252 ]
6130 / 10000: [ 0, 1, 0, 0, 0 ], [ 0, 740, 24, 252 ]
6131 / 10000: [ 0, 0, 0, 0, 0 ], [ 0, 740, 24, 252 ]
6132 / 10000: [ 0, 0, 0, 0, 0 ], [ 0, 740, 24, 252 ]
6133 / 10000: [ 0, 1, 0, 0, 0 ], [ 0, 740, 24, 252 ]
6134 / 10000: [ 0, 0, 0, 0, 0 ], [ 0, 740, 24, 252 ]
6135 / 10000: [ 0, 0, 0, 0, 0 ], [ 0, 740, 24, 252 ]
6136 / 10000: [ 0, 0, 0, 0, 0 ], [ 0, 740, 24, 252 ]
6137 / 10000: [ 0, 2, 0, 0, 0 ], [ 0, 740, 24, 252 ]
6138 / 10000: [ 0, 1, 0, 0, 0 ], [ 0, 740, 24, 252 ]
6139 / 10000: [ 0, 0, 0, 0, 0 ], [ 0, 740, 24, 252 ]
6140 / 10000: [ 0, 0, 0, 0, 0 ], [ 0, 740, 24, 252 ]
6141 / 10000: [ 0, 2, 0, 0, 0 ], [ 0, 740, 24, 252 ]
6142 / 10000: [ 0, 0, 0, 0, 0 ], [ 0, 740, 24, 252 ]
6143 / 10000: [ 0, 1, 0, 0, 0 ], [ 0, 740, 24, 252 ]
6144 / 10000: [ 0, 0, 0, 0, 0 ], [ 0, 740, 24, 252 ]
6145 / 10000: [ 0, 0, 0, 0, 0 ], [ 0, 740, 24, 252 ]
6146 / 10000: [ 0, 0, 0, 1, 0 ], [ 0, 740, 24, 252 ]
6147 / 10000: [ 0, 0, 0, 0, 0 ], [ 0, 740, 24, 252 ]
6148 / 10000: [ 0, 0, 0, 0, 0 ], [ 0, 740, 24, 252 ]
6149 / 10000: [ 0, 0, 0, 1, 0 ], [ 0, 740, 24, 252 ]
6150 / 10000: [ 0, 0, 0, 0, 0 ], [ 0, 740, 24, 252 ]
6151 / 10000: [ 0, 0, 0, 1, 0 ], [ 0, 740, 24, 252 ]
6152 / 10000: [ 0, 0, 0, 0, 0 ], [ 0, 740, 24, 252 ]
6153 / 10000: [ 0, 0, 0, 0, 0 ], [ 0, 740, 24, 252 ]
6154 / 10000: [ 0, 0, 0, 0, 0 ], [ 0, 740, 24, 252 ]
6155 / 10000: [ 0, 0, 0, 0, 0 ], [ 0, 740, 24, 252 ]
6156 / 10000: [ 0, 0, 0, 0, 0 ], [ 0, 740, 24, 252 ]
6157 / 10000: [ 0, 0, 0, 0, 0 ], [ 0, 740, 24, 252 ]
6158 / 10000: [ 0, 0, 0, 1, 0 ], [ 0, 740, 24, 252 ]
6159 / 10000: [ 0, 1, 0, 0, 0 ], [ 0, 740, 24, 252 ]
6160 / 10000: [ 0, 0, 0, 0, 0 ], [ 0, 740, 24, 252 ]
6161 / 10000: [ 0, 1, 0, 1, 0 ], [ 0, 740, 24, 252 ]
6162 / 10000: [ 0, 0, 0, 0, 0 ], [ 0, 740, 24, 252 ]
6163 / 10000: [ 0, 0, 0, 1, 0 ], [ 0, 740, 24, 252 ]
6164 / 10000: [ 0, 0, 0, 0, 0 ], [ 0, 740, 24, 252 ]
6165 / 10000: [ 0, 0, 0, 0, 0 ], [ 0, 740, 24, 252 ]
6166 / 10000: [ 0, 1, 0, 0, 0 ], [ 0, 740, 24, 252 ]
6167 / 10000: [ 0, 0, 0, 0, 0 ], [ 0, 740, 24, 252 ]
6168 / 10000: [ 0, 0, 0, 0, 0 ], [ 0, 740, 24, 252 ]
6169 / 10000: [ 0, 1, 0, 0, 0 ], [ 0, 740, 24, 252 ]
6170 / 10000: [ 0, 0, 0, 0, 0 ], [ 0, 740, 24, 252 ]
6171 / 10000: [ 0, 1, 0, 0, 0 ], [ 0, 740, 24, 252 ]
6172 / 10000: [ 0, 0, 0, 0, 0 ], [ 0, 740, 24, 252 ]
6173 / 10000: [ 0, 0, 0, 0, 0 ], [ 0, 740, 24, 252 ]
6174 / 10000: [ 0, 0, 0, 0, 0 ], [ 0, 740, 24, 252 ]
6175 / 10000: [ 0, 0, 0, 0, 0 ], [ 0, 740, 24, 252 ]
6176 / 10000: [ 0, 0, 0, 0, 0 ], [ 0, 740, 24, 252 ]
6177 / 10000: [ 0, 0, 0, 0, 0 ], [ 0, 740, 24, 252 ]
6178 / 10000: [ 0, 1, 0, 0, 0 ], [ 0, 740, 24, 252 ]
6179 / 10000: [ 0, 0, 0, 1, 0 ], [ 0, 740, 24, 252 ]
6180 / 10000: [ 0, 0, 0, 0, 0 ], [ 0, 740, 24, 252 ]
6181 / 10000: [ 0, 2, 0, 0, 0 ], [ 0, 740, 24, 252 ]
6182 / 10000: [ 0, 1, 0, 0, 0 ], [ 0, 740, 24, 252 ]
6183 / 10000: [ 0, 3, 0, 0, 0 ], [ 0, 741, 24, 252 ]
6184 / 10000: [ 0, 0, 1, 0, 0 ], [ 0, 741, 24, 252 ]
6185 / 10000: [ 0, 1, 0, 0, 0 ], [ 0, 741, 24, 252 ]
6186 / 10000: [ 0, 2, 0, 0, 0 ], [ 0, 741, 24, 252 ]
6187 / 10000: [ 0, 0, 0, 0, 0 ], [ 0, 741, 24, 252 ]
6188 / 10000: [ 0, 0, 0, 0, 0 ], [ 0, 741, 24, 252 ]
6189 / 10000: [ 0, 0, 0, 0, 0 ], [ 0, 741, 24, 252 ]
6190 / 10000: [ 0, 3, 0, 0, 0 ], [ 0, 742, 24, 252 ]
6191 / 10000: [ 0, 0, 0, 0, 0 ], [ 0, 742, 24, 252 ]
6192 / 10000: [ 0, 0, 0, 0, 0 ], [ 0, 742, 24, 252 ]
6193 / 10000: [ 0, 1, 0, 0, 0 ], [ 0, 742, 24, 252 ]
6194 / 10000: [ 0, 0, 0, 0, 0 ], [ 0, 742, 24, 252 ]
6195 / 10000: [ 0, 0, 0, 0, 0 ], [ 0, 742, 24, 252 ]
6196 / 10000: [ 0, 0, 0, 0, 0 ], [ 0, 742, 24, 252 ]
6197 / 10000: [ 0, 3, 0, 0, 0 ], [ 0, 743, 24, 252 ]
6198 / 10000: [ 0, 2, 0, 0, 0 ], [ 0, 743, 24, 252 ]
6199 / 10000: [ 0, 0, 0, 0, 0 ], [ 0, 743, 24, 252 ]
6200 / 10000: [ 0, 2, 0, 0, 0 ], [ 0, 743, 24, 252 ]
6201 / 10000: [ 0, 1, 0, 0, 0 ], [ 0, 743, 24, 252 ]
6202 / 10000: [ 0, 0, 0, 0, 0 ], [ 0, 743, 24, 252 ]
6203 / 10000: [ 0, 0, 0, 0, 0 ], [ 0, 743, 24, 252 ]
6204 / 10000: [ 0, 0, 0, 0, 0 ], [ 0, 743, 24, 252 ]
6205 / 10000: [ 0, 0, 0, 0, 0 ], [ 0, 743, 24, 252 ]
6206 / 10000: [ 0, 3, 0, 0, 0 ], [ 0, 744, 24, 252 ]
6207 / 10000: [ 0, 2, 0, 0, 0 ], [ 0, 744, 24, 252 ]
6208 / 10000: [ 0, 3, 0, 0, 0 ], [ 0, 745, 24, 252 ]
6209 / 10000: [ 0, 1, 0, 0, 0 ], [ 0, 745, 24, 252 ]
6210 / 10000: [ 0, 0, 0, 0, 0 ], [ 0, 745, 24, 252 ]
6211 / 10000: [ 0, 3, 0, 0, 0 ], [ 0, 746, 24, 252 ]
6212 / 10000: [ 0, 2, 0, 0, 0 ], [ 0, 746, 24, 252 ]
6213 / 10000: [ 0, 0, 0, 0, 0 ], [ 0, 746, 24, 252 ]
6214 / 10000: [ 0, 0, 0, 0, 0 ], [ 0, 746, 24, 252 ]
6215 / 10000: [ 0, 1, 0, 0, 0 ], [ 0, 746, 24, 252 ]
6216 / 10000: [ 0, 2, 0, 0, 0 ], [ 0, 746, 24, 252 ]
6217 / 10000: [ 0, 1, 0, 0, 0 ], [ 0, 746, 24, 252 ]
6218 / 10000: [ 0, 0, 0, 0, 0 ], [ 0, 746, 24, 252 ]
6219 / 10000: [ 0, 1, 0, 0, 0 ], [ 0, 746, 24, 252 ]
6220 / 10000: [ 0, 2, 0, 0, 0 ], [ 0, 746, 24, 252 ]
6221 / 10000: [ 0, 1, 0, 0, 0 ], [ 0, 746, 24, 252 ]
6222 / 10000: [ 0, 0, 0, 0, 0 ], [ 0, 746, 24, 252 ]
6223 / 10000: [ 0, 3, 0, 0, 0 ], [ 0, 747, 24, 252 ]
6224 / 10000: [ 0, 0, 0, 0, 0 ], [ 0, 747, 24, 252 ]
6225 / 10000: [ 0, 1, 0, 0, 0 ], [ 0, 747, 24, 252 ]
6226 / 10000: [ 0, 2, 0, 0, 0 ], [ 0, 747, 24, 252 ]
6227 / 10000: [ 0, 0, 0, 0, 0 ], [ 0, 747, 24, 252 ]
6228 / 10000: [ 0, 1, 0, 0, 0 ], [ 0, 747, 24, 252 ]
6229 / 10000: [ 0, 0, 0, 0, 0 ], [ 0, 747, 24, 252 ]
6230 / 10000: [ 0, 2, 0, 0, 0 ], [ 0, 747, 24, 252 ]
6231 / 10000: [ 0, 0, 0, 0, 0 ], [ 0, 747, 24, 252 ]
6232 / 10000: [ 0, 0, 0, 0, 0 ], [ 0, 747, 24, 252 ]
6233 / 10000: [ 0, 1, 0, 0, 0 ], [ 0, 747, 24, 252 ]
6234 / 10000: [ 0, 0, 0, 0, 0 ], [ 0, 747, 24, 252 ]
6235 / 10000: [ 0, 0, 0, 0, 0 ], [ 0, 747, 24, 252 ]
6236 / 10000: [ 0, 1, 0, 0, 0 ], [ 0, 747, 24, 252 ]
6237 / 10000: [ 0, 2, 0, 0, 0 ], [ 0, 747, 24, 252 ]
6238 / 10000: [ 0, 0, 0, 0, 0 ], [ 0, 747, 24, 252 ]
6239 / 10000: [ 0, 0, 0, 0, 0 ], [ 0, 747, 24, 252 ]
6240 / 10000: [ 0, 0, 0, 0, 0 ], [ 0, 747, 24, 252 ]
6241 / 10000: [ 0, 1, 0, 0, 0 ], [ 0, 747, 24, 252 ]
6242 / 10000: [ 0, 1, 0, 0, 0 ], [ 0, 747, 24, 252 ]
6243 / 10000: [ 0, 1, 0, 0, 0 ], [ 0, 747, 24, 252 ]
6244 / 10000: [ 0, 0, 0, 0, 0 ], [ 0, 747, 24, 252 ]
6245 / 10000: [ 0, 0, 0, 0, 0 ], [ 0, 747, 24, 252 ]
6246 / 10000: [ 0, 2, 0, 0, 0 ], [ 0, 747, 24, 252 ]
6247 / 10000: [ 0, 0, 0, 0, 0 ], [ 0, 747, 24, 252 ]
6248 / 10000: [ 0, 1, 0, 0, 0 ], [ 0, 747, 24, 252 ]
6249 / 10000: [ 0, 2, 0, 0, 0 ], [ 0, 747, 24, 252 ]
6250 / 10000: [ 0, 0, 0, 0, 0 ], [ 0, 747, 24, 252 ]
6251 / 10000: [ 0, 1, 0, 0, 0 ], [ 0, 747, 24, 252 ]
6252 / 10000: [ 0, 0, 0, 0, 0 ], [ 0, 747, 24, 252 ]
6253 / 10000: [ 0, 2, 0, 0, 0 ], [ 0, 747, 24, 252 ]
6254 / 10000: [ 0, 2, 0, 0, 0 ], [ 0, 747, 24, 252 ]
6255 / 10000: [ 0, 0, 0, 0, 0 ], [ 0, 747, 24, 252 ]
6256 / 10000: [ 0, 1, 0, 0, 0 ], [ 0, 747, 24, 252 ]
6257 / 10000: [ 0, 0, 0, 0, 0 ], [ 0, 747, 24, 252 ]
6258 / 10000: [ 0, 2, 0, 0, 0 ], [ 0, 747, 24, 252 ]
6259 / 10000: [ 0, 0, 0, 0, 0 ], [ 0, 747, 24, 252 ]
6260 / 10000: [ 0, 0, 0, 0, 0 ], [ 0, 747, 24, 252 ]
6261 / 10000: [ 0, 0, 0, 0, 0 ], [ 0, 747, 24, 252 ]
6262 / 10000: [ 0, 0, 0, 0, 0 ], [ 0, 747, 24, 252 ]
6263 / 10000: [ 0, 1, 0, 0, 0 ], [ 0, 747, 24, 252 ]
6264 / 10000: [ 0, 1, 0, 0, 0 ], [ 0, 747, 24, 252 ]
6265 / 10000: [ 0, 1, 0, 0, 0 ], [ 0, 747, 24, 252 ]
6266 / 10000: [ 0, 1, 0, 0, 0 ], [ 0, 747, 24, 252 ]
6267 / 10000: [ 0, 0, 0, 0, 0 ], [ 0, 747, 24, 252 ]
6268 / 10000: [ 0, 0, 0, 0, 0 ], [ 0, 747, 24, 252 ]
6269 / 10000: [ 0, 0, 0, 0, 0 ], [ 0, 747, 24, 252 ]
6270 / 10000: [ 0, 1, 0, 0, 0 ], [ 0, 747, 24, 252 ]
6271 / 10000: [ 0, 0, 0, 0, 0 ], [ 0, 747, 24, 252 ]
6272 / 10000: [ 0, 0, 0, 0, 0 ], [ 0, 747, 24, 252 ]
6273 / 10000: [ 0, 2, 0, 0, 0 ], [ 0, 747, 24, 252 ]
6274 / 10000: [ 0, 1, 0, 0, 0 ], [ 0, 747, 24, 252 ]
6275 / 10000: [ 0, 0, 0, 0, 0 ], [ 0, 747, 24, 252 ]
6276 / 10000: [ 0, 0, 0, 0, 0 ], [ 0, 747, 24, 252 ]
6277 / 10000: [ 0, 2, 0, 0, 0 ], [ 0, 747, 24, 252 ]
6278 / 10000: [ 0, 0, 0, 0, 0 ], [ 0, 747, 24, 252 ]
6279 / 10000: [ 0, 0, 0, 0, 0 ], [ 0, 747, 24, 252 ]
6280 / 10000: [ 0, 0, 0, 0, 0 ], [ 0, 747, 24, 252 ]
6281 / 10000: [ 0, 0, 0, 0, 0 ], [ 0, 747, 24, 252 ]
6282 / 10000: [ 0, 0, 0, 0, 0 ], [ 0, 747, 24, 252 ]
6283 / 10000: [ 0, 1, 0, 0, 0 ], [ 0, 747, 24, 252 ]
6284 / 10000: [ 0, 0, 0, 0, 0 ], [ 0, 747, 24, 252 ]
6285 / 10000: [ 0, 1, 0, 0, 0 ], [ 0, 747, 24, 252 ]
6286 / 10000: [ 0, 1, 0, 0, 0 ], [ 0, 747, 24, 252 ]
6287 / 10000: [ 0, 1, 0, 0, 0 ], [ 0, 747, 24, 252 ]
6288 / 10000: [ 0, 0, 0, 0, 0 ], [ 0, 747, 24, 252 ]
6289 / 10000: [ 0, 0, 0, 0, 0 ], [ 0, 747, 24, 252 ]
6290 / 10000: [ 0, 1, 0, 0, 0 ], [ 0, 747, 24, 252 ]
6291 / 10000: [ 0, 0, 0, 0, 0 ], [ 0, 747, 24, 252 ]
6292 / 10000: [ 0, 0, 0, 0, 0 ], [ 0, 747, 24, 252 ]
6293 / 10000: [ 0, 1, 0, 0, 0 ], [ 0, 747, 24, 252 ]
6294 / 10000: [ 0, 0, 0, 0, 0 ], [ 0, 747, 24, 252 ]
6295 / 10000: [ 0, 0, 0, 0, 0 ], [ 0, 747, 24, 252 ]
6296 / 10000: [ 0, 0, 0, 0, 0 ], [ 0, 747, 24, 252 ]
6297 / 10000: [ 0, 2, 0, 0, 0 ], [ 0, 747, 24, 252 ]
6298 / 10000: [ 0, 0, 0, 0, 0 ], [ 0, 747, 24, 252 ]
6299 / 10000: [ 0, 0, 0, 0, 0 ], [ 0, 747, 24, 252 ]
6300 / 10000: [ 0, 0, 0, 0, 0 ], [ 0, 747, 24, 252 ]
6301 / 10000: [ 0, 1, 0, 0, 0 ], [ 0, 747, 24, 252 ]
6302 / 10000: [ 0, 1, 0, 0, 0 ], [ 0, 747, 24, 252 ]
6303 / 10000: [ 0, 2, 0, 0, 0 ], [ 0, 747, 24, 252 ]
6304 / 10000: [ 0, 0, 0, 0, 0 ], [ 0, 747, 24, 252 ]
6305 / 10000: [ 0, 1, 0, 0, 0 ], [ 0, 747, 24, 252 ]
6306 / 10000: [ 0, 3, 0, 0, 0 ], [ 0, 748, 24, 252 ]
6307 / 10000: [ 0, 0, 0, 0, 0 ], [ 0, 748, 24, 252 ]
6308 / 10000: [ 0, 2, 0, 0, 0 ], [ 0, 748, 24, 252 ]
6309 / 10000: [ 0, 2, 0, 0, 0 ], [ 0, 748, 24, 252 ]
6310 / 10000: [ 0, 1, 0, 0, 0 ], [ 0, 748, 24, 252 ]
6311 / 10000: [ 0, 3, 0, 0, 0 ], [ 0, 749, 24, 252 ]
6312 / 10000: [ 0, 0, 0, 0, 0 ], [ 0, 749, 24, 252 ]
6313 / 10000: [ 0, 3, 0, 0, 0 ], [ 0, 750, 24, 252 ]
6314 / 10000: [ 0, 2, 0, 0, 0 ], [ 0, 750, 24, 252 ]
6315 / 10000: [ 0, 0, 0, 0, 0 ], [ 0, 750, 24, 252 ]
6316 / 10000: [ 0, 1, 0, 0, 0 ], [ 0, 750, 24, 252 ]
6317 / 10000: [ 0, 2, 0, 0, 0 ], [ 0, 750, 24, 252 ]
6318 / 10000: [ 0, 2, 0, 0, 0 ], [ 0, 750, 24, 252 ]
6319 / 10000: [ 0, 0, 0, 0, 0 ], [ 0, 750, 24, 252 ]
6320 / 10000: [ 0, 1, 0, 0, 0 ], [ 0, 750, 24, 252 ]
6321 / 10000: [ 0, 0, 0, 0, 0 ], [ 0, 750, 24, 252 ]
6322 / 10000: [ 0, 0, 0, 0, 0 ], [ 0, 750, 24, 252 ]
6323 / 10000: [ 0, 0, 0, 0, 0 ], [ 0, 750, 24, 252 ]
6324 / 10000: [ 0, 0, 0, 0, 0 ], [ 0, 750, 24, 252 ]
6325 / 10000: [ 0, 0, 0, 0, 0 ], [ 0, 750, 24, 252 ]
6326 / 10000: [ 0, 0, 0, 0, 0 ], [ 0, 750, 24, 252 ]
6327 / 10000: [ 0, 0, 0, 0, 0 ], [ 0, 750, 24, 252 ]
6328 / 10000: [ 0, 1, 0, 0, 0 ], [ 0, 750, 24, 252 ]
6329 / 10000: [ 0, 1, 0, 0, 0 ], [ 0, 750, 24, 252 ]
6330 / 10000: [ 0, 0, 0, 0, 0 ], [ 0, 750, 24, 252 ]
6331 / 10000: [ 0, 1, 0, 0, 0 ], [ 0, 750, 24, 252 ]
6332 / 10000: [ 0, 1, 0, 0, 0 ], [ 0, 750, 24, 252 ]
6333 / 10000: [ 0, 0, 0, 0, 0 ], [ 0, 750, 24, 252 ]
6334 / 10000: [ 0, 0, 0, 0, 0 ], [ 0, 750, 24, 252 ]
6335 / 10000: [ 0, 2, 0, 0, 0 ], [ 0, 750, 24, 252 ]
6336 / 10000: [ 0, 1, 0, 0, 0 ], [ 0, 750, 24, 252 ]
6337 / 10000: [ 0, 1, 0, 0, 0 ], [ 0, 750, 24, 252 ]
6338 / 10000: [ 0, 0, 0, 0, 0 ], [ 0, 750, 24, 252 ]
6339 / 10000: [ 0, 0, 0, 0, 0 ], [ 0, 750, 24, 252 ]
6340 / 10000: [ 0, 2, 0, 0, 0 ], [ 0, 750, 24, 252 ]
6341 / 10000: [ 0, 2, 0, 0, 0 ], [ 0, 750, 24, 252 ]
6342 / 10000: [ 0, 1, 0, 0, 0 ], [ 0, 750, 24, 252 ]
6343 / 10000: [ 0, 3, 0, 0, 0 ], [ 0, 751, 24, 252 ]
6344 / 10000: [ 0, 0, 0, 0, 0 ], [ 0, 751, 24, 252 ]
6345 / 10000: [ 0, 0, 0, 0, 0 ], [ 0, 751, 24, 252 ]
6346 / 10000: [ 0, 0, 0, 0, 0 ], [ 0, 751, 24, 252 ]
6347 / 10000: [ 0, 0, 0, 0, 0 ], [ 0, 751, 24, 252 ]
6348 / 10000: [ 0, 0, 0, 0, 0 ], [ 0, 751, 24, 252 ]
6349 / 10000: [ 0, 0, 0, 0, 0 ], [ 0, 751, 24, 252 ]
6350 / 10000: [ 0, 3, 0, 0, 0 ], [ 0, 752, 24, 252 ]
6351 / 10000: [ 0, 0, 0, 0, 0 ], [ 0, 752, 24, 252 ]
6352 / 10000: [ 0, 0, 0, 0, 0 ], [ 0, 752, 24, 252 ]
6353 / 10000: [ 0, 0, 0, 0, 0 ], [ 0, 752, 24, 252 ]
6354 / 10000: [ 0, 0, 0, 0, 0 ], [ 0, 752, 24, 252 ]
6355 / 10000: [ 0, 0, 0, 0, 0 ], [ 0, 752, 24, 252 ]
6356 / 10000: [ 0, 0, 0, 0, 0 ], [ 0, 752, 24, 252 ]
6357 / 10000: [ 0, 2, 0, 0, 0 ], [ 0, 752, 24, 252 ]
6358 / 10000: [ 0, 2, 0, 0, 0 ], [ 0, 752, 24, 252 ]
6359 / 10000: [ 0, 2, 0, 0, 0 ], [ 0, 752, 24, 252 ]
6360 / 10000: [ 0, 2, 0, 0, 0 ], [ 0, 752, 24, 252 ]
6361 / 10000: [ 0, 0, 0, 0, 0 ], [ 0, 752, 24, 252 ]
6362 / 10000: [ 0, 0, 0, 0, 0 ], [ 0, 752, 24, 252 ]
6363 / 10000: [ 0, 0, 0, 0, 0 ], [ 0, 752, 24, 252 ]
6364 / 10000: [ 0, 0, 0, 0, 0 ], [ 0, 752, 24, 252 ]
6365 / 10000: [ 0, 0, 0, 0, 0 ], [ 0, 752, 24, 252 ]
6366 / 10000: [ 0, 0, 0, 0, 0 ], [ 0, 752, 24, 252 ]
6367 / 10000: [ 0, 0, 0, 0, 0 ], [ 0, 752, 24, 252 ]
6368 / 10000: [ 0, 0, 0, 0, 0 ], [ 0, 752, 24, 252 ]
6369 / 10000: [ 0, 0, 0, 0, 0 ], [ 0, 752, 24, 252 ]
6370 / 10000: [ 0, 0, 0, 0, 0 ], [ 0, 752, 24, 252 ]
6371 / 10000: [ 0, 0, 0, 0, 0 ], [ 0, 752, 24, 252 ]
6372 / 10000: [ 0, 0, 0, 0, 0 ], [ 0, 752, 24, 252 ]
6373 / 10000: [ 0, 0, 0, 0, 0 ], [ 0, 752, 24, 252 ]
6374 / 10000: [ 0, 0, 0, 0, 0 ], [ 0, 752, 24, 252 ]
6375 / 10000: [ 0, 0, 0, 0, 0 ], [ 0, 752, 24, 252 ]
6376 / 10000: [ 0, 0, 0, 0, 0 ], [ 0, 752, 24, 252 ]
6377 / 10000: [ 0, 0, 0, 0, 0 ], [ 0, 752, 24, 252 ]
6378 / 10000: [ 0, 0, 0, 0, 0 ], [ 0, 752, 24, 252 ]
6379 / 10000: [ 0, 0, 0, 1, 0 ], [ 0, 752, 24, 252 ]
6380 / 10000: [ 0, 0, 0, 0, 0 ], [ 0, 752, 24, 252 ]
6381 / 10000: [ 0, 0, 0, 0, 0 ], [ 0, 752, 24, 252 ]
6382 / 10000: [ 0, 0, 0, 0, 0 ], [ 0, 752, 24, 252 ]
6383 / 10000: [ 0, 0, 0, 0, 0 ], [ 0, 752, 24, 252 ]
6384 / 10000: [ 0, 0, 0, 0, 0 ], [ 0, 752, 24, 252 ]
6385 / 10000: [ 0, 0, 0, 0, 0 ], [ 0, 752, 24, 252 ]
6386 / 10000: [ 0, 0, 0, 0, 0 ], [ 0, 752, 24, 252 ]
6387 / 10000: [ 0, 0, 0, 0, 0 ], [ 0, 752, 24, 252 ]
6388 / 10000: [ 0, 0, 0, 0, 0 ], [ 0, 752, 24, 252 ]
6389 / 10000: [ 0, 0, 0, 0, 0 ], [ 0, 752, 24, 252 ]
6390 / 10000: [ 0, 0, 0, 0, 0 ], [ 0, 752, 24, 252 ]
6391 / 10000: [ 0, 0, 0, 0, 0 ], [ 0, 752, 24, 252 ]
6392 / 10000: [ 0, 0, 0, 0, 0 ], [ 0, 752, 24, 252 ]
6393 / 10000: [ 0, 0, 0, 0, 0 ], [ 0, 752, 24, 252 ]
6394 / 10000: [ 0, 0, 0, 0, 0 ], [ 0, 752, 24, 252 ]
6395 / 10000: [ 0, 0, 0, 0, 0 ], [ 0, 752, 24, 252 ]
6396 / 10000: [ 0, 0, 0, 0, 0 ], [ 0, 752, 24, 252 ]
6397 / 10000: [ 0, 0, 0, 0, 0 ], [ 0, 752, 24, 252 ]
6398 / 10000: [ 0, 0, 0, 0, 0 ], [ 0, 752, 24, 252 ]
6399 / 10000: [ 0, 1, 0, 0, 0 ], [ 0, 752, 24, 252 ]
6400 / 10000: [ 0, 0, 0, 0, 0 ], [ 0, 752, 24, 252 ]
6401 / 10000: [ 0, 2, 0, 0, 0 ], [ 0, 752, 24, 252 ]
6402 / 10000: [ 0, 1, 0, 0, 0 ], [ 0, 752, 24, 252 ]
6403 / 10000: [ 0, 2, 0, 0, 0 ], [ 0, 752, 24, 252 ]
6404 / 10000: [ 0, 0, 0, 0, 0 ], [ 0, 752, 24, 252 ]
6405 / 10000: [ 0, 0, 0, 0, 0 ], [ 0, 752, 24, 252 ]
6406 / 10000: [ 0, 1, 0, 0, 0 ], [ 0, 752, 24, 252 ]
6407 / 10000: [ 0, 0, 0, 0, 0 ], [ 0, 752, 24, 252 ]
6408 / 10000: [ 0, 0, 0, 0, 0 ], [ 0, 752, 24, 252 ]
6409 / 10000: [ 0, 1, 0, 0, 0 ], [ 0, 752, 24, 252 ]
6410 / 10000: [ 0, 2, 0, 0, 0 ], [ 0, 752, 24, 252 ]
6411 / 10000: [ 0, 1, 0, 0, 0 ], [ 0, 752, 24, 252 ]
6412 / 10000: [ 0, 0, 0, 0, 0 ], [ 0, 752, 24, 252 ]
6413 / 10000: [ 0, 0, 0, 0, 0 ], [ 0, 752, 24, 252 ]
6414 / 10000: [ 0, 0, 0, 0, 0 ], [ 0, 752, 24, 252 ]
6415 / 10000: [ 0, 0, 0, 0, 0 ], [ 0, 752, 24, 252 ]
6416 / 10000: [ 0, 0, 0, 0, 0 ], [ 0, 752, 24, 252 ]
6417 / 10000: [ 0, 0, 0, 0, 0 ], [ 0, 752, 24, 252 ]
6418 / 10000: [ 0, 3, 0, 0, 0 ], [ 0, 753, 24, 252 ]
6419 / 10000: [ 0, 0, 0, 0, 0 ], [ 0, 753, 24, 252 ]
6420 / 10000: [ 0, 2, 0, 0, 0 ], [ 0, 753, 24, 252 ]
6421 / 10000: [ 0, 0, 0, 0, 0 ], [ 0, 753, 24, 252 ]
6422 / 10000: [ 0, 0, 0, 0, 0 ], [ 0, 753, 24, 252 ]
6423 / 10000: [ 0, 1, 0, 0, 0 ], [ 0, 753, 24, 252 ]
6424 / 10000: [ 0, 0, 0, 0, 0 ], [ 0, 753, 24, 252 ]
6425 / 10000: [ 0, 0, 0, 0, 0 ], [ 0, 753, 24, 252 ]
6426 / 10000: [ 0, 0, 0, 0, 0 ], [ 0, 753, 24, 252 ]
6427 / 10000: [ 0, 0, 0, 0, 0 ], [ 0, 753, 24, 252 ]
6428 / 10000: [ 0, 0, 0, 0, 0 ], [ 0, 753, 24, 252 ]
6429 / 10000: [ 0, 0, 0, 0, 0 ], [ 0, 753, 24, 252 ]
6430 / 10000: [ 0, 1, 0, 0, 0 ], [ 0, 753, 24, 252 ]
6431 / 10000: [ 0, 0, 0, 0, 0 ], [ 0, 753, 24, 252 ]
6432 / 10000: [ 0, 0, 0, 0, 0 ], [ 0, 753, 24, 252 ]
6433 / 10000: [ 0, 0, 0, 0, 0 ], [ 0, 753, 24, 252 ]
6434 / 10000: [ 0, 0, 0, 0, 0 ], [ 0, 753, 24, 252 ]
6435 / 10000: [ 0, 0, 0, 0, 0 ], [ 0, 753, 24, 252 ]
6436 / 10000: [ 0, 0, 0, 0, 0 ], [ 0, 753, 24, 252 ]
6437 / 10000: [ 0, 0, 0, 0, 0 ], [ 0, 753, 24, 252 ]
6438 / 10000: [ 0, 0, 0, 0, 0 ], [ 0, 753, 24, 252 ]
6439 / 10000: [ 0, 1, 0, 0, 0 ], [ 0, 753, 24, 252 ]
6440 / 10000: [ 0, 0, 0, 0, 0 ], [ 0, 753, 24, 252 ]
6441 / 10000: [ 0, 1, 0, 0, 0 ], [ 0, 753, 24, 252 ]
6442 / 10000: [ 0, 1, 0, 0, 0 ], [ 0, 753, 24, 252 ]
6443 / 10000: [ 0, 2, 0, 0, 0 ], [ 0, 753, 24, 252 ]
6444 / 10000: [ 0, 0, 0, 0, 0 ], [ 0, 753, 24, 252 ]
6445 / 10000: [ 0, 0, 0, 0, 0 ], [ 0, 753, 24, 252 ]
6446 / 10000: [ 0, 2, 0, 0, 0 ], [ 0, 753, 24, 252 ]
6447 / 10000: [ 0, 0, 0, 0, 0 ], [ 0, 753, 24, 252 ]
6448 / 10000: [ 0, 0, 0, 0, 0 ], [ 0, 753, 24, 252 ]
6449 / 10000: [ 0, 2, 0, 0, 0 ], [ 0, 753, 24, 252 ]
6450 / 10000: [ 0, 0, 0, 0, 0 ], [ 0, 753, 24, 252 ]
6451 / 10000: [ 0, 0, 0, 0, 0 ], [ 0, 753, 24, 252 ]
6452 / 10000: [ 0, 0, 0, 0, 0 ], [ 0, 753, 24, 252 ]
6453 / 10000: [ 0, 1, 0, 0, 0 ], [ 0, 753, 24, 252 ]
6454 / 10000: [ 0, 0, 0, 0, 0 ], [ 0, 753, 24, 252 ]
6455 / 10000: [ 0, 0, 0, 0, 0 ], [ 0, 753, 24, 252 ]
6456 / 10000: [ 0, 0, 0, 0, 0 ], [ 0, 753, 24, 252 ]
6457 / 10000: [ 0, 0, 0, 0, 0 ], [ 0, 753, 24, 252 ]
6458 / 10000: [ 0, 1, 0, 0, 0 ], [ 0, 753, 24, 252 ]
6459 / 10000: [ 0, 0, 0, 0, 0 ], [ 0, 753, 24, 252 ]
6460 / 10000: [ 0, 0, 0, 0, 0 ], [ 0, 753, 24, 252 ]
6461 / 10000: [ 0, 2, 0, 1, 0 ], [ 0, 753, 24, 253 ]
6462 / 10000: [ 0, 1, 0, 2, 0 ], [ 0, 753, 24, 254 ]
6463 / 10000: [ 0, 2, 0, 1, 0 ], [ 0, 753, 24, 255 ]
6464 / 10000: [ 0, 0, 0, 1, 0 ], [ 0, 753, 24, 255 ]
6465 / 10000: [ 0, 0, 0, 1, 0 ], [ 0, 753, 24, 255 ]
6466 / 10000: [ 0, 0, 0, 1, 0 ], [ 0, 753, 24, 255 ]
6467 / 10000: [ 0, 0, 0, 0, 0 ], [ 0, 753, 24, 255 ]
6468 / 10000: [ 0, 0, 0, 0, 0 ], [ 0, 753, 24, 255 ]
6469 / 10000: [ 0, 0, 0, 1, 0 ], [ 0, 753, 24, 255 ]
6470 / 10000: [ 0, 2, 0, 0, 0 ], [ 0, 753, 24, 255 ]
6471 / 10000: [ 0, 0, 0, 2, 0 ], [ 0, 753, 24, 255 ]
6472 / 10000: [ 0, 0, 0, 2, 0 ], [ 0, 753, 24, 255 ]
6473 / 10000: [ 0, 0, 0, 1, 0 ], [ 0, 753, 24, 255 ]
6474 / 10000: [ 0, 0, 0, 1, 0 ], [ 0, 753, 24, 255 ]
6475 / 10000: [ 0, 0, 0, 0, 0 ], [ 0, 753, 24, 255 ]
6476 / 10000: [ 0, 0, 0, 1, 0 ], [ 0, 753, 24, 255 ]
6477 / 10000: [ 0, 0, 0, 0, 0 ], [ 0, 753, 24, 255 ]
6478 / 10000: [ 0, 2, 0, 1, 0 ], [ 0, 753, 24, 256 ]
6479 / 10000: [ 0, 0, 0, 0, 0 ], [ 0, 753, 24, 256 ]
6480 / 10000: [ 0, 2, 0, 0, 0 ], [ 0, 753, 24, 256 ]
6481 / 10000: [ 0, 1, 0, 0, 0 ], [ 0, 753, 24, 256 ]
6482 / 10000: [ 0, 0, 0, 0, 0 ], [ 0, 753, 24, 256 ]
6483 / 10000: [ 0, 1, 0, 0, 0 ], [ 0, 753, 24, 256 ]
6484 / 10000: [ 0, 0, 0, 0, 0 ], [ 0, 753, 24, 256 ]
6485 / 10000: [ 0, 1, 0, 0, 0 ], [ 0, 753, 24, 256 ]
6486 / 10000: [ 0, 1, 0, 0, 0 ], [ 0, 753, 24, 256 ]
6487 / 10000: [ 0, 0, 0, 0, 0 ], [ 0, 753, 24, 256 ]
6488 / 10000: [ 0, 1, 0, 0, 0 ], [ 0, 753, 24, 256 ]
6489 / 10000: [ 0, 0, 0, 0, 0 ], [ 0, 753, 24, 256 ]
6490 / 10000: [ 0, 0, 0, 0, 0 ], [ 0, 753, 24, 256 ]
6491 / 10000: [ 0, 0, 0, 0, 0 ], [ 0, 753, 24, 256 ]
6492 / 10000: [ 0, 0, 0, 0, 0 ], [ 0, 753, 24, 256 ]
6493 / 10000: [ 0, 1, 0, 0, 0 ], [ 0, 753, 24, 256 ]
6494 / 10000: [ 0, 0, 0, 0, 0 ], [ 0, 753, 24, 256 ]
6495 / 10000: [ 0, 0, 0, 0, 0 ], [ 0, 753, 24, 256 ]
6496 / 10000: [ 0, 1, 0, 0, 0 ], [ 0, 753, 24, 256 ]
6497 / 10000: [ 0, 1, 0, 0, 0 ], [ 0, 753, 24, 256 ]
6498 / 10000: [ 0, 0, 0, 0, 0 ], [ 0, 753, 24, 256 ]
6499 / 10000: [ 0, 0, 0, 0, 0 ], [ 0, 753, 24, 256 ]
6500 / 10000: [ 0, 0, 0, 0, 0 ], [ 0, 753, 24, 256 ]
6501 / 10000: [ 0, 1, 0, 0, 0 ], [ 0, 753, 24, 256 ]
6502 / 10000: [ 0, 1, 0, 0, 0 ], [ 0, 753, 24, 256 ]
6503 / 10000: [ 0, 1, 0, 0, 0 ], [ 0, 753, 24, 256 ]
6504 / 10000: [ 0, 3, 0, 0, 0 ], [ 0, 754, 24, 256 ]
6505 / 10000: [ 0, 1, 0, 0, 0 ], [ 0, 754, 24, 256 ]
6506 / 10000: [ 0, 2, 0, 0, 0 ], [ 0, 754, 24, 256 ]
6507 / 10000: [ 0, 0, 0, 0, 0 ], [ 0, 754, 24, 256 ]
6508 / 10000: [ 0, 1, 0, 0, 0 ], [ 0, 754, 24, 256 ]
6509 / 10000: [ 0, 2, 0, 0, 0 ], [ 0, 754, 24, 256 ]
6510 / 10000: [ 0, 0, 0, 0, 0 ], [ 0, 754, 24, 256 ]
6511 / 10000: [ 0, 2, 0, 0, 0 ], [ 0, 754, 24, 256 ]
6512 / 10000: [ 0, 2, 0, 0, 0 ], [ 0, 754, 24, 256 ]
6513 / 10000: [ 0, 3, 0, 0, 0 ], [ 0, 755, 24, 256 ]
6514 / 10000: [ 0, 2, 0, 0, 0 ], [ 0, 755, 24, 256 ]
6515 / 10000: [ 0, 0, 0, 0, 0 ], [ 0, 755, 24, 256 ]
6516 / 10000: [ 0, 1, 0, 0, 0 ], [ 0, 755, 24, 256 ]
6517 / 10000: [ 0, 0, 0, 0, 0 ], [ 0, 755, 24, 256 ]
6518 / 10000: [ 0, 2, 0, 0, 0 ], [ 0, 755, 24, 256 ]
6519 / 10000: [ 0, 0, 0, 0, 0 ], [ 0, 755, 24, 256 ]
6520 / 10000: [ 0, 0, 0, 0, 0 ], [ 0, 755, 24, 256 ]
6521 / 10000: [ 0, 0, 0, 0, 0 ], [ 0, 755, 24, 256 ]
6522 / 10000: [ 0, 0, 0, 0, 0 ], [ 0, 755, 24, 256 ]
6523 / 10000: [ 0, 0, 0, 0, 0 ], [ 0, 755, 24, 256 ]
6524 / 10000: [ 0, 0, 0, 0, 0 ], [ 0, 755, 24, 256 ]
6525 / 10000: [ 0, 0, 0, 0, 0 ], [ 0, 755, 24, 256 ]
6526 / 10000: [ 0, 0, 0, 0, 0 ], [ 0, 755, 24, 256 ]
6527 / 10000: [ 0, 0, 0, 0, 0 ], [ 0, 755, 24, 256 ]
6528 / 10000: [ 0, 0, 0, 0, 0 ], [ 0, 755, 24, 256 ]
6529 / 10000: [ 0, 0, 0, 0, 0 ], [ 0, 755, 24, 256 ]
6530 / 10000: [ 0, 0, 0, 0, 0 ], [ 0, 755, 24, 256 ]
6531 / 10000: [ 0, 0, 0, 0, 0 ], [ 0, 755, 24, 256 ]
6532 / 10000: [ 0, 0, 0, 0, 0 ], [ 0, 755, 24, 256 ]
6533 / 10000: [ 0, 0, 0, 0, 0 ], [ 0, 755, 24, 256 ]
6534 / 10000: [ 0, 0, 0, 0, 0 ], [ 0, 755, 24, 256 ]
6535 / 10000: [ 0, 0, 0, 0, 0 ], [ 0, 755, 24, 256 ]
6536 / 10000: [ 0, 0, 0, 0, 0 ], [ 0, 755, 24, 256 ]
6537 / 10000: [ 0, 0, 0, 0, 0 ], [ 0, 755, 24, 256 ]
6538 / 10000: [ 0, 0, 0, 0, 0 ], [ 0, 755, 24, 256 ]
6539 / 10000: [ 0, 1, 0, 0, 0 ], [ 0, 755, 24, 256 ]
6540 / 10000: [ 0, 0, 0, 0, 0 ], [ 0, 755, 24, 256 ]
6541 / 10000: [ 0, 1, 0, 0, 0 ], [ 0, 755, 24, 256 ]
6542 / 10000: [ 0, 1, 0, 0, 0 ], [ 0, 755, 24, 256 ]
6543 / 10000: [ 0, 3, 0, 0, 0 ], [ 0, 756, 24, 256 ]
6544 / 10000: [ 0, 0, 0, 0, 0 ], [ 0, 756, 24, 256 ]
6545 / 10000: [ 0, 0, 0, 0, 0 ], [ 0, 756, 24, 256 ]
6546 / 10000: [ 0, 1, 0, 0, 0 ], [ 0, 756, 24, 256 ]
6547 / 10000: [ 0, 0, 0, 0, 0 ], [ 0, 756, 24, 256 ]
6548 / 10000: [ 0, 0, 0, 0, 0 ], [ 0, 756, 24, 256 ]
6549 / 10000: [ 0, 0, 0, 0, 0 ], [ 0, 756, 24, 256 ]
6550 / 10000: [ 0, 0, 0, 0, 0 ], [ 0, 756, 24, 256 ]
6551 / 10000: [ 0, 1, 0, 0, 0 ], [ 0, 756, 24, 256 ]
6552 / 10000: [ 0, 0, 0, 0, 0 ], [ 0, 756, 24, 256 ]
6553 / 10000: [ 0, 1, 0, 0, 0 ], [ 0, 756, 24, 256 ]
6554 / 10000: [ 0, 0, 0, 0, 0 ], [ 0, 756, 24, 256 ]
6555 / 10000: [ 0, 0, 0, 0, 0 ], [ 0, 756, 24, 256 ]
6556 / 10000: [ 0, 0, 0, 0, 0 ], [ 0, 756, 24, 256 ]
6557 / 10000: [ 0, 0, 0, 0, 0 ], [ 0, 756, 24, 256 ]
6558 / 10000: [ 0, 0, 0, 0, 0 ], [ 0, 756, 24, 256 ]
6559 / 10000: [ 0, 0, 0, 0, 0 ], [ 0, 756, 24, 256 ]
6560 / 10000: [ 0, 0, 0, 0, 0 ], [ 0, 756, 24, 256 ]
6561 / 10000: [ 0, 0, 0, 0, 0 ], [ 0, 756, 24, 256 ]
6562 / 10000: [ 0, 0, 0, 0, 0 ], [ 0, 756, 24, 256 ]
6563 / 10000: [ 0, 0, 0, 0, 0 ], [ 0, 756, 24, 256 ]
6564 / 10000: [ 0, 0, 0, 0, 0 ], [ 0, 756, 24, 256 ]
6565 / 10000: [ 0, 0, 0, 0, 0 ], [ 0, 756, 24, 256 ]
6566 / 10000: [ 0, 0, 0, 0, 0 ], [ 0, 756, 24, 256 ]
6567 / 10000: [ 0, 0, 0, 0, 0 ], [ 0, 756, 24, 256 ]
6568 / 10000: [ 0, 0, 0, 0, 0 ], [ 0, 756, 24, 256 ]
6569 / 10000: [ 0, 1, 0, 0, 0 ], [ 0, 756, 24, 256 ]
6570 / 10000: [ 0, 0, 0, 0, 0 ], [ 0, 756, 24, 256 ]
6571 / 10000: [ 0, 0, 0, 0, 0 ], [ 0, 756, 24, 256 ]
6572 / 10000: [ 0, 1, 0, 0, 0 ], [ 0, 756, 24, 256 ]
6573 / 10000: [ 0, 0, 0, 0, 0 ], [ 0, 756, 24, 256 ]
6574 / 10000: [ 0, 0, 0, 0, 0 ], [ 0, 756, 24, 256 ]
6575 / 10000: [ 0, 1, 0, 0, 0 ], [ 0, 756, 24, 256 ]
6576 / 10000: [ 0, 0, 0, 0, 0 ], [ 0, 756, 24, 256 ]
6577 / 10000: [ 0, 0, 0, 0, 0 ], [ 0, 756, 24, 256 ]
6578 / 10000: [ 0, 0, 0, 0, 0 ], [ 0, 756, 24, 256 ]
6579 / 10000: [ 0, 0, 0, 0, 0 ], [ 0, 756, 24, 256 ]
6580 / 10000: [ 0, 1, 0, 0, 0 ], [ 0, 756, 24, 256 ]
6581 / 10000: [ 0, 0, 0, 0, 0 ], [ 0, 756, 24, 256 ]
6582 / 10000: [ 0, 0, 0, 0, 0 ], [ 0, 756, 24, 256 ]
6583 / 10000: [ 0, 0, 0, 0, 0 ], [ 0, 756, 24, 256 ]
6584 / 10000: [ 0, 0, 0, 0, 0 ], [ 0, 756, 24, 256 ]
6585 / 10000: [ 0, 0, 0, 0, 0 ], [ 0, 756, 24, 256 ]
6586 / 10000: [ 0, 1, 0, 0, 0 ], [ 0, 756, 24, 256 ]
6587 / 10000: [ 0, 0, 0, 0, 0 ], [ 0, 756, 24, 256 ]
6588 / 10000: [ 0, 0, 0, 0, 0 ], [ 0, 756, 24, 256 ]
6589 / 10000: [ 0, 1, 0, 0, 0 ], [ 0, 756, 24, 256 ]
6590 / 10000: [ 0, 0, 0, 0, 0 ], [ 0, 756, 24, 256 ]
6591 / 10000: [ 0, 0, 0, 0, 0 ], [ 0, 756, 24, 256 ]
6592 / 10000: [ 0, 1, 0, 0, 0 ], [ 0, 756, 24, 256 ]
6593 / 10000: [ 0, 0, 0, 0, 0 ], [ 0, 756, 24, 256 ]
6594 / 10000: [ 0, 0, 0, 0, 0 ], [ 0, 756, 24, 256 ]
6595 / 10000: [ 0, 1, 0, 0, 0 ], [ 0, 756, 24, 256 ]
6596 / 10000: [ 0, 0, 0, 0, 0 ], [ 0, 756, 24, 256 ]
6597 / 10000: [ 0, 0, 0, 0, 0 ], [ 0, 756, 24, 256 ]
6598 / 10000: [ 0, 0, 0, 0, 0 ], [ 0, 756, 24, 256 ]
6599 / 10000: [ 0, 0, 0, 0, 0 ], [ 0, 756, 24, 256 ]
6600 / 10000: [ 0, 0, 0, 0, 0 ], [ 0, 756, 24, 256 ]
6601 / 10000: [ 0, 0, 0, 0, 0 ], [ 0, 756, 24, 256 ]
6602 / 10000: [ 0, 0, 0, 0, 0 ], [ 0, 756, 24, 256 ]
6603 / 10000: [ 0, 0, 0, 0, 0 ], [ 0, 756, 24, 256 ]
6604 / 10000: [ 0, 0, 0, 0, 0 ], [ 0, 756, 24, 256 ]
6605 / 10000: [ 0, 0, 0, 0, 0 ], [ 0, 756, 24, 256 ]
6606 / 10000: [ 0, 0, 0, 0, 0 ], [ 0, 756, 24, 256 ]
6607 / 10000: [ 0, 0, 0, 0, 0 ], [ 0, 756, 24, 256 ]
6608 / 10000: [ 0, 0, 0, 0, 0 ], [ 0, 756, 24, 256 ]
6609 / 10000: [ 0, 0, 0, 0, 0 ], [ 0, 756, 24, 256 ]
6610 / 10000: [ 0, 1, 0, 0, 0 ], [ 0, 756, 24, 256 ]
6611 / 10000: [ 0, 0, 0, 0, 0 ], [ 0, 756, 24, 256 ]
6612 / 10000: [ 0, 0, 0, 0, 0 ], [ 0, 756, 24, 256 ]
6613 / 10000: [ 0, 0, 0, 0, 0 ], [ 0, 756, 24, 256 ]
6614 / 10000: [ 0, 1, 0, 0, 0 ], [ 0, 756, 24, 256 ]
6615 / 10000: [ 0, 0, 0, 0, 0 ], [ 0, 756, 24, 256 ]
6616 / 10000: [ 0, 0, 0, 0, 0 ], [ 0, 756, 24, 256 ]
6617 / 10000: [ 0, 0, 0, 0, 0 ], [ 0, 756, 24, 256 ]
6618 / 10000: [ 0, 0, 0, 0, 0 ], [ 0, 756, 24, 256 ]
6619 / 10000: [ 0, 1, 0, 0, 0 ], [ 0, 756, 24, 256 ]
6620 / 10000: [ 0, 0, 0, 0, 0 ], [ 0, 756, 24, 256 ]
6621 / 10000: [ 0, 0, 0, 0, 0 ], [ 0, 756, 24, 256 ]
6622 / 10000: [ 0, 0, 0, 0, 0 ], [ 0, 756, 24, 256 ]
6623 / 10000: [ 0, 0, 1, 0, 0 ], [ 0, 756, 24, 256 ]
6624 / 10000: [ 0, 0, 0, 0, 0 ], [ 0, 756, 24, 256 ]
6625 / 10000: [ 0, 1, 0, 0, 0 ], [ 0, 756, 24, 256 ]
6626 / 10000: [ 0, 2, 0, 0, 0 ], [ 0, 756, 24, 256 ]
6627 / 10000: [ 0, 0, 0, 0, 0 ], [ 0, 756, 24, 256 ]
6628 / 10000: [ 0, 1, 0, 0, 0 ], [ 0, 756, 24, 256 ]
6629 / 10000: [ 0, 2, 0, 0, 0 ], [ 0, 756, 24, 256 ]
6630 / 10000: [ 0, 0, 0, 0, 0 ], [ 0, 756, 24, 256 ]
6631 / 10000: [ 0, 2, 0, 0, 0 ], [ 0, 756, 24, 256 ]
6632 / 10000: [ 0, 1, 0, 0, 0 ], [ 0, 756, 24, 256 ]
6633 / 10000: [ 0, 2, 0, 0, 0 ], [ 0, 756, 24, 256 ]
6634 / 10000: [ 0, 1, 0, 0, 0 ], [ 0, 756, 24, 256 ]
6635 / 10000: [ 0, 2, 0, 0, 0 ], [ 0, 756, 24, 256 ]
6636 / 10000: [ 0, 1, 0, 0, 0 ], [ 0, 756, 24, 256 ]
6637 / 10000: [ 0, 1, 1, 0, 0 ], [ 0, 756, 24, 256 ]
6638 / 10000: [ 0, 1, 0, 0, 0 ], [ 0, 756, 24, 256 ]
6639 / 10000: [ 0, 0, 0, 0, 0 ], [ 0, 756, 24, 256 ]
6640 / 10000: [ 0, 2, 0, 0, 0 ], [ 0, 756, 24, 256 ]
6641 / 10000: [ 0, 0, 0, 0, 0 ], [ 0, 756, 24, 256 ]
6642 / 10000: [ 0, 0, 0, 0, 0 ], [ 0, 756, 24, 256 ]
6643 / 10000: [ 0, 1, 0, 0, 0 ], [ 0, 756, 24, 256 ]
6644 / 10000: [ 0, 0, 0, 0, 0 ], [ 0, 756, 24, 256 ]
6645 / 10000: [ 0, 0, 0, 0, 0 ], [ 0, 756, 24, 256 ]
6646 / 10000: [ 0, 1, 0, 0, 0 ], [ 0, 756, 24, 256 ]
6647 / 10000: [ 0, 0, 0, 0, 0 ], [ 0, 756, 24, 256 ]
6648 / 10000: [ 0, 0, 0, 0, 0 ], [ 0, 756, 24, 256 ]
6649 / 10000: [ 0, 0, 0, 0, 0 ], [ 0, 756, 24, 256 ]
6650 / 10000: [ 0, 1, 0, 0, 0 ], [ 0, 756, 24, 256 ]
6651 / 10000: [ 0, 0, 0, 0, 0 ], [ 0, 756, 24, 256 ]
6652 / 10000: [ 0, 0, 0, 0, 0 ], [ 0, 756, 24, 256 ]
6653 / 10000: [ 0, 0, 0, 0, 0 ], [ 0, 756, 24, 256 ]
6654 / 10000: [ 0, 0, 0, 0, 0 ], [ 0, 756, 24, 256 ]
6655 / 10000: [ 0, 0, 0, 0, 0 ], [ 0, 756, 24, 256 ]
6656 / 10000: [ 0, 0, 0, 0, 0 ], [ 0, 756, 24, 256 ]
6657 / 10000: [ 0, 0, 0, 0, 0 ], [ 0, 756, 24, 256 ]
6658 / 10000: [ 0, 0, 0, 0, 0 ], [ 0, 756, 24, 256 ]
6659 / 10000: [ 0, 0, 0, 0, 0 ], [ 0, 756, 24, 256 ]
6660 / 10000: [ 0, 0, 0, 0, 0 ], [ 0, 756, 24, 256 ]
6661 / 10000: [ 0, 3, 0, 0, 0 ], [ 0, 757, 24, 256 ]
6662 / 10000: [ 0, 1, 0, 0, 0 ], [ 0, 757, 24, 256 ]
6663 / 10000: [ 0, 2, 0, 0, 0 ], [ 0, 757, 24, 256 ]
6664 / 10000: [ 0, 0, 0, 0, 0 ], [ 0, 757, 24, 256 ]
6665 / 10000: [ 0, 0, 0, 0, 0 ], [ 0, 757, 24, 256 ]
6666 / 10000: [ 0, 1, 0, 0, 0 ], [ 0, 757, 24, 256 ]
6667 / 10000: [ 0, 0, 0, 0, 0 ], [ 0, 757, 24, 256 ]
6668 / 10000: [ 0, 1, 0, 0, 0 ], [ 0, 757, 24, 256 ]
6669 / 10000: [ 0, 1, 0, 0, 0 ], [ 0, 757, 24, 256 ]
6670 / 10000: [ 0, 2, 0, 0, 0 ], [ 0, 757, 24, 256 ]
6671 / 10000: [ 0, 1, 0, 0, 0 ], [ 0, 757, 24, 256 ]
6672 / 10000: [ 0, 0, 0, 0, 0 ], [ 0, 757, 24, 256 ]
6673 / 10000: [ 0, 0, 0, 0, 0 ], [ 0, 757, 24, 256 ]
6674 / 10000: [ 0, 0, 0, 0, 0 ], [ 0, 757, 24, 256 ]
6675 / 10000: [ 0, 1, 0, 0, 0 ], [ 0, 757, 24, 256 ]
6676 / 10000: [ 0, 1, 0, 0, 0 ], [ 0, 757, 24, 256 ]
6677 / 10000: [ 0, 1, 0, 0, 0 ], [ 0, 757, 24, 256 ]
6678 / 10000: [ 0, 2, 0, 0, 0 ], [ 0, 757, 24, 256 ]
6679 / 10000: [ 0, 0, 0, 0, 0 ], [ 0, 757, 24, 256 ]
6680 / 10000: [ 0, 3, 0, 0, 0 ], [ 0, 758, 24, 256 ]
6681 / 10000: [ 0, 1, 0, 0, 0 ], [ 0, 758, 24, 256 ]
6682 / 10000: [ 0, 0, 0, 0, 0 ], [ 0, 758, 24, 256 ]
6683 / 10000: [ 0, 0, 0, 0, 0 ], [ 0, 758, 24, 256 ]
6684 / 10000: [ 0, 0, 0, 0, 0 ], [ 0, 758, 24, 256 ]
6685 / 10000: [ 0, 0, 0, 0, 0 ], [ 0, 758, 24, 256 ]
6686 / 10000: [ 0, 1, 0, 0, 0 ], [ 0, 758, 24, 256 ]
6687 / 10000: [ 0, 0, 0, 0, 0 ], [ 0, 758, 24, 256 ]
6688 / 10000: [ 0, 1, 0, 0, 0 ], [ 0, 758, 24, 256 ]
6689 / 10000: [ 0, 1, 0, 0, 0 ], [ 0, 758, 24, 256 ]
6690 / 10000: [ 0, 0, 0, 0, 0 ], [ 0, 758, 24, 256 ]
6691 / 10000: [ 0, 0, 0, 0, 0 ], [ 0, 758, 24, 256 ]
6692 / 10000: [ 0, 1, 0, 0, 0 ], [ 0, 758, 24, 256 ]
6693 / 10000: [ 0, 0, 0, 0, 0 ], [ 0, 758, 24, 256 ]
6694 / 10000: [ 0, 0, 0, 0, 0 ], [ 0, 758, 24, 256 ]
6695 / 10000: [ 0, 0, 0, 0, 0 ], [ 0, 758, 24, 256 ]
6696 / 10000: [ 0, 1, 0, 0, 0 ], [ 0, 758, 24, 256 ]
6697 / 10000: [ 0, 0, 0, 0, 0 ], [ 0, 758, 24, 256 ]
6698 / 10000: [ 0, 0, 0, 0, 0 ], [ 0, 758, 24, 256 ]
6699 / 10000: [ 0, 0, 0, 0, 0 ], [ 0, 758, 24, 256 ]
6700 / 10000: [ 0, 0, 0, 0, 0 ], [ 0, 758, 24, 256 ]
6701 / 10000: [ 0, 1, 0, 0, 0 ], [ 0, 758, 24, 256 ]
6702 / 10000: [ 0, 0, 0, 0, 0 ], [ 0, 758, 24, 256 ]
6703 / 10000: [ 0, 0, 0, 0, 0 ], [ 0, 758, 24, 256 ]
6704 / 10000: [ 0, 0, 0, 0, 0 ], [ 0, 758, 24, 256 ]
6705 / 10000: [ 0, 0, 0, 0, 0 ], [ 0, 758, 24, 256 ]
6706 / 10000: [ 0, 0, 0, 1, 0 ], [ 0, 758, 24, 256 ]
6707 / 10000: [ 0, 0, 0, 0, 0 ], [ 0, 758, 24, 256 ]
6708 / 10000: [ 0, 0, 0, 0, 0 ], [ 0, 758, 24, 256 ]
6709 / 10000: [ 0, 0, 0, 1, 0 ], [ 0, 758, 24, 256 ]
6710 / 10000: [ 0, 0, 0, 1, 0 ], [ 0, 758, 24, 256 ]
6711 / 10000: [ 0, 0, 0, 1, 0 ], [ 0, 758, 24, 256 ]
6712 / 10000: [ 0, 1, 0, 1, 0 ], [ 0, 758, 24, 256 ]
6713 / 10000: [ 0, 0, 0, 0, 0 ], [ 0, 758, 24, 256 ]
6714 / 10000: [ 0, 0, 0, 0, 0 ], [ 0, 758, 24, 256 ]
6715 / 10000: [ 0, 0, 0, 0, 0 ], [ 0, 758, 24, 256 ]
6716 / 10000: [ 0, 0, 0, 0, 0 ], [ 0, 758, 24, 256 ]
6717 / 10000: [ 0, 0, 0, 0, 0 ], [ 0, 758, 24, 256 ]
6718 / 10000: [ 0, 0, 0, 1, 0 ], [ 0, 758, 24, 256 ]
6719 / 10000: [ 0, 0, 0, 0, 0 ], [ 0, 758, 24, 256 ]
6720 / 10000: [ 0, 0, 0, 0, 0 ], [ 0, 758, 24, 256 ]
6721 / 10000: [ 0, 0, 0, 1, 0 ], [ 0, 758, 24, 256 ]
6722 / 10000: [ 0, 0, 0, 0, 0 ], [ 0, 758, 24, 256 ]
6723 / 10000: [ 0, 0, 0, 0, 0 ], [ 0, 758, 24, 256 ]
6724 / 10000: [ 0, 0, 0, 0, 0 ], [ 0, 758, 24, 256 ]
6725 / 10000: [ 0, 0, 0, 0, 0 ], [ 0, 758, 24, 256 ]
6726 / 10000: [ 0, 1, 0, 0, 0 ], [ 0, 758, 24, 256 ]
6727 / 10000: [ 0, 0, 0, 0, 0 ], [ 0, 758, 24, 256 ]
6728 / 10000: [ 0, 0, 0, 0, 0 ], [ 0, 758, 24, 256 ]
6729 / 10000: [ 0, 1, 0, 0, 0 ], [ 0, 758, 24, 256 ]
6730 / 10000: [ 0, 1, 0, 0, 0 ], [ 0, 758, 24, 256 ]
6731 / 10000: [ 0, 1, 0, 0, 0 ], [ 0, 758, 24, 256 ]
6732 / 10000: [ 0, 2, 0, 0, 0 ], [ 0, 758, 24, 256 ]
6733 / 10000: [ 0, 0, 0, 0, 0 ], [ 0, 758, 24, 256 ]
6734 / 10000: [ 0, 0, 0, 0, 0 ], [ 0, 758, 24, 256 ]
6735 / 10000: [ 0, 0, 0, 0, 0 ], [ 0, 758, 24, 256 ]
6736 / 10000: [ 0, 0, 0, 0, 0 ], [ 0, 758, 24, 256 ]
6737 / 10000: [ 0, 0, 0, 0, 0 ], [ 0, 758, 24, 256 ]
6738 / 10000: [ 0, 1, 0, 0, 0 ], [ 0, 758, 24, 256 ]
6739 / 10000: [ 0, 0, 0, 0, 0 ], [ 0, 758, 24, 256 ]
6740 / 10000: [ 0, 0, 0, 0, 0 ], [ 0, 758, 24, 256 ]
6741 / 10000: [ 0, 1, 0, 0, 0 ], [ 0, 758, 24, 256 ]
6742 / 10000: [ 0, 3, 0, 0, 0 ], [ 0, 759, 24, 256 ]
6743 / 10000: [ 0, 2, 0, 0, 0 ], [ 0, 759, 24, 256 ]
6744 / 10000: [ 0, 0, 0, 0, 0 ], [ 0, 759, 24, 256 ]
6745 / 10000: [ 0, 0, 0, 0, 0 ], [ 0, 759, 24, 256 ]
6746 / 10000: [ 0, 3, 0, 0, 0 ], [ 0, 760, 24, 256 ]
6747 / 10000: [ 0, 0, 0, 0, 0 ], [ 0, 760, 24, 256 ]
6748 / 10000: [ 0, 3, 0, 0, 0 ], [ 0, 761, 24, 256 ]
6749 / 10000: [ 0, 3, 0, 0, 0 ], [ 0, 762, 24, 256 ]
6750 / 10000: [ 0, 0, 0, 0, 0 ], [ 0, 762, 24, 256 ]
6751 / 10000: [ 0, 3, 0, 0, 0 ], [ 0, 763, 24, 256 ]
6752 / 10000: [ 0, 2, 0, 0, 0 ], [ 0, 763, 24, 256 ]
6753 / 10000: [ 0, 2, 0, 0, 0 ], [ 0, 763, 24, 256 ]
6754 / 10000: [ 0, 2, 0, 0, 0 ], [ 0, 763, 24, 256 ]
6755 / 10000: [ 0, 1, 0, 0, 0 ], [ 0, 763, 24, 256 ]
6756 / 10000: [ 0, 1, 0, 0, 0 ], [ 0, 763, 24, 256 ]
6757 / 10000: [ 0, 1, 0, 0, 0 ], [ 0, 763, 24, 256 ]
6758 / 10000: [ 0, 3, 0, 0, 0 ], [ 0, 764, 24, 256 ]
6759 / 10000: [ 0, 1, 0, 0, 0 ], [ 0, 764, 24, 256 ]
6760 / 10000: [ 0, 3, 0, 0, 0 ], [ 0, 765, 24, 256 ]
6761 / 10000: [ 0, 0, 0, 0, 0 ], [ 0, 765, 24, 256 ]
6762 / 10000: [ 0, 0, 0, 0, 0 ], [ 0, 765, 24, 256 ]
6763 / 10000: [ 0, 3, 0, 0, 0 ], [ 0, 766, 24, 256 ]
6764 / 10000: [ 0, 0, 0, 0, 0 ], [ 0, 766, 24, 256 ]
6765 / 10000: [ 0, 1, 0, 0, 0 ], [ 0, 766, 24, 256 ]
6766 / 10000: [ 0, 1, 0, 0, 0 ], [ 0, 766, 24, 256 ]
6767 / 10000: [ 0, 0, 0, 0, 0 ], [ 0, 766, 24, 256 ]
6768 / 10000: [ 0, 1, 0, 0, 0 ], [ 0, 766, 24, 256 ]
6769 / 10000: [ 0, 0, 0, 0, 0 ], [ 0, 766, 24, 256 ]
6770 / 10000: [ 0, 1, 0, 0, 0 ], [ 0, 766, 24, 256 ]
6771 / 10000: [ 0, 1, 0, 0, 0 ], [ 0, 766, 24, 256 ]
6772 / 10000: [ 0, 0, 0, 0, 0 ], [ 0, 766, 24, 256 ]
6773 / 10000: [ 0, 1, 0, 0, 0 ], [ 0, 766, 24, 256 ]
6774 / 10000: [ 0, 0, 0, 0, 0 ], [ 0, 766, 24, 256 ]
6775 / 10000: [ 0, 0, 0, 0, 0 ], [ 0, 766, 24, 256 ]
6776 / 10000: [ 0, 0, 0, 0, 0 ], [ 0, 766, 24, 256 ]
6777 / 10000: [ 0, 2, 0, 0, 0 ], [ 0, 766, 24, 256 ]
6778 / 10000: [ 0, 0, 0, 0, 0 ], [ 0, 766, 24, 256 ]
6779 / 10000: [ 0, 0, 0, 0, 0 ], [ 0, 766, 24, 256 ]
6780 / 10000: [ 0, 1, 0, 0, 0 ], [ 0, 766, 24, 256 ]
6781 / 10000: [ 0, 0, 0, 0, 0 ], [ 0, 766, 24, 256 ]
6782 / 10000: [ 0, 0, 0, 0, 0 ], [ 0, 766, 24, 256 ]
6783 / 10000: [ 0, 0, 0, 0, 0 ], [ 0, 766, 24, 256 ]
6784 / 10000: [ 0, 0, 0, 0, 0 ], [ 0, 766, 24, 256 ]
6785 / 10000: [ 0, 0, 0, 0, 0 ], [ 0, 766, 24, 256 ]
6786 / 10000: [ 0, 0, 0, 0, 0 ], [ 0, 766, 24, 256 ]
6787 / 10000: [ 0, 0, 0, 0, 0 ], [ 0, 766, 24, 256 ]
6788 / 10000: [ 0, 0, 0, 0, 0 ], [ 0, 766, 24, 256 ]
6789 / 10000: [ 0, 0, 0, 0, 0 ], [ 0, 766, 24, 256 ]
6790 / 10000: [ 0, 0, 0, 0, 0 ], [ 0, 766, 24, 256 ]
6791 / 10000: [ 0, 0, 0, 0, 0 ], [ 0, 766, 24, 256 ]
6792 / 10000: [ 0, 0, 0, 0, 0 ], [ 0, 766, 24, 256 ]
6793 / 10000: [ 0, 0, 0, 0, 0 ], [ 0, 766, 24, 256 ]
6794 / 10000: [ 0, 0, 0, 0, 0 ], [ 0, 766, 24, 256 ]
6795 / 10000: [ 0, 0, 0, 0, 0 ], [ 0, 766, 24, 256 ]
6796 / 10000: [ 0, 0, 0, 0, 0 ], [ 0, 766, 24, 256 ]
6797 / 10000: [ 0, 0, 0, 0, 0 ], [ 0, 766, 24, 256 ]
6798 / 10000: [ 0, 0, 0, 0, 0 ], [ 0, 766, 24, 256 ]
6799 / 10000: [ 0, 0, 0, 0, 0 ], [ 0, 766, 24, 256 ]
6800 / 10000: [ 0, 0, 0, 0, 0 ], [ 0, 766, 24, 256 ]
6801 / 10000: [ 0, 0, 0, 0, 0 ], [ 0, 766, 24, 256 ]
6802 / 10000: [ 0, 0, 0, 0, 0 ], [ 0, 766, 24, 256 ]
6803 / 10000: [ 0, 0, 0, 0, 0 ], [ 0, 766, 24, 256 ]
6804 / 10000: [ 0, 0, 0, 0, 0 ], [ 0, 766, 24, 256 ]
6805 / 10000: [ 0, 0, 0, 0, 0 ], [ 0, 766, 24, 256 ]
6806 / 10000: [ 0, 1, 0, 0, 0 ], [ 0, 766, 24, 256 ]
6807 / 10000: [ 0, 0, 0, 0, 0 ], [ 0, 766, 24, 256 ]
6808 / 10000: [ 0, 0, 0, 0, 0 ], [ 0, 766, 24, 256 ]
6809 / 10000: [ 0, 1, 0, 0, 0 ], [ 0, 766, 24, 256 ]
6810 / 10000: [ 0, 0, 0, 0, 0 ], [ 0, 766, 24, 256 ]
6811 / 10000: [ 0, 1, 0, 0, 0 ], [ 0, 766, 24, 256 ]
6812 / 10000: [ 0, 0, 0, 0, 0 ], [ 0, 766, 24, 256 ]
6813 / 10000: [ 0, 0, 0, 0, 0 ], [ 0, 766, 24, 256 ]
6814 / 10000: [ 0, 0, 0, 0, 0 ], [ 0, 766, 24, 256 ]
6815 / 10000: [ 0, 0, 0, 0, 0 ], [ 0, 766, 24, 256 ]
6816 / 10000: [ 0, 0, 0, 0, 0 ], [ 0, 766, 24, 256 ]
6817 / 10000: [ 0, 0, 0, 0, 0 ], [ 0, 766, 24, 256 ]
6818 / 10000: [ 0, 1, 0, 0, 0 ], [ 0, 766, 24, 256 ]
6819 / 10000: [ 0, 0, 0, 0, 0 ], [ 0, 766, 24, 256 ]
6820 / 10000: [ 0, 0, 0, 0, 0 ], [ 0, 766, 24, 256 ]
6821 / 10000: [ 0, 0, 0, 0, 0 ], [ 0, 766, 24, 256 ]
6822 / 10000: [ 0, 2, 0, 0, 0 ], [ 0, 766, 24, 256 ]
6823 / 10000: [ 0, 2, 0, 0, 0 ], [ 0, 766, 24, 256 ]
6824 / 10000: [ 0, 0, 0, 0, 0 ], [ 0, 766, 24, 256 ]
6825 / 10000: [ 0, 1, 0, 0, 0 ], [ 0, 766, 24, 256 ]
6826 / 10000: [ 0, 1, 0, 0, 0 ], [ 0, 766, 24, 256 ]
6827 / 10000: [ 0, 0, 0, 0, 0 ], [ 0, 766, 24, 256 ]
6828 / 10000: [ 0, 0, 0, 0, 0 ], [ 0, 766, 24, 256 ]
6829 / 10000: [ 0, 0, 0, 0, 0 ], [ 0, 766, 24, 256 ]
6830 / 10000: [ 0, 1, 0, 0, 0 ], [ 0, 766, 24, 256 ]
6831 / 10000: [ 0, 0, 0, 0, 0 ], [ 0, 766, 24, 256 ]
6832 / 10000: [ 0, 1, 0, 0, 0 ], [ 0, 766, 24, 256 ]
6833 / 10000: [ 0, 1, 0, 0, 0 ], [ 0, 766, 24, 256 ]
6834 / 10000: [ 0, 1, 0, 0, 0 ], [ 0, 766, 24, 256 ]
6835 / 10000: [ 0, 1, 0, 0, 0 ], [ 0, 766, 24, 256 ]
6836 / 10000: [ 0, 0, 0, 0, 0 ], [ 0, 766, 24, 256 ]
6837 / 10000: [ 0, 2, 0, 0, 0 ], [ 0, 766, 24, 256 ]
6838 / 10000: [ 0, 1, 0, 0, 0 ], [ 0, 766, 24, 256 ]
6839 / 10000: [ 0, 0, 0, 0, 0 ], [ 0, 766, 24, 256 ]
6840 / 10000: [ 0, 0, 0, 0, 0 ], [ 0, 766, 24, 256 ]
6841 / 10000: [ 0, 0, 0, 0, 0 ], [ 0, 766, 24, 256 ]
6842 / 10000: [ 0, 1, 0, 0, 0 ], [ 0, 766, 24, 256 ]
6843 / 10000: [ 0, 0, 0, 0, 0 ], [ 0, 766, 24, 256 ]
6844 / 10000: [ 0, 0, 0, 0, 0 ], [ 0, 766, 24, 256 ]
6845 / 10000: [ 0, 0, 0, 0, 0 ], [ 0, 766, 24, 256 ]
6846 / 10000: [ 0, 0, 0, 0, 0 ], [ 0, 766, 24, 256 ]
6847 / 10000: [ 0, 0, 0, 0, 0 ], [ 0, 766, 24, 256 ]
6848 / 10000: [ 0, 0, 1, 0, 0 ], [ 0, 766, 24, 256 ]
6849 / 10000: [ 0, 1, 0, 0, 0 ], [ 0, 766, 24, 256 ]
6850 / 10000: [ 0, 3, 0, 0, 0 ], [ 0, 767, 24, 256 ]
6851 / 10000: [ 0, 0, 0, 0, 0 ], [ 0, 767, 24, 256 ]
6852 / 10000: [ 0, 1, 0, 0, 0 ], [ 0, 767, 24, 256 ]
6853 / 10000: [ 0, 0, 0, 0, 0 ], [ 0, 767, 24, 256 ]
6854 / 10000: [ 0, 0, 0, 0, 0 ], [ 0, 767, 24, 256 ]
6855 / 10000: [ 0, 1, 0, 0, 0 ], [ 0, 767, 24, 256 ]
6856 / 10000: [ 0, 0, 0, 0, 0 ], [ 0, 767, 24, 256 ]
6857 / 10000: [ 0, 0, 0, 0, 0 ], [ 0, 767, 24, 256 ]
6858 / 10000: [ 0, 0, 0, 0, 0 ], [ 0, 767, 24, 256 ]
6859 / 10000: [ 0, 1, 0, 0, 0 ], [ 0, 767, 24, 256 ]
6860 / 10000: [ 0, 0, 0, 0, 0 ], [ 0, 767, 24, 256 ]
6861 / 10000: [ 0, 2, 1, 0, 0 ], [ 0, 767, 25, 256 ]
6862 / 10000: [ 0, 1, 0, 0, 0 ], [ 0, 767, 25, 256 ]
6863 / 10000: [ 0, 2, 0, 0, 0 ], [ 0, 767, 25, 256 ]
6864 / 10000: [ 0, 0, 0, 0, 0 ], [ 0, 767, 25, 256 ]
6865 / 10000: [ 0, 2, 0, 0, 0 ], [ 0, 767, 25, 256 ]
6866 / 10000: [ 0, 0, 0, 0, 0 ], [ 0, 767, 25, 256 ]
6867 / 10000: [ 0, 0, 0, 0, 0 ], [ 0, 767, 25, 256 ]
6868 / 10000: [ 0, 1, 0, 0, 0 ], [ 0, 767, 25, 256 ]
6869 / 10000: [ 0, 0, 0, 0, 0 ], [ 0, 767, 25, 256 ]
6870 / 10000: [ 0, 2, 0, 0, 0 ], [ 0, 767, 25, 256 ]
6871 / 10000: [ 0, 0, 0, 0, 0 ], [ 0, 767, 25, 256 ]
6872 / 10000: [ 0, 0, 0, 0, 0 ], [ 0, 767, 25, 256 ]
6873 / 10000: [ 0, 1, 0, 0, 0 ], [ 0, 767, 25, 256 ]
6874 / 10000: [ 0, 0, 0, 0, 0 ], [ 0, 767, 25, 256 ]
6875 / 10000: [ 0, 0, 0, 0, 0 ], [ 0, 767, 25, 256 ]
6876 / 10000: [ 0, 0, 0, 0, 0 ], [ 0, 767, 25, 256 ]
6877 / 10000: [ 0, 2, 0, 0, 0 ], [ 0, 767, 25, 256 ]
6878 / 10000: [ 0, 2, 0, 0, 0 ], [ 0, 767, 25, 256 ]
6879 / 10000: [ 0, 2, 0, 0, 0 ], [ 0, 767, 25, 256 ]
6880 / 10000: [ 0, 2, 0, 0, 0 ], [ 0, 767, 25, 256 ]
6881 / 10000: [ 0, 1, 0, 0, 0 ], [ 0, 767, 25, 256 ]
6882 / 10000: [ 0, 1, 0, 0, 0 ], [ 0, 767, 25, 256 ]
6883 / 10000: [ 0, 1, 0, 0, 0 ], [ 0, 767, 25, 256 ]
6884 / 10000: [ 0, 0, 1, 0, 0 ], [ 0, 767, 25, 256 ]
6885 / 10000: [ 0, 0, 0, 0, 0 ], [ 0, 767, 25, 256 ]
6886 / 10000: [ 0, 3, 0, 0, 0 ], [ 0, 768, 25, 256 ]
6887 / 10000: [ 0, 1, 0, 0, 0 ], [ 0, 768, 25, 256 ]
6888 / 10000: [ 0, 3, 0, 0, 0 ], [ 0, 769, 25, 256 ]
6889 / 10000: [ 0, 3, 0, 0, 0 ], [ 0, 770, 25, 256 ]
6890 / 10000: [ 0, 0, 0, 0, 0 ], [ 0, 770, 25, 256 ]
6891 / 10000: [ 0, 2, 0, 0, 0 ], [ 0, 770, 25, 256 ]
6892 / 10000: [ 0, 1, 0, 0, 0 ], [ 0, 770, 25, 256 ]
6893 / 10000: [ 0, 2, 0, 0, 0 ], [ 0, 770, 25, 256 ]
6894 / 10000: [ 0, 2, 0, 0, 0 ], [ 0, 770, 25, 256 ]
6895 / 10000: [ 0, 2, 0, 0, 0 ], [ 0, 770, 25, 256 ]
6896 / 10000: [ 0, 2, 0, 0, 0 ], [ 0, 770, 25, 256 ]
6897 / 10000: [ 0, 0, 0, 0, 0 ], [ 0, 770, 25, 256 ]
6898 / 10000: [ 0, 2, 0, 0, 0 ], [ 0, 770, 25, 256 ]
6899 / 10000: [ 0, 1, 0, 0, 0 ], [ 0, 770, 25, 256 ]
6900 / 10000: [ 0, 2, 0, 0, 0 ], [ 0, 770, 25, 256 ]
6901 / 10000: [ 0, 2, 0, 0, 0 ], [ 0, 770, 25, 256 ]
6902 / 10000: [ 0, 1, 0, 0, 0 ], [ 0, 770, 25, 256 ]
6903 / 10000: [ 0, 2, 0, 0, 0 ], [ 0, 770, 25, 256 ]
6904 / 10000: [ 0, 0, 0, 0, 0 ], [ 0, 770, 25, 256 ]
6905 / 10000: [ 0, 0, 0, 0, 0 ], [ 0, 770, 25, 256 ]
6906 / 10000: [ 0, 1, 0, 0, 0 ], [ 0, 770, 25, 256 ]
6907 / 10000: [ 0, 1, 0, 0, 0 ], [ 0, 770, 25, 256 ]
6908 / 10000: [ 0, 3, 0, 0, 0 ], [ 0, 771, 25, 256 ]
6909 / 10000: [ 0, 0, 0, 0, 0 ], [ 0, 771, 25, 256 ]
6910 / 10000: [ 0, 2, 0, 0, 0 ], [ 0, 771, 25, 256 ]
6911 / 10000: [ 0, 2, 0, 0, 0 ], [ 0, 771, 25, 256 ]
6912 / 10000: [ 0, 0, 0, 0, 0 ], [ 0, 771, 25, 256 ]
6913 / 10000: [ 0, 0, 0, 0, 0 ], [ 0, 771, 25, 256 ]
6914 / 10000: [ 0, 0, 0, 0, 0 ], [ 0, 771, 25, 256 ]
6915 / 10000: [ 0, 0, 0, 0, 0 ], [ 0, 771, 25, 256 ]
6916 / 10000: [ 0, 0, 0, 0, 0 ], [ 0, 771, 25, 256 ]
6917 / 10000: [ 0, 0, 0, 0, 0 ], [ 0, 771, 25, 256 ]
6918 / 10000: [ 0, 2, 0, 0, 0 ], [ 0, 771, 25, 256 ]
6919 / 10000: [ 0, 2, 0, 0, 0 ], [ 0, 771, 25, 256 ]
6920 / 10000: [ 0, 2, 0, 0, 0 ], [ 0, 771, 25, 256 ]
6921 / 10000: [ 0, 0, 0, 0, 0 ], [ 0, 771, 25, 256 ]
6922 / 10000: [ 0, 0, 0, 0, 0 ], [ 0, 771, 25, 256 ]
6923 / 10000: [ 0, 1, 0, 0, 0 ], [ 0, 771, 25, 256 ]
6924 / 10000: [ 0, 0, 0, 0, 0 ], [ 0, 771, 25, 256 ]
6925 / 10000: [ 0, 1, 0, 0, 0 ], [ 0, 771, 25, 256 ]
6926 / 10000: [ 0, 1, 0, 0, 0 ], [ 0, 771, 25, 256 ]
6927 / 10000: [ 0, 0, 0, 0, 0 ], [ 0, 771, 25, 256 ]
6928 / 10000: [ 0, 1, 0, 0, 0 ], [ 0, 771, 25, 256 ]
6929 / 10000: [ 0, 1, 0, 0, 0 ], [ 0, 771, 25, 256 ]
6930 / 10000: [ 0, 3, 0, 0, 0 ], [ 0, 772, 25, 256 ]
6931 / 10000: [ 0, 1, 0, 0, 0 ], [ 0, 772, 25, 256 ]
6932 / 10000: [ 0, 2, 0, 0, 0 ], [ 0, 772, 25, 256 ]
6933 / 10000: [ 0, 2, 0, 0, 0 ], [ 0, 772, 25, 256 ]
6934 / 10000: [ 0, 0, 0, 0, 0 ], [ 0, 772, 25, 256 ]
6935 / 10000: [ 0, 3, 0, 0, 0 ], [ 0, 773, 25, 256 ]
6936 / 10000: [ 0, 1, 0, 0, 0 ], [ 0, 773, 25, 256 ]
6937 / 10000: [ 0, 2, 0, 0, 0 ], [ 0, 773, 25, 256 ]
6938 / 10000: [ 0, 0, 0, 0, 0 ], [ 0, 773, 25, 256 ]
6939 / 10000: [ 0, 1, 0, 0, 0 ], [ 0, 773, 25, 256 ]
6940 / 10000: [ 0, 3, 0, 0, 0 ], [ 0, 774, 25, 256 ]
6941 / 10000: [ 0, 0, 0, 0, 0 ], [ 0, 774, 25, 256 ]
6942 / 10000: [ 0, 0, 0, 0, 0 ], [ 0, 774, 25, 256 ]
6943 / 10000: [ 0, 0, 0, 0, 0 ], [ 0, 774, 25, 256 ]
6944 / 10000: [ 0, 0, 0, 0, 0 ], [ 0, 774, 25, 256 ]
6945 / 10000: [ 0, 0, 0, 0, 0 ], [ 0, 774, 25, 256 ]
6946 / 10000: [ 0, 0, 0, 0, 0 ], [ 0, 774, 25, 256 ]
6947 / 10000: [ 0, 0, 0, 0, 0 ], [ 0, 774, 25, 256 ]
6948 / 10000: [ 0, 0, 0, 1, 0 ], [ 0, 774, 25, 256 ]
6949 / 10000: [ 0, 0, 0, 0, 0 ], [ 0, 774, 25, 256 ]
6950 / 10000: [ 0, 0, 0, 3, 0 ], [ 0, 774, 25, 257 ]
6951 / 10000: [ 0, 0, 0, 1, 0 ], [ 0, 774, 25, 257 ]
6952 / 10000: [ 0, 0, 0, 0, 0 ], [ 0, 774, 25, 257 ]
6953 / 10000: [ 0, 0, 0, 1, 0 ], [ 0, 774, 25, 257 ]
6954 / 10000: [ 0, 0, 0, 0, 0 ], [ 0, 774, 25, 257 ]
6955 / 10000: [ 0, 0, 0, 0, 0 ], [ 0, 774, 25, 257 ]
6956 / 10000: [ 0, 0, 0, 0, 0 ], [ 0, 774, 25, 257 ]
6957 / 10000: [ 0, 0, 0, 1, 0 ], [ 0, 774, 25, 257 ]
6958 / 10000: [ 0, 0, 0, 0, 0 ], [ 0, 774, 25, 257 ]
6959 / 10000: [ 0, 0, 0, 2, 0 ], [ 0, 774, 25, 257 ]
6960 / 10000: [ 0, 0, 0, 1, 0 ], [ 0, 774, 25, 257 ]
6961 / 10000: [ 0, 0, 0, 0, 0 ], [ 0, 774, 25, 257 ]
6962 / 10000: [ 0, 0, 0, 0, 0 ], [ 0, 774, 25, 257 ]
6963 / 10000: [ 0, 0, 0, 0, 0 ], [ 0, 774, 25, 257 ]
6964 / 10000: [ 0, 0, 0, 0, 0 ], [ 0, 774, 25, 257 ]
6965 / 10000: [ 0, 0, 0, 0, 0 ], [ 0, 774, 25, 257 ]
6966 / 10000: [ 0, 0, 0, 0, 0 ], [ 0, 774, 25, 257 ]
6967 / 10000: [ 0, 1, 0, 0, 0 ], [ 0, 774, 25, 257 ]
6968 / 10000: [ 0, 3, 0, 0, 0 ], [ 0, 775, 25, 257 ]
6969 / 10000: [ 0, 2, 0, 0, 0 ], [ 0, 775, 25, 257 ]
6970 / 10000: [ 0, 3, 0, 0, 0 ], [ 0, 776, 25, 257 ]
6971 / 10000: [ 0, 2, 0, 0, 0 ], [ 0, 776, 25, 257 ]
6972 / 10000: [ 0, 1, 0, 0, 0 ], [ 0, 776, 25, 257 ]
6973 / 10000: [ 0, 0, 0, 0, 0 ], [ 0, 776, 25, 257 ]
6974 / 10000: [ 0, 0, 0, 0, 0 ], [ 0, 776, 25, 257 ]
6975 / 10000: [ 0, 3, 0, 0, 0 ], [ 0, 777, 25, 257 ]
6976 / 10000: [ 0, 1, 0, 0, 0 ], [ 0, 777, 25, 257 ]
6977 / 10000: [ 0, 1, 0, 0, 0 ], [ 0, 777, 25, 257 ]
6978 / 10000: [ 0, 0, 0, 0, 0 ], [ 0, 777, 25, 257 ]
6979 / 10000: [ 0, 1, 0, 0, 0 ], [ 0, 777, 25, 257 ]
6980 / 10000: [ 0, 2, 0, 0, 0 ], [ 0, 777, 25, 257 ]
6981 / 10000: [ 0, 0, 0, 0, 0 ], [ 0, 777, 25, 257 ]
6982 / 10000: [ 0, 0, 0, 0, 0 ], [ 0, 777, 25, 257 ]
6983 / 10000: [ 0, 0, 0, 0, 0 ], [ 0, 777, 25, 257 ]
6984 / 10000: [ 0, 0, 0, 0, 0 ], [ 0, 777, 25, 257 ]
6985 / 10000: [ 0, 0, 0, 0, 0 ], [ 0, 777, 25, 257 ]
6986 / 10000: [ 0, 0, 0, 0, 0 ], [ 0, 777, 25, 257 ]
6987 / 10000: [ 0, 1, 0, 0, 0 ], [ 0, 777, 25, 257 ]
6988 / 10000: [ 0, 1, 0, 0, 0 ], [ 0, 777, 25, 257 ]
6989 / 10000: [ 0, 1, 0, 0, 0 ], [ 0, 777, 25, 257 ]
6990 / 10000: [ 0, 3, 0, 0, 0 ], [ 0, 778, 25, 257 ]
6991 / 10000: [ 0, 1, 0, 0, 0 ], [ 0, 778, 25, 257 ]
6992 / 10000: [ 0, 1, 0, 0, 0 ], [ 0, 778, 25, 257 ]
6993 / 10000: [ 0, 0, 0, 0, 0 ], [ 0, 778, 25, 257 ]
6994 / 10000: [ 0, 0, 0, 0, 0 ], [ 0, 778, 25, 257 ]
6995 / 10000: [ 0, 2, 0, 0, 0 ], [ 0, 778, 25, 257 ]
6996 / 10000: [ 0, 1, 0, 0, 0 ], [ 0, 778, 25, 257 ]
6997 / 10000: [ 0, 0, 0, 0, 0 ], [ 0, 778, 25, 257 ]
6998 / 10000: [ 0, 0, 0, 0, 0 ], [ 0, 778, 25, 257 ]
6999 / 10000: [ 0, 2, 0, 0, 0 ], [ 0, 778, 25, 257 ]
7000 / 10000: [ 0, 2, 0, 0, 0 ], [ 0, 778, 25, 257 ]
7001 / 10000: [ 0, 0, 0, 1, 0 ], [ 0, 778, 25, 257 ]
7002 / 10000: [ 0, 0, 0, 1, 0 ], [ 0, 778, 25, 257 ]
7003 / 10000: [ 0, 1, 0, 1, 0 ], [ 0, 778, 25, 257 ]
7004 / 10000: [ 0, 0, 0, 0, 0 ], [ 0, 778, 25, 257 ]
7005 / 10000: [ 0, 1, 0, 0, 0 ], [ 0, 778, 25, 257 ]
7006 / 10000: [ 0, 2, 0, 1, 0 ], [ 0, 778, 25, 258 ]
7007 / 10000: [ 0, 0, 0, 2, 0 ], [ 0, 778, 25, 258 ]
7008 / 10000: [ 0, 0, 0, 3, 0 ], [ 0, 778, 25, 259 ]
7009 / 10000: [ 0, 1, 0, 2, 0 ], [ 0, 778, 25, 260 ]
7010 / 10000: [ 0, 1, 0, 0, 0 ], [ 0, 778, 25, 260 ]
7011 / 10000: [ 0, 2, 0, 1, 0 ], [ 0, 778, 25, 261 ]
7012 / 10000: [ 0, 0, 0, 0, 0 ], [ 0, 778, 25, 261 ]
7013 / 10000: [ 0, 2, 0, 1, 0 ], [ 0, 778, 25, 262 ]
7014 / 10000: [ 0, 0, 0, 2, 0 ], [ 0, 778, 25, 262 ]
7015 / 10000: [ 0, 1, 0, 0, 0 ], [ 0, 778, 25, 262 ]
7016 / 10000: [ 0, 0, 0, 1, 0 ], [ 0, 778, 25, 262 ]
7017 / 10000: [ 0, 3, 0, 0, 0 ], [ 0, 779, 25, 262 ]
7018 / 10000: [ 0, 0, 0, 2, 0 ], [ 0, 779, 25, 262 ]
7019 / 10000: [ 0, 0, 0, 0, 0 ], [ 0, 779, 25, 262 ]
7020 / 10000: [ 0, 0, 0, 0, 1 ], [ 0, 779, 25, 262 ]
7021 / 10000: [ 0, 0, 0, 0, 0 ], [ 0, 779, 25, 262 ]
7022 / 10000: [ 0, 0, 0, 0, 0 ], [ 0, 779, 25, 262 ]
7023 / 10000: [ 0, 1, 0, 0, 0 ], [ 0, 779, 25, 262 ]
7024 / 10000: [ 0, 0, 0, 0, 0 ], [ 0, 779, 25, 262 ]
7025 / 10000: [ 0, 2, 0, 0, 0 ], [ 0, 779, 25, 262 ]
7026 / 10000: [ 0, 1, 0, 0, 0 ], [ 0, 779, 25, 262 ]
7027 / 10000: [ 0, 1, 0, 0, 0 ], [ 0, 779, 25, 262 ]
7028 / 10000: [ 0, 2, 0, 0, 0 ], [ 0, 779, 25, 262 ]
7029 / 10000: [ 0, 0, 0, 0, 0 ], [ 0, 779, 25, 262 ]
7030 / 10000: [ 0, 1, 0, 0, 0 ], [ 0, 779, 25, 262 ]
7031 / 10000: [ 0, 0, 0, 0, 0 ], [ 0, 779, 25, 262 ]
7032 / 10000: [ 0, 0, 0, 0, 0 ], [ 0, 779, 25, 262 ]
7033 / 10000: [ 0, 2, 0, 0, 0 ], [ 0, 779, 25, 262 ]
7034 / 10000: [ 0, 0, 0, 0, 0 ], [ 0, 779, 25, 262 ]
7035 / 10000: [ 0, 0, 0, 0, 0 ], [ 0, 779, 25, 262 ]
7036 / 10000: [ 0, 0, 0, 0, 0 ], [ 0, 779, 25, 262 ]
7037 / 10000: [ 0, 3, 0, 0, 0 ], [ 0, 780, 25, 262 ]
7038 / 10000: [ 0, 0, 0, 0, 0 ], [ 0, 780, 25, 262 ]
7039 / 10000: [ 0, 2, 0, 0, 0 ], [ 0, 780, 25, 262 ]
7040 / 10000: [ 0, 0, 0, 0, 0 ], [ 0, 780, 25, 262 ]
7041 / 10000: [ 0, 0, 0, 0, 0 ], [ 0, 780, 25, 262 ]
7042 / 10000: [ 0, 0, 0, 0, 0 ], [ 0, 780, 25, 262 ]
7043 / 10000: [ 0, 0, 0, 0, 0 ], [ 0, 780, 25, 262 ]
7044 / 10000: [ 0, 0, 0, 0, 0 ], [ 0, 780, 25, 262 ]
7045 / 10000: [ 0, 0, 0, 0, 0 ], [ 0, 780, 25, 262 ]
7046 / 10000: [ 0, 0, 0, 0, 0 ], [ 0, 780, 25, 262 ]
7047 / 10000: [ 0, 1, 0, 0, 0 ], [ 0, 780, 25, 262 ]
7048 / 10000: [ 0, 1, 0, 0, 0 ], [ 0, 780, 25, 262 ]
7049 / 10000: [ 0, 2, 0, 0, 0 ], [ 0, 780, 25, 262 ]
7050 / 10000: [ 0, 0, 0, 0, 0 ], [ 0, 780, 25, 262 ]
7051 / 10000: [ 0, 2, 0, 0, 0 ], [ 0, 780, 25, 262 ]
7052 / 10000: [ 0, 1, 0, 0, 0 ], [ 0, 780, 25, 262 ]
7053 / 10000: [ 0, 0, 0, 0, 0 ], [ 0, 780, 25, 262 ]
7054 / 10000: [ 0, 0, 0, 0, 0 ], [ 0, 780, 25, 262 ]
7055 / 10000: [ 0, 3, 0, 0, 0 ], [ 0, 781, 25, 262 ]
7056 / 10000: [ 0, 1, 0, 0, 0 ], [ 0, 781, 25, 262 ]
7057 / 10000: [ 0, 1, 0, 0, 0 ], [ 0, 781, 25, 262 ]
7058 / 10000: [ 0, 0, 0, 0, 0 ], [ 0, 781, 25, 262 ]
7059 / 10000: [ 0, 0, 0, 0, 0 ], [ 0, 781, 25, 262 ]
7060 / 10000: [ 0, 2, 0, 0, 0 ], [ 0, 781, 25, 262 ]
7061 / 10000: [ 0, 0, 0, 0, 0 ], [ 0, 781, 25, 262 ]
7062 / 10000: [ 0, 0, 0, 0, 0 ], [ 0, 781, 25, 262 ]
7063 / 10000: [ 0, 0, 0, 0, 0 ], [ 0, 781, 25, 262 ]
7064 / 10000: [ 0, 0, 0, 0, 0 ], [ 0, 781, 25, 262 ]
7065 / 10000: [ 0, 0, 0, 0, 0 ], [ 0, 781, 25, 262 ]
7066 / 10000: [ 0, 2, 0, 0, 0 ], [ 0, 781, 25, 262 ]
7067 / 10000: [ 0, 0, 0, 0, 0 ], [ 0, 781, 25, 262 ]
7068 / 10000: [ 0, 1, 0, 0, 0 ], [ 0, 781, 25, 262 ]
7069 / 10000: [ 0, 1, 0, 0, 0 ], [ 0, 781, 25, 262 ]
7070 / 10000: [ 0, 0, 0, 0, 0 ], [ 0, 781, 25, 262 ]
7071 / 10000: [ 0, 3, 0, 0, 0 ], [ 0, 782, 25, 262 ]
7072 / 10000: [ 0, 1, 0, 0, 0 ], [ 0, 782, 25, 262 ]
7073 / 10000: [ 0, 0, 0, 0, 0 ], [ 0, 782, 25, 262 ]
7074 / 10000: [ 0, 0, 0, 0, 0 ], [ 0, 782, 25, 262 ]
7075 / 10000: [ 0, 1, 0, 0, 0 ], [ 0, 782, 25, 262 ]
7076 / 10000: [ 0, 0, 0, 0, 0 ], [ 0, 782, 25, 262 ]
7077 / 10000: [ 0, 1, 0, 0, 0 ], [ 0, 782, 25, 262 ]
7078 / 10000: [ 0, 0, 0, 0, 0 ], [ 0, 782, 25, 262 ]
7079 / 10000: [ 0, 0, 0, 0, 0 ], [ 0, 782, 25, 262 ]
7080 / 10000: [ 0, 2, 0, 0, 0 ], [ 0, 782, 25, 262 ]
7081 / 10000: [ 0, 3, 0, 0, 0 ], [ 0, 783, 25, 262 ]
7082 / 10000: [ 0, 2, 0, 0, 0 ], [ 0, 783, 25, 262 ]
7083 / 10000: [ 0, 2, 0, 0, 0 ], [ 0, 783, 25, 262 ]
7084 / 10000: [ 0, 0, 0, 0, 0 ], [ 0, 783, 25, 262 ]
7085 / 10000: [ 0, 0, 0, 0, 0 ], [ 0, 783, 25, 262 ]
7086 / 10000: [ 0, 0, 0, 0, 0 ], [ 0, 783, 25, 262 ]
7087 / 10000: [ 0, 0, 0, 0, 0 ], [ 0, 783, 25, 262 ]
7088 / 10000: [ 0, 0, 0, 0, 0 ], [ 0, 783, 25, 262 ]
7089 / 10000: [ 0, 0, 0, 0, 0 ], [ 0, 783, 25, 262 ]
7090 / 10000: [ 0, 2, 0, 0, 0 ], [ 0, 783, 25, 262 ]
7091 / 10000: [ 0, 0, 0, 0, 0 ], [ 0, 783, 25, 262 ]
7092 / 10000: [ 0, 0, 0, 0, 0 ], [ 0, 783, 25, 262 ]
7093 / 10000: [ 0, 0, 0, 0, 0 ], [ 0, 783, 25, 262 ]
7094 / 10000: [ 0, 0, 0, 0, 0 ], [ 0, 783, 25, 262 ]
7095 / 10000: [ 0, 0, 0, 0, 0 ], [ 0, 783, 25, 262 ]
7096 / 10000: [ 0, 0, 0, 0, 0 ], [ 0, 783, 25, 262 ]
7097 / 10000: [ 0, 0, 0, 0, 0 ], [ 0, 783, 25, 262 ]
7098 / 10000: [ 0, 3, 0, 0, 0 ], [ 0, 784, 25, 262 ]
7099 / 10000: [ 0, 1, 1, 0, 0 ], [ 0, 784, 25, 262 ]
7100 / 10000: [ 0, 2, 0, 0, 0 ], [ 0, 784, 25, 262 ]
7101 / 10000: [ 0, 0, 0, 0, 0 ], [ 0, 784, 25, 262 ]
7102 / 10000: [ 0, 0, 0, 0, 0 ], [ 0, 784, 25, 262 ]
7103 / 10000: [ 0, 0, 0, 0, 0 ], [ 0, 784, 25, 262 ]
7104 / 10000: [ 0, 0, 0, 0, 0 ], [ 0, 784, 25, 262 ]
7105 / 10000: [ 0, 0, 0, 0, 0 ], [ 0, 784, 25, 262 ]
7106 / 10000: [ 0, 0, 0, 0, 0 ], [ 0, 784, 25, 262 ]
7107 / 10000: [ 0, 0, 0, 0, 0 ], [ 0, 784, 25, 262 ]
7108 / 10000: [ 0, 0, 0, 0, 0 ], [ 0, 784, 25, 262 ]
7109 / 10000: [ 0, 0, 1, 0, 0 ], [ 0, 784, 25, 262 ]
7110 / 10000: [ 0, 0, 0, 0, 0 ], [ 0, 784, 25, 262 ]
7111 / 10000: [ 0, 0, 0, 0, 0 ], [ 0, 784, 25, 262 ]
7112 / 10000: [ 0, 0, 0, 0, 0 ], [ 0, 784, 25, 262 ]
7113 / 10000: [ 0, 0, 0, 0, 0 ], [ 0, 784, 25, 262 ]
7114 / 10000: [ 0, 0, 0, 0, 0 ], [ 0, 784, 25, 262 ]
7115 / 10000: [ 0, 0, 0, 0, 0 ], [ 0, 784, 25, 262 ]
7116 / 10000: [ 0, 0, 0, 0, 0 ], [ 0, 784, 25, 262 ]
7117 / 10000: [ 0, 0, 0, 0, 0 ], [ 0, 784, 25, 262 ]
7118 / 10000: [ 0, 1, 0, 0, 0 ], [ 0, 784, 25, 262 ]
7119 / 10000: [ 0, 2, 0, 0, 0 ], [ 0, 784, 25, 262 ]
7120 / 10000: [ 0, 0, 0, 0, 0 ], [ 0, 784, 25, 262 ]
7121 / 10000: [ 0, 0, 0, 0, 0 ], [ 0, 784, 25, 262 ]
7122 / 10000: [ 0, 0, 0, 0, 0 ], [ 0, 784, 25, 262 ]
7123 / 10000: [ 0, 0, 0, 0, 0 ], [ 0, 784, 25, 262 ]
7124 / 10000: [ 0, 0, 0, 0, 0 ], [ 0, 784, 25, 262 ]
7125 / 10000: [ 0, 0, 0, 0, 0 ], [ 0, 784, 25, 262 ]
7126 / 10000: [ 0, 0, 0, 1, 0 ], [ 0, 784, 25, 262 ]
7127 / 10000: [ 0, 0, 0, 0, 0 ], [ 0, 784, 25, 262 ]
7128 / 10000: [ 0, 0, 0, 0, 0 ], [ 0, 784, 25, 262 ]
7129 / 10000: [ 0, 0, 0, 0, 0 ], [ 0, 784, 25, 262 ]
7130 / 10000: [ 0, 0, 0, 1, 0 ], [ 0, 784, 25, 262 ]
7131 / 10000: [ 0, 0, 0, 0, 0 ], [ 0, 784, 25, 262 ]
7132 / 10000: [ 0, 0, 0, 0, 0 ], [ 0, 784, 25, 262 ]
7133 / 10000: [ 0, 0, 0, 0, 0 ], [ 0, 784, 25, 262 ]
7134 / 10000: [ 0, 1, 0, 0, 0 ], [ 0, 784, 25, 262 ]
7135 / 10000: [ 0, 1, 0, 0, 0 ], [ 0, 784, 25, 262 ]
7136 / 10000: [ 0, 0, 0, 0, 0 ], [ 0, 784, 25, 262 ]
7137 / 10000: [ 0, 0, 0, 0, 0 ], [ 0, 784, 25, 262 ]
7138 / 10000: [ 0, 0, 0, 0, 0 ], [ 0, 784, 25, 262 ]
7139 / 10000: [ 0, 0, 0, 0, 0 ], [ 0, 784, 25, 262 ]
7140 / 10000: [ 0, 0, 0, 0, 0 ], [ 0, 784, 25, 262 ]
7141 / 10000: [ 0, 0, 0, 0, 0 ], [ 0, 784, 25, 262 ]
7142 / 10000: [ 0, 0, 0, 0, 0 ], [ 0, 784, 25, 262 ]
7143 / 10000: [ 0, 0, 0, 0, 0 ], [ 0, 784, 25, 262 ]
7144 / 10000: [ 0, 0, 0, 0, 0 ], [ 0, 784, 25, 262 ]
7145 / 10000: [ 0, 0, 0, 0, 0 ], [ 0, 784, 25, 262 ]
7146 / 10000: [ 0, 1, 0, 0, 0 ], [ 0, 784, 25, 262 ]
7147 / 10000: [ 0, 0, 0, 0, 0 ], [ 0, 784, 25, 262 ]
7148 / 10000: [ 0, 0, 0, 0, 0 ], [ 0, 784, 25, 262 ]
7149 / 10000: [ 0, 0, 0, 0, 0 ], [ 0, 784, 25, 262 ]
7150 / 10000: [ 0, 1, 0, 0, 0 ], [ 0, 784, 25, 262 ]
7151 / 10000: [ 0, 0, 0, 0, 0 ], [ 0, 784, 25, 262 ]
7152 / 10000: [ 0, 0, 0, 0, 0 ], [ 0, 784, 25, 262 ]
7153 / 10000: [ 0, 0, 0, 0, 0 ], [ 0, 784, 25, 262 ]
7154 / 10000: [ 0, 0, 0, 1, 0 ], [ 0, 784, 25, 262 ]
7155 / 10000: [ 0, 0, 0, 1, 0 ], [ 0, 784, 25, 262 ]
7156 / 10000: [ 0, 0, 0, 0, 0 ], [ 0, 784, 25, 262 ]
7157 / 10000: [ 0, 0, 0, 0, 0 ], [ 0, 784, 25, 262 ]
7158 / 10000: [ 0, 0, 0, 0, 0 ], [ 0, 784, 25, 262 ]
7159 / 10000: [ 0, 0, 0, 0, 0 ], [ 0, 784, 25, 262 ]
7160 / 10000: [ 0, 0, 0, 0, 0 ], [ 0, 784, 25, 262 ]
7161 / 10000: [ 0, 0, 0, 0, 0 ], [ 0, 784, 25, 262 ]
7162 / 10000: [ 0, 2, 0, 0, 0 ], [ 0, 784, 25, 262 ]
7163 / 10000: [ 0, 1, 0, 0, 0 ], [ 0, 784, 25, 262 ]
7164 / 10000: [ 0, 0, 0, 0, 0 ], [ 0, 784, 25, 262 ]
7165 / 10000: [ 0, 0, 0, 0, 0 ], [ 0, 784, 25, 262 ]
7166 / 10000: [ 0, 0, 0, 0, 0 ], [ 0, 784, 25, 262 ]
7167 / 10000: [ 0, 0, 0, 0, 0 ], [ 0, 784, 25, 262 ]
7168 / 10000: [ 0, 0, 0, 0, 0 ], [ 0, 784, 25, 262 ]
7169 / 10000: [ 0, 0, 0, 0, 0 ], [ 0, 784, 25, 262 ]
7170 / 10000: [ 0, 1, 0, 0, 0 ], [ 0, 784, 25, 262 ]
7171 / 10000: [ 0, 0, 0, 0, 0 ], [ 0, 784, 25, 262 ]
7172 / 10000: [ 0, 1, 0, 0, 0 ], [ 0, 784, 25, 262 ]
7173 / 10000: [ 0, 0, 0, 0, 0 ], [ 0, 784, 25, 262 ]
7174 / 10000: [ 0, 0, 0, 0, 0 ], [ 0, 784, 25, 262 ]
7175 / 10000: [ 0, 0, 0, 0, 0 ], [ 0, 784, 25, 262 ]
7176 / 10000: [ 0, 0, 0, 0, 0 ], [ 0, 784, 25, 262 ]
7177 / 10000: [ 0, 0, 0, 0, 0 ], [ 0, 784, 25, 262 ]
7178 / 10000: [ 0, 1, 0, 0, 0 ], [ 0, 784, 25, 262 ]
7179 / 10000: [ 0, 3, 0, 0, 0 ], [ 0, 785, 25, 262 ]
7180 / 10000: [ 0, 0, 0, 0, 0 ], [ 0, 785, 25, 262 ]
7181 / 10000: [ 0, 0, 0, 0, 0 ], [ 0, 785, 25, 262 ]
7182 / 10000: [ 0, 2, 0, 0, 0 ], [ 0, 785, 25, 262 ]
7183 / 10000: [ 0, 2, 0, 0, 0 ], [ 0, 785, 25, 262 ]
7184 / 10000: [ 0, 0, 0, 0, 0 ], [ 0, 785, 25, 262 ]
7185 / 10000: [ 0, 1, 0, 0, 0 ], [ 0, 785, 25, 262 ]
7186 / 10000: [ 0, 1, 0, 0, 0 ], [ 0, 785, 25, 262 ]
7187 / 10000: [ 0, 0, 0, 0, 0 ], [ 0, 785, 25, 262 ]
7188 / 10000: [ 0, 0, 0, 0, 0 ], [ 0, 785, 25, 262 ]
7189 / 10000: [ 0, 0, 0, 0, 0 ], [ 0, 785, 25, 262 ]
7190 / 10000: [ 0, 1, 0, 0, 0 ], [ 0, 785, 25, 262 ]
7191 / 10000: [ 0, 0, 0, 0, 0 ], [ 0, 785, 25, 262 ]
7192 / 10000: [ 0, 1, 0, 0, 0 ], [ 0, 785, 25, 262 ]
7193 / 10000: [ 0, 1, 0, 0, 0 ], [ 0, 785, 25, 262 ]
7194 / 10000: [ 0, 1, 0, 0, 0 ], [ 0, 785, 25, 262 ]
7195 / 10000: [ 0, 0, 0, 0, 0 ], [ 0, 785, 25, 262 ]
7196 / 10000: [ 0, 0, 0, 0, 0 ], [ 0, 785, 25, 262 ]
7197 / 10000: [ 0, 2, 0, 0, 0 ], [ 0, 785, 25, 262 ]
7198 / 10000: [ 0, 1, 0, 0, 0 ], [ 0, 785, 25, 262 ]
7199 / 10000: [ 0, 0, 0, 0, 0 ], [ 0, 785, 25, 262 ]
7200 / 10000: [ 0, 0, 0, 0, 0 ], [ 0, 785, 25, 262 ]
7201 / 10000: [ 0, 0, 0, 0, 0 ], [ 0, 785, 25, 262 ]
7202 / 10000: [ 0, 0, 0, 0, 0 ], [ 0, 785, 25, 262 ]
7203 / 10000: [ 0, 0, 0, 0, 0 ], [ 0, 785, 25, 262 ]
7204 / 10000: [ 0, 0, 0, 0, 0 ], [ 0, 785, 25, 262 ]
7205 / 10000: [ 0, 0, 0, 1, 0 ], [ 0, 785, 25, 262 ]
7206 / 10000: [ 0, 0, 0, 2, 0 ], [ 0, 785, 25, 262 ]
7207 / 10000: [ 0, 0, 0, 0, 0 ], [ 0, 785, 25, 262 ]
7208 / 10000: [ 0, 0, 0, 0, 0 ], [ 0, 785, 25, 262 ]
7209 / 10000: [ 0, 0, 0, 0, 0 ], [ 0, 785, 25, 262 ]
7210 / 10000: [ 0, 0, 0, 0, 0 ], [ 0, 785, 25, 262 ]
7211 / 10000: [ 0, 0, 0, 0, 0 ], [ 0, 785, 25, 262 ]
7212 / 10000: [ 0, 0, 0, 0, 0 ], [ 0, 785, 25, 262 ]
7213 / 10000: [ 0, 1, 0, 1, 0 ], [ 0, 785, 25, 262 ]
7214 / 10000: [ 0, 0, 0, 0, 0 ], [ 0, 785, 25, 262 ]
7215 / 10000: [ 0, 0, 0, 0, 0 ], [ 0, 785, 25, 262 ]
7216 / 10000: [ 0, 0, 0, 0, 0 ], [ 0, 785, 25, 262 ]
7217 / 10000: [ 0, 0, 0, 1, 0 ], [ 0, 785, 25, 262 ]
7218 / 10000: [ 0, 0, 0, 0, 0 ], [ 0, 785, 25, 262 ]
7219 / 10000: [ 0, 0, 0, 0, 0 ], [ 0, 785, 25, 262 ]
7220 / 10000: [ 0, 0, 0, 0, 0 ], [ 0, 785, 25, 262 ]
7221 / 10000: [ 0, 2, 0, 0, 0 ], [ 0, 785, 25, 262 ]
7222 / 10000: [ 0, 3, 0, 0, 0 ], [ 0, 786, 25, 262 ]
7223 / 10000: [ 0, 3, 0, 0, 0 ], [ 0, 787, 25, 262 ]
7224 / 10000: [ 0, 0, 0, 0, 0 ], [ 0, 787, 25, 262 ]
7225 / 10000: [ 0, 0, 0, 0, 0 ], [ 0, 787, 25, 262 ]
7226 / 10000: [ 0, 0, 0, 0, 0 ], [ 0, 787, 25, 262 ]
7227 / 10000: [ 0, 0, 0, 0, 0 ], [ 0, 787, 25, 262 ]
7228 / 10000: [ 0, 0, 0, 0, 0 ], [ 0, 787, 25, 262 ]
7229 / 10000: [ 0, 0, 0, 0, 0 ], [ 0, 787, 25, 262 ]
7230 / 10000: [ 0, 2, 0, 0, 0 ], [ 0, 787, 25, 262 ]
7231 / 10000: [ 0, 0, 0, 0, 0 ], [ 0, 787, 25, 262 ]
7232 / 10000: [ 0, 3, 0, 0, 0 ], [ 0, 788, 25, 262 ]
7233 / 10000: [ 0, 0, 0, 0, 0 ], [ 0, 788, 25, 262 ]
7234 / 10000: [ 0, 0, 0, 0, 0 ], [ 0, 788, 25, 262 ]
7235 / 10000: [ 0, 0, 0, 0, 0 ], [ 0, 788, 25, 262 ]
7236 / 10000: [ 0, 0, 0, 0, 0 ], [ 0, 788, 25, 262 ]
7237 / 10000: [ 0, 0, 0, 0, 0 ], [ 0, 788, 25, 262 ]
7238 / 10000: [ 0, 3, 0, 0, 0 ], [ 0, 789, 25, 262 ]
7239 / 10000: [ 0, 3, 0, 0, 0 ], [ 0, 790, 25, 262 ]
7240 / 10000: [ 0, 2, 0, 0, 0 ], [ 0, 790, 25, 262 ]
7241 / 10000: [ 0, 0, 0, 0, 0 ], [ 0, 790, 25, 262 ]
7242 / 10000: [ 0, 2, 0, 0, 0 ], [ 0, 790, 25, 262 ]
7243 / 10000: [ 0, 3, 0, 0, 0 ], [ 0, 791, 25, 262 ]
7244 / 10000: [ 0, 0, 0, 0, 0 ], [ 0, 791, 25, 262 ]
7245 / 10000: [ 0, 1, 0, 0, 0 ], [ 0, 791, 25, 262 ]
7246 / 10000: [ 0, 1, 0, 0, 0 ], [ 0, 791, 25, 262 ]
7247 / 10000: [ 0, 0, 0, 0, 0 ], [ 0, 791, 25, 262 ]
7248 / 10000: [ 0, 0, 0, 0, 0 ], [ 0, 791, 25, 262 ]
7249 / 10000: [ 0, 0, 0, 0, 0 ], [ 0, 791, 25, 262 ]
7250 / 10000: [ 0, 2, 0, 0, 0 ], [ 0, 791, 25, 262 ]
7251 / 10000: [ 0, 0, 0, 0, 0 ], [ 0, 791, 25, 262 ]
7252 / 10000: [ 0, 1, 0, 0, 0 ], [ 0, 791, 25, 262 ]
7253 / 10000: [ 0, 1, 0, 0, 0 ], [ 0, 791, 25, 262 ]
7254 / 10000: [ 0, 1, 0, 0, 0 ], [ 0, 791, 25, 262 ]
7255 / 10000: [ 0, 1, 0, 0, 0 ], [ 0, 791, 25, 262 ]
7256 / 10000: [ 0, 0, 0, 0, 0 ], [ 0, 791, 25, 262 ]
7257 / 10000: [ 0, 2, 0, 0, 0 ], [ 0, 791, 25, 262 ]
7258 / 10000: [ 0, 1, 0, 0, 0 ], [ 0, 791, 25, 262 ]
7259 / 10000: [ 0, 1, 0, 0, 0 ], [ 0, 791, 25, 262 ]
7260 / 10000: [ 0, 0, 0, 0, 0 ], [ 0, 791, 25, 262 ]
7261 / 10000: [ 0, 0, 0, 0, 0 ], [ 0, 791, 25, 262 ]
7262 / 10000: [ 0, 0, 1, 0, 0 ], [ 0, 791, 25, 262 ]
7263 / 10000: [ 0, 0, 0, 0, 0 ], [ 0, 791, 25, 262 ]
7264 / 10000: [ 0, 0, 1, 0, 0 ], [ 0, 791, 25, 262 ]
7265 / 10000: [ 0, 0, 0, 0, 0 ], [ 0, 791, 25, 262 ]
7266 / 10000: [ 0, 3, 0, 0, 0 ], [ 0, 792, 25, 262 ]
7267 / 10000: [ 0, 0, 0, 0, 0 ], [ 0, 792, 25, 262 ]
7268 / 10000: [ 0, 1, 0, 0, 0 ], [ 0, 792, 25, 262 ]
7269 / 10000: [ 0, 2, 0, 0, 0 ], [ 0, 792, 25, 262 ]
7270 / 10000: [ 0, 0, 0, 0, 0 ], [ 0, 792, 25, 262 ]
7271 / 10000: [ 0, 3, 0, 0, 0 ], [ 0, 793, 25, 262 ]
7272 / 10000: [ 0, 1, 0, 0, 0 ], [ 0, 793, 25, 262 ]
7273 / 10000: [ 0, 0, 0, 0, 0 ], [ 0, 793, 25, 262 ]
7274 / 10000: [ 0, 0, 0, 0, 0 ], [ 0, 793, 25, 262 ]
7275 / 10000: [ 0, 2, 0, 0, 0 ], [ 0, 793, 25, 262 ]
7276 / 10000: [ 0, 0, 0, 0, 0 ], [ 0, 793, 25, 262 ]
7277 / 10000: [ 0, 3, 0, 0, 0 ], [ 0, 794, 25, 262 ]
7278 / 10000: [ 0, 0, 0, 0, 0 ], [ 0, 794, 25, 262 ]
7279 / 10000: [ 0, 0, 0, 0, 0 ], [ 0, 794, 25, 262 ]
7280 / 10000: [ 0, 2, 0, 0, 0 ], [ 0, 794, 25, 262 ]
7281 / 10000: [ 0, 0, 0, 0, 0 ], [ 0, 794, 25, 262 ]
7282 / 10000: [ 0, 0, 0, 0, 0 ], [ 0, 794, 25, 262 ]
7283 / 10000: [ 0, 1, 0, 0, 0 ], [ 0, 794, 25, 262 ]
7284 / 10000: [ 0, 0, 1, 0, 0 ], [ 0, 794, 25, 262 ]
7285 / 10000: [ 0, 0, 0, 0, 0 ], [ 0, 794, 25, 262 ]
7286 / 10000: [ 0, 2, 0, 0, 0 ], [ 0, 794, 25, 262 ]
7287 / 10000: [ 0, 0, 1, 0, 0 ], [ 0, 794, 25, 262 ]
7288 / 10000: [ 0, 2, 0, 0, 0 ], [ 0, 794, 25, 262 ]
7289 / 10000: [ 0, 1, 0, 0, 0 ], [ 0, 794, 25, 262 ]
7290 / 10000: [ 0, 1, 0, 0, 0 ], [ 0, 794, 25, 262 ]
7291 / 10000: [ 0, 3, 0, 0, 0 ], [ 0, 795, 25, 262 ]
7292 / 10000: [ 0, 1, 0, 0, 0 ], [ 0, 795, 25, 262 ]
7293 / 10000: [ 0, 0, 0, 0, 0 ], [ 0, 795, 25, 262 ]
7294 / 10000: [ 0, 1, 0, 0, 0 ], [ 0, 795, 25, 262 ]
7295 / 10000: [ 0, 2, 0, 0, 0 ], [ 0, 795, 25, 262 ]
7296 / 10000: [ 0, 0, 0, 0, 0 ], [ 0, 795, 25, 262 ]
7297 / 10000: [ 0, 1, 0, 0, 0 ], [ 0, 795, 25, 262 ]
7298 / 10000: [ 0, 0, 0, 0, 0 ], [ 0, 795, 25, 262 ]
7299 / 10000: [ 0, 0, 0, 0, 0 ], [ 0, 795, 25, 262 ]
7300 / 10000: [ 0, 2, 0, 0, 0 ], [ 0, 795, 25, 262 ]
7301 / 10000: [ 0, 1, 0, 0, 0 ], [ 0, 795, 25, 262 ]
7302 / 10000: [ 0, 1, 0, 0, 0 ], [ 0, 795, 25, 262 ]
7303 / 10000: [ 0, 1, 0, 0, 0 ], [ 0, 795, 25, 262 ]
7304 / 10000: [ 0, 0, 0, 0, 0 ], [ 0, 795, 25, 262 ]
7305 / 10000: [ 0, 0, 0, 0, 0 ], [ 0, 795, 25, 262 ]
7306 / 10000: [ 0, 2, 0, 0, 0 ], [ 0, 795, 25, 262 ]
7307 / 10000: [ 0, 0, 0, 0, 0 ], [ 0, 795, 25, 262 ]
7308 / 10000: [ 0, 1, 0, 0, 0 ], [ 0, 795, 25, 262 ]
7309 / 10000: [ 0, 2, 0, 0, 0 ], [ 0, 795, 25, 262 ]
7310 / 10000: [ 0, 0, 0, 0, 0 ], [ 0, 795, 25, 262 ]
7311 / 10000: [ 0, 1, 0, 0, 0 ], [ 0, 795, 25, 262 ]
7312 / 10000: [ 0, 0, 0, 0, 0 ], [ 0, 795, 25, 262 ]
7313 / 10000: [ 0, 2, 0, 0, 0 ], [ 0, 795, 25, 262 ]
7314 / 10000: [ 0, 2, 0, 0, 0 ], [ 0, 795, 25, 262 ]
7315 / 10000: [ 0, 0, 0, 0, 0 ], [ 0, 795, 25, 262 ]
7316 / 10000: [ 0, 1, 0, 0, 0 ], [ 0, 795, 25, 262 ]
7317 / 10000: [ 0, 1, 0, 0, 0 ], [ 0, 795, 25, 262 ]
7318 / 10000: [ 0, 2, 0, 0, 0 ], [ 0, 795, 25, 262 ]
7319 / 10000: [ 0, 0, 0, 0, 0 ], [ 0, 795, 25, 262 ]
7320 / 10000: [ 0, 1, 0, 0, 0 ], [ 0, 795, 25, 262 ]
7321 / 10000: [ 0, 0, 0, 0, 0 ], [ 0, 795, 25, 262 ]
7322 / 10000: [ 0, 0, 0, 0, 0 ], [ 0, 795, 25, 262 ]
7323 / 10000: [ 0, 1, 0, 0, 0 ], [ 0, 795, 25, 262 ]
7324 / 10000: [ 0, 0, 0, 0, 0 ], [ 0, 795, 25, 262 ]
7325 / 10000: [ 0, 0, 0, 0, 0 ], [ 0, 795, 25, 262 ]
7326 / 10000: [ 0, 0, 0, 0, 0 ], [ 0, 795, 25, 262 ]
7327 / 10000: [ 0, 0, 0, 0, 0 ], [ 0, 795, 25, 262 ]
7328 / 10000: [ 0, 1, 0, 0, 0 ], [ 0, 795, 25, 262 ]
7329 / 10000: [ 0, 2, 0, 0, 0 ], [ 0, 795, 25, 262 ]
7330 / 10000: [ 0, 1, 0, 0, 0 ], [ 0, 795, 25, 262 ]
7331 / 10000: [ 0, 2, 0, 0, 0 ], [ 0, 795, 25, 262 ]
7332 / 10000: [ 0, 1, 0, 0, 0 ], [ 0, 795, 25, 262 ]
7333 / 10000: [ 0, 0, 0, 0, 0 ], [ 0, 795, 25, 262 ]
7334 / 10000: [ 0, 0, 0, 0, 0 ], [ 0, 795, 25, 262 ]
7335 / 10000: [ 0, 3, 0, 0, 0 ], [ 0, 796, 25, 262 ]
7336 / 10000: [ 0, 1, 0, 0, 0 ], [ 0, 796, 25, 262 ]
7337 / 10000: [ 0, 1, 0, 0, 0 ], [ 0, 796, 25, 262 ]
7338 / 10000: [ 0, 0, 0, 0, 0 ], [ 0, 796, 25, 262 ]
7339 / 10000: [ 0, 0, 0, 0, 0 ], [ 0, 796, 25, 262 ]
7340 / 10000: [ 0, 2, 0, 0, 0 ], [ 0, 796, 25, 262 ]
7341 / 10000: [ 0, 0, 0, 0, 0 ], [ 0, 796, 25, 262 ]
7342 / 10000: [ 0, 0, 0, 0, 0 ], [ 0, 796, 25, 262 ]
7343 / 10000: [ 0, 0, 0, 0, 0 ], [ 0, 796, 25, 262 ]
7344 / 10000: [ 0, 0, 0, 0, 0 ], [ 0, 796, 25, 262 ]
7345 / 10000: [ 0, 0, 0, 0, 0 ], [ 0, 796, 25, 262 ]
7346 / 10000: [ 0, 0, 0, 0, 0 ], [ 0, 796, 25, 262 ]
7347 / 10000: [ 0, 0, 0, 0, 0 ], [ 0, 796, 25, 262 ]
7348 / 10000: [ 0, 0, 0, 0, 0 ], [ 0, 796, 25, 262 ]
7349 / 10000: [ 0, 0, 0, 0, 0 ], [ 0, 796, 25, 262 ]
7350 / 10000: [ 0, 0, 0, 0, 0 ], [ 0, 796, 25, 262 ]
7351 / 10000: [ 0, 0, 0, 0, 0 ], [ 0, 796, 25, 262 ]
7352 / 10000: [ 0, 0, 0, 0, 0 ], [ 0, 796, 25, 262 ]
7353 / 10000: [ 0, 1, 0, 0, 0 ], [ 0, 796, 25, 262 ]
7354 / 10000: [ 0, 0, 0, 0, 0 ], [ 0, 796, 25, 262 ]
7355 / 10000: [ 0, 0, 0, 0, 0 ], [ 0, 796, 25, 262 ]
7356 / 10000: [ 0, 0, 0, 0, 0 ], [ 0, 796, 25, 262 ]
7357 / 10000: [ 0, 0, 0, 0, 0 ], [ 0, 796, 25, 262 ]
7358 / 10000: [ 0, 0, 0, 0, 0 ], [ 0, 796, 25, 262 ]
7359 / 10000: [ 0, 0, 0, 0, 0 ], [ 0, 796, 25, 262 ]
7360 / 10000: [ 0, 0, 0, 0, 0 ], [ 0, 796, 25, 262 ]
7361 / 10000: [ 0, 1, 0, 0, 0 ], [ 0, 796, 25, 262 ]
7362 / 10000: [ 0, 0, 0, 0, 0 ], [ 0, 796, 25, 262 ]
7363 / 10000: [ 0, 0, 0, 0, 0 ], [ 0, 796, 25, 262 ]
7364 / 10000: [ 0, 0, 0, 0, 0 ], [ 0, 796, 25, 262 ]
7365 / 10000: [ 0, 0, 0, 0, 0 ], [ 0, 796, 25, 262 ]
7366 / 10000: [ 0, 2, 1, 0, 0 ], [ 0, 796, 26, 262 ]
7367 / 10000: [ 0, 0, 0, 0, 0 ], [ 0, 796, 26, 262 ]
7368 / 10000: [ 0, 1, 0, 0, 0 ], [ 0, 796, 26, 262 ]
7369 / 10000: [ 0, 1, 0, 0, 0 ], [ 0, 796, 26, 262 ]
7370 / 10000: [ 0, 1, 0, 0, 0 ], [ 0, 796, 26, 262 ]
7371 / 10000: [ 0, 3, 0, 0, 0 ], [ 0, 797, 26, 262 ]
7372 / 10000: [ 0, 1, 0, 0, 0 ], [ 0, 797, 26, 262 ]
7373 / 10000: [ 0, 0, 0, 0, 0 ], [ 0, 797, 26, 262 ]
7374 / 10000: [ 0, 0, 0, 0, 0 ], [ 0, 797, 26, 262 ]
7375 / 10000: [ 0, 2, 0, 0, 0 ], [ 0, 797, 26, 262 ]
7376 / 10000: [ 0, 0, 0, 0, 0 ], [ 0, 797, 26, 262 ]
7377 / 10000: [ 0, 1, 0, 0, 0 ], [ 0, 797, 26, 262 ]
7378 / 10000: [ 0, 0, 0, 0, 0 ], [ 0, 797, 26, 262 ]
7379 / 10000: [ 0, 2, 0, 0, 0 ], [ 0, 797, 26, 262 ]
7380 / 10000: [ 0, 2, 0, 0, 0 ], [ 0, 797, 26, 262 ]
7381 / 10000: [ 0, 2, 0, 0, 0 ], [ 0, 797, 26, 262 ]
7382 / 10000: [ 0, 1, 0, 0, 0 ], [ 0, 797, 26, 262 ]
7383 / 10000: [ 0, 1, 0, 0, 0 ], [ 0, 797, 26, 262 ]
7384 / 10000: [ 0, 0, 0, 0, 0 ], [ 0, 797, 26, 262 ]
7385 / 10000: [ 0, 0, 0, 0, 0 ], [ 0, 797, 26, 262 ]
7386 / 10000: [ 0, 2, 0, 0, 0 ], [ 0, 797, 26, 262 ]
7387 / 10000: [ 0, 0, 0, 0, 0 ], [ 0, 797, 26, 262 ]
7388 / 10000: [ 0, 2, 0, 0, 0 ], [ 0, 797, 26, 262 ]
7389 / 10000: [ 0, 3, 0, 0, 0 ], [ 0, 798, 26, 262 ]
7390 / 10000: [ 0, 2, 1, 0, 0 ], [ 0, 798, 27, 262 ]
7391 / 10000: [ 0, 2, 0, 0, 0 ], [ 0, 798, 27, 262 ]
7392 / 10000: [ 0, 1, 0, 0, 0 ], [ 0, 798, 27, 262 ]
7393 / 10000: [ 0, 2, 0, 0, 0 ], [ 0, 798, 27, 262 ]
7394 / 10000: [ 0, 3, 0, 0, 0 ], [ 0, 799, 27, 262 ]
7395 / 10000: [ 0, 3, 0, 0, 0 ], [ 0, 800, 27, 262 ]
7396 / 10000: [ 0, 2, 0, 0, 0 ], [ 0, 800, 27, 262 ]
7397 / 10000: [ 0, 0, 0, 0, 0 ], [ 0, 800, 27, 262 ]
7398 / 10000: [ 0, 2, 0, 0, 0 ], [ 0, 800, 27, 262 ]
7399 / 10000: [ 0, 1, 0, 0, 0 ], [ 0, 800, 27, 262 ]
7400 / 10000: [ 0, 2, 0, 0, 0 ], [ 0, 800, 27, 262 ]
7401 / 10000: [ 0, 0, 0, 0, 0 ], [ 0, 800, 27, 262 ]
7402 / 10000: [ 0, 0, 0, 0, 0 ], [ 0, 800, 27, 262 ]
7403 / 10000: [ 0, 0, 0, 0, 0 ], [ 0, 800, 27, 262 ]
7404 / 10000: [ 0, 0, 0, 0, 0 ], [ 0, 800, 27, 262 ]
7405 / 10000: [ 0, 0, 0, 0, 0 ], [ 0, 800, 27, 262 ]
7406 / 10000: [ 0, 0, 0, 0, 0 ], [ 0, 800, 27, 262 ]
7407 / 10000: [ 0, 0, 0, 0, 0 ], [ 0, 800, 27, 262 ]
7408 / 10000: [ 0, 1, 0, 0, 0 ], [ 0, 800, 27, 262 ]
7409 / 10000: [ 0, 0, 0, 0, 0 ], [ 0, 800, 27, 262 ]
7410 / 10000: [ 0, 0, 0, 0, 0 ], [ 0, 800, 27, 262 ]
7411 / 10000: [ 0, 0, 0, 0, 0 ], [ 0, 800, 27, 262 ]
7412 / 10000: [ 0, 0, 0, 0, 0 ], [ 0, 800, 27, 262 ]
7413 / 10000: [ 0, 0, 0, 0, 0 ], [ 0, 800, 27, 262 ]
7414 / 10000: [ 0, 0, 0, 0, 0 ], [ 0, 800, 27, 262 ]
7415 / 10000: [ 0, 0, 0, 0, 0 ], [ 0, 800, 27, 262 ]
7416 / 10000: [ 0, 0, 0, 0, 0 ], [ 0, 800, 27, 262 ]
7417 / 10000: [ 0, 0, 0, 0, 0 ], [ 0, 800, 27, 262 ]
7418 / 10000: [ 0, 1, 0, 0, 0 ], [ 0, 800, 27, 262 ]
7419 / 10000: [ 0, 0, 0, 0, 0 ], [ 0, 800, 27, 262 ]
7420 / 10000: [ 0, 0, 0, 0, 0 ], [ 0, 800, 27, 262 ]
7421 / 10000: [ 0, 1, 0, 0, 0 ], [ 0, 800, 27, 262 ]
7422 / 10000: [ 0, 1, 0, 0, 0 ], [ 0, 800, 27, 262 ]
7423 / 10000: [ 0, 3, 0, 0, 0 ], [ 0, 801, 27, 262 ]
7424 / 10000: [ 0, 0, 1, 0, 0 ], [ 0, 801, 27, 262 ]
7425 / 10000: [ 0, 0, 0, 0, 0 ], [ 0, 801, 27, 262 ]
7426 / 10000: [ 0, 0, 0, 0, 0 ], [ 0, 801, 27, 262 ]
7427 / 10000: [ 0, 0, 0, 0, 0 ], [ 0, 801, 27, 262 ]
7428 / 10000: [ 0, 0, 0, 0, 0 ], [ 0, 801, 27, 262 ]
7429 / 10000: [ 0, 0, 0, 0, 0 ], [ 0, 801, 27, 262 ]
7430 / 10000: [ 0, 1, 0, 0, 0 ], [ 0, 801, 27, 262 ]
7431 / 10000: [ 0, 0, 0, 0, 0 ], [ 0, 801, 27, 262 ]
7432 / 10000: [ 0, 1, 0, 0, 0 ], [ 0, 801, 27, 262 ]
7433 / 10000: [ 0, 0, 1, 0, 0 ], [ 0, 801, 27, 262 ]
7434 / 10000: [ 0, 0, 0, 0, 0 ], [ 0, 801, 27, 262 ]
7435 / 10000: [ 0, 0, 0, 0, 0 ], [ 0, 801, 27, 262 ]
7436 / 10000: [ 0, 0, 0, 0, 0 ], [ 0, 801, 27, 262 ]
7437 / 10000: [ 0, 1, 0, 0, 0 ], [ 0, 801, 27, 262 ]
7438 / 10000: [ 0, 0, 0, 0, 0 ], [ 0, 801, 27, 262 ]
7439 / 10000: [ 0, 0, 0, 0, 0 ], [ 0, 801, 27, 262 ]
7440 / 10000: [ 0, 0, 0, 0, 0 ], [ 0, 801, 27, 262 ]
7441 / 10000: [ 0, 0, 0, 0, 0 ], [ 0, 801, 27, 262 ]
7442 / 10000: [ 0, 0, 0, 0, 0 ], [ 0, 801, 27, 262 ]
7443 / 10000: [ 0, 0, 0, 1, 0 ], [ 0, 801, 27, 262 ]
7444 / 10000: [ 0, 0, 0, 0, 0 ], [ 0, 801, 27, 262 ]
7445 / 10000: [ 0, 0, 0, 0, 0 ], [ 0, 801, 27, 262 ]
7446 / 10000: [ 0, 0, 0, 0, 0 ], [ 0, 801, 27, 262 ]
7447 / 10000: [ 0, 0, 0, 0, 0 ], [ 0, 801, 27, 262 ]
7448 / 10000: [ 0, 0, 0, 0, 0 ], [ 0, 801, 27, 262 ]
7449 / 10000: [ 0, 0, 0, 0, 0 ], [ 0, 801, 27, 262 ]
7450 / 10000: [ 0, 0, 0, 0, 0 ], [ 0, 801, 27, 262 ]
7451 / 10000: [ 0, 0, 0, 0, 0 ], [ 0, 801, 27, 262 ]
7452 / 10000: [ 0, 0, 0, 0, 0 ], [ 0, 801, 27, 262 ]
7453 / 10000: [ 0, 0, 0, 0, 0 ], [ 0, 801, 27, 262 ]
7454 / 10000: [ 0, 0, 0, 0, 0 ], [ 0, 801, 27, 262 ]
7455 / 10000: [ 0, 0, 0, 0, 0 ], [ 0, 801, 27, 262 ]
7456 / 10000: [ 0, 0, 0, 0, 0 ], [ 0, 801, 27, 262 ]
7457 / 10000: [ 0, 0, 0, 1, 0 ], [ 0, 801, 27, 262 ]
7458 / 10000: [ 0, 0, 0, 0, 0 ], [ 0, 801, 27, 262 ]
7459 / 10000: [ 0, 0, 0, 0, 0 ], [ 0, 801, 27, 262 ]
7460 / 10000: [ 0, 0, 0, 0, 0 ], [ 0, 801, 27, 262 ]
7461 / 10000: [ 0, 0, 0, 0, 0 ], [ 0, 801, 27, 262 ]
7462 / 10000: [ 0, 0, 0, 0, 0 ], [ 0, 801, 27, 262 ]
7463 / 10000: [ 0, 1, 0, 0, 0 ], [ 0, 801, 27, 262 ]
7464 / 10000: [ 0, 0, 0, 0, 0 ], [ 0, 801, 27, 262 ]
7465 / 10000: [ 0, 0, 0, 0, 0 ], [ 0, 801, 27, 262 ]
7466 / 10000: [ 0, 0, 0, 0, 0 ], [ 0, 801, 27, 262 ]
7467 / 10000: [ 0, 0, 0, 0, 0 ], [ 0, 801, 27, 262 ]
7468 / 10000: [ 0, 0, 0, 0, 0 ], [ 0, 801, 27, 262 ]
7469 / 10000: [ 0, 0, 0, 0, 0 ], [ 0, 801, 27, 262 ]
7470 / 10000: [ 0, 0, 0, 0, 0 ], [ 0, 801, 27, 262 ]
7471 / 10000: [ 0, 0, 0, 0, 0 ], [ 0, 801, 27, 262 ]
7472 / 10000: [ 0, 0, 0, 0, 0 ], [ 0, 801, 27, 262 ]
7473 / 10000: [ 0, 0, 0, 0, 0 ], [ 0, 801, 27, 262 ]
7474 / 10000: [ 0, 0, 0, 0, 0 ], [ 0, 801, 27, 262 ]
7475 / 10000: [ 0, 0, 0, 0, 0 ], [ 0, 801, 27, 262 ]
7476 / 10000: [ 0, 0, 0, 0, 0 ], [ 0, 801, 27, 262 ]
7477 / 10000: [ 0, 1, 0, 0, 0 ], [ 0, 801, 27, 262 ]
7478 / 10000: [ 0, 0, 0, 0, 0 ], [ 0, 801, 27, 262 ]
7479 / 10000: [ 0, 0, 0, 0, 0 ], [ 0, 801, 27, 262 ]
7480 / 10000: [ 0, 0, 0, 0, 0 ], [ 0, 801, 27, 262 ]
7481 / 10000: [ 0, 0, 0, 0, 0 ], [ 0, 801, 27, 262 ]
7482 / 10000: [ 0, 0, 0, 0, 0 ], [ 0, 801, 27, 262 ]
7483 / 10000: [ 0, 0, 0, 0, 0 ], [ 0, 801, 27, 262 ]
7484 / 10000: [ 0, 0, 0, 0, 0 ], [ 0, 801, 27, 262 ]
7485 / 10000: [ 0, 0, 0, 0, 0 ], [ 0, 801, 27, 262 ]
7486 / 10000: [ 0, 2, 0, 0, 0 ], [ 0, 801, 27, 262 ]
7487 / 10000: [ 0, 0, 0, 0, 0 ], [ 0, 801, 27, 262 ]
7488 / 10000: [ 0, 1, 0, 0, 0 ], [ 0, 801, 27, 262 ]
7489 / 10000: [ 0, 1, 0, 0, 0 ], [ 0, 801, 27, 262 ]
7490 / 10000: [ 0, 0, 0, 0, 0 ], [ 0, 801, 27, 262 ]
7491 / 10000: [ 0, 3, 0, 0, 0 ], [ 0, 802, 27, 262 ]
7492 / 10000: [ 0, 2, 0, 0, 0 ], [ 0, 802, 27, 262 ]
7493 / 10000: [ 0, 0, 0, 0, 0 ], [ 0, 802, 27, 262 ]
7494 / 10000: [ 0, 0, 0, 0, 0 ], [ 0, 802, 27, 262 ]
7495 / 10000: [ 0, 1, 0, 0, 0 ], [ 0, 802, 27, 262 ]
7496 / 10000: [ 0, 0, 0, 0, 0 ], [ 0, 802, 27, 262 ]
7497 / 10000: [ 0, 1, 0, 0, 0 ], [ 0, 802, 27, 262 ]
7498 / 10000: [ 0, 0, 0, 0, 0 ], [ 0, 802, 27, 262 ]
7499 / 10000: [ 0, 0, 0, 0, 0 ], [ 0, 802, 27, 262 ]
7500 / 10000: [ 0, 3, 0, 0, 0 ], [ 0, 803, 27, 262 ]
7501 / 10000: [ 0, 0, 0, 0, 0 ], [ 0, 803, 27, 262 ]
7502 / 10000: [ 0, 0, 0, 0, 0 ], [ 0, 803, 27, 262 ]
7503 / 10000: [ 0, 1, 0, 0, 0 ], [ 0, 803, 27, 262 ]
7504 / 10000: [ 0, 0, 0, 0, 0 ], [ 0, 803, 27, 262 ]
7505 / 10000: [ 0, 1, 0, 0, 0 ], [ 0, 803, 27, 262 ]
7506 / 10000: [ 0, 1, 0, 0, 0 ], [ 0, 803, 27, 262 ]
7507 / 10000: [ 0, 0, 0, 0, 0 ], [ 0, 803, 27, 262 ]
7508 / 10000: [ 0, 0, 0, 0, 0 ], [ 0, 803, 27, 262 ]
7509 / 10000: [ 0, 0, 0, 0, 0 ], [ 0, 803, 27, 262 ]
7510 / 10000: [ 0, 1, 0, 0, 0 ], [ 0, 803, 27, 262 ]
7511 / 10000: [ 0, 0, 0, 0, 0 ], [ 0, 803, 27, 262 ]
7512 / 10000: [ 0, 0, 0, 0, 0 ], [ 0, 803, 27, 262 ]
7513 / 10000: [ 0, 1, 0, 0, 0 ], [ 0, 803, 27, 262 ]
7514 / 10000: [ 0, 0, 0, 0, 0 ], [ 0, 803, 27, 262 ]
7515 / 10000: [ 0, 0, 0, 0, 0 ], [ 0, 803, 27, 262 ]
7516 / 10000: [ 0, 0, 0, 0, 0 ], [ 0, 803, 27, 262 ]
7517 / 10000: [ 0, 2, 0, 0, 0 ], [ 0, 803, 27, 262 ]
7518 / 10000: [ 0, 0, 0, 0, 0 ], [ 0, 803, 27, 262 ]
7519 / 10000: [ 0, 0, 0, 0, 0 ], [ 0, 803, 27, 262 ]
7520 / 10000: [ 0, 0, 0, 0, 0 ], [ 0, 803, 27, 262 ]
7521 / 10000: [ 0, 3, 0, 0, 0 ], [ 0, 804, 27, 262 ]
7522 / 10000: [ 0, 0, 0, 0, 0 ], [ 0, 804, 27, 262 ]
7523 / 10000: [ 0, 2, 0, 0, 0 ], [ 0, 804, 27, 262 ]
7524 / 10000: [ 0, 0, 0, 0, 0 ], [ 0, 804, 27, 262 ]
7525 / 10000: [ 0, 1, 0, 0, 0 ], [ 0, 804, 27, 262 ]
7526 / 10000: [ 0, 1, 0, 0, 0 ], [ 0, 804, 27, 262 ]
7527 / 10000: [ 0, 0, 0, 0, 0 ], [ 0, 804, 27, 262 ]
7528 / 10000: [ 0, 0, 0, 0, 0 ], [ 0, 804, 27, 262 ]
7529 / 10000: [ 0, 0, 0, 0, 0 ], [ 0, 804, 27, 262 ]
7530 / 10000: [ 0, 2, 0, 0, 0 ], [ 0, 804, 27, 262 ]
7531 / 10000: [ 0, 0, 0, 0, 0 ], [ 0, 804, 27, 262 ]
7532 / 10000: [ 0, 1, 0, 0, 0 ], [ 0, 804, 27, 262 ]
7533 / 10000: [ 0, 2, 0, 0, 0 ], [ 0, 804, 27, 262 ]
7534 / 10000: [ 0, 1, 0, 0, 0 ], [ 0, 804, 27, 262 ]
7535 / 10000: [ 0, 0, 0, 0, 0 ], [ 0, 804, 27, 262 ]
7536 / 10000: [ 0, 0, 0, 0, 0 ], [ 0, 804, 27, 262 ]
7537 / 10000: [ 0, 2, 0, 0, 0 ], [ 0, 804, 27, 262 ]
7538 / 10000: [ 0, 1, 0, 0, 0 ], [ 0, 804, 27, 262 ]
7539 / 10000: [ 0, 0, 0, 0, 0 ], [ 0, 804, 27, 262 ]
7540 / 10000: [ 0, 0, 0, 0, 0 ], [ 0, 804, 27, 262 ]
7541 / 10000: [ 0, 2, 0, 0, 0 ], [ 0, 804, 27, 262 ]
7542 / 10000: [ 0, 2, 0, 0, 0 ], [ 0, 804, 27, 262 ]
7543 / 10000: [ 0, 1, 0, 0, 0 ], [ 0, 804, 27, 262 ]
7544 / 10000: [ 0, 0, 0, 0, 0 ], [ 0, 804, 27, 262 ]
7545 / 10000: [ 0, 1, 0, 0, 0 ], [ 0, 804, 27, 262 ]
7546 / 10000: [ 0, 2, 0, 0, 0 ], [ 0, 804, 27, 262 ]
7547 / 10000: [ 0, 0, 0, 0, 0 ], [ 0, 804, 27, 262 ]
7548 / 10000: [ 0, 0, 0, 0, 0 ], [ 0, 804, 27, 262 ]
7549 / 10000: [ 0, 0, 0, 0, 0 ], [ 0, 804, 27, 262 ]
7550 / 10000: [ 0, 1, 0, 0, 0 ], [ 0, 804, 27, 262 ]
7551 / 10000: [ 0, 0, 0, 0, 0 ], [ 0, 804, 27, 262 ]
7552 / 10000: [ 0, 1, 0, 0, 0 ], [ 0, 804, 27, 262 ]
7553 / 10000: [ 0, 2, 0, 0, 0 ], [ 0, 804, 27, 262 ]
7554 / 10000: [ 0, 1, 0, 0, 0 ], [ 0, 804, 27, 262 ]
7555 / 10000: [ 0, 0, 0, 0, 0 ], [ 0, 804, 27, 262 ]
7556 / 10000: [ 0, 0, 0, 0, 0 ], [ 0, 804, 27, 262 ]
7557 / 10000: [ 0, 2, 0, 0, 0 ], [ 0, 804, 27, 262 ]
7558 / 10000: [ 0, 0, 0, 0, 0 ], [ 0, 804, 27, 262 ]
7559 / 10000: [ 0, 0, 0, 0, 0 ], [ 0, 804, 27, 262 ]
7560 / 10000: [ 0, 0, 0, 0, 0 ], [ 0, 804, 27, 262 ]
7561 / 10000: [ 0, 0, 0, 0, 0 ], [ 0, 804, 27, 262 ]
7562 / 10000: [ 0, 2, 0, 0, 0 ], [ 0, 804, 27, 262 ]
7563 / 10000: [ 0, 3, 0, 0, 0 ], [ 0, 805, 27, 262 ]
7564 / 10000: [ 0, 0, 0, 0, 0 ], [ 0, 805, 27, 262 ]
7565 / 10000: [ 0, 1, 0, 0, 0 ], [ 0, 805, 27, 262 ]
7566 / 10000: [ 0, 1, 0, 0, 0 ], [ 0, 805, 27, 262 ]
7567 / 10000: [ 0, 0, 0, 0, 0 ], [ 0, 805, 27, 262 ]
7568 / 10000: [ 0, 0, 0, 0, 0 ], [ 0, 805, 27, 262 ]
7569 / 10000: [ 0, 0, 0, 0, 0 ], [ 0, 805, 27, 262 ]
7570 / 10000: [ 0, 1, 0, 0, 0 ], [ 0, 805, 27, 262 ]
7571 / 10000: [ 0, 0, 0, 0, 0 ], [ 0, 805, 27, 262 ]
7572 / 10000: [ 0, 0, 0, 0, 0 ], [ 0, 805, 27, 262 ]
7573 / 10000: [ 0, 2, 0, 0, 0 ], [ 0, 805, 27, 262 ]
7574 / 10000: [ 0, 1, 0, 0, 0 ], [ 0, 805, 27, 262 ]
7575 / 10000: [ 0, 0, 0, 0, 0 ], [ 0, 805, 27, 262 ]
7576 / 10000: [ 0, 0, 0, 0, 0 ], [ 0, 805, 27, 262 ]
7577 / 10000: [ 0, 2, 0, 0, 0 ], [ 0, 805, 27, 262 ]
7578 / 10000: [ 0, 1, 0, 0, 0 ], [ 0, 805, 27, 262 ]
7579 / 10000: [ 0, 0, 0, 0, 0 ], [ 0, 805, 27, 262 ]
7580 / 10000: [ 0, 0, 0, 0, 0 ], [ 0, 805, 27, 262 ]
7581 / 10000: [ 0, 0, 0, 0, 0 ], [ 0, 805, 27, 262 ]
7582 / 10000: [ 0, 2, 0, 0, 0 ], [ 0, 805, 27, 262 ]
7583 / 10000: [ 0, 1, 0, 0, 0 ], [ 0, 805, 27, 262 ]
7584 / 10000: [ 0, 0, 0, 0, 0 ], [ 0, 805, 27, 262 ]
7585 / 10000: [ 0, 0, 0, 0, 0 ], [ 0, 805, 27, 262 ]
7586 / 10000: [ 0, 0, 0, 0, 0 ], [ 0, 805, 27, 262 ]
7587 / 10000: [ 0, 0, 0, 0, 0 ], [ 0, 805, 27, 262 ]
7588 / 10000: [ 0, 0, 0, 0, 0 ], [ 0, 805, 27, 262 ]
7589 / 10000: [ 0, 0, 0, 0, 0 ], [ 0, 805, 27, 262 ]
7590 / 10000: [ 0, 0, 0, 0, 0 ], [ 0, 805, 27, 262 ]
7591 / 10000: [ 0, 0, 0, 0, 0 ], [ 0, 805, 27, 262 ]
7592 / 10000: [ 0, 1, 0, 0, 0 ], [ 0, 805, 27, 262 ]
7593 / 10000: [ 0, 0, 0, 0, 0 ], [ 0, 805, 27, 262 ]
7594 / 10000: [ 0, 0, 0, 0, 0 ], [ 0, 805, 27, 262 ]
7595 / 10000: [ 0, 0, 0, 0, 0 ], [ 0, 805, 27, 262 ]
7596 / 10000: [ 0, 0, 0, 0, 0 ], [ 0, 805, 27, 262 ]
7597 / 10000: [ 0, 0, 0, 0, 0 ], [ 0, 805, 27, 262 ]
7598 / 10000: [ 0, 1, 0, 0, 0 ], [ 0, 805, 27, 262 ]
7599 / 10000: [ 0, 0, 0, 0, 0 ], [ 0, 805, 27, 262 ]
7600 / 10000: [ 0, 0, 0, 0, 0 ], [ 0, 805, 27, 262 ]
7601 / 10000: [ 0, 2, 0, 0, 0 ], [ 0, 805, 27, 262 ]
7602 / 10000: [ 0, 1, 0, 0, 0 ], [ 0, 805, 27, 262 ]
7603 / 10000: [ 0, 3, 0, 0, 0 ], [ 0, 806, 27, 262 ]
7604 / 10000: [ 0, 0, 0, 0, 0 ], [ 0, 806, 27, 262 ]
7605 / 10000: [ 0, 0, 0, 0, 0 ], [ 0, 806, 27, 262 ]
7606 / 10000: [ 0, 1, 0, 0, 0 ], [ 0, 806, 27, 262 ]
7607 / 10000: [ 0, 0, 0, 0, 0 ], [ 0, 806, 27, 262 ]
7608 / 10000: [ 0, 0, 0, 0, 0 ], [ 0, 806, 27, 262 ]
7609 / 10000: [ 0, 0, 0, 0, 0 ], [ 0, 806, 27, 262 ]
7610 / 10000: [ 0, 2, 0, 0, 0 ], [ 0, 806, 27, 262 ]
7611 / 10000: [ 0, 0, 0, 0, 0 ], [ 0, 806, 27, 262 ]
7612 / 10000: [ 0, 0, 0, 0, 0 ], [ 0, 806, 27, 262 ]
7613 / 10000: [ 0, 0, 0, 0, 0 ], [ 0, 806, 27, 262 ]
7614 / 10000: [ 0, 0, 0, 0, 0 ], [ 0, 806, 27, 262 ]
7615 / 10000: [ 0, 0, 0, 0, 0 ], [ 0, 806, 27, 262 ]
7616 / 10000: [ 0, 0, 0, 0, 0 ], [ 0, 806, 27, 262 ]
7617 / 10000: [ 0, 1, 0, 0, 0 ], [ 0, 806, 27, 262 ]
7618 / 10000: [ 0, 2, 0, 0, 0 ], [ 0, 806, 27, 262 ]
7619 / 10000: [ 0, 1, 0, 0, 0 ], [ 0, 806, 27, 262 ]
7620 / 10000: [ 0, 3, 0, 0, 0 ], [ 0, 807, 27, 262 ]
7621 / 10000: [ 0, 0, 0, 0, 0 ], [ 0, 807, 27, 262 ]
7622 / 10000: [ 0, 0, 0, 2, 0 ], [ 0, 807, 27, 262 ]
7623 / 10000: [ 0, 1, 0, 1, 0 ], [ 0, 807, 27, 262 ]
7624 / 10000: [ 0, 0, 0, 0, 0 ], [ 0, 807, 27, 262 ]
7625 / 10000: [ 0, 1, 0, 0, 0 ], [ 0, 807, 27, 262 ]
7626 / 10000: [ 0, 0, 0, 0, 0 ], [ 0, 807, 27, 262 ]
7627 / 10000: [ 0, 0, 0, 0, 0 ], [ 0, 807, 27, 262 ]
7628 / 10000: [ 0, 0, 0, 0, 0 ], [ 0, 807, 27, 262 ]
7629 / 10000: [ 0, 0, 0, 0, 0 ], [ 0, 807, 27, 262 ]
7630 / 10000: [ 0, 3, 0, 0, 0 ], [ 0, 808, 27, 262 ]
7631 / 10000: [ 0, 0, 0, 0, 0 ], [ 0, 808, 27, 262 ]
7632 / 10000: [ 0, 0, 0, 1, 0 ], [ 0, 808, 27, 262 ]
7633 / 10000: [ 0, 1, 0, 0, 0 ], [ 0, 808, 27, 262 ]
7634 / 10000: [ 0, 0, 0, 0, 0 ], [ 0, 808, 27, 262 ]
7635 / 10000: [ 0, 0, 0, 0, 0 ], [ 0, 808, 27, 262 ]
7636 / 10000: [ 0, 0, 0, 0, 0 ], [ 0, 808, 27, 262 ]
7637 / 10000: [ 0, 1, 0, 0, 0 ], [ 0, 808, 27, 262 ]
7638 / 10000: [ 0, 0, 0, 1, 0 ], [ 0, 808, 27, 262 ]
7639 / 10000: [ 0, 2, 0, 0, 0 ], [ 0, 808, 27, 262 ]
7640 / 10000: [ 0, 0, 0, 2, 0 ], [ 0, 808, 27, 262 ]
7641 / 10000: [ 0, 0, 0, 0, 0 ], [ 0, 808, 27, 262 ]
7642 / 10000: [ 0, 2, 0, 0, 0 ], [ 0, 808, 27, 262 ]
7643 / 10000: [ 0, 1, 0, 1, 0 ], [ 0, 808, 27, 262 ]
7644 / 10000: [ 0, 0, 0, 0, 0 ], [ 0, 808, 27, 262 ]
7645 / 10000: [ 0, 0, 0, 1, 0 ], [ 0, 808, 27, 262 ]
7646 / 10000: [ 0, 0, 0, 0, 0 ], [ 0, 808, 27, 262 ]
7647 / 10000: [ 0, 0, 0, 0, 0 ], [ 0, 808, 27, 262 ]
7648 / 10000: [ 0, 0, 0, 0, 0 ], [ 0, 808, 27, 262 ]
7649 / 10000: [ 0, 0, 0, 0, 0 ], [ 0, 808, 27, 262 ]
7650 / 10000: [ 0, 1, 1, 1, 0 ], [ 0, 808, 27, 263 ]
7651 / 10000: [ 0, 0, 0, 0, 0 ], [ 0, 808, 27, 263 ]
7652 / 10000: [ 0, 1, 0, 0, 0 ], [ 0, 808, 27, 263 ]
7653 / 10000: [ 0, 0, 0, 1, 0 ], [ 0, 808, 27, 263 ]
7654 / 10000: [ 0, 0, 0, 0, 0 ], [ 0, 808, 27, 263 ]
7655 / 10000: [ 0, 0, 0, 0, 0 ], [ 0, 808, 27, 263 ]
7656 / 10000: [ 0, 0, 0, 0, 0 ], [ 0, 808, 27, 263 ]
7657 / 10000: [ 0, 0, 0, 1, 0 ], [ 0, 808, 27, 263 ]
7658 / 10000: [ 0, 1, 0, 0, 0 ], [ 0, 808, 27, 263 ]
7659 / 10000: [ 0, 2, 0, 0, 0 ], [ 0, 808, 27, 263 ]
7660 / 10000: [ 0, 2, 0, 0, 0 ], [ 0, 808, 27, 263 ]
7661 / 10000: [ 0, 2, 0, 0, 0 ], [ 0, 808, 27, 263 ]
7662 / 10000: [ 0, 1, 0, 0, 0 ], [ 0, 808, 27, 263 ]
7663 / 10000: [ 0, 2, 0, 0, 0 ], [ 0, 808, 27, 263 ]
7664 / 10000: [ 0, 0, 0, 0, 0 ], [ 0, 808, 27, 263 ]
7665 / 10000: [ 0, 0, 0, 0, 0 ], [ 0, 808, 27, 263 ]
7666 / 10000: [ 0, 1, 0, 0, 0 ], [ 0, 808, 27, 263 ]
7667 / 10000: [ 0, 0, 0, 0, 0 ], [ 0, 808, 27, 263 ]
7668 / 10000: [ 0, 1, 0, 0, 0 ], [ 0, 808, 27, 263 ]
7669 / 10000: [ 0, 0, 0, 0, 0 ], [ 0, 808, 27, 263 ]
7670 / 10000: [ 0, 3, 0, 0, 0 ], [ 0, 809, 27, 263 ]
7671 / 10000: [ 0, 2, 0, 0, 0 ], [ 0, 809, 27, 263 ]
7672 / 10000: [ 0, 0, 0, 0, 0 ], [ 0, 809, 27, 263 ]
7673 / 10000: [ 0, 0, 0, 0, 0 ], [ 0, 809, 27, 263 ]
7674 / 10000: [ 0, 0, 0, 0, 0 ], [ 0, 809, 27, 263 ]
7675 / 10000: [ 0, 0, 0, 0, 0 ], [ 0, 809, 27, 263 ]
7676 / 10000: [ 0, 0, 0, 0, 0 ], [ 0, 809, 27, 263 ]
7677 / 10000: [ 0, 0, 1, 0, 0 ], [ 0, 809, 27, 263 ]
7678 / 10000: [ 0, 2, 0, 0, 0 ], [ 0, 809, 27, 263 ]
7679 / 10000: [ 0, 1, 0, 0, 0 ], [ 0, 809, 27, 263 ]
7680 / 10000: [ 0, 2, 0, 0, 0 ], [ 0, 809, 27, 263 ]
7681 / 10000: [ 0, 3, 0, 0, 0 ], [ 0, 810, 27, 263 ]
7682 / 10000: [ 0, 2, 0, 0, 0 ], [ 0, 810, 27, 263 ]
7683 / 10000: [ 0, 2, 0, 0, 0 ], [ 0, 810, 27, 263 ]
7684 / 10000: [ 0, 0, 0, 0, 0 ], [ 0, 810, 27, 263 ]
7685 / 10000: [ 0, 0, 0, 0, 0 ], [ 0, 810, 27, 263 ]
7686 / 10000: [ 0, 2, 0, 0, 0 ], [ 0, 810, 27, 263 ]
7687 / 10000: [ 0, 0, 0, 0, 0 ], [ 0, 810, 27, 263 ]
7688 / 10000: [ 0, 1, 0, 0, 0 ], [ 0, 810, 27, 263 ]
7689 / 10000: [ 0, 2, 0, 0, 0 ], [ 0, 810, 27, 263 ]
7690 / 10000: [ 0, 3, 0, 0, 0 ], [ 0, 811, 27, 263 ]
7691 / 10000: [ 0, 2, 0, 0, 0 ], [ 0, 811, 27, 263 ]
7692 / 10000: [ 0, 0, 0, 0, 0 ], [ 0, 811, 27, 263 ]
7693 / 10000: [ 0, 2, 0, 0, 0 ], [ 0, 811, 27, 263 ]
7694 / 10000: [ 0, 2, 0, 0, 0 ], [ 0, 811, 27, 263 ]
7695 / 10000: [ 0, 0, 0, 0, 0 ], [ 0, 811, 27, 263 ]
7696 / 10000: [ 0, 1, 0, 0, 0 ], [ 0, 811, 27, 263 ]
7697 / 10000: [ 0, 0, 0, 0, 0 ], [ 0, 811, 27, 263 ]
7698 / 10000: [ 0, 3, 0, 0, 0 ], [ 0, 812, 27, 263 ]
7699 / 10000: [ 0, 2, 0, 0, 0 ], [ 0, 812, 27, 263 ]
7700 / 10000: [ 0, 2, 0, 0, 0 ], [ 0, 812, 27, 263 ]
7701 / 10000: [ 0, 0, 0, 3, 0 ], [ 0, 812, 27, 264 ]
7702 / 10000: [ 0, 1, 0, 2, 0 ], [ 0, 812, 27, 265 ]
7703 / 10000: [ 0, 0, 0, 1, 0 ], [ 0, 812, 27, 265 ]
7704 / 10000: [ 0, 0, 0, 1, 0 ], [ 0, 812, 27, 265 ]
7705 / 10000: [ 0, 0, 0, 1, 0 ], [ 0, 812, 27, 265 ]
7706 / 10000: [ 0, 0, 0, 3, 0 ], [ 0, 812, 27, 266 ]
7707 / 10000: [ 0, 0, 0, 0, 0 ], [ 0, 812, 27, 266 ]
7708 / 10000: [ 0, 0, 0, 1, 0 ], [ 0, 812, 27, 266 ]
7709 / 10000: [ 0, 0, 0, 3, 0 ], [ 0, 812, 27, 267 ]
7710 / 10000: [ 0, 0, 0, 0, 0 ], [ 0, 812, 27, 267 ]
7711 / 10000: [ 0, 0, 0, 3, 0 ], [ 0, 812, 27, 268 ]
7712 / 10000: [ 0, 0, 0, 3, 0 ], [ 0, 812, 27, 269 ]
7713 / 10000: [ 0, 0, 0, 0, 0 ], [ 0, 812, 27, 269 ]
7714 / 10000: [ 0, 1, 0, 2, 0 ], [ 0, 812, 27, 270 ]
7715 / 10000: [ 0, 0, 0, 1, 0 ], [ 0, 812, 27, 270 ]
7716 / 10000: [ 0, 0, 0, 1, 0 ], [ 0, 812, 27, 270 ]
7717 / 10000: [ 0, 0, 0, 1, 0 ], [ 0, 812, 27, 270 ]
7718 / 10000: [ 0, 0, 0, 2, 0 ], [ 0, 812, 27, 270 ]
7719 / 10000: [ 0, 0, 0, 0, 0 ], [ 0, 812, 27, 270 ]
7720 / 10000: [ 0, 0, 0, 2, 0 ], [ 0, 812, 27, 270 ]
7721 / 10000: [ 0, 1, 0, 2, 0 ], [ 0, 812, 27, 271 ]
7722 / 10000: [ 0, 2, 0, 1, 0 ], [ 0, 812, 27, 272 ]
7723 / 10000: [ 0, 1, 0, 0, 0 ], [ 0, 812, 27, 272 ]
7724 / 10000: [ 0, 1, 0, 0, 0 ], [ 0, 812, 27, 272 ]
7725 / 10000: [ 0, 1, 0, 0, 0 ], [ 0, 812, 27, 272 ]
7726 / 10000: [ 0, 1, 0, 2, 0 ], [ 0, 812, 27, 273 ]
7727 / 10000: [ 0, 0, 0, 0, 0 ], [ 0, 812, 27, 273 ]
7728 / 10000: [ 0, 0, 0, 1, 0 ], [ 0, 812, 27, 273 ]
7729 / 10000: [ 0, 2, 0, 1, 0 ], [ 0, 812, 27, 274 ]
7730 / 10000: [ 0, 0, 0, 0, 0 ], [ 0, 812, 27, 274 ]
7731 / 10000: [ 0, 1, 0, 2, 0 ], [ 0, 812, 27, 275 ]
7732 / 10000: [ 0, 0, 0, 3, 0 ], [ 0, 812, 27, 276 ]
7733 / 10000: [ 0, 0, 0, 0, 0 ], [ 0, 812, 27, 276 ]
7734 / 10000: [ 0, 2, 0, 1, 0 ], [ 0, 812, 27, 277 ]
7735 / 10000: [ 0, 0, 0, 1, 0 ], [ 0, 812, 27, 277 ]
7736 / 10000: [ 0, 1, 0, 0, 0 ], [ 0, 812, 27, 277 ]
7737 / 10000: [ 0, 0, 0, 1, 0 ], [ 0, 812, 27, 277 ]
7738 / 10000: [ 0, 1, 0, 1, 0 ], [ 0, 812, 27, 277 ]
7739 / 10000: [ 0, 0, 0, 0, 0 ], [ 0, 812, 27, 277 ]
7740 / 10000: [ 0, 0, 0, 2, 0 ], [ 0, 812, 27, 277 ]
7741 / 10000: [ 0, 2, 0, 1, 0 ], [ 0, 812, 27, 278 ]
7742 / 10000: [ 0, 3, 0, 0, 0 ], [ 0, 813, 27, 278 ]
7743 / 10000: [ 0, 0, 0, 1, 0 ], [ 0, 813, 27, 278 ]
7744 / 10000: [ 0, 0, 0, 1, 0 ], [ 0, 813, 27, 278 ]
7745 / 10000: [ 0, 0, 0, 1, 0 ], [ 0, 813, 27, 278 ]
7746 / 10000: [ 0, 2, 0, 1, 0 ], [ 0, 813, 27, 279 ]
7747 / 10000: [ 0, 0, 0, 0, 0 ], [ 0, 813, 27, 279 ]
7748 / 10000: [ 0, 1, 0, 0, 0 ], [ 0, 813, 27, 279 ]
7749 / 10000: [ 0, 2, 0, 1, 0 ], [ 0, 813, 27, 280 ]
7750 / 10000: [ 0, 0, 0, 0, 0 ], [ 0, 813, 27, 280 ]
7751 / 10000: [ 0, 3, 0, 0, 0 ], [ 0, 814, 27, 280 ]
7752 / 10000: [ 0, 3, 0, 0, 0 ], [ 0, 815, 27, 280 ]
7753 / 10000: [ 0, 0, 0, 0, 0 ], [ 0, 815, 27, 280 ]
7754 / 10000: [ 0, 1, 0, 2, 0 ], [ 0, 815, 27, 281 ]
7755 / 10000: [ 0, 1, 0, 0, 0 ], [ 0, 815, 27, 281 ]
7756 / 10000: [ 0, 0, 0, 1, 0 ], [ 0, 815, 27, 281 ]
7757 / 10000: [ 0, 1, 0, 0, 0 ], [ 0, 815, 27, 281 ]
7758 / 10000: [ 0, 1, 0, 1, 0 ], [ 0, 815, 27, 281 ]
7759 / 10000: [ 0, 0, 0, 0, 0 ], [ 0, 815, 27, 281 ]
7760 / 10000: [ 0, 2, 0, 0, 0 ], [ 0, 815, 27, 281 ]
7761 / 10000: [ 0, 0, 0, 0, 0 ], [ 0, 815, 27, 281 ]
7762 / 10000: [ 0, 0, 0, 0, 0 ], [ 0, 815, 27, 281 ]
7763 / 10000: [ 0, 0, 0, 0, 0 ], [ 0, 815, 27, 281 ]
7764 / 10000: [ 0, 0, 0, 1, 0 ], [ 0, 815, 27, 281 ]
7765 / 10000: [ 0, 0, 0, 0, 0 ], [ 0, 815, 27, 281 ]
7766 / 10000: [ 0, 3, 0, 0, 0 ], [ 0, 816, 27, 281 ]
7767 / 10000: [ 0, 0, 0, 0, 1 ], [ 0, 816, 27, 281 ]
7768 / 10000: [ 0, 2, 0, 1, 0 ], [ 0, 816, 27, 282 ]
7769 / 10000: [ 0, 1, 0, 0, 0 ], [ 0, 816, 27, 282 ]
7770 / 10000: [ 0, 0, 0, 0, 0 ], [ 0, 816, 27, 282 ]
7771 / 10000: [ 0, 3, 0, 0, 0 ], [ 0, 817, 27, 282 ]
7772 / 10000: [ 0, 1, 0, 2, 0 ], [ 0, 817, 27, 283 ]
7773 / 10000: [ 0, 1, 0, 1, 0 ], [ 0, 817, 27, 283 ]
7774 / 10000: [ 0, 0, 0, 1, 0 ], [ 0, 817, 27, 283 ]
7775 / 10000: [ 0, 1, 0, 1, 1 ], [ 0, 817, 27, 284 ]
7776 / 10000: [ 0, 0, 0, 0, 0 ], [ 0, 817, 27, 284 ]
7777 / 10000: [ 0, 1, 0, 1, 0 ], [ 0, 817, 27, 284 ]
7778 / 10000: [ 0, 0, 0, 0, 0 ], [ 0, 817, 27, 284 ]
7779 / 10000: [ 0, 0, 0, 0, 0 ], [ 0, 817, 27, 284 ]
7780 / 10000: [ 0, 2, 0, 1, 0 ], [ 0, 817, 27, 285 ]
7781 / 10000: [ 0, 0, 0, 0, 0 ], [ 0, 817, 27, 285 ]
7782 / 10000: [ 0, 0, 0, 0, 0 ], [ 0, 817, 27, 285 ]
7783 / 10000: [ 0, 0, 0, 0, 0 ], [ 0, 817, 27, 285 ]
7784 / 10000: [ 0, 1, 0, 0, 0 ], [ 0, 817, 27, 285 ]
7785 / 10000: [ 0, 0, 0, 0, 0 ], [ 0, 817, 27, 285 ]
7786 / 10000: [ 0, 3, 0, 0, 0 ], [ 0, 818, 27, 285 ]
7787 / 10000: [ 0, 0, 1, 0, 0 ], [ 0, 818, 27, 285 ]
7788 / 10000: [ 0, 3, 0, 0, 0 ], [ 0, 819, 27, 285 ]
7789 / 10000: [ 0, 1, 0, 0, 0 ], [ 0, 819, 27, 285 ]
7790 / 10000: [ 0, 0, 0, 0, 0 ], [ 0, 819, 27, 285 ]
7791 / 10000: [ 0, 3, 0, 0, 0 ], [ 0, 820, 27, 285 ]
7792 / 10000: [ 0, 3, 0, 0, 0 ], [ 0, 821, 27, 285 ]
7793 / 10000: [ 0, 1, 0, 1, 0 ], [ 0, 821, 27, 285 ]
7794 / 10000: [ 0, 1, 0, 0, 0 ], [ 0, 821, 27, 285 ]
7795 / 10000: [ 0, 2, 1, 0, 0 ], [ 0, 821, 28, 285 ]
7796 / 10000: [ 0, 0, 0, 0, 0 ], [ 0, 821, 28, 285 ]
7797 / 10000: [ 0, 2, 0, 0, 0 ], [ 0, 821, 28, 285 ]
7798 / 10000: [ 0, 0, 0, 0, 0 ], [ 0, 821, 28, 285 ]
7799 / 10000: [ 0, 0, 0, 0, 0 ], [ 0, 821, 28, 285 ]
7800 / 10000: [ 0, 3, 0, 0, 0 ], [ 0, 822, 28, 285 ]
7801 / 10000: [ 0, 1, 0, 0, 0 ], [ 0, 822, 28, 285 ]
7802 / 10000: [ 0, 1, 0, 0, 0 ], [ 0, 822, 28, 285 ]
7803 / 10000: [ 0, 0, 0, 0, 0 ], [ 0, 822, 28, 285 ]
7804 / 10000: [ 0, 0, 0, 0, 0 ], [ 0, 822, 28, 285 ]
7805 / 10000: [ 0, 0, 0, 0, 0 ], [ 0, 822, 28, 285 ]
7806 / 10000: [ 0, 3, 0, 0, 0 ], [ 0, 823, 28, 285 ]
7807 / 10000: [ 0, 0, 0, 0, 0 ], [ 0, 823, 28, 285 ]
7808 / 10000: [ 0, 2, 0, 0, 0 ], [ 0, 823, 28, 285 ]
7809 / 10000: [ 0, 1, 0, 0, 0 ], [ 0, 823, 28, 285 ]
7810 / 10000: [ 0, 0, 0, 0, 0 ], [ 0, 823, 28, 285 ]
7811 / 10000: [ 0, 3, 0, 0, 0 ], [ 0, 824, 28, 285 ]
7812 / 10000: [ 0, 3, 0, 0, 0 ], [ 0, 825, 28, 285 ]
7813 / 10000: [ 0, 0, 0, 0, 0 ], [ 0, 825, 28, 285 ]
7814 / 10000: [ 0, 0, 0, 0, 0 ], [ 0, 825, 28, 285 ]
7815 / 10000: [ 0, 1, 0, 0, 0 ], [ 0, 825, 28, 285 ]
7816 / 10000: [ 0, 0, 0, 0, 0 ], [ 0, 825, 28, 285 ]
7817 / 10000: [ 0, 3, 0, 0, 0 ], [ 0, 826, 28, 285 ]
7818 / 10000: [ 0, 0, 0, 0, 0 ], [ 0, 826, 28, 285 ]
7819 / 10000: [ 0, 0, 0, 0, 0 ], [ 0, 826, 28, 285 ]
7820 / 10000: [ 0, 2, 0, 0, 0 ], [ 0, 826, 28, 285 ]
7821 / 10000: [ 0, 0, 0, 0, 0 ], [ 0, 826, 28, 285 ]
7822 / 10000: [ 0, 0, 0, 0, 0 ], [ 0, 826, 28, 285 ]
7823 / 10000: [ 0, 1, 0, 0, 0 ], [ 0, 826, 28, 285 ]
7824 / 10000: [ 0, 0, 0, 0, 0 ], [ 0, 826, 28, 285 ]
7825 / 10000: [ 0, 1, 0, 0, 0 ], [ 0, 826, 28, 285 ]
7826 / 10000: [ 0, 0, 0, 0, 0 ], [ 0, 826, 28, 285 ]
7827 / 10000: [ 0, 0, 0, 0, 0 ], [ 0, 826, 28, 285 ]
7828 / 10000: [ 0, 0, 0, 0, 0 ], [ 0, 826, 28, 285 ]
7829 / 10000: [ 0, 0, 0, 0, 0 ], [ 0, 826, 28, 285 ]
7830 / 10000: [ 0, 0, 0, 0, 0 ], [ 0, 826, 28, 285 ]
7831 / 10000: [ 0, 0, 0, 0, 0 ], [ 0, 826, 28, 285 ]
7832 / 10000: [ 0, 0, 0, 0, 0 ], [ 0, 826, 28, 285 ]
7833 / 10000: [ 0, 1, 0, 0, 0 ], [ 0, 826, 28, 285 ]
7834 / 10000: [ 0, 0, 0, 0, 0 ], [ 0, 826, 28, 285 ]
7835 / 10000: [ 0, 0, 0, 0, 0 ], [ 0, 826, 28, 285 ]
7836 / 10000: [ 0, 0, 0, 0, 0 ], [ 0, 826, 28, 285 ]
7837 / 10000: [ 0, 1, 0, 0, 0 ], [ 0, 826, 28, 285 ]
7838 / 10000: [ 0, 0, 0, 0, 0 ], [ 0, 826, 28, 285 ]
7839 / 10000: [ 0, 1, 0, 0, 0 ], [ 0, 826, 28, 285 ]
7840 / 10000: [ 0, 0, 0, 0, 0 ], [ 0, 826, 28, 285 ]
7841 / 10000: [ 0, 3, 0, 0, 0 ], [ 0, 827, 28, 285 ]
7842 / 10000: [ 0, 0, 0, 0, 0 ], [ 0, 827, 28, 285 ]
7843 / 10000: [ 0, 0, 0, 0, 0 ], [ 0, 827, 28, 285 ]
7844 / 10000: [ 0, 0, 0, 0, 0 ], [ 0, 827, 28, 285 ]
7845 / 10000: [ 0, 0, 0, 0, 0 ], [ 0, 827, 28, 285 ]
7846 / 10000: [ 0, 0, 0, 0, 0 ], [ 0, 827, 28, 285 ]
7847 / 10000: [ 0, 0, 0, 0, 0 ], [ 0, 827, 28, 285 ]
7848 / 10000: [ 0, 0, 0, 0, 0 ], [ 0, 827, 28, 285 ]
7849 / 10000: [ 0, 0, 0, 0, 0 ], [ 0, 827, 28, 285 ]
7850 / 10000: [ 0, 0, 0, 0, 0 ], [ 0, 827, 28, 285 ]
7851 / 10000: [ 0, 0, 0, 0, 0 ], [ 0, 827, 28, 285 ]
7852 / 10000: [ 0, 1, 0, 0, 0 ], [ 0, 827, 28, 285 ]
7853 / 10000: [ 0, 0, 0, 0, 0 ], [ 0, 827, 28, 285 ]
7854 / 10000: [ 0, 0, 0, 0, 0 ], [ 0, 827, 28, 285 ]
7855 / 10000: [ 0, 0, 0, 0, 0 ], [ 0, 827, 28, 285 ]
7856 / 10000: [ 0, 0, 0, 0, 0 ], [ 0, 827, 28, 285 ]
7857 / 10000: [ 0, 0, 0, 0, 0 ], [ 0, 827, 28, 285 ]
7858 / 10000: [ 0, 1, 0, 0, 0 ], [ 0, 827, 28, 285 ]
7859 / 10000: [ 0, 0, 0, 0, 0 ], [ 0, 827, 28, 285 ]
7860 / 10000: [ 0, 0, 0, 0, 0 ], [ 0, 827, 28, 285 ]
7861 / 10000: [ 0, 2, 0, 0, 0 ], [ 0, 827, 28, 285 ]
7862 / 10000: [ 0, 3, 0, 0, 0 ], [ 0, 828, 28, 285 ]
7863 / 10000: [ 0, 2, 0, 0, 0 ], [ 0, 828, 28, 285 ]
7864 / 10000: [ 0, 0, 0, 0, 0 ], [ 0, 828, 28, 285 ]
7865 / 10000: [ 0, 1, 0, 0, 0 ], [ 0, 828, 28, 285 ]
7866 / 10000: [ 0, 1, 0, 0, 0 ], [ 0, 828, 28, 285 ]
7867 / 10000: [ 0, 0, 0, 0, 0 ], [ 0, 828, 28, 285 ]
7868 / 10000: [ 0, 0, 0, 0, 0 ], [ 0, 828, 28, 285 ]
7869 / 10000: [ 0, 0, 0, 0, 0 ], [ 0, 828, 28, 285 ]
7870 / 10000: [ 0, 2, 0, 0, 0 ], [ 0, 828, 28, 285 ]
7871 / 10000: [ 0, 0, 0, 0, 0 ], [ 0, 828, 28, 285 ]
7872 / 10000: [ 0, 1, 0, 0, 0 ], [ 0, 828, 28, 285 ]
7873 / 10000: [ 0, 1, 0, 0, 0 ], [ 0, 828, 28, 285 ]
7874 / 10000: [ 0, 0, 0, 0, 0 ], [ 0, 828, 28, 285 ]
7875 / 10000: [ 0, 0, 0, 0, 0 ], [ 0, 828, 28, 285 ]
7876 / 10000: [ 0, 0, 0, 0, 0 ], [ 0, 828, 28, 285 ]
7877 / 10000: [ 0, 2, 0, 0, 0 ], [ 0, 828, 28, 285 ]
7878 / 10000: [ 0, 0, 0, 0, 0 ], [ 0, 828, 28, 285 ]
7879 / 10000: [ 0, 0, 0, 0, 0 ], [ 0, 828, 28, 285 ]
7880 / 10000: [ 0, 0, 0, 0, 0 ], [ 0, 828, 28, 285 ]
7881 / 10000: [ 0, 0, 0, 0, 0 ], [ 0, 828, 28, 285 ]
7882 / 10000: [ 0, 0, 0, 0, 0 ], [ 0, 828, 28, 285 ]
7883 / 10000: [ 0, 1, 0, 0, 0 ], [ 0, 828, 28, 285 ]
7884 / 10000: [ 0, 0, 0, 0, 0 ], [ 0, 828, 28, 285 ]
7885 / 10000: [ 0, 1, 0, 0, 0 ], [ 0, 828, 28, 285 ]
7886 / 10000: [ 0, 1, 0, 0, 0 ], [ 0, 828, 28, 285 ]
7887 / 10000: [ 0, 0, 0, 0, 0 ], [ 0, 828, 28, 285 ]
7888 / 10000: [ 0, 0, 0, 0, 0 ], [ 0, 828, 28, 285 ]
7889 / 10000: [ 0, 0, 0, 0, 0 ], [ 0, 828, 28, 285 ]
7890 / 10000: [ 0, 1, 0, 0, 0 ], [ 0, 828, 28, 285 ]
7891 / 10000: [ 0, 0, 0, 0, 0 ], [ 0, 828, 28, 285 ]
7892 / 10000: [ 0, 0, 0, 0, 0 ], [ 0, 828, 28, 285 ]
7893 / 10000: [ 0, 1, 0, 0, 0 ], [ 0, 828, 28, 285 ]
7894 / 10000: [ 0, 0, 0, 0, 0 ], [ 0, 828, 28, 285 ]
7895 / 10000: [ 0, 0, 0, 0, 0 ], [ 0, 828, 28, 285 ]
7896 / 10000: [ 0, 0, 0, 0, 0 ], [ 0, 828, 28, 285 ]
7897 / 10000: [ 0, 2, 0, 0, 0 ], [ 0, 828, 28, 285 ]
7898 / 10000: [ 0, 1, 0, 0, 0 ], [ 0, 828, 28, 285 ]
7899 / 10000: [ 0, 0, 0, 0, 0 ], [ 0, 828, 28, 285 ]
7900 / 10000: [ 0, 0, 0, 0, 0 ], [ 0, 828, 28, 285 ]
7901 / 10000: [ 0, 0, 0, 0, 0 ], [ 0, 828, 28, 285 ]
7902 / 10000: [ 0, 0, 0, 0, 0 ], [ 0, 828, 28, 285 ]
7903 / 10000: [ 0, 0, 0, 0, 0 ], [ 0, 828, 28, 285 ]
7904 / 10000: [ 0, 0, 0, 0, 0 ], [ 0, 828, 28, 285 ]
7905 / 10000: [ 0, 0, 0, 0, 0 ], [ 0, 828, 28, 285 ]
7906 / 10000: [ 0, 0, 0, 0, 0 ], [ 0, 828, 28, 285 ]
7907 / 10000: [ 0, 0, 0, 0, 0 ], [ 0, 828, 28, 285 ]
7908 / 10000: [ 0, 0, 0, 0, 0 ], [ 0, 828, 28, 285 ]
7909 / 10000: [ 0, 1, 0, 0, 0 ], [ 0, 828, 28, 285 ]
7910 / 10000: [ 0, 1, 0, 0, 0 ], [ 0, 828, 28, 285 ]
7911 / 10000: [ 0, 0, 0, 0, 0 ], [ 0, 828, 28, 285 ]
7912 / 10000: [ 0, 2, 0, 0, 0 ], [ 0, 828, 28, 285 ]
7913 / 10000: [ 0, 0, 0, 0, 0 ], [ 0, 828, 28, 285 ]
7914 / 10000: [ 0, 0, 0, 0, 0 ], [ 0, 828, 28, 285 ]
7915 / 10000: [ 0, 1, 0, 0, 0 ], [ 0, 828, 28, 285 ]
7916 / 10000: [ 0, 0, 0, 0, 0 ], [ 0, 828, 28, 285 ]
7917 / 10000: [ 0, 0, 0, 0, 0 ], [ 0, 828, 28, 285 ]
7918 / 10000: [ 0, 0, 0, 0, 0 ], [ 0, 828, 28, 285 ]
7919 / 10000: [ 0, 0, 0, 0, 0 ], [ 0, 828, 28, 285 ]
7920 / 10000: [ 0, 0, 0, 0, 0 ], [ 0, 828, 28, 285 ]
7921 / 10000: [ 0, 1, 0, 0, 0 ], [ 0, 828, 28, 285 ]
7922 / 10000: [ 0, 1, 0, 0, 0 ], [ 0, 828, 28, 285 ]
7923 / 10000: [ 0, 1, 0, 0, 0 ], [ 0, 828, 28, 285 ]
7924 / 10000: [ 0, 0, 0, 0, 0 ], [ 0, 828, 28, 285 ]
7925 / 10000: [ 0, 0, 0, 0, 0 ], [ 0, 828, 28, 285 ]
7926 / 10000: [ 0, 2, 0, 0, 0 ], [ 0, 828, 28, 285 ]
7927 / 10000: [ 0, 0, 0, 0, 0 ], [ 0, 828, 28, 285 ]
7928 / 10000: [ 0, 1, 0, 0, 0 ], [ 0, 828, 28, 285 ]
7929 / 10000: [ 0, 3, 0, 0, 0 ], [ 0, 829, 28, 285 ]
7930 / 10000: [ 0, 0, 0, 0, 0 ], [ 0, 829, 28, 285 ]
7931 / 10000: [ 0, 1, 0, 0, 0 ], [ 0, 829, 28, 285 ]
7932 / 10000: [ 0, 1, 0, 0, 0 ], [ 0, 829, 28, 285 ]
7933 / 10000: [ 0, 2, 0, 0, 0 ], [ 0, 829, 28, 285 ]
7934 / 10000: [ 0, 2, 0, 0, 0 ], [ 0, 829, 28, 285 ]
7935 / 10000: [ 0, 0, 0, 0, 0 ], [ 0, 829, 28, 285 ]
7936 / 10000: [ 0, 1, 0, 0, 0 ], [ 0, 829, 28, 285 ]
7937 / 10000: [ 0, 1, 0, 0, 0 ], [ 0, 829, 28, 285 ]
7938 / 10000: [ 0, 2, 0, 0, 0 ], [ 0, 829, 28, 285 ]
7939 / 10000: [ 0, 0, 0, 0, 0 ], [ 0, 829, 28, 285 ]
7940 / 10000: [ 0, 0, 0, 0, 0 ], [ 0, 829, 28, 285 ]
7941 / 10000: [ 0, 2, 0, 0, 0 ], [ 0, 829, 28, 285 ]
7942 / 10000: [ 0, 1, 0, 0, 0 ], [ 0, 829, 28, 285 ]
7943 / 10000: [ 0, 2, 0, 0, 0 ], [ 0, 829, 28, 285 ]
7944 / 10000: [ 0, 0, 0, 0, 0 ], [ 0, 829, 28, 285 ]
7945 / 10000: [ 0, 0, 0, 0, 0 ], [ 0, 829, 28, 285 ]
7946 / 10000: [ 0, 0, 0, 0, 0 ], [ 0, 829, 28, 285 ]
7947 / 10000: [ 0, 0, 0, 0, 0 ], [ 0, 829, 28, 285 ]
7948 / 10000: [ 0, 0, 0, 0, 0 ], [ 0, 829, 28, 285 ]
7949 / 10000: [ 0, 1, 0, 0, 0 ], [ 0, 829, 28, 285 ]
7950 / 10000: [ 0, 2, 0, 0, 0 ], [ 0, 829, 28, 285 ]
7951 / 10000: [ 0, 0, 0, 0, 0 ], [ 0, 829, 28, 285 ]
7952 / 10000: [ 0, 0, 0, 0, 0 ], [ 0, 829, 28, 285 ]
7953 / 10000: [ 0, 0, 0, 0, 0 ], [ 0, 829, 28, 285 ]
7954 / 10000: [ 0, 0, 0, 0, 0 ], [ 0, 829, 28, 285 ]
7955 / 10000: [ 0, 0, 0, 0, 0 ], [ 0, 829, 28, 285 ]
7956 / 10000: [ 0, 1, 0, 0, 0 ], [ 0, 829, 28, 285 ]
7957 / 10000: [ 0, 0, 0, 0, 0 ], [ 0, 829, 28, 285 ]
7958 / 10000: [ 0, 2, 0, 0, 0 ], [ 0, 829, 28, 285 ]
7959 / 10000: [ 0, 0, 0, 0, 0 ], [ 0, 829, 28, 285 ]
7960 / 10000: [ 0, 2, 0, 0, 0 ], [ 0, 829, 28, 285 ]
7961 / 10000: [ 0, 0, 0, 0, 0 ], [ 0, 829, 28, 285 ]
7962 / 10000: [ 0, 2, 0, 0, 0 ], [ 0, 829, 28, 285 ]
7963 / 10000: [ 0, 2, 0, 0, 0 ], [ 0, 829, 28, 285 ]
7964 / 10000: [ 0, 0, 0, 0, 0 ], [ 0, 829, 28, 285 ]
7965 / 10000: [ 0, 1, 0, 0, 0 ], [ 0, 829, 28, 285 ]
7966 / 10000: [ 0, 1, 0, 0, 0 ], [ 0, 829, 28, 285 ]
7967 / 10000: [ 0, 1, 0, 0, 0 ], [ 0, 829, 28, 285 ]
7968 / 10000: [ 0, 0, 0, 0, 0 ], [ 0, 829, 28, 285 ]
7969 / 10000: [ 0, 0, 0, 0, 0 ], [ 0, 829, 28, 285 ]
7970 / 10000: [ 0, 2, 0, 0, 0 ], [ 0, 829, 28, 285 ]
7971 / 10000: [ 0, 0, 0, 0, 0 ], [ 0, 829, 28, 285 ]
7972 / 10000: [ 0, 1, 0, 0, 0 ], [ 0, 829, 28, 285 ]
7973 / 10000: [ 0, 2, 0, 0, 0 ], [ 0, 829, 28, 285 ]
7974 / 10000: [ 0, 0, 0, 0, 0 ], [ 0, 829, 28, 285 ]
7975 / 10000: [ 0, 0, 0, 0, 0 ], [ 0, 829, 28, 285 ]
7976 / 10000: [ 0, 0, 0, 0, 0 ], [ 0, 829, 28, 285 ]
7977 / 10000: [ 0, 2, 0, 0, 0 ], [ 0, 829, 28, 285 ]
7978 / 10000: [ 0, 1, 0, 0, 0 ], [ 0, 829, 28, 285 ]
7979 / 10000: [ 0, 1, 0, 0, 0 ], [ 0, 829, 28, 285 ]
7980 / 10000: [ 0, 1, 0, 0, 0 ], [ 0, 829, 28, 285 ]
7981 / 10000: [ 0, 2, 0, 0, 0 ], [ 0, 829, 28, 285 ]
7982 / 10000: [ 0, 1, 0, 0, 0 ], [ 0, 829, 28, 285 ]
7983 / 10000: [ 0, 1, 0, 1, 0 ], [ 0, 829, 28, 285 ]
7984 / 10000: [ 0, 0, 0, 0, 0 ], [ 0, 829, 28, 285 ]
7985 / 10000: [ 0, 0, 0, 0, 0 ], [ 0, 829, 28, 285 ]
7986 / 10000: [ 0, 3, 0, 0, 0 ], [ 0, 830, 28, 285 ]
7987 / 10000: [ 0, 0, 0, 0, 0 ], [ 0, 830, 28, 285 ]
7988 / 10000: [ 0, 3, 0, 0, 0 ], [ 0, 831, 28, 285 ]
7989 / 10000: [ 0, 3, 0, 0, 0 ], [ 0, 832, 28, 285 ]
7990 / 10000: [ 0, 0, 0, 1, 0 ], [ 0, 832, 28, 285 ]
7991 / 10000: [ 0, 3, 0, 0, 0 ], [ 0, 833, 28, 285 ]
7992 / 10000: [ 0, 2, 0, 1, 0 ], [ 0, 833, 28, 286 ]
7993 / 10000: [ 0, 2, 0, 0, 0 ], [ 0, 833, 28, 286 ]
7994 / 10000: [ 0, 2, 0, 1, 0 ], [ 0, 833, 28, 287 ]
7995 / 10000: [ 0, 2, 0, 1, 0 ], [ 0, 833, 28, 288 ]
7996 / 10000: [ 0, 3, 0, 0, 0 ], [ 0, 834, 28, 288 ]
7997 / 10000: [ 0, 1, 0, 0, 0 ], [ 0, 834, 28, 288 ]
7998 / 10000: [ 0, 2, 0, 0, 0 ], [ 0, 834, 28, 288 ]
7999 / 10000: [ 0, 0, 0, 0, 0 ], [ 0, 834, 28, 288 ]
8000 / 10000: [ 0, 3, 0, 0, 0 ], [ 0, 835, 28, 288 ]
8001 / 10000: [ 0, 2, 0, 0, 0 ], [ 0, 835, 28, 288 ]
8002 / 10000: [ 0, 1, 0, 0, 0 ], [ 0, 835, 28, 288 ]
8003 / 10000: [ 0, 3, 0, 0, 0 ], [ 0, 836, 28, 288 ]
8004 / 10000: [ 0, 1, 0, 0, 0 ], [ 0, 836, 28, 288 ]
8005 / 10000: [ 0, 1, 0, 0, 0 ], [ 0, 836, 28, 288 ]
8006 / 10000: [ 0, 1, 0, 0, 0 ], [ 0, 836, 28, 288 ]
8007 / 10000: [ 0, 1, 0, 0, 0 ], [ 0, 836, 28, 288 ]
8008 / 10000: [ 0, 1, 0, 0, 0 ], [ 0, 836, 28, 288 ]
8009 / 10000: [ 0, 1, 0, 0, 0 ], [ 0, 836, 28, 288 ]
8010 / 10000: [ 0, 2, 0, 0, 0 ], [ 0, 836, 28, 288 ]
8011 / 10000: [ 0, 1, 0, 0, 0 ], [ 0, 836, 28, 288 ]
8012 / 10000: [ 0, 0, 0, 0, 0 ], [ 0, 836, 28, 288 ]
8013 / 10000: [ 0, 1, 0, 0, 0 ], [ 0, 836, 28, 288 ]
8014 / 10000: [ 0, 0, 0, 0, 0 ], [ 0, 836, 28, 288 ]
8015 / 10000: [ 0, 0, 0, 0, 0 ], [ 0, 836, 28, 288 ]
8016 / 10000: [ 0, 1, 0, 0, 0 ], [ 0, 836, 28, 288 ]
8017 / 10000: [ 0, 0, 1, 0, 0 ], [ 0, 836, 28, 288 ]
8018 / 10000: [ 0, 2, 0, 0, 0 ], [ 0, 836, 28, 288 ]
8019 / 10000: [ 0, 0, 0, 0, 0 ], [ 0, 836, 28, 288 ]
8020 / 10000: [ 0, 2, 0, 0, 0 ], [ 0, 836, 28, 288 ]
8021 / 10000: [ 0, 3, 0, 0, 0 ], [ 0, 837, 28, 288 ]
8022 / 10000: [ 0, 2, 0, 0, 0 ], [ 0, 837, 28, 288 ]
8023 / 10000: [ 0, 2, 0, 0, 0 ], [ 0, 837, 28, 288 ]
8024 / 10000: [ 0, 0, 0, 0, 0 ], [ 0, 837, 28, 288 ]
8025 / 10000: [ 0, 1, 0, 0, 0 ], [ 0, 837, 28, 288 ]
8026 / 10000: [ 0, 2, 0, 0, 0 ], [ 0, 837, 28, 288 ]
8027 / 10000: [ 0, 0, 0, 0, 0 ], [ 0, 837, 28, 288 ]
8028 / 10000: [ 0, 1, 0, 0, 0 ], [ 0, 837, 28, 288 ]
8029 / 10000: [ 0, 2, 0, 0, 0 ], [ 0, 837, 28, 288 ]
8030 / 10000: [ 0, 2, 0, 0, 0 ], [ 0, 837, 28, 288 ]
8031 / 10000: [ 0, 2, 0, 0, 0 ], [ 0, 837, 28, 288 ]
8032 / 10000: [ 0, 0, 0, 0, 0 ], [ 0, 837, 28, 288 ]
8033 / 10000: [ 0, 2, 0, 0, 0 ], [ 0, 837, 28, 288 ]
8034 / 10000: [ 0, 2, 0, 0, 0 ], [ 0, 837, 28, 288 ]
8035 / 10000: [ 0, 0, 0, 0, 0 ], [ 0, 837, 28, 288 ]
8036 / 10000: [ 0, 1, 0, 0, 0 ], [ 0, 837, 28, 288 ]
8037 / 10000: [ 0, 1, 0, 0, 0 ], [ 0, 837, 28, 288 ]
8038 / 10000: [ 0, 3, 0, 0, 0 ], [ 0, 838, 28, 288 ]
8039 / 10000: [ 0, 0, 0, 0, 0 ], [ 0, 838, 28, 288 ]
8040 / 10000: [ 0, 2, 0, 0, 0 ], [ 0, 838, 28, 288 ]
8041 / 10000: [ 0, 3, 0, 0, 0 ], [ 0, 839, 28, 288 ]
8042 / 10000: [ 0, 2, 0, 0, 0 ], [ 0, 839, 28, 288 ]
8043 / 10000: [ 0, 2, 0, 0, 0 ], [ 0, 839, 28, 288 ]
8044 / 10000: [ 0, 0, 0, 0, 0 ], [ 0, 839, 28, 288 ]
8045 / 10000: [ 0, 0, 0, 0, 0 ], [ 0, 839, 28, 288 ]
8046 / 10000: [ 0, 3, 0, 0, 0 ], [ 0, 840, 28, 288 ]
8047 / 10000: [ 0, 2, 0, 0, 0 ], [ 0, 840, 28, 288 ]
8048 / 10000: [ 0, 3, 0, 0, 0 ], [ 0, 841, 28, 288 ]
8049 / 10000: [ 0, 2, 0, 0, 0 ], [ 0, 841, 28, 288 ]
8050 / 10000: [ 0, 2, 0, 0, 0 ], [ 0, 841, 28, 288 ]
8051 / 10000: [ 0, 3, 0, 0, 0 ], [ 0, 842, 28, 288 ]
8052 / 10000: [ 0, 0, 0, 0, 0 ], [ 0, 842, 28, 288 ]
8053 / 10000: [ 0, 2, 0, 0, 0 ], [ 0, 842, 28, 288 ]
8054 / 10000: [ 0, 2, 0, 0, 0 ], [ 0, 842, 28, 288 ]
8055 / 10000: [ 0, 0, 0, 0, 0 ], [ 0, 842, 28, 288 ]
8056 / 10000: [ 0, 1, 0, 0, 0 ], [ 0, 842, 28, 288 ]
8057 / 10000: [ 0, 0, 0, 0, 0 ], [ 0, 842, 28, 288 ]
8058 / 10000: [ 0, 3, 0, 0, 0 ], [ 0, 843, 28, 288 ]
8059 / 10000: [ 0, 0, 0, 0, 0 ], [ 0, 843, 28, 288 ]
8060 / 10000: [ 0, 3, 0, 0, 0 ], [ 0, 844, 28, 288 ]
8061 / 10000: [ 0, 3, 0, 0, 0 ], [ 0, 845, 28, 288 ]
8062 / 10000: [ 0, 1, 0, 0, 0 ], [ 0, 845, 28, 288 ]
8063 / 10000: [ 0, 2, 0, 0, 0 ], [ 0, 845, 28, 288 ]
8064 / 10000: [ 0, 0, 0, 0, 0 ], [ 0, 845, 28, 288 ]
8065 / 10000: [ 0, 0, 0, 0, 0 ], [ 0, 845, 28, 288 ]
8066 / 10000: [ 0, 1, 0, 0, 0 ], [ 0, 845, 28, 288 ]
8067 / 10000: [ 0, 0, 0, 0, 0 ], [ 0, 845, 28, 288 ]
8068 / 10000: [ 0, 3, 0, 0, 0 ], [ 0, 846, 28, 288 ]
8069 / 10000: [ 0, 1, 0, 0, 0 ], [ 0, 846, 28, 288 ]
8070 / 10000: [ 0, 2, 0, 0, 0 ], [ 0, 846, 28, 288 ]
8071 / 10000: [ 0, 1, 0, 0, 0 ], [ 0, 846, 28, 288 ]
8072 / 10000: [ 0, 1, 0, 0, 0 ], [ 0, 846, 28, 288 ]
8073 / 10000: [ 0, 0, 0, 0, 0 ], [ 0, 846, 28, 288 ]
8074 / 10000: [ 0, 0, 0, 0, 0 ], [ 0, 846, 28, 288 ]
8075 / 10000: [ 0, 2, 0, 0, 0 ], [ 0, 846, 28, 288 ]
8076 / 10000: [ 0, 2, 0, 0, 0 ], [ 0, 846, 28, 288 ]
8077 / 10000: [ 0, 0, 0, 0, 0 ], [ 0, 846, 28, 288 ]
8078 / 10000: [ 0, 2, 0, 0, 0 ], [ 0, 846, 28, 288 ]
8079 / 10000: [ 0, 0, 0, 0, 0 ], [ 0, 846, 28, 288 ]
8080 / 10000: [ 0, 3, 0, 0, 0 ], [ 0, 847, 28, 288 ]
8081 / 10000: [ 0, 1, 0, 0, 0 ], [ 0, 847, 28, 288 ]
8082 / 10000: [ 0, 1, 1, 0, 0 ], [ 0, 847, 28, 288 ]
8083 / 10000: [ 0, 2, 0, 0, 0 ], [ 0, 847, 28, 288 ]
8084 / 10000: [ 0, 0, 0, 0, 0 ], [ 0, 847, 28, 288 ]
8085 / 10000: [ 0, 1, 0, 0, 0 ], [ 0, 847, 28, 288 ]
8086 / 10000: [ 0, 3, 0, 0, 0 ], [ 0, 848, 28, 288 ]
8087 / 10000: [ 0, 0, 0, 0, 0 ], [ 0, 848, 28, 288 ]
8088 / 10000: [ 0, 2, 0, 0, 0 ], [ 0, 848, 28, 288 ]
8089 / 10000: [ 0, 3, 0, 0, 0 ], [ 0, 849, 28, 288 ]
8090 / 10000: [ 0, 1, 0, 0, 0 ], [ 0, 849, 28, 288 ]
8091 / 10000: [ 0, 3, 0, 0, 0 ], [ 0, 850, 28, 288 ]
8092 / 10000: [ 0, 0, 0, 0, 0 ], [ 0, 850, 28, 288 ]
8093 / 10000: [ 0, 3, 0, 0, 0 ], [ 0, 851, 28, 288 ]
8094 / 10000: [ 0, 2, 0, 0, 0 ], [ 0, 851, 28, 288 ]
8095 / 10000: [ 0, 1, 0, 0, 0 ], [ 0, 851, 28, 288 ]
8096 / 10000: [ 0, 1, 0, 0, 0 ], [ 0, 851, 28, 288 ]
8097 / 10000: [ 0, 3, 0, 0, 0 ], [ 0, 852, 28, 288 ]
8098 / 10000: [ 0, 2, 0, 0, 0 ], [ 0, 852, 28, 288 ]
8099 / 10000: [ 0, 0, 0, 0, 0 ], [ 0, 852, 28, 288 ]
8100 / 10000: [ 0, 0, 0, 0, 0 ], [ 0, 852, 28, 288 ]
8101 / 10000: [ 0, 1, 0, 0, 0 ], [ 0, 852, 28, 288 ]
8102 / 10000: [ 0, 3, 0, 0, 0 ], [ 0, 853, 28, 288 ]
8103 / 10000: [ 0, 1, 0, 0, 0 ], [ 0, 853, 28, 288 ]
8104 / 10000: [ 0, 0, 0, 0, 0 ], [ 0, 853, 28, 288 ]
8105 / 10000: [ 0, 0, 0, 0, 0 ], [ 0, 853, 28, 288 ]
8106 / 10000: [ 0, 2, 0, 0, 0 ], [ 0, 853, 28, 288 ]
8107 / 10000: [ 0, 0, 0, 0, 0 ], [ 0, 853, 28, 288 ]
8108 / 10000: [ 0, 1, 0, 0, 0 ], [ 0, 853, 28, 288 ]
8109 / 10000: [ 0, 2, 0, 0, 0 ], [ 0, 853, 28, 288 ]
8110 / 10000: [ 0, 0, 0, 0, 0 ], [ 0, 853, 28, 288 ]
8111 / 10000: [ 0, 1, 0, 0, 0 ], [ 0, 853, 28, 288 ]
8112 / 10000: [ 0, 1, 0, 0, 0 ], [ 0, 853, 28, 288 ]
8113 / 10000: [ 0, 2, 0, 0, 0 ], [ 0, 853, 28, 288 ]
8114 / 10000: [ 0, 2, 0, 0, 0 ], [ 0, 853, 28, 288 ]
8115 / 10000: [ 0, 0, 0, 0, 0 ], [ 0, 853, 28, 288 ]
8116 / 10000: [ 0, 1, 0, 0, 0 ], [ 0, 853, 28, 288 ]
8117 / 10000: [ 0, 0, 0, 0, 0 ], [ 0, 853, 28, 288 ]
8118 / 10000: [ 0, 2, 0, 0, 0 ], [ 0, 853, 28, 288 ]
8119 / 10000: [ 0, 0, 0, 0, 0 ], [ 0, 853, 28, 288 ]
8120 / 10000: [ 0, 0, 0, 0, 0 ], [ 0, 853, 28, 288 ]
8121 / 10000: [ 0, 0, 0, 0, 0 ], [ 0, 853, 28, 288 ]
8122 / 10000: [ 0, 0, 0, 0, 0 ], [ 0, 853, 28, 288 ]
8123 / 10000: [ 0, 0, 0, 0, 0 ], [ 0, 853, 28, 288 ]
8124 / 10000: [ 0, 0, 0, 0, 0 ], [ 0, 853, 28, 288 ]
8125 / 10000: [ 0, 0, 0, 0, 0 ], [ 0, 853, 28, 288 ]
8126 / 10000: [ 0, 0, 0, 0, 0 ], [ 0, 853, 28, 288 ]
8127 / 10000: [ 0, 0, 0, 0, 0 ], [ 0, 853, 28, 288 ]
8128 / 10000: [ 0, 0, 0, 0, 0 ], [ 0, 853, 28, 288 ]
8129 / 10000: [ 0, 0, 0, 0, 0 ], [ 0, 853, 28, 288 ]
8130 / 10000: [ 0, 0, 0, 0, 0 ], [ 0, 853, 28, 288 ]
8131 / 10000: [ 0, 0, 0, 0, 0 ], [ 0, 853, 28, 288 ]
8132 / 10000: [ 0, 0, 0, 0, 0 ], [ 0, 853, 28, 288 ]
8133 / 10000: [ 0, 0, 0, 0, 0 ], [ 0, 853, 28, 288 ]
8134 / 10000: [ 0, 0, 0, 0, 0 ], [ 0, 853, 28, 288 ]
8135 / 10000: [ 0, 0, 0, 0, 0 ], [ 0, 853, 28, 288 ]
8136 / 10000: [ 0, 0, 0, 0, 0 ], [ 0, 853, 28, 288 ]
8137 / 10000: [ 0, 0, 0, 0, 0 ], [ 0, 853, 28, 288 ]
8138 / 10000: [ 0, 0, 0, 0, 0 ], [ 0, 853, 28, 288 ]
8139 / 10000: [ 0, 1, 0, 0, 0 ], [ 0, 853, 28, 288 ]
8140 / 10000: [ 0, 0, 0, 0, 0 ], [ 0, 853, 28, 288 ]
8141 / 10000: [ 0, 1, 0, 0, 0 ], [ 0, 853, 28, 288 ]
8142 / 10000: [ 0, 1, 0, 0, 0 ], [ 0, 853, 28, 288 ]
8143 / 10000: [ 0, 2, 0, 0, 0 ], [ 0, 853, 28, 288 ]
8144 / 10000: [ 0, 1, 0, 0, 0 ], [ 0, 853, 28, 288 ]
8145 / 10000: [ 0, 1, 0, 0, 0 ], [ 0, 853, 28, 288 ]
8146 / 10000: [ 0, 3, 0, 0, 0 ], [ 0, 854, 28, 288 ]
8147 / 10000: [ 0, 0, 1, 0, 0 ], [ 0, 854, 28, 288 ]
8148 / 10000: [ 0, 1, 0, 0, 0 ], [ 0, 854, 28, 288 ]
8149 / 10000: [ 0, 3, 0, 0, 0 ], [ 0, 855, 28, 288 ]
8150 / 10000: [ 0, 1, 0, 0, 0 ], [ 0, 855, 28, 288 ]
8151 / 10000: [ 0, 1, 0, 0, 0 ], [ 0, 855, 28, 288 ]
8152 / 10000: [ 0, 0, 0, 0, 0 ], [ 0, 855, 28, 288 ]
8153 / 10000: [ 0, 3, 0, 0, 0 ], [ 0, 856, 28, 288 ]
8154 / 10000: [ 0, 3, 0, 0, 0 ], [ 0, 857, 28, 288 ]
8155 / 10000: [ 0, 0, 0, 0, 0 ], [ 0, 857, 28, 288 ]
8156 / 10000: [ 0, 1, 0, 0, 0 ], [ 0, 857, 28, 288 ]
8157 / 10000: [ 0, 2, 0, 0, 0 ], [ 0, 857, 28, 288 ]
8158 / 10000: [ 0, 2, 0, 0, 0 ], [ 0, 857, 28, 288 ]
8159 / 10000: [ 0, 0, 0, 0, 0 ], [ 0, 857, 28, 288 ]
8160 / 10000: [ 0, 0, 0, 0, 0 ], [ 0, 857, 28, 288 ]
8161 / 10000: [ 0, 0, 0, 0, 0 ], [ 0, 857, 28, 288 ]
8162 / 10000: [ 0, 1, 0, 0, 0 ], [ 0, 857, 28, 288 ]
8163 / 10000: [ 0, 0, 0, 0, 0 ], [ 0, 857, 28, 288 ]
8164 / 10000: [ 0, 0, 0, 0, 0 ], [ 0, 857, 28, 288 ]
8165 / 10000: [ 0, 0, 0, 0, 0 ], [ 0, 857, 28, 288 ]
8166 / 10000: [ 0, 2, 0, 0, 0 ], [ 0, 857, 28, 288 ]
8167 / 10000: [ 0, 0, 0, 0, 0 ], [ 0, 857, 28, 288 ]
8168 / 10000: [ 0, 1, 0, 0, 0 ], [ 0, 857, 28, 288 ]
8169 / 10000: [ 0, 1, 0, 0, 0 ], [ 0, 857, 28, 288 ]
8170 / 10000: [ 0, 0, 0, 0, 0 ], [ 0, 857, 28, 288 ]
8171 / 10000: [ 0, 3, 0, 0, 0 ], [ 0, 858, 28, 288 ]
8172 / 10000: [ 0, 1, 0, 0, 0 ], [ 0, 858, 28, 288 ]
8173 / 10000: [ 0, 0, 0, 0, 0 ], [ 0, 858, 28, 288 ]
8174 / 10000: [ 0, 0, 0, 0, 0 ], [ 0, 858, 28, 288 ]
8175 / 10000: [ 0, 1, 0, 0, 0 ], [ 0, 858, 28, 288 ]
8176 / 10000: [ 0, 0, 0, 0, 0 ], [ 0, 858, 28, 288 ]
8177 / 10000: [ 0, 1, 0, 0, 0 ], [ 0, 858, 28, 288 ]
8178 / 10000: [ 0, 0, 0, 0, 0 ], [ 0, 858, 28, 288 ]
8179 / 10000: [ 0, 0, 0, 0, 0 ], [ 0, 858, 28, 288 ]
8180 / 10000: [ 0, 2, 0, 0, 0 ], [ 0, 858, 28, 288 ]
8181 / 10000: [ 0, 3, 0, 0, 0 ], [ 0, 859, 28, 288 ]
8182 / 10000: [ 0, 1, 0, 0, 0 ], [ 0, 859, 28, 288 ]
8183 / 10000: [ 0, 2, 0, 0, 0 ], [ 0, 859, 28, 288 ]
8184 / 10000: [ 0, 0, 0, 0, 0 ], [ 0, 859, 28, 288 ]
8185 / 10000: [ 0, 0, 0, 0, 0 ], [ 0, 859, 28, 288 ]
8186 / 10000: [ 0, 2, 1, 0, 0 ], [ 0, 859, 29, 288 ]
8187 / 10000: [ 0, 0, 0, 0, 0 ], [ 0, 859, 29, 288 ]
8188 / 10000: [ 0, 0, 0, 0, 0 ], [ 0, 859, 29, 288 ]
8189 / 10000: [ 0, 1, 0, 0, 0 ], [ 0, 859, 29, 288 ]
8190 / 10000: [ 0, 2, 0, 0, 0 ], [ 0, 859, 29, 288 ]
8191 / 10000: [ 0, 0, 0, 0, 0 ], [ 0, 859, 29, 288 ]
8192 / 10000: [ 0, 0, 0, 0, 0 ], [ 0, 859, 29, 288 ]
8193 / 10000: [ 0, 0, 0, 0, 0 ], [ 0, 859, 29, 288 ]
8194 / 10000: [ 0, 0, 0, 0, 0 ], [ 0, 859, 29, 288 ]
8195 / 10000: [ 0, 0, 0, 0, 0 ], [ 0, 859, 29, 288 ]
8196 / 10000: [ 0, 0, 0, 0, 0 ], [ 0, 859, 29, 288 ]
8197 / 10000: [ 0, 1, 0, 0, 0 ], [ 0, 859, 29, 288 ]
8198 / 10000: [ 0, 3, 0, 0, 0 ], [ 0, 860, 29, 288 ]
8199 / 10000: [ 0, 0, 0, 0, 0 ], [ 0, 860, 29, 288 ]
8200 / 10000: [ 0, 2, 0, 0, 0 ], [ 0, 860, 29, 288 ]
8201 / 10000: [ 0, 2, 0, 0, 0 ], [ 0, 860, 29, 288 ]
8202 / 10000: [ 0, 3, 0, 0, 0 ], [ 0, 861, 29, 288 ]
8203 / 10000: [ 0, 1, 0, 0, 0 ], [ 0, 861, 29, 288 ]
8204 / 10000: [ 0, 0, 0, 0, 0 ], [ 0, 861, 29, 288 ]
8205 / 10000: [ 0, 0, 0, 0, 0 ], [ 0, 861, 29, 288 ]
8206 / 10000: [ 0, 0, 0, 0, 0 ], [ 0, 861, 29, 288 ]
8207 / 10000: [ 0, 0, 0, 0, 0 ], [ 0, 861, 29, 288 ]
8208 / 10000: [ 0, 1, 0, 0, 0 ], [ 0, 861, 29, 288 ]
8209 / 10000: [ 0, 2, 0, 0, 0 ], [ 0, 861, 29, 288 ]
8210 / 10000: [ 0, 1, 1, 0, 0 ], [ 0, 861, 29, 288 ]
8211 / 10000: [ 0, 2, 0, 0, 0 ], [ 0, 861, 29, 288 ]
8212 / 10000: [ 0, 2, 0, 0, 0 ], [ 0, 861, 29, 288 ]
8213 / 10000: [ 0, 0, 1, 0, 0 ], [ 0, 861, 29, 288 ]
8214 / 10000: [ 0, 0, 0, 0, 0 ], [ 0, 861, 29, 288 ]
8215 / 10000: [ 0, 2, 0, 0, 0 ], [ 0, 861, 29, 288 ]
8216 / 10000: [ 0, 1, 0, 0, 0 ], [ 0, 861, 29, 288 ]
8217 / 10000: [ 0, 0, 0, 0, 0 ], [ 0, 861, 29, 288 ]
8218 / 10000: [ 0, 1, 0, 0, 0 ], [ 0, 861, 29, 288 ]
8219 / 10000: [ 0, 0, 0, 0, 0 ], [ 0, 861, 29, 288 ]
8220 / 10000: [ 0, 2, 0, 0, 0 ], [ 0, 861, 29, 288 ]
8221 / 10000: [ 0, 2, 0, 0, 0 ], [ 0, 861, 29, 288 ]
8222 / 10000: [ 0, 0, 0, 0, 0 ], [ 0, 861, 29, 288 ]
8223 / 10000: [ 0, 0, 0, 0, 0 ], [ 0, 861, 29, 288 ]
8224 / 10000: [ 0, 1, 0, 0, 0 ], [ 0, 861, 29, 288 ]
8225 / 10000: [ 0, 2, 0, 0, 0 ], [ 0, 861, 29, 288 ]
8226 / 10000: [ 0, 0, 0, 0, 0 ], [ 0, 861, 29, 288 ]
8227 / 10000: [ 0, 0, 0, 0, 0 ], [ 0, 861, 29, 288 ]
8228 / 10000: [ 0, 1, 0, 0, 0 ], [ 0, 861, 29, 288 ]
8229 / 10000: [ 0, 2, 0, 0, 0 ], [ 0, 861, 29, 288 ]
8230 / 10000: [ 0, 2, 0, 0, 0 ], [ 0, 861, 29, 288 ]
8231 / 10000: [ 0, 1, 0, 0, 0 ], [ 0, 861, 29, 288 ]
8232 / 10000: [ 0, 1, 0, 0, 0 ], [ 0, 861, 29, 288 ]
8233 / 10000: [ 0, 2, 0, 0, 0 ], [ 0, 861, 29, 288 ]
8234 / 10000: [ 0, 1, 0, 0, 0 ], [ 0, 861, 29, 288 ]
8235 / 10000: [ 0, 2, 0, 0, 0 ], [ 0, 861, 29, 288 ]
8236 / 10000: [ 0, 1, 0, 0, 0 ], [ 0, 861, 29, 288 ]
8237 / 10000: [ 0, 1, 0, 0, 0 ], [ 0, 861, 29, 288 ]
8238 / 10000: [ 0, 0, 0, 0, 0 ], [ 0, 861, 29, 288 ]
8239 / 10000: [ 0, 1, 0, 0, 0 ], [ 0, 861, 29, 288 ]
8240 / 10000: [ 0, 3, 0, 0, 0 ], [ 0, 862, 29, 288 ]
8241 / 10000: [ 0, 1, 1, 1, 0 ], [ 0, 862, 29, 289 ]
8242 / 10000: [ 0, 1, 0, 1, 0 ], [ 0, 862, 29, 289 ]
8243 / 10000: [ 0, 1, 0, 0, 0 ], [ 0, 862, 29, 289 ]
8244 / 10000: [ 0, 0, 0, 0, 0 ], [ 0, 862, 29, 289 ]
8245 / 10000: [ 0, 0, 0, 0, 0 ], [ 0, 862, 29, 289 ]
8246 / 10000: [ 0, 2, 0, 1, 0 ], [ 0, 862, 29, 290 ]
8247 / 10000: [ 0, 0, 0, 0, 0 ], [ 0, 862, 29, 290 ]
8248 / 10000: [ 0, 1, 0, 1, 0 ], [ 0, 862, 29, 290 ]
8249 / 10000: [ 0, 2, 0, 1, 0 ], [ 0, 862, 29, 291 ]
8250 / 10000: [ 0, 1, 0, 0, 0 ], [ 0, 862, 29, 291 ]
8251 / 10000: [ 0, 3, 0, 0, 0 ], [ 0, 863, 29, 291 ]
8252 / 10000: [ 0, 0, 0, 3, 0 ], [ 0, 863, 29, 292 ]
8253 / 10000: [ 0, 2, 0, 0, 0 ], [ 0, 863, 29, 292 ]
8254 / 10000: [ 0, 2, 0, 0, 0 ], [ 0, 863, 29, 292 ]
8255 / 10000: [ 0, 0, 0, 0, 0 ], [ 0, 863, 29, 292 ]
8256 / 10000: [ 0, 1, 0, 1, 0 ], [ 0, 863, 29, 292 ]
8257 / 10000: [ 0, 0, 0, 0, 0 ], [ 0, 863, 29, 292 ]
8258 / 10000: [ 0, 2, 0, 0, 0 ], [ 0, 863, 29, 292 ]
8259 / 10000: [ 0, 0, 0, 0, 0 ], [ 0, 863, 29, 292 ]
8260 / 10000: [ 0, 0, 0, 3, 0 ], [ 0, 863, 29, 293 ]
8261 / 10000: [ 0, 3, 0, 0, 0 ], [ 0, 864, 29, 293 ]
8262 / 10000: [ 0, 3, 0, 0, 0 ], [ 0, 865, 29, 293 ]
8263 / 10000: [ 0, 1, 0, 0, 0 ], [ 0, 865, 29, 293 ]
8264 / 10000: [ 0, 0, 0, 0, 0 ], [ 0, 865, 29, 293 ]
8265 / 10000: [ 0, 1, 0, 0, 0 ], [ 0, 865, 29, 293 ]
8266 / 10000: [ 0, 1, 0, 0, 0 ], [ 0, 865, 29, 293 ]
8267 / 10000: [ 0, 0, 0, 0, 0 ], [ 0, 865, 29, 293 ]
8268 / 10000: [ 0, 0, 0, 0, 0 ], [ 0, 865, 29, 293 ]
8269 / 10000: [ 0, 1, 0, 0, 0 ], [ 0, 865, 29, 293 ]
8270 / 10000: [ 0, 1, 0, 0, 0 ], [ 0, 865, 29, 293 ]
8271 / 10000: [ 0, 0, 0, 0, 0 ], [ 0, 865, 29, 293 ]
8272 / 10000: [ 0, 3, 0, 0, 0 ], [ 0, 866, 29, 293 ]
8273 / 10000: [ 0, 2, 0, 0, 0 ], [ 0, 866, 29, 293 ]
8274 / 10000: [ 0, 0, 0, 0, 0 ], [ 0, 866, 29, 293 ]
8275 / 10000: [ 0, 0, 0, 0, 0 ], [ 0, 866, 29, 293 ]
8276 / 10000: [ 0, 0, 0, 0, 0 ], [ 0, 866, 29, 293 ]
8277 / 10000: [ 0, 2, 0, 0, 0 ], [ 0, 866, 29, 293 ]
8278 / 10000: [ 0, 1, 0, 0, 0 ], [ 0, 866, 29, 293 ]
8279 / 10000: [ 0, 1, 0, 0, 0 ], [ 0, 866, 29, 293 ]
8280 / 10000: [ 0, 0, 0, 0, 0 ], [ 0, 866, 29, 293 ]
8281 / 10000: [ 0, 2, 0, 0, 0 ], [ 0, 866, 29, 293 ]
8282 / 10000: [ 0, 1, 0, 0, 0 ], [ 0, 866, 29, 293 ]
8283 / 10000: [ 0, 3, 0, 0, 0 ], [ 0, 867, 29, 293 ]
8284 / 10000: [ 0, 0, 0, 0, 0 ], [ 0, 867, 29, 293 ]
8285 / 10000: [ 0, 0, 0, 0, 0 ], [ 0, 867, 29, 293 ]
8286 / 10000: [ 0, 0, 0, 0, 0 ], [ 0, 867, 29, 293 ]
8287 / 10000: [ 0, 0, 0, 0, 0 ], [ 0, 867, 29, 293 ]
8288 / 10000: [ 0, 0, 0, 0, 0 ], [ 0, 867, 29, 293 ]
8289 / 10000: [ 0, 0, 0, 0, 0 ], [ 0, 867, 29, 293 ]
8290 / 10000: [ 0, 2, 0, 0, 0 ], [ 0, 867, 29, 293 ]
8291 / 10000: [ 0, 1, 0, 0, 0 ], [ 0, 867, 29, 293 ]
8292 / 10000: [ 0, 0, 0, 0, 0 ], [ 0, 867, 29, 293 ]
8293 / 10000: [ 0, 1, 0, 0, 0 ], [ 0, 867, 29, 293 ]
8294 / 10000: [ 0, 0, 0, 0, 0 ], [ 0, 867, 29, 293 ]
8295 / 10000: [ 0, 0, 0, 0, 0 ], [ 0, 867, 29, 293 ]
8296 / 10000: [ 0, 0, 0, 0, 0 ], [ 0, 867, 29, 293 ]
8297 / 10000: [ 0, 0, 0, 0, 0 ], [ 0, 867, 29, 293 ]
8298 / 10000: [ 0, 2, 0, 0, 0 ], [ 0, 867, 29, 293 ]
8299 / 10000: [ 0, 0, 0, 0, 0 ], [ 0, 867, 29, 293 ]
8300 / 10000: [ 0, 2, 0, 0, 0 ], [ 0, 867, 29, 293 ]
8301 / 10000: [ 0, 2, 0, 0, 0 ], [ 0, 867, 29, 293 ]
8302 / 10000: [ 0, 2, 0, 0, 0 ], [ 0, 867, 29, 293 ]
8303 / 10000: [ 0, 2, 0, 0, 0 ], [ 0, 867, 29, 293 ]
8304 / 10000: [ 0, 0, 0, 0, 0 ], [ 0, 867, 29, 293 ]
8305 / 10000: [ 0, 0, 0, 0, 0 ], [ 0, 867, 29, 293 ]
8306 / 10000: [ 0, 0, 0, 0, 0 ], [ 0, 867, 29, 293 ]
8307 / 10000: [ 0, 0, 0, 0, 0 ], [ 0, 867, 29, 293 ]
8308 / 10000: [ 0, 0, 0, 0, 0 ], [ 0, 867, 29, 293 ]
8309 / 10000: [ 0, 1, 0, 0, 0 ], [ 0, 867, 29, 293 ]
8310 / 10000: [ 0, 3, 0, 0, 0 ], [ 0, 868, 29, 293 ]
8311 / 10000: [ 0, 1, 0, 0, 0 ], [ 0, 868, 29, 293 ]
8312 / 10000: [ 0, 1, 0, 0, 0 ], [ 0, 868, 29, 293 ]
8313 / 10000: [ 0, 0, 0, 0, 0 ], [ 0, 868, 29, 293 ]
8314 / 10000: [ 0, 0, 0, 0, 0 ], [ 0, 868, 29, 293 ]
8315 / 10000: [ 0, 1, 0, 0, 0 ], [ 0, 868, 29, 293 ]
8316 / 10000: [ 0, 0, 0, 0, 0 ], [ 0, 868, 29, 293 ]
8317 / 10000: [ 0, 1, 0, 0, 0 ], [ 0, 868, 29, 293 ]
8318 / 10000: [ 0, 2, 0, 0, 0 ], [ 0, 868, 29, 293 ]
8319 / 10000: [ 0, 1, 0, 0, 0 ], [ 0, 868, 29, 293 ]
8320 / 10000: [ 0, 3, 0, 0, 0 ], [ 0, 869, 29, 293 ]
8321 / 10000: [ 0, 0, 0, 0, 0 ], [ 0, 869, 29, 293 ]
8322 / 10000: [ 0, 0, 0, 0, 0 ], [ 0, 869, 29, 293 ]
8323 / 10000: [ 0, 0, 0, 0, 0 ], [ 0, 869, 29, 293 ]
8324 / 10000: [ 0, 0, 0, 0, 0 ], [ 0, 869, 29, 293 ]
8325 / 10000: [ 0, 0, 0, 0, 0 ], [ 0, 869, 29, 293 ]
8326 / 10000: [ 0, 1, 0, 0, 0 ], [ 0, 869, 29, 293 ]
8327 / 10000: [ 0, 0, 0, 0, 0 ], [ 0, 869, 29, 293 ]
8328 / 10000: [ 0, 0, 0, 0, 0 ], [ 0, 869, 29, 293 ]
8329 / 10000: [ 0, 1, 0, 0, 0 ], [ 0, 869, 29, 293 ]
8330 / 10000: [ 0, 0, 0, 0, 0 ], [ 0, 869, 29, 293 ]
8331 / 10000: [ 0, 0, 0, 0, 0 ], [ 0, 869, 29, 293 ]
8332 / 10000: [ 0, 0, 0, 0, 0 ], [ 0, 869, 29, 293 ]
8333 / 10000: [ 0, 1, 0, 0, 0 ], [ 0, 869, 29, 293 ]
8334 / 10000: [ 0, 0, 0, 0, 0 ], [ 0, 869, 29, 293 ]
8335 / 10000: [ 0, 0, 0, 0, 0 ], [ 0, 869, 29, 293 ]
8336 / 10000: [ 0, 0, 0, 0, 0 ], [ 0, 869, 29, 293 ]
8337 / 10000: [ 0, 0, 0, 0, 0 ], [ 0, 869, 29, 293 ]
8338 / 10000: [ 0, 1, 0, 0, 0 ], [ 0, 869, 29, 293 ]
8339 / 10000: [ 0, 0, 0, 0, 0 ], [ 0, 869, 29, 293 ]
8340 / 10000: [ 0, 0, 0, 0, 0 ], [ 0, 869, 29, 293 ]
8341 / 10000: [ 0, 0, 0, 0, 0 ], [ 0, 869, 29, 293 ]
8342 / 10000: [ 0, 0, 0, 0, 0 ], [ 0, 869, 29, 293 ]
8343 / 10000: [ 0, 0, 0, 0, 0 ], [ 0, 869, 29, 293 ]
8344 / 10000: [ 0, 0, 0, 0, 0 ], [ 0, 869, 29, 293 ]
8345 / 10000: [ 0, 0, 0, 0, 0 ], [ 0, 869, 29, 293 ]
8346 / 10000: [ 0, 1, 0, 2, 0 ], [ 0, 869, 29, 294 ]
8347 / 10000: [ 0, 0, 0, 0, 0 ], [ 0, 869, 29, 294 ]
8348 / 10000: [ 0, 0, 0, 1, 1 ], [ 0, 869, 29, 294 ]
8349 / 10000: [ 0, 0, 0, 2, 0 ], [ 0, 869, 29, 294 ]
8350 / 10000: [ 0, 0, 0, 0, 0 ], [ 0, 869, 29, 294 ]
8351 / 10000: [ 0, 1, 0, 2, 0 ], [ 0, 869, 29, 295 ]
8352 / 10000: [ 0, 0, 0, 2, 0 ], [ 0, 869, 29, 295 ]
8353 / 10000: [ 0, 0, 0, 0, 0 ], [ 0, 869, 29, 295 ]
8354 / 10000: [ 0, 0, 0, 0, 0 ], [ 0, 869, 29, 295 ]
8355 / 10000: [ 0, 1, 0, 2, 0 ], [ 0, 869, 29, 296 ]
8356 / 10000: [ 0, 0, 0, 0, 0 ], [ 0, 869, 29, 296 ]
8357 / 10000: [ 0, 2, 0, 1, 0 ], [ 0, 869, 29, 297 ]
8358 / 10000: [ 0, 0, 0, 0, 0 ], [ 0, 869, 29, 297 ]
8359 / 10000: [ 0, 0, 0, 0, 0 ], [ 0, 869, 29, 297 ]
8360 / 10000: [ 0, 1, 0, 2, 0 ], [ 0, 869, 29, 298 ]
8361 / 10000: [ 0, 3, 0, 0, 0 ], [ 0, 870, 29, 298 ]
8362 / 10000: [ 0, 1, 0, 0, 0 ], [ 0, 870, 29, 298 ]
8363 / 10000: [ 0, 3, 0, 0, 0 ], [ 0, 871, 29, 298 ]
8364 / 10000: [ 0, 0, 0, 0, 0 ], [ 0, 871, 29, 298 ]
8365 / 10000: [ 0, 0, 0, 0, 0 ], [ 0, 871, 29, 298 ]
8366 / 10000: [ 0, 0, 0, 0, 0 ], [ 0, 871, 29, 298 ]
8367 / 10000: [ 0, 0, 0, 0, 0 ], [ 0, 871, 29, 298 ]
8368 / 10000: [ 0, 0, 0, 0, 0 ], [ 0, 871, 29, 298 ]
8369 / 10000: [ 0, 0, 0, 0, 0 ], [ 0, 871, 29, 298 ]
8370 / 10000: [ 0, 3, 0, 0, 0 ], [ 0, 872, 29, 298 ]
8371 / 10000: [ 0, 0, 0, 0, 0 ], [ 0, 872, 29, 298 ]
8372 / 10000: [ 0, 0, 0, 0, 0 ], [ 0, 872, 29, 298 ]
8373 / 10000: [ 0, 0, 0, 0, 0 ], [ 0, 872, 29, 298 ]
8374 / 10000: [ 0, 0, 0, 0, 0 ], [ 0, 872, 29, 298 ]
8375 / 10000: [ 0, 0, 0, 0, 0 ], [ 0, 872, 29, 298 ]
8376 / 10000: [ 0, 0, 0, 0, 0 ], [ 0, 872, 29, 298 ]
8377 / 10000: [ 0, 0, 0, 0, 0 ], [ 0, 872, 29, 298 ]
8378 / 10000: [ 0, 2, 0, 0, 0 ], [ 0, 872, 29, 298 ]
8379 / 10000: [ 0, 0, 0, 0, 0 ], [ 0, 872, 29, 298 ]
8380 / 10000: [ 0, 2, 0, 0, 0 ], [ 0, 872, 29, 298 ]
8381 / 10000: [ 0, 0, 0, 0, 0 ], [ 0, 872, 29, 298 ]
8382 / 10000: [ 0, 0, 0, 0, 0 ], [ 0, 872, 29, 298 ]
8383 / 10000: [ 0, 0, 0, 0, 0 ], [ 0, 872, 29, 298 ]
8384 / 10000: [ 0, 0, 0, 0, 0 ], [ 0, 872, 29, 298 ]
8385 / 10000: [ 0, 0, 0, 0, 0 ], [ 0, 872, 29, 298 ]
8386 / 10000: [ 0, 1, 0, 0, 0 ], [ 0, 872, 29, 298 ]
8387 / 10000: [ 0, 0, 0, 0, 0 ], [ 0, 872, 29, 298 ]
8388 / 10000: [ 0, 0, 0, 0, 0 ], [ 0, 872, 29, 298 ]
8389 / 10000: [ 0, 1, 0, 0, 0 ], [ 0, 872, 29, 298 ]
8390 / 10000: [ 0, 0, 0, 0, 0 ], [ 0, 872, 29, 298 ]
8391 / 10000: [ 0, 0, 0, 0, 0 ], [ 0, 872, 29, 298 ]
8392 / 10000: [ 0, 0, 0, 0, 0 ], [ 0, 872, 29, 298 ]
8393 / 10000: [ 0, 0, 0, 0, 0 ], [ 0, 872, 29, 298 ]
8394 / 10000: [ 0, 0, 0, 0, 0 ], [ 0, 872, 29, 298 ]
8395 / 10000: [ 0, 0, 0, 0, 0 ], [ 0, 872, 29, 298 ]
8396 / 10000: [ 0, 1, 0, 0, 0 ], [ 0, 872, 29, 298 ]
8397 / 10000: [ 0, 0, 0, 0, 0 ], [ 0, 872, 29, 298 ]
8398 / 10000: [ 0, 0, 0, 0, 0 ], [ 0, 872, 29, 298 ]
8399 / 10000: [ 0, 0, 0, 0, 0 ], [ 0, 872, 29, 298 ]
8400 / 10000: [ 0, 0, 0, 0, 0 ], [ 0, 872, 29, 298 ]
8401 / 10000: [ 0, 1, 0, 0, 0 ], [ 0, 872, 29, 298 ]
8402 / 10000: [ 0, 1, 0, 0, 0 ], [ 0, 872, 29, 298 ]
8403 / 10000: [ 0, 1, 0, 0, 0 ], [ 0, 872, 29, 298 ]
8404 / 10000: [ 0, 0, 0, 0, 0 ], [ 0, 872, 29, 298 ]
8405 / 10000: [ 0, 0, 0, 0, 0 ], [ 0, 872, 29, 298 ]
8406 / 10000: [ 0, 2, 0, 0, 0 ], [ 0, 872, 29, 298 ]
8407 / 10000: [ 0, 0, 0, 0, 0 ], [ 0, 872, 29, 298 ]
8408 / 10000: [ 0, 1, 0, 0, 0 ], [ 0, 872, 29, 298 ]
8409 / 10000: [ 0, 2, 0, 0, 0 ], [ 0, 872, 29, 298 ]
8410 / 10000: [ 0, 0, 0, 0, 0 ], [ 0, 872, 29, 298 ]
8411 / 10000: [ 0, 1, 0, 0, 0 ], [ 0, 872, 29, 298 ]
8412 / 10000: [ 0, 0, 0, 0, 0 ], [ 0, 872, 29, 298 ]
8413 / 10000: [ 0, 2, 0, 0, 0 ], [ 0, 872, 29, 298 ]
8414 / 10000: [ 0, 2, 0, 0, 0 ], [ 0, 872, 29, 298 ]
8415 / 10000: [ 0, 0, 0, 0, 0 ], [ 0, 872, 29, 298 ]
8416 / 10000: [ 0, 1, 0, 0, 0 ], [ 0, 872, 29, 298 ]
8417 / 10000: [ 0, 0, 0, 0, 0 ], [ 0, 872, 29, 298 ]
8418 / 10000: [ 0, 2, 0, 0, 0 ], [ 0, 872, 29, 298 ]
8419 / 10000: [ 0, 0, 0, 0, 0 ], [ 0, 872, 29, 298 ]
8420 / 10000: [ 0, 0, 0, 0, 0 ], [ 0, 872, 29, 298 ]
8421 / 10000: [ 0, 0, 0, 0, 0 ], [ 0, 872, 29, 298 ]
8422 / 10000: [ 0, 0, 0, 0, 0 ], [ 0, 872, 29, 298 ]
8423 / 10000: [ 0, 0, 1, 0, 0 ], [ 0, 872, 29, 298 ]
8424 / 10000: [ 0, 0, 0, 0, 0 ], [ 0, 872, 29, 298 ]
8425 / 10000: [ 0, 0, 0, 0, 0 ], [ 0, 872, 29, 298 ]
8426 / 10000: [ 0, 2, 0, 0, 0 ], [ 0, 872, 29, 298 ]
8427 / 10000: [ 0, 0, 0, 0, 0 ], [ 0, 872, 29, 298 ]
8428 / 10000: [ 0, 1, 0, 0, 0 ], [ 0, 872, 29, 298 ]
8429 / 10000: [ 0, 1, 0, 0, 0 ], [ 0, 872, 29, 298 ]
8430 / 10000: [ 0, 0, 0, 0, 0 ], [ 0, 872, 29, 298 ]
8431 / 10000: [ 0, 3, 0, 0, 0 ], [ 0, 873, 29, 298 ]
8432 / 10000: [ 0, 1, 0, 0, 0 ], [ 0, 873, 29, 298 ]
8433 / 10000: [ 0, 0, 0, 0, 0 ], [ 0, 873, 29, 298 ]
8434 / 10000: [ 0, 0, 0, 0, 0 ], [ 0, 873, 29, 298 ]
8435 / 10000: [ 0, 2, 0, 0, 0 ], [ 0, 873, 29, 298 ]
8436 / 10000: [ 0, 0, 0, 0, 0 ], [ 0, 873, 29, 298 ]
8437 / 10000: [ 0, 3, 0, 0, 0 ], [ 0, 874, 29, 298 ]
8438 / 10000: [ 0, 0, 0, 0, 0 ], [ 0, 874, 29, 298 ]
8439 / 10000: [ 0, 0, 0, 0, 0 ], [ 0, 874, 29, 298 ]
8440 / 10000: [ 0, 2, 0, 0, 0 ], [ 0, 874, 29, 298 ]
8441 / 10000: [ 0, 0, 0, 0, 0 ], [ 0, 874, 29, 298 ]
8442 / 10000: [ 0, 2, 0, 0, 0 ], [ 0, 874, 29, 298 ]
8443 / 10000: [ 0, 1, 0, 0, 0 ], [ 0, 874, 29, 298 ]
8444 / 10000: [ 0, 1, 0, 0, 0 ], [ 0, 874, 29, 298 ]
8445 / 10000: [ 0, 0, 0, 0, 0 ], [ 0, 874, 29, 298 ]
8446 / 10000: [ 0, 0, 0, 0, 0 ], [ 0, 874, 29, 298 ]
8447 / 10000: [ 0, 1, 0, 0, 0 ], [ 0, 874, 29, 298 ]
8448 / 10000: [ 0, 2, 0, 0, 0 ], [ 0, 874, 29, 298 ]
8449 / 10000: [ 0, 0, 0, 0, 0 ], [ 0, 874, 29, 298 ]
8450 / 10000: [ 0, 0, 0, 0, 0 ], [ 0, 874, 29, 298 ]
8451 / 10000: [ 0, 0, 0, 0, 0 ], [ 0, 874, 29, 298 ]
8452 / 10000: [ 0, 2, 0, 0, 0 ], [ 0, 874, 29, 298 ]
8453 / 10000: [ 0, 0, 0, 0, 0 ], [ 0, 874, 29, 298 ]
8454 / 10000: [ 0, 1, 0, 0, 0 ], [ 0, 874, 29, 298 ]
8455 / 10000: [ 0, 0, 0, 0, 0 ], [ 0, 874, 29, 298 ]
8456 / 10000: [ 0, 0, 0, 0, 0 ], [ 0, 874, 29, 298 ]
8457 / 10000: [ 0, 0, 0, 0, 0 ], [ 0, 874, 29, 298 ]
8458 / 10000: [ 0, 1, 0, 0, 0 ], [ 0, 874, 29, 298 ]
8459 / 10000: [ 0, 0, 0, 0, 0 ], [ 0, 874, 29, 298 ]
8460 / 10000: [ 0, 0, 0, 0, 0 ], [ 0, 874, 29, 298 ]
8461 / 10000: [ 0, 2, 0, 0, 0 ], [ 0, 874, 29, 298 ]
8462 / 10000: [ 0, 1, 0, 0, 0 ], [ 0, 874, 29, 298 ]
8463 / 10000: [ 0, 3, 0, 0, 0 ], [ 0, 875, 29, 298 ]
8464 / 10000: [ 0, 1, 0, 0, 0 ], [ 0, 875, 29, 298 ]
8465 / 10000: [ 0, 1, 0, 0, 0 ], [ 0, 875, 29, 298 ]
8466 / 10000: [ 0, 1, 0, 0, 0 ], [ 0, 875, 29, 298 ]
8467 / 10000: [ 0, 0, 0, 0, 0 ], [ 0, 875, 29, 298 ]
8468 / 10000: [ 0, 0, 0, 0, 0 ], [ 0, 875, 29, 298 ]
8469 / 10000: [ 0, 1, 0, 0, 0 ], [ 0, 875, 29, 298 ]
8470 / 10000: [ 0, 2, 0, 0, 0 ], [ 0, 875, 29, 298 ]
8471 / 10000: [ 0, 1, 0, 0, 0 ], [ 0, 875, 29, 298 ]
8472 / 10000: [ 0, 0, 0, 0, 0 ], [ 0, 875, 29, 298 ]
8473 / 10000: [ 0, 0, 0, 0, 0 ], [ 0, 875, 29, 298 ]
8474 / 10000: [ 0, 0, 0, 0, 0 ], [ 0, 875, 29, 298 ]
8475 / 10000: [ 0, 0, 0, 0, 0 ], [ 0, 875, 29, 298 ]
8476 / 10000: [ 0, 1, 0, 0, 0 ], [ 0, 875, 29, 298 ]
8477 / 10000: [ 0, 0, 0, 0, 0 ], [ 0, 875, 29, 298 ]
8478 / 10000: [ 0, 2, 0, 0, 0 ], [ 0, 875, 29, 298 ]
8479 / 10000: [ 0, 1, 0, 0, 0 ], [ 0, 875, 29, 298 ]
8480 / 10000: [ 0, 2, 0, 0, 0 ], [ 0, 875, 29, 298 ]
8481 / 10000: [ 0, 2, 0, 0, 0 ], [ 0, 875, 29, 298 ]
8482 / 10000: [ 0, 1, 0, 0, 0 ], [ 0, 875, 29, 298 ]
8483 / 10000: [ 0, 1, 1, 0, 0 ], [ 0, 875, 29, 298 ]
8484 / 10000: [ 0, 0, 0, 0, 0 ], [ 0, 875, 29, 298 ]
8485 / 10000: [ 0, 0, 0, 0, 0 ], [ 0, 875, 29, 298 ]
8486 / 10000: [ 0, 3, 0, 0, 0 ], [ 0, 876, 29, 298 ]
8487 / 10000: [ 0, 1, 0, 0, 0 ], [ 0, 876, 29, 298 ]
8488 / 10000: [ 0, 1, 0, 0, 0 ], [ 0, 876, 29, 298 ]
8489 / 10000: [ 0, 2, 0, 0, 0 ], [ 0, 876, 29, 298 ]
8490 / 10000: [ 0, 0, 0, 0, 0 ], [ 0, 876, 29, 298 ]
8491 / 10000: [ 0, 1, 0, 0, 0 ], [ 0, 876, 29, 298 ]
8492 / 10000: [ 0, 0, 0, 0, 0 ], [ 0, 876, 29, 298 ]
8493 / 10000: [ 0, 2, 0, 0, 0 ], [ 0, 876, 29, 298 ]
8494 / 10000: [ 0, 2, 0, 0, 0 ], [ 0, 876, 29, 298 ]
8495 / 10000: [ 0, 0, 0, 0, 0 ], [ 0, 876, 29, 298 ]
8496 / 10000: [ 0, 1, 0, 0, 0 ], [ 0, 876, 29, 298 ]
8497 / 10000: [ 0, 0, 0, 0, 0 ], [ 0, 876, 29, 298 ]
8498 / 10000: [ 0, 2, 0, 0, 0 ], [ 0, 876, 29, 298 ]
8499 / 10000: [ 0, 0, 0, 0, 0 ], [ 0, 876, 29, 298 ]
8500 / 10000: [ 0, 0, 0, 0, 0 ], [ 0, 876, 29, 298 ]
8501 / 10000: [ 0, 2, 0, 0, 0 ], [ 0, 876, 29, 298 ]
8502 / 10000: [ 0, 2, 0, 0, 0 ], [ 0, 876, 29, 298 ]
8503 / 10000: [ 0, 2, 0, 0, 0 ], [ 0, 876, 29, 298 ]
8504 / 10000: [ 0, 0, 0, 0, 0 ], [ 0, 876, 29, 298 ]
8505 / 10000: [ 0, 0, 0, 0, 0 ], [ 0, 876, 29, 298 ]
8506 / 10000: [ 0, 2, 0, 0, 0 ], [ 0, 876, 29, 298 ]
8507 / 10000: [ 0, 0, 0, 0, 0 ], [ 0, 876, 29, 298 ]
8508 / 10000: [ 0, 1, 0, 0, 0 ], [ 0, 876, 29, 298 ]
8509 / 10000: [ 0, 2, 0, 0, 0 ], [ 0, 876, 29, 298 ]
8510 / 10000: [ 0, 1, 0, 0, 0 ], [ 0, 876, 29, 298 ]
8511 / 10000: [ 0, 1, 0, 0, 0 ], [ 0, 876, 29, 298 ]
8512 / 10000: [ 0, 0, 0, 0, 0 ], [ 0, 876, 29, 298 ]
8513 / 10000: [ 0, 3, 0, 0, 0 ], [ 0, 877, 29, 298 ]
8514 / 10000: [ 0, 2, 0, 0, 0 ], [ 0, 877, 29, 298 ]
8515 / 10000: [ 0, 0, 0, 0, 0 ], [ 0, 877, 29, 298 ]
8516 / 10000: [ 0, 1, 0, 0, 0 ], [ 0, 877, 29, 298 ]
8517 / 10000: [ 0, 0, 0, 0, 0 ], [ 0, 877, 29, 298 ]
8518 / 10000: [ 0, 2, 0, 0, 0 ], [ 0, 877, 29, 298 ]
8519 / 10000: [ 0, 0, 0, 0, 0 ], [ 0, 877, 29, 298 ]
8520 / 10000: [ 0, 0, 0, 0, 0 ], [ 0, 877, 29, 298 ]
8521 / 10000: [ 0, 0, 0, 0, 0 ], [ 0, 877, 29, 298 ]
8522 / 10000: [ 0, 0, 0, 0, 0 ], [ 0, 877, 29, 298 ]
8523 / 10000: [ 0, 1, 0, 1, 0 ], [ 0, 877, 29, 298 ]
8524 / 10000: [ 0, 0, 0, 0, 0 ], [ 0, 877, 29, 298 ]
8525 / 10000: [ 0, 0, 0, 2, 0 ], [ 0, 877, 29, 298 ]
8526 / 10000: [ 0, 0, 0, 1, 0 ], [ 0, 877, 29, 298 ]
8527 / 10000: [ 0, 0, 0, 0, 0 ], [ 0, 877, 29, 298 ]
8528 / 10000: [ 0, 0, 0, 0, 0 ], [ 0, 877, 29, 298 ]
8529 / 10000: [ 0, 0, 0, 0, 0 ], [ 0, 877, 29, 298 ]
8530 / 10000: [ 0, 1, 0, 1, 0 ], [ 0, 877, 29, 298 ]
8531 / 10000: [ 0, 0, 0, 1, 0 ], [ 0, 877, 29, 298 ]
8532 / 10000: [ 0, 0, 0, 0, 0 ], [ 0, 877, 29, 298 ]
8533 / 10000: [ 0, 1, 0, 2, 0 ], [ 0, 877, 29, 299 ]
8534 / 10000: [ 0, 0, 0, 1, 0 ], [ 0, 877, 29, 299 ]
8535 / 10000: [ 0, 0, 0, 1, 0 ], [ 0, 877, 29, 299 ]
8536 / 10000: [ 0, 0, 0, 0, 0 ], [ 0, 877, 29, 299 ]
8537 / 10000: [ 0, 0, 0, 3, 0 ], [ 0, 877, 29, 300 ]
8538 / 10000: [ 0, 0, 0, 0, 0 ], [ 0, 877, 29, 300 ]
8539 / 10000: [ 0, 0, 0, 0, 0 ], [ 0, 877, 29, 300 ]
8540 / 10000: [ 0, 0, 0, 0, 0 ], [ 0, 877, 29, 300 ]
8541 / 10000: [ 0, 0, 0, 0, 0 ], [ 0, 877, 29, 300 ]
8542 / 10000: [ 0, 0, 0, 0, 0 ], [ 0, 877, 29, 300 ]
8543 / 10000: [ 0, 1, 0, 0, 0 ], [ 0, 877, 29, 300 ]
8544 / 10000: [ 0, 0, 0, 0, 0 ], [ 0, 877, 29, 300 ]
8545 / 10000: [ 0, 0, 0, 0, 0 ], [ 0, 877, 29, 300 ]
8546 / 10000: [ 0, 2, 0, 0, 0 ], [ 0, 877, 29, 300 ]
8547 / 10000: [ 0, 0, 0, 0, 0 ], [ 0, 877, 29, 300 ]
8548 / 10000: [ 0, 3, 0, 0, 0 ], [ 0, 878, 29, 300 ]
8549 / 10000: [ 0, 2, 0, 0, 0 ], [ 0, 878, 29, 300 ]
8550 / 10000: [ 0, 1, 0, 0, 0 ], [ 0, 878, 29, 300 ]
8551 / 10000: [ 0, 3, 0, 0, 0 ], [ 0, 879, 29, 300 ]
8552 / 10000: [ 0, 2, 0, 0, 0 ], [ 0, 879, 29, 300 ]
8553 / 10000: [ 0, 0, 0, 0, 0 ], [ 0, 879, 29, 300 ]
8554 / 10000: [ 0, 0, 0, 0, 0 ], [ 0, 879, 29, 300 ]
8555 / 10000: [ 0, 2, 0, 0, 0 ], [ 0, 879, 29, 300 ]
8556 / 10000: [ 0, 1, 0, 0, 0 ], [ 0, 879, 29, 300 ]
8557 / 10000: [ 0, 1, 0, 0, 0 ], [ 0, 879, 29, 300 ]
8558 / 10000: [ 0, 0, 0, 0, 0 ], [ 0, 879, 29, 300 ]
8559 / 10000: [ 0, 0, 0, 0, 0 ], [ 0, 879, 29, 300 ]
8560 / 10000: [ 0, 3, 0, 0, 0 ], [ 0, 880, 29, 300 ]
8561 / 10000: [ 0, 0, 0, 0, 0 ], [ 0, 880, 29, 300 ]
8562 / 10000: [ 0, 0, 0, 0, 0 ], [ 0, 880, 29, 300 ]
8563 / 10000: [ 0, 2, 0, 0, 0 ], [ 0, 880, 29, 300 ]
8564 / 10000: [ 0, 0, 0, 0, 0 ], [ 0, 880, 29, 300 ]
8565 / 10000: [ 0, 0, 0, 0, 0 ], [ 0, 880, 29, 300 ]
8566 / 10000: [ 0, 2, 0, 0, 0 ], [ 0, 880, 29, 300 ]
8567 / 10000: [ 0, 0, 1, 0, 0 ], [ 0, 880, 29, 300 ]
8568 / 10000: [ 0, 2, 1, 0, 0 ], [ 0, 880, 30, 300 ]
8569 / 10000: [ 0, 1, 0, 0, 0 ], [ 0, 880, 30, 300 ]
8570 / 10000: [ 0, 0, 0, 0, 0 ], [ 0, 880, 30, 300 ]
8571 / 10000: [ 0, 2, 0, 0, 0 ], [ 0, 880, 30, 300 ]
8572 / 10000: [ 0, 1, 0, 0, 0 ], [ 0, 880, 30, 300 ]
8573 / 10000: [ 0, 0, 0, 0, 0 ], [ 0, 880, 30, 300 ]
8574 / 10000: [ 0, 0, 0, 0, 0 ], [ 0, 880, 30, 300 ]
8575 / 10000: [ 0, 2, 0, 0, 0 ], [ 0, 880, 30, 300 ]
8576 / 10000: [ 0, 1, 0, 0, 0 ], [ 0, 880, 30, 300 ]
8577 / 10000: [ 0, 0, 0, 0, 0 ], [ 0, 880, 30, 300 ]
8578 / 10000: [ 0, 0, 0, 0, 0 ], [ 0, 880, 30, 300 ]
8579 / 10000: [ 0, 0, 0, 0, 0 ], [ 0, 880, 30, 300 ]
8580 / 10000: [ 0, 3, 0, 0, 0 ], [ 0, 881, 30, 300 ]
8581 / 10000: [ 0, 2, 0, 0, 0 ], [ 0, 881, 30, 300 ]
8582 / 10000: [ 0, 1, 0, 0, 0 ], [ 0, 881, 30, 300 ]
8583 / 10000: [ 0, 2, 0, 0, 0 ], [ 0, 881, 30, 300 ]
8584 / 10000: [ 0, 0, 0, 0, 0 ], [ 0, 881, 30, 300 ]
8585 / 10000: [ 0, 0, 0, 0, 0 ], [ 0, 881, 30, 300 ]
8586 / 10000: [ 0, 0, 0, 0, 0 ], [ 0, 881, 30, 300 ]
8587 / 10000: [ 0, 0, 0, 0, 0 ], [ 0, 881, 30, 300 ]
8588 / 10000: [ 0, 0, 0, 0, 0 ], [ 0, 881, 30, 300 ]
8589 / 10000: [ 0, 0, 0, 0, 0 ], [ 0, 881, 30, 300 ]
8590 / 10000: [ 0, 2, 0, 0, 0 ], [ 0, 881, 30, 300 ]
8591 / 10000: [ 0, 0, 0, 0, 0 ], [ 0, 881, 30, 300 ]
8592 / 10000: [ 0, 0, 0, 0, 0 ], [ 0, 881, 30, 300 ]
8593 / 10000: [ 0, 0, 0, 0, 0 ], [ 0, 881, 30, 300 ]
8594 / 10000: [ 0, 0, 0, 0, 0 ], [ 0, 881, 30, 300 ]
8595 / 10000: [ 0, 0, 0, 0, 0 ], [ 0, 881, 30, 300 ]
8596 / 10000: [ 0, 0, 0, 0, 0 ], [ 0, 881, 30, 300 ]
8597 / 10000: [ 0, 1, 0, 0, 0 ], [ 0, 881, 30, 300 ]
8598 / 10000: [ 0, 2, 0, 0, 0 ], [ 0, 881, 30, 300 ]
8599 / 10000: [ 0, 0, 0, 0, 0 ], [ 0, 881, 30, 300 ]
8600 / 10000: [ 0, 2, 0, 0, 0 ], [ 0, 881, 30, 300 ]
8601 / 10000: [ 0, 0, 0, 0, 0 ], [ 0, 881, 30, 300 ]
8602 / 10000: [ 0, 0, 0, 0, 0 ], [ 0, 881, 30, 300 ]
8603 / 10000: [ 0, 3, 0, 0, 0 ], [ 0, 882, 30, 300 ]
8604 / 10000: [ 0, 0, 0, 0, 0 ], [ 0, 882, 30, 300 ]
8605 / 10000: [ 0, 1, 0, 0, 0 ], [ 0, 882, 30, 300 ]
8606 / 10000: [ 0, 1, 0, 0, 0 ], [ 0, 882, 30, 300 ]
8607 / 10000: [ 0, 0, 0, 0, 0 ], [ 0, 882, 30, 300 ]
8608 / 10000: [ 0, 0, 0, 0, 0 ], [ 0, 882, 30, 300 ]
8609 / 10000: [ 0, 0, 0, 0, 0 ], [ 0, 882, 30, 300 ]
8610 / 10000: [ 0, 1, 0, 0, 0 ], [ 0, 882, 30, 300 ]
8611 / 10000: [ 0, 0, 0, 0, 0 ], [ 0, 882, 30, 300 ]
8612 / 10000: [ 0, 1, 0, 0, 0 ], [ 0, 882, 30, 300 ]
8613 / 10000: [ 0, 2, 0, 0, 0 ], [ 0, 882, 30, 300 ]
8614 / 10000: [ 0, 0, 0, 0, 0 ], [ 0, 882, 30, 300 ]
8615 / 10000: [ 0, 0, 0, 0, 0 ], [ 0, 882, 30, 300 ]
8616 / 10000: [ 0, 0, 0, 0, 0 ], [ 0, 882, 30, 300 ]
8617 / 10000: [ 0, 2, 0, 0, 0 ], [ 0, 882, 30, 300 ]
8618 / 10000: [ 0, 1, 0, 0, 0 ], [ 0, 882, 30, 300 ]
8619 / 10000: [ 0, 0, 0, 0, 0 ], [ 0, 882, 30, 300 ]
8620 / 10000: [ 0, 2, 0, 0, 0 ], [ 0, 882, 30, 300 ]
8621 / 10000: [ 0, 0, 0, 0, 0 ], [ 0, 882, 30, 300 ]
8622 / 10000: [ 0, 2, 0, 0, 0 ], [ 0, 882, 30, 300 ]
8623 / 10000: [ 0, 3, 0, 0, 0 ], [ 0, 883, 30, 300 ]
8624 / 10000: [ 0, 0, 1, 0, 0 ], [ 0, 883, 30, 300 ]
8625 / 10000: [ 0, 0, 0, 0, 0 ], [ 0, 883, 30, 300 ]
8626 / 10000: [ 0, 0, 0, 0, 0 ], [ 0, 883, 30, 300 ]
8627 / 10000: [ 0, 0, 0, 0, 0 ], [ 0, 883, 30, 300 ]
8628 / 10000: [ 0, 1, 0, 0, 0 ], [ 0, 883, 30, 300 ]
8629 / 10000: [ 0, 1, 0, 0, 0 ], [ 0, 883, 30, 300 ]
8630 / 10000: [ 0, 0, 0, 0, 0 ], [ 0, 883, 30, 300 ]
8631 / 10000: [ 0, 1, 0, 0, 0 ], [ 0, 883, 30, 300 ]
8632 / 10000: [ 0, 2, 0, 0, 0 ], [ 0, 883, 30, 300 ]
8633 / 10000: [ 0, 1, 0, 0, 0 ], [ 0, 883, 30, 300 ]
8634 / 10000: [ 0, 0, 0, 0, 0 ], [ 0, 883, 30, 300 ]
8635 / 10000: [ 0, 2, 0, 0, 0 ], [ 0, 883, 30, 300 ]
8636 / 10000: [ 0, 1, 0, 0, 0 ], [ 0, 883, 30, 300 ]
8637 / 10000: [ 0, 0, 0, 0, 0 ], [ 0, 883, 30, 300 ]
8638 / 10000: [ 0, 1, 0, 0, 0 ], [ 0, 883, 30, 300 ]
8639 / 10000: [ 0, 0, 0, 0, 0 ], [ 0, 883, 30, 300 ]
8640 / 10000: [ 0, 2, 0, 0, 0 ], [ 0, 883, 30, 300 ]
8641 / 10000: [ 0, 2, 0, 0, 0 ], [ 0, 883, 30, 300 ]
8642 / 10000: [ 0, 1, 0, 0, 0 ], [ 0, 883, 30, 300 ]
8643 / 10000: [ 0, 3, 0, 0, 0 ], [ 0, 884, 30, 300 ]
8644 / 10000: [ 0, 0, 0, 0, 0 ], [ 0, 884, 30, 300 ]
8645 / 10000: [ 0, 0, 0, 0, 0 ], [ 0, 884, 30, 300 ]
8646 / 10000: [ 0, 1, 0, 0, 0 ], [ 0, 884, 30, 300 ]
8647 / 10000: [ 0, 0, 0, 0, 0 ], [ 0, 884, 30, 300 ]
8648 / 10000: [ 0, 0, 0, 0, 0 ], [ 0, 884, 30, 300 ]
8649 / 10000: [ 0, 0, 0, 0, 0 ], [ 0, 884, 30, 300 ]
8650 / 10000: [ 0, 2, 0, 0, 0 ], [ 0, 884, 30, 300 ]
8651 / 10000: [ 0, 0, 0, 0, 0 ], [ 0, 884, 30, 300 ]
8652 / 10000: [ 0, 2, 0, 0, 0 ], [ 0, 884, 30, 300 ]
8653 / 10000: [ 0, 1, 0, 0, 0 ], [ 0, 884, 30, 300 ]
8654 / 10000: [ 0, 0, 0, 0, 0 ], [ 0, 884, 30, 300 ]
8655 / 10000: [ 0, 0, 0, 0, 0 ], [ 0, 884, 30, 300 ]
8656 / 10000: [ 0, 0, 0, 0, 0 ], [ 0, 884, 30, 300 ]
8657 / 10000: [ 0, 1, 1, 0, 0 ], [ 0, 884, 30, 300 ]
8658 / 10000: [ 0, 2, 0, 0, 0 ], [ 0, 884, 30, 300 ]
8659 / 10000: [ 0, 0, 0, 0, 0 ], [ 0, 884, 30, 300 ]
8660 / 10000: [ 0, 2, 0, 0, 0 ], [ 0, 884, 30, 300 ]
8661 / 10000: [ 0, 0, 0, 0, 0 ], [ 0, 884, 30, 300 ]
8662 / 10000: [ 0, 0, 0, 0, 0 ], [ 0, 884, 30, 300 ]
8663 / 10000: [ 0, 0, 0, 2, 0 ], [ 0, 884, 30, 300 ]
8664 / 10000: [ 0, 0, 0, 0, 0 ], [ 0, 884, 30, 300 ]
8665 / 10000: [ 0, 0, 0, 1, 0 ], [ 0, 884, 30, 300 ]
8666 / 10000: [ 0, 0, 0, 0, 0 ], [ 0, 884, 30, 300 ]
8667 / 10000: [ 0, 0, 0, 0, 0 ], [ 0, 884, 30, 300 ]
8668 / 10000: [ 0, 0, 0, 0, 0 ], [ 0, 884, 30, 300 ]
8669 / 10000: [ 0, 0, 0, 0, 0 ], [ 0, 884, 30, 300 ]
8670 / 10000: [ 0, 1, 0, 0, 0 ], [ 0, 884, 30, 300 ]
8671 / 10000: [ 0, 0, 0, 0, 0 ], [ 0, 884, 30, 300 ]
8672 / 10000: [ 0, 0, 0, 0, 0 ], [ 0, 884, 30, 300 ]
8673 / 10000: [ 0, 0, 0, 1, 0 ], [ 0, 884, 30, 300 ]
8674 / 10000: [ 0, 0, 0, 0, 0 ], [ 0, 884, 30, 300 ]
8675 / 10000: [ 0, 0, 0, 0, 0 ], [ 0, 884, 30, 300 ]
8676 / 10000: [ 0, 0, 0, 0, 0 ], [ 0, 884, 30, 300 ]
8677 / 10000: [ 0, 0, 0, 1, 1 ], [ 0, 884, 30, 300 ]
8678 / 10000: [ 0, 0, 0, 0, 0 ], [ 0, 884, 30, 300 ]
8679 / 10000: [ 0, 0, 0, 0, 0 ], [ 0, 884, 30, 300 ]
8680 / 10000: [ 0, 0, 0, 0, 0 ], [ 0, 884, 30, 300 ]
8681 / 10000: [ 0, 0, 0, 0, 0 ], [ 0, 884, 30, 300 ]
8682 / 10000: [ 0, 0, 0, 0, 0 ], [ 0, 884, 30, 300 ]
8683 / 10000: [ 0, 2, 0, 0, 0 ], [ 0, 884, 30, 300 ]
8684 / 10000: [ 0, 0, 0, 0, 0 ], [ 0, 884, 30, 300 ]
8685 / 10000: [ 0, 1, 0, 0, 0 ], [ 0, 884, 30, 300 ]
8686 / 10000: [ 0, 0, 0, 0, 0 ], [ 0, 884, 30, 300 ]
8687 / 10000: [ 0, 0, 0, 0, 0 ], [ 0, 884, 30, 300 ]
8688 / 10000: [ 0, 0, 0, 0, 0 ], [ 0, 884, 30, 300 ]
8689 / 10000: [ 0, 0, 0, 0, 0 ], [ 0, 884, 30, 300 ]
8690 / 10000: [ 0, 0, 0, 1, 0 ], [ 0, 884, 30, 300 ]
8691 / 10000: [ 0, 0, 0, 0, 0 ], [ 0, 884, 30, 300 ]
8692 / 10000: [ 0, 0, 0, 0, 0 ], [ 0, 884, 30, 300 ]
8693 / 10000: [ 0, 1, 0, 0, 0 ], [ 0, 884, 30, 300 ]
8694 / 10000: [ 0, 0, 0, 0, 0 ], [ 0, 884, 30, 300 ]
8695 / 10000: [ 0, 0, 0, 0, 0 ], [ 0, 884, 30, 300 ]
8696 / 10000: [ 0, 0, 0, 0, 0 ], [ 0, 884, 30, 300 ]
8697 / 10000: [ 0, 1, 1, 0, 0 ], [ 0, 884, 30, 300 ]
8698 / 10000: [ 0, 0, 0, 0, 0 ], [ 0, 884, 30, 300 ]
8699 / 10000: [ 0, 0, 0, 0, 0 ], [ 0, 884, 30, 300 ]
8700 / 10000: [ 0, 0, 0, 0, 0 ], [ 0, 884, 30, 300 ]
8701 / 10000: [ 0, 2, 0, 0, 0 ], [ 0, 884, 30, 300 ]
8702 / 10000: [ 0, 1, 0, 0, 0 ], [ 0, 884, 30, 300 ]
8703 / 10000: [ 0, 3, 0, 0, 0 ], [ 0, 885, 30, 300 ]
8704 / 10000: [ 0, 0, 0, 0, 0 ], [ 0, 885, 30, 300 ]
8705 / 10000: [ 0, 1, 0, 0, 0 ], [ 0, 885, 30, 300 ]
8706 / 10000: [ 0, 1, 0, 0, 0 ], [ 0, 885, 30, 300 ]
8707 / 10000: [ 0, 0, 0, 0, 0 ], [ 0, 885, 30, 300 ]
8708 / 10000: [ 0, 0, 0, 0, 0 ], [ 0, 885, 30, 300 ]
8709 / 10000: [ 0, 1, 0, 0, 0 ], [ 0, 885, 30, 300 ]
8710 / 10000: [ 0, 3, 0, 0, 0 ], [ 0, 886, 30, 300 ]
8711 / 10000: [ 0, 0, 0, 0, 0 ], [ 0, 886, 30, 300 ]
8712 / 10000: [ 0, 1, 0, 0, 0 ], [ 0, 886, 30, 300 ]
8713 / 10000: [ 0, 2, 0, 0, 0 ], [ 0, 886, 30, 300 ]
8714 / 10000: [ 0, 1, 0, 0, 0 ], [ 0, 886, 30, 300 ]
8715 / 10000: [ 0, 1, 0, 0, 0 ], [ 0, 886, 30, 300 ]
8716 / 10000: [ 0, 0, 0, 0, 0 ], [ 0, 886, 30, 300 ]
8717 / 10000: [ 0, 1, 1, 0, 0 ], [ 0, 886, 30, 300 ]
8718 / 10000: [ 0, 2, 0, 0, 0 ], [ 0, 886, 30, 300 ]
8719 / 10000: [ 0, 0, 0, 0, 0 ], [ 0, 886, 30, 300 ]
8720 / 10000: [ 0, 2, 0, 0, 0 ], [ 0, 886, 30, 300 ]
8721 / 10000: [ 0, 1, 0, 2, 0 ], [ 0, 886, 30, 301 ]
8722 / 10000: [ 0, 0, 0, 1, 0 ], [ 0, 886, 30, 301 ]
8723 / 10000: [ 0, 2, 0, 1, 0 ], [ 0, 886, 30, 302 ]
8724 / 10000: [ 0, 0, 1, 0, 0 ], [ 0, 886, 30, 302 ]
8725 / 10000: [ 0, 0, 0, 1, 0 ], [ 0, 886, 30, 302 ]
8726 / 10000: [ 0, 2, 0, 1, 0 ], [ 0, 886, 30, 303 ]
8727 / 10000: [ 0, 0, 0, 0, 0 ], [ 0, 886, 30, 303 ]
8728 / 10000: [ 0, 1, 0, 0, 0 ], [ 0, 886, 30, 303 ]
8729 / 10000: [ 0, 0, 0, 0, 0 ], [ 0, 886, 30, 303 ]
8730 / 10000: [ 0, 2, 0, 1, 0 ], [ 0, 886, 30, 304 ]
8731 / 10000: [ 0, 0, 0, 0, 0 ], [ 0, 886, 30, 304 ]
8732 / 10000: [ 0, 0, 0, 1, 0 ], [ 0, 886, 30, 304 ]
8733 / 10000: [ 0, 0, 0, 1, 0 ], [ 0, 886, 30, 304 ]
8734 / 10000: [ 0, 0, 0, 0, 0 ], [ 0, 886, 30, 304 ]
8735 / 10000: [ 0, 0, 0, 0, 0 ], [ 0, 886, 30, 304 ]
8736 / 10000: [ 0, 1, 0, 0, 0 ], [ 0, 886, 30, 304 ]
8737 / 10000: [ 0, 1, 0, 2, 0 ], [ 0, 886, 30, 305 ]
8738 / 10000: [ 0, 0, 0, 2, 0 ], [ 0, 886, 30, 305 ]
8739 / 10000: [ 0, 0, 0, 0, 0 ], [ 0, 886, 30, 305 ]
8740 / 10000: [ 0, 2, 0, 1, 0 ], [ 0, 886, 30, 306 ]
8741 / 10000: [ 0, 2, 0, 1, 0 ], [ 0, 886, 30, 307 ]
8742 / 10000: [ 0, 1, 0, 0, 0 ], [ 0, 886, 30, 307 ]
8743 / 10000: [ 0, 3, 0, 0, 0 ], [ 0, 887, 30, 307 ]
8744 / 10000: [ 0, 0, 0, 0, 1 ], [ 0, 887, 30, 307 ]
8745 / 10000: [ 0, 1, 0, 0, 0 ], [ 0, 887, 30, 307 ]
8746 / 10000: [ 0, 1, 0, 2, 0 ], [ 0, 887, 30, 308 ]
8747 / 10000: [ 0, 0, 0, 0, 0 ], [ 0, 887, 30, 308 ]
8748 / 10000: [ 0, 0, 0, 1, 0 ], [ 0, 887, 30, 308 ]
8749 / 10000: [ 0, 0, 0, 0, 0 ], [ 0, 887, 30, 308 ]
8750 / 10000: [ 0, 3, 0, 0, 0 ], [ 0, 888, 30, 308 ]
8751 / 10000: [ 0, 0, 0, 0, 0 ], [ 0, 888, 30, 308 ]
8752 / 10000: [ 0, 1, 0, 0, 0 ], [ 0, 888, 30, 308 ]
8753 / 10000: [ 0, 1, 0, 0, 0 ], [ 0, 888, 30, 308 ]
8754 / 10000: [ 0, 0, 0, 0, 0 ], [ 0, 888, 30, 308 ]
8755 / 10000: [ 0, 0, 0, 0, 0 ], [ 0, 888, 30, 308 ]
8756 / 10000: [ 0, 0, 0, 1, 0 ], [ 0, 888, 30, 308 ]
8757 / 10000: [ 0, 2, 0, 1, 0 ], [ 0, 888, 30, 309 ]
8758 / 10000: [ 0, 2, 0, 0, 0 ], [ 0, 888, 30, 309 ]
8759 / 10000: [ 0, 0, 0, 0, 0 ], [ 0, 888, 30, 309 ]
8760 / 10000: [ 0, 2, 0, 1, 0 ], [ 0, 888, 30, 310 ]
8761 / 10000: [ 0, 0, 0, 1, 0 ], [ 0, 888, 30, 310 ]
8762 / 10000: [ 0, 2, 0, 1, 0 ], [ 0, 888, 30, 311 ]
8763 / 10000: [ 0, 1, 1, 1, 0 ], [ 0, 888, 30, 312 ]
8764 / 10000: [ 0, 0, 0, 0, 0 ], [ 0, 888, 30, 312 ]
8765 / 10000: [ 0, 1, 0, 0, 0 ], [ 0, 888, 30, 312 ]
8766 / 10000: [ 0, 0, 0, 2, 0 ], [ 0, 888, 30, 312 ]
8767 / 10000: [ 0, 0, 0, 0, 0 ], [ 0, 888, 30, 312 ]
8768 / 10000: [ 0, 0, 0, 1, 0 ], [ 0, 888, 30, 312 ]
8769 / 10000: [ 0, 0, 0, 2, 0 ], [ 0, 888, 30, 312 ]
8770 / 10000: [ 0, 0, 0, 3, 0 ], [ 0, 888, 30, 313 ]
8771 / 10000: [ 0, 0, 0, 1, 0 ], [ 0, 888, 30, 313 ]
8772 / 10000: [ 0, 1, 0, 0, 0 ], [ 0, 888, 30, 313 ]
8773 / 10000: [ 0, 1, 0, 1, 0 ], [ 0, 888, 30, 313 ]
8774 / 10000: [ 0, 0, 0, 3, 0 ], [ 0, 888, 30, 314 ]
8775 / 10000: [ 0, 0, 0, 1, 0 ], [ 0, 888, 30, 314 ]
8776 / 10000: [ 0, 0, 0, 1, 0 ], [ 0, 888, 30, 314 ]
8777 / 10000: [ 0, 1, 0, 1, 0 ], [ 0, 888, 30, 314 ]
8778 / 10000: [ 0, 1, 0, 2, 0 ], [ 0, 888, 30, 315 ]
8779 / 10000: [ 0, 0, 0, 0, 0 ], [ 0, 888, 30, 315 ]
8780 / 10000: [ 0, 0, 0, 1, 0 ], [ 0, 888, 30, 315 ]
8781 / 10000: [ 0, 0, 0, 1, 0 ], [ 0, 888, 30, 315 ]
8782 / 10000: [ 0, 0, 0, 3, 0 ], [ 0, 888, 30, 316 ]
8783 / 10000: [ 0, 2, 0, 1, 0 ], [ 0, 888, 30, 317 ]
8784 / 10000: [ 0, 0, 0, 0, 0 ], [ 0, 888, 30, 317 ]
8785 / 10000: [ 0, 0, 0, 1, 0 ], [ 0, 888, 30, 317 ]
8786 / 10000: [ 0, 1, 0, 1, 0 ], [ 0, 888, 30, 317 ]
8787 / 10000: [ 0, 0, 0, 0, 0 ], [ 0, 888, 30, 317 ]
8788 / 10000: [ 0, 0, 0, 1, 0 ], [ 0, 888, 30, 317 ]
8789 / 10000: [ 0, 0, 0, 2, 0 ], [ 0, 888, 30, 317 ]
8790 / 10000: [ 0, 2, 0, 1, 0 ], [ 0, 888, 30, 318 ]
8791 / 10000: [ 0, 0, 0, 1, 0 ], [ 0, 888, 30, 318 ]
8792 / 10000: [ 0, 0, 0, 1, 0 ], [ 0, 888, 30, 318 ]
8793 / 10000: [ 0, 0, 0, 2, 0 ], [ 0, 888, 30, 318 ]
8794 / 10000: [ 0, 1, 0, 2, 0 ], [ 0, 888, 30, 319 ]
8795 / 10000: [ 0, 1, 0, 0, 0 ], [ 0, 888, 30, 319 ]
8796 / 10000: [ 0, 0, 0, 1, 0 ], [ 0, 888, 30, 319 ]
8797 / 10000: [ 0, 1, 0, 1, 0 ], [ 0, 888, 30, 319 ]
8798 / 10000: [ 0, 0, 0, 3, 0 ], [ 0, 888, 30, 320 ]
8799 / 10000: [ 0, 0, 0, 0, 0 ], [ 0, 888, 30, 320 ]
8800 / 10000: [ 0, 1, 0, 0, 0 ], [ 0, 888, 30, 320 ]
8801 / 10000: [ 0, 1, 0, 0, 0 ], [ 0, 888, 30, 320 ]
8802 / 10000: [ 0, 1, 0, 2, 0 ], [ 0, 888, 30, 321 ]
8803 / 10000: [ 0, 2, 0, 1, 0 ], [ 0, 888, 30, 322 ]
8804 / 10000: [ 0, 0, 0, 0, 0 ], [ 0, 888, 30, 322 ]
8805 / 10000: [ 0, 0, 0, 1, 0 ], [ 0, 888, 30, 322 ]
8806 / 10000: [ 0, 2, 0, 0, 0 ], [ 0, 888, 30, 322 ]
8807 / 10000: [ 0, 0, 0, 0, 0 ], [ 0, 888, 30, 322 ]
8808 / 10000: [ 0, 1, 0, 0, 0 ], [ 0, 888, 30, 322 ]
8809 / 10000: [ 0, 2, 0, 0, 0 ], [ 0, 888, 30, 322 ]
8810 / 10000: [ 0, 1, 0, 2, 0 ], [ 0, 888, 30, 323 ]
8811 / 10000: [ 0, 1, 0, 0, 0 ], [ 0, 888, 30, 323 ]
8812 / 10000: [ 0, 0, 0, 1, 0 ], [ 0, 888, 30, 323 ]
8813 / 10000: [ 0, 2, 0, 0, 0 ], [ 0, 888, 30, 323 ]
8814 / 10000: [ 0, 2, 0, 1, 0 ], [ 0, 888, 30, 324 ]
8815 / 10000: [ 0, 0, 0, 1, 0 ], [ 0, 888, 30, 324 ]
8816 / 10000: [ 0, 1, 0, 0, 0 ], [ 0, 888, 30, 324 ]
8817 / 10000: [ 0, 0, 0, 2, 0 ], [ 0, 888, 30, 324 ]
8818 / 10000: [ 0, 2, 0, 1, 0 ], [ 0, 888, 30, 325 ]
8819 / 10000: [ 0, 0, 0, 0, 0 ], [ 0, 888, 30, 325 ]
8820 / 10000: [ 0, 0, 0, 1, 0 ], [ 0, 888, 30, 325 ]
8821 / 10000: [ 0, 1, 0, 0, 0 ], [ 0, 888, 30, 325 ]
8822 / 10000: [ 0, 0, 0, 0, 0 ], [ 0, 888, 30, 325 ]
8823 / 10000: [ 0, 3, 0, 0, 0 ], [ 0, 889, 30, 325 ]
8824 / 10000: [ 0, 0, 0, 0, 0 ], [ 0, 889, 30, 325 ]
8825 / 10000: [ 0, 1, 0, 0, 0 ], [ 0, 889, 30, 325 ]
8826 / 10000: [ 0, 2, 0, 0, 0 ], [ 0, 889, 30, 325 ]
8827 / 10000: [ 0, 0, 0, 0, 0 ], [ 0, 889, 30, 325 ]
8828 / 10000: [ 0, 1, 0, 0, 0 ], [ 0, 889, 30, 325 ]
8829 / 10000: [ 0, 0, 0, 0, 0 ], [ 0, 889, 30, 325 ]
8830 / 10000: [ 0, 2, 0, 0, 0 ], [ 0, 889, 30, 325 ]
8831 / 10000: [ 0, 0, 0, 0, 0 ], [ 0, 889, 30, 325 ]
8832 / 10000: [ 0, 0, 0, 0, 0 ], [ 0, 889, 30, 325 ]
8833 / 10000: [ 0, 1, 0, 0, 0 ], [ 0, 889, 30, 325 ]
8834 / 10000: [ 0, 0, 0, 0, 0 ], [ 0, 889, 30, 325 ]
8835 / 10000: [ 0, 0, 0, 0, 0 ], [ 0, 889, 30, 325 ]
8836 / 10000: [ 0, 1, 0, 0, 0 ], [ 0, 889, 30, 325 ]
8837 / 10000: [ 0, 2, 0, 0, 0 ], [ 0, 889, 30, 325 ]
8838 / 10000: [ 0, 0, 0, 0, 0 ], [ 0, 889, 30, 325 ]
8839 / 10000: [ 0, 0, 0, 0, 0 ], [ 0, 889, 30, 325 ]
8840 / 10000: [ 0, 1, 0, 0, 0 ], [ 0, 889, 30, 325 ]
8841 / 10000: [ 0, 2, 0, 0, 0 ], [ 0, 889, 30, 325 ]
8842 / 10000: [ 0, 1, 0, 0, 0 ], [ 0, 889, 30, 325 ]
8843 / 10000: [ 0, 3, 0, 0, 0 ], [ 0, 890, 30, 325 ]
8844 / 10000: [ 0, 0, 0, 0, 0 ], [ 0, 890, 30, 325 ]
8845 / 10000: [ 0, 0, 0, 0, 0 ], [ 0, 890, 30, 325 ]
8846 / 10000: [ 0, 2, 0, 0, 0 ], [ 0, 890, 30, 325 ]
8847 / 10000: [ 0, 0, 0, 0, 0 ], [ 0, 890, 30, 325 ]
8848 / 10000: [ 0, 0, 0, 0, 0 ], [ 0, 890, 30, 325 ]
8849 / 10000: [ 0, 1, 0, 0, 0 ], [ 0, 890, 30, 325 ]
8850 / 10000: [ 0, 3, 0, 0, 0 ], [ 0, 891, 30, 325 ]
8851 / 10000: [ 0, 1, 0, 0, 0 ], [ 0, 891, 30, 325 ]
8852 / 10000: [ 0, 0, 0, 0, 0 ], [ 0, 891, 30, 325 ]
8853 / 10000: [ 0, 0, 0, 0, 0 ], [ 0, 891, 30, 325 ]
8854 / 10000: [ 0, 0, 0, 0, 0 ], [ 0, 891, 30, 325 ]
8855 / 10000: [ 0, 0, 0, 0, 0 ], [ 0, 891, 30, 325 ]
8856 / 10000: [ 0, 0, 0, 0, 0 ], [ 0, 891, 30, 325 ]
8857 / 10000: [ 0, 1, 0, 0, 0 ], [ 0, 891, 30, 325 ]
8858 / 10000: [ 0, 3, 0, 0, 0 ], [ 0, 892, 30, 325 ]
8859 / 10000: [ 0, 0, 0, 0, 0 ], [ 0, 892, 30, 325 ]
8860 / 10000: [ 0, 2, 0, 0, 0 ], [ 0, 892, 30, 325 ]
8861 / 10000: [ 0, 3, 0, 0, 0 ], [ 0, 893, 30, 325 ]
8862 / 10000: [ 0, 1, 0, 0, 0 ], [ 0, 893, 30, 325 ]
8863 / 10000: [ 0, 2, 0, 0, 0 ], [ 0, 893, 30, 325 ]
8864 / 10000: [ 0, 0, 0, 0, 0 ], [ 0, 893, 30, 325 ]
8865 / 10000: [ 0, 0, 0, 0, 0 ], [ 0, 893, 30, 325 ]
8866 / 10000: [ 0, 1, 0, 0, 0 ], [ 0, 893, 30, 325 ]
8867 / 10000: [ 0, 0, 0, 0, 0 ], [ 0, 893, 30, 325 ]
8868 / 10000: [ 0, 1, 0, 0, 0 ], [ 0, 893, 30, 325 ]
8869 / 10000: [ 0, 0, 0, 0, 0 ], [ 0, 893, 30, 325 ]
8870 / 10000: [ 0, 2, 0, 0, 0 ], [ 0, 893, 30, 325 ]
8871 / 10000: [ 0, 0, 0, 0, 0 ], [ 0, 893, 30, 325 ]
8872 / 10000: [ 0, 0, 0, 0, 0 ], [ 0, 893, 30, 325 ]
8873 / 10000: [ 0, 0, 0, 0, 0 ], [ 0, 893, 30, 325 ]
8874 / 10000: [ 0, 0, 0, 0, 0 ], [ 0, 893, 30, 325 ]
8875 / 10000: [ 0, 0, 0, 0, 0 ], [ 0, 893, 30, 325 ]
8876 / 10000: [ 0, 1, 0, 0, 0 ], [ 0, 893, 30, 325 ]
8877 / 10000: [ 0, 0, 0, 0, 0 ], [ 0, 893, 30, 325 ]
8878 / 10000: [ 0, 2, 0, 0, 0 ], [ 0, 893, 30, 325 ]
8879 / 10000: [ 0, 1, 0, 0, 0 ], [ 0, 893, 30, 325 ]
8880 / 10000: [ 0, 2, 0, 0, 0 ], [ 0, 893, 30, 325 ]
8881 / 10000: [ 0, 0, 0, 0, 0 ], [ 0, 893, 30, 325 ]
8882 / 10000: [ 0, 0, 0, 0, 0 ], [ 0, 893, 30, 325 ]
8883 / 10000: [ 0, 0, 0, 0, 0 ], [ 0, 893, 30, 325 ]
8884 / 10000: [ 0, 0, 0, 0, 0 ], [ 0, 893, 30, 325 ]
8885 / 10000: [ 0, 0, 0, 0, 0 ], [ 0, 893, 30, 325 ]
8886 / 10000: [ 0, 0, 0, 0, 0 ], [ 0, 893, 30, 325 ]
8887 / 10000: [ 0, 1, 0, 0, 0 ], [ 0, 893, 30, 325 ]
8888 / 10000: [ 0, 0, 0, 0, 0 ], [ 0, 893, 30, 325 ]
8889 / 10000: [ 0, 0, 0, 0, 0 ], [ 0, 893, 30, 325 ]
8890 / 10000: [ 0, 0, 0, 0, 0 ], [ 0, 893, 30, 325 ]
8891 / 10000: [ 0, 0, 0, 0, 0 ], [ 0, 893, 30, 325 ]
8892 / 10000: [ 0, 0, 0, 0, 0 ], [ 0, 893, 30, 325 ]
8893 / 10000: [ 0, 1, 0, 0, 0 ], [ 0, 893, 30, 325 ]
8894 / 10000: [ 0, 0, 0, 0, 0 ], [ 0, 893, 30, 325 ]
8895 / 10000: [ 0, 0, 0, 0, 0 ], [ 0, 893, 30, 325 ]
8896 / 10000: [ 0, 0, 0, 0, 0 ], [ 0, 893, 30, 325 ]
8897 / 10000: [ 0, 0, 0, 0, 0 ], [ 0, 893, 30, 325 ]
8898 / 10000: [ 0, 0, 0, 0, 0 ], [ 0, 893, 30, 325 ]
8899 / 10000: [ 0, 0, 0, 0, 0 ], [ 0, 893, 30, 325 ]
8900 / 10000: [ 0, 0, 0, 0, 0 ], [ 0, 893, 30, 325 ]
8901 / 10000: [ 0, 1, 0, 0, 0 ], [ 0, 893, 30, 325 ]
8902 / 10000: [ 0, 1, 0, 0, 0 ], [ 0, 893, 30, 325 ]
8903 / 10000: [ 0, 0, 0, 0, 0 ], [ 0, 893, 30, 325 ]
8904 / 10000: [ 0, 0, 0, 0, 0 ], [ 0, 893, 30, 325 ]
8905 / 10000: [ 0, 0, 0, 0, 0 ], [ 0, 893, 30, 325 ]
8906 / 10000: [ 0, 0, 0, 0, 0 ], [ 0, 893, 30, 325 ]
8907 / 10000: [ 0, 0, 0, 0, 0 ], [ 0, 893, 30, 325 ]
8908 / 10000: [ 0, 1, 0, 0, 0 ], [ 0, 893, 30, 325 ]
8909 / 10000: [ 0, 1, 0, 0, 0 ], [ 0, 893, 30, 325 ]
8910 / 10000: [ 0, 1, 0, 0, 0 ], [ 0, 893, 30, 325 ]
8911 / 10000: [ 0, 1, 0, 0, 0 ], [ 0, 893, 30, 325 ]
8912 / 10000: [ 0, 1, 0, 0, 0 ], [ 0, 893, 30, 325 ]
8913 / 10000: [ 0, 0, 0, 0, 0 ], [ 0, 893, 30, 325 ]
8914 / 10000: [ 0, 0, 0, 0, 0 ], [ 0, 893, 30, 325 ]
8915 / 10000: [ 0, 2, 0, 0, 0 ], [ 0, 893, 30, 325 ]
8916 / 10000: [ 0, 1, 0, 0, 0 ], [ 0, 893, 30, 325 ]
8917 / 10000: [ 0, 0, 0, 0, 0 ], [ 0, 893, 30, 325 ]
8918 / 10000: [ 0, 0, 0, 0, 0 ], [ 0, 893, 30, 325 ]
8919 / 10000: [ 0, 0, 0, 0, 0 ], [ 0, 893, 30, 325 ]
8920 / 10000: [ 0, 2, 0, 0, 0 ], [ 0, 893, 30, 325 ]
8921 / 10000: [ 0, 1, 0, 0, 0 ], [ 0, 893, 30, 325 ]
8922 / 10000: [ 0, 1, 0, 0, 0 ], [ 0, 893, 30, 325 ]
8923 / 10000: [ 0, 3, 0, 0, 0 ], [ 0, 894, 30, 325 ]
8924 / 10000: [ 0, 0, 0, 0, 0 ], [ 0, 894, 30, 325 ]
8925 / 10000: [ 0, 1, 0, 0, 0 ], [ 0, 894, 30, 325 ]
8926 / 10000: [ 0, 3, 0, 0, 0 ], [ 0, 895, 30, 325 ]
8927 / 10000: [ 0, 0, 0, 0, 0 ], [ 0, 895, 30, 325 ]
8928 / 10000: [ 0, 1, 0, 0, 0 ], [ 0, 895, 30, 325 ]
8929 / 10000: [ 0, 2, 0, 0, 0 ], [ 0, 895, 30, 325 ]
8930 / 10000: [ 0, 1, 0, 0, 0 ], [ 0, 895, 30, 325 ]
8931 / 10000: [ 0, 2, 0, 0, 0 ], [ 0, 895, 30, 325 ]
8932 / 10000: [ 0, 0, 0, 0, 0 ], [ 0, 895, 30, 325 ]
8933 / 10000: [ 0, 3, 0, 0, 0 ], [ 0, 896, 30, 325 ]
8934 / 10000: [ 0, 2, 0, 0, 0 ], [ 0, 896, 30, 325 ]
8935 / 10000: [ 0, 1, 0, 0, 0 ], [ 0, 896, 30, 325 ]
8936 / 10000: [ 0, 1, 0, 0, 0 ], [ 0, 896, 30, 325 ]
8937 / 10000: [ 0, 2, 0, 0, 0 ], [ 0, 896, 30, 325 ]
8938 / 10000: [ 0, 2, 0, 0, 0 ], [ 0, 896, 30, 325 ]
8939 / 10000: [ 0, 0, 0, 0, 0 ], [ 0, 896, 30, 325 ]
8940 / 10000: [ 0, 0, 0, 0, 0 ], [ 0, 896, 30, 325 ]
8941 / 10000: [ 0, 1, 0, 0, 0 ], [ 0, 896, 30, 325 ]
8942 / 10000: [ 0, 1, 0, 0, 0 ], [ 0, 896, 30, 325 ]
8943 / 10000: [ 0, 1, 0, 0, 0 ], [ 0, 896, 30, 325 ]
8944 / 10000: [ 0, 0, 0, 0, 0 ], [ 0, 896, 30, 325 ]
8945 / 10000: [ 0, 0, 0, 0, 0 ], [ 0, 896, 30, 325 ]
8946 / 10000: [ 0, 2, 0, 0, 0 ], [ 0, 896, 30, 325 ]
8947 / 10000: [ 0, 0, 0, 0, 0 ], [ 0, 896, 30, 325 ]
8948 / 10000: [ 0, 1, 0, 0, 0 ], [ 0, 896, 30, 325 ]
8949 / 10000: [ 0, 2, 0, 0, 0 ], [ 0, 896, 30, 325 ]
8950 / 10000: [ 0, 2, 0, 0, 0 ], [ 0, 896, 30, 325 ]
8951 / 10000: [ 0, 1, 0, 0, 0 ], [ 0, 896, 30, 325 ]
8952 / 10000: [ 0, 1, 0, 0, 0 ], [ 0, 896, 30, 325 ]
8953 / 10000: [ 0, 2, 0, 0, 0 ], [ 0, 896, 30, 325 ]
8954 / 10000: [ 0, 2, 0, 0, 0 ], [ 0, 896, 30, 325 ]
8955 / 10000: [ 0, 0, 0, 0, 0 ], [ 0, 896, 30, 325 ]
8956 / 10000: [ 0, 1, 0, 0, 0 ], [ 0, 896, 30, 325 ]
8957 / 10000: [ 0, 0, 0, 0, 0 ], [ 0, 896, 30, 325 ]
8958 / 10000: [ 0, 2, 0, 0, 0 ], [ 0, 896, 30, 325 ]
8959 / 10000: [ 0, 1, 0, 0, 0 ], [ 0, 896, 30, 325 ]
8960 / 10000: [ 0, 0, 0, 0, 0 ], [ 0, 896, 30, 325 ]
8961 / 10000: [ 0, 1, 0, 0, 0 ], [ 0, 896, 30, 325 ]
8962 / 10000: [ 0, 1, 0, 0, 0 ], [ 0, 896, 30, 325 ]
8963 / 10000: [ 0, 1, 0, 0, 0 ], [ 0, 896, 30, 325 ]
8964 / 10000: [ 0, 0, 0, 0, 0 ], [ 0, 896, 30, 325 ]
8965 / 10000: [ 0, 0, 0, 0, 0 ], [ 0, 896, 30, 325 ]
8966 / 10000: [ 0, 2, 0, 0, 0 ], [ 0, 896, 30, 325 ]
8967 / 10000: [ 0, 0, 0, 0, 0 ], [ 0, 896, 30, 325 ]
8968 / 10000: [ 0, 1, 0, 0, 0 ], [ 0, 896, 30, 325 ]
8969 / 10000: [ 0, 2, 0, 0, 0 ], [ 0, 896, 30, 325 ]
8970 / 10000: [ 0, 0, 0, 0, 0 ], [ 0, 896, 30, 325 ]
8971 / 10000: [ 0, 2, 0, 0, 0 ], [ 0, 896, 30, 325 ]
8972 / 10000: [ 0, 1, 1, 0, 0 ], [ 0, 896, 30, 325 ]
8973 / 10000: [ 0, 2, 0, 0, 0 ], [ 0, 896, 30, 325 ]
8974 / 10000: [ 0, 2, 0, 0, 0 ], [ 0, 896, 30, 325 ]
8975 / 10000: [ 0, 0, 0, 0, 0 ], [ 0, 896, 30, 325 ]
8976 / 10000: [ 0, 1, 0, 0, 0 ], [ 0, 896, 30, 325 ]
8977 / 10000: [ 0, 0, 0, 0, 0 ], [ 0, 896, 30, 325 ]
8978 / 10000: [ 0, 2, 0, 0, 0 ], [ 0, 896, 30, 325 ]
8979 / 10000: [ 0, 0, 0, 0, 0 ], [ 0, 896, 30, 325 ]
8980 / 10000: [ 0, 1, 0, 0, 0 ], [ 0, 896, 30, 325 ]
8981 / 10000: [ 0, 1, 0, 0, 0 ], [ 0, 896, 30, 325 ]
8982 / 10000: [ 0, 1, 0, 0, 0 ], [ 0, 896, 30, 325 ]
8983 / 10000: [ 0, 1, 0, 0, 0 ], [ 0, 896, 30, 325 ]
8984 / 10000: [ 0, 0, 0, 0, 0 ], [ 0, 896, 30, 325 ]
8985 / 10000: [ 0, 1, 0, 0, 0 ], [ 0, 896, 30, 325 ]
8986 / 10000: [ 0, 2, 0, 0, 0 ], [ 0, 896, 30, 325 ]
8987 / 10000: [ 0, 0, 0, 0, 0 ], [ 0, 896, 30, 325 ]
8988 / 10000: [ 0, 1, 0, 0, 0 ], [ 0, 896, 30, 325 ]
8989 / 10000: [ 0, 2, 0, 0, 0 ], [ 0, 896, 30, 325 ]
8990 / 10000: [ 0, 0, 0, 0, 0 ], [ 0, 896, 30, 325 ]
8991 / 10000: [ 0, 1, 0, 0, 0 ], [ 0, 896, 30, 325 ]
8992 / 10000: [ 0, 0, 0, 0, 0 ], [ 0, 896, 30, 325 ]
8993 / 10000: [ 0, 2, 0, 0, 0 ], [ 0, 896, 30, 325 ]
8994 / 10000: [ 0, 2, 0, 0, 0 ], [ 0, 896, 30, 325 ]
8995 / 10000: [ 0, 0, 0, 0, 0 ], [ 0, 896, 30, 325 ]
8996 / 10000: [ 0, 1, 0, 0, 0 ], [ 0, 896, 30, 325 ]
8997 / 10000: [ 0, 1, 0, 0, 0 ], [ 0, 896, 30, 325 ]
8998 / 10000: [ 0, 2, 0, 0, 0 ], [ 0, 896, 30, 325 ]
8999 / 10000: [ 0, 1, 0, 0, 0 ], [ 0, 896, 30, 325 ]
9000 / 10000: [ 0, 0, 0, 0, 0 ], [ 0, 896, 30, 325 ]
9001 / 10000: [ 0, 1, 0, 0, 0 ], [ 0, 896, 30, 325 ]
9002 / 10000: [ 0, 1, 0, 0, 0 ], [ 0, 896, 30, 325 ]
9003 / 10000: [ 0, 0, 0, 0, 0 ], [ 0, 896, 30, 325 ]
9004 / 10000: [ 0, 1, 0, 0, 0 ], [ 0, 896, 30, 325 ]
9005 / 10000: [ 0, 1, 0, 0, 0 ], [ 0, 896, 30, 325 ]
9006 / 10000: [ 0, 2, 0, 0, 0 ], [ 0, 896, 30, 325 ]
9007 / 10000: [ 0, 0, 0, 0, 0 ], [ 0, 896, 30, 325 ]
9008 / 10000: [ 0, 1, 0, 0, 0 ], [ 0, 896, 30, 325 ]
9009 / 10000: [ 0, 1, 0, 0, 0 ], [ 0, 896, 30, 325 ]
9010 / 10000: [ 0, 0, 0, 0, 0 ], [ 0, 896, 30, 325 ]
9011 / 10000: [ 0, 3, 0, 0, 0 ], [ 0, 897, 30, 325 ]
9012 / 10000: [ 0, 1, 0, 0, 0 ], [ 0, 897, 30, 325 ]
9013 / 10000: [ 0, 1, 0, 0, 0 ], [ 0, 897, 30, 325 ]
9014 / 10000: [ 0, 1, 0, 0, 0 ], [ 0, 897, 30, 325 ]
9015 / 10000: [ 0, 1, 0, 0, 0 ], [ 0, 897, 30, 325 ]
9016 / 10000: [ 0, 0, 0, 0, 0 ], [ 0, 897, 30, 325 ]
9017 / 10000: [ 0, 1, 0, 0, 0 ], [ 0, 897, 30, 325 ]
9018 / 10000: [ 0, 1, 0, 0, 0 ], [ 0, 897, 30, 325 ]
9019 / 10000: [ 0, 0, 0, 0, 0 ], [ 0, 897, 30, 325 ]
9020 / 10000: [ 0, 2, 0, 0, 0 ], [ 0, 897, 30, 325 ]
9021 / 10000: [ 0, 0, 0, 0, 0 ], [ 0, 897, 30, 325 ]
9022 / 10000: [ 0, 0, 0, 0, 0 ], [ 0, 897, 30, 325 ]
9023 / 10000: [ 0, 1, 0, 0, 0 ], [ 0, 897, 30, 325 ]
9024 / 10000: [ 0, 0, 0, 0, 0 ], [ 0, 897, 30, 325 ]
9025 / 10000: [ 0, 0, 0, 0, 0 ], [ 0, 897, 30, 325 ]
9026 / 10000: [ 0, 2, 0, 0, 0 ], [ 0, 897, 30, 325 ]
9027 / 10000: [ 0, 0, 0, 0, 0 ], [ 0, 897, 30, 325 ]
9028 / 10000: [ 0, 1, 0, 0, 0 ], [ 0, 897, 30, 325 ]
9029 / 10000: [ 0, 1, 0, 0, 0 ], [ 0, 897, 30, 325 ]
9030 / 10000: [ 0, 1, 0, 0, 0 ], [ 0, 897, 30, 325 ]
9031 / 10000: [ 0, 3, 0, 0, 0 ], [ 0, 898, 30, 325 ]
9032 / 10000: [ 0, 1, 0, 0, 0 ], [ 0, 898, 30, 325 ]
9033 / 10000: [ 0, 0, 0, 0, 0 ], [ 0, 898, 30, 325 ]
9034 / 10000: [ 0, 0, 0, 0, 0 ], [ 0, 898, 30, 325 ]
9035 / 10000: [ 0, 2, 0, 0, 0 ], [ 0, 898, 30, 325 ]
9036 / 10000: [ 0, 0, 0, 0, 0 ], [ 0, 898, 30, 325 ]
9037 / 10000: [ 0, 1, 0, 0, 0 ], [ 0, 898, 30, 325 ]
9038 / 10000: [ 0, 0, 0, 0, 0 ], [ 0, 898, 30, 325 ]
9039 / 10000: [ 0, 0, 0, 0, 0 ], [ 0, 898, 30, 325 ]
9040 / 10000: [ 0, 3, 0, 0, 0 ], [ 0, 899, 30, 325 ]
9041 / 10000: [ 0, 3, 0, 0, 0 ], [ 0, 900, 30, 325 ]
9042 / 10000: [ 0, 1, 0, 0, 0 ], [ 0, 900, 30, 325 ]
9043 / 10000: [ 0, 2, 0, 0, 0 ], [ 0, 900, 30, 325 ]
9044 / 10000: [ 0, 0, 0, 0, 0 ], [ 0, 900, 30, 325 ]
9045 / 10000: [ 0, 0, 0, 0, 0 ], [ 0, 900, 30, 325 ]
9046 / 10000: [ 0, 1, 0, 0, 0 ], [ 0, 900, 30, 325 ]
9047 / 10000: [ 0, 1, 0, 0, 0 ], [ 0, 900, 30, 325 ]
9048 / 10000: [ 0, 0, 0, 0, 0 ], [ 0, 900, 30, 325 ]
9049 / 10000: [ 0, 2, 0, 0, 0 ], [ 0, 900, 30, 325 ]
9050 / 10000: [ 0, 2, 0, 0, 0 ], [ 0, 900, 30, 325 ]
9051 / 10000: [ 0, 1, 0, 0, 0 ], [ 0, 900, 30, 325 ]
9052 / 10000: [ 0, 0, 0, 0, 0 ], [ 0, 900, 30, 325 ]
9053 / 10000: [ 0, 0, 0, 0, 0 ], [ 0, 900, 30, 325 ]
9054 / 10000: [ 0, 0, 0, 0, 0 ], [ 0, 900, 30, 325 ]
9055 / 10000: [ 0, 0, 0, 0, 0 ], [ 0, 900, 30, 325 ]
9056 / 10000: [ 0, 2, 0, 0, 0 ], [ 0, 900, 30, 325 ]
9057 / 10000: [ 0, 0, 0, 0, 0 ], [ 0, 900, 30, 325 ]
9058 / 10000: [ 0, 3, 0, 0, 0 ], [ 0, 901, 30, 325 ]
9059 / 10000: [ 0, 1, 0, 0, 0 ], [ 0, 901, 30, 325 ]
9060 / 10000: [ 0, 2, 0, 0, 0 ], [ 0, 901, 30, 325 ]
9061 / 10000: [ 0, 0, 0, 0, 0 ], [ 0, 901, 30, 325 ]
9062 / 10000: [ 0, 0, 0, 0, 0 ], [ 0, 901, 30, 325 ]
9063 / 10000: [ 0, 0, 0, 0, 0 ], [ 0, 901, 30, 325 ]
9064 / 10000: [ 0, 0, 0, 0, 0 ], [ 0, 901, 30, 325 ]
9065 / 10000: [ 0, 0, 0, 0, 0 ], [ 0, 901, 30, 325 ]
9066 / 10000: [ 0, 0, 0, 3, 0 ], [ 0, 901, 30, 326 ]
9067 / 10000: [ 0, 0, 0, 1, 0 ], [ 0, 901, 30, 326 ]
9068 / 10000: [ 0, 0, 0, 2, 1 ], [ 0, 901, 30, 327 ]
9069 / 10000: [ 0, 0, 0, 3, 0 ], [ 0, 901, 30, 328 ]
9070 / 10000: [ 0, 0, 0, 0, 0 ], [ 0, 901, 30, 328 ]
9071 / 10000: [ 0, 0, 0, 3, 0 ], [ 0, 901, 30, 329 ]
9072 / 10000: [ 0, 0, 0, 3, 0 ], [ 0, 901, 30, 330 ]
9073 / 10000: [ 0, 0, 0, 0, 0 ], [ 0, 901, 30, 330 ]
9074 / 10000: [ 0, 0, 0, 0, 0 ], [ 0, 901, 30, 330 ]
9075 / 10000: [ 0, 0, 0, 3, 0 ], [ 0, 901, 30, 331 ]
9076 / 10000: [ 0, 0, 0, 3, 0 ], [ 0, 901, 30, 332 ]
9077 / 10000: [ 0, 0, 0, 1, 0 ], [ 0, 901, 30, 332 ]
9078 / 10000: [ 0, 0, 0, 0, 0 ], [ 0, 901, 30, 332 ]
9079 / 10000: [ 0, 0, 0, 0, 0 ], [ 0, 901, 30, 332 ]
9080 / 10000: [ 0, 1, 0, 2, 0 ], [ 0, 901, 30, 333 ]
9081 / 10000: [ 0, 2, 0, 0, 0 ], [ 0, 901, 30, 333 ]
9082 / 10000: [ 0, 1, 0, 0, 0 ], [ 0, 901, 30, 333 ]
9083 / 10000: [ 0, 2, 0, 0, 0 ], [ 0, 901, 30, 333 ]
9084 / 10000: [ 0, 0, 0, 0, 0 ], [ 0, 901, 30, 333 ]
9085 / 10000: [ 0, 0, 0, 0, 0 ], [ 0, 901, 30, 333 ]
9086 / 10000: [ 0, 0, 0, 0, 0 ], [ 0, 901, 30, 333 ]
9087 / 10000: [ 0, 1, 0, 0, 0 ], [ 0, 901, 30, 333 ]
9088 / 10000: [ 0, 0, 0, 0, 0 ], [ 0, 901, 30, 333 ]
9089 / 10000: [ 0, 2, 0, 0, 0 ], [ 0, 901, 30, 333 ]
9090 / 10000: [ 0, 2, 0, 0, 0 ], [ 0, 901, 30, 333 ]
9091 / 10000: [ 0, 1, 0, 0, 0 ], [ 0, 901, 30, 333 ]
9092 / 10000: [ 0, 0, 0, 0, 0 ], [ 0, 901, 30, 333 ]
9093 / 10000: [ 0, 0, 0, 0, 0 ], [ 0, 901, 30, 333 ]
9094 / 10000: [ 0, 0, 0, 0, 0 ], [ 0, 901, 30, 333 ]
9095 / 10000: [ 0, 1, 0, 0, 0 ], [ 0, 901, 30, 333 ]
9096 / 10000: [ 0, 2, 0, 0, 0 ], [ 0, 901, 30, 333 ]
9097 / 10000: [ 0, 1, 0, 0, 0 ], [ 0, 901, 30, 333 ]
9098 / 10000: [ 0, 2, 0, 0, 0 ], [ 0, 901, 30, 333 ]
9099 / 10000: [ 0, 1, 0, 0, 0 ], [ 0, 901, 30, 333 ]
9100 / 10000: [ 0, 2, 0, 0, 0 ], [ 0, 901, 30, 333 ]
9101 / 10000: [ 0, 1, 0, 0, 0 ], [ 0, 901, 30, 333 ]
9102 / 10000: [ 0, 0, 0, 0, 0 ], [ 0, 901, 30, 333 ]
9103 / 10000: [ 0, 0, 0, 0, 0 ], [ 0, 901, 30, 333 ]
9104 / 10000: [ 0, 0, 0, 0, 0 ], [ 0, 901, 30, 333 ]
9105 / 10000: [ 0, 0, 0, 0, 0 ], [ 0, 901, 30, 333 ]
9106 / 10000: [ 0, 1, 0, 0, 0 ], [ 0, 901, 30, 333 ]
9107 / 10000: [ 0, 0, 0, 0, 0 ], [ 0, 901, 30, 333 ]
9108 / 10000: [ 0, 2, 0, 0, 0 ], [ 0, 901, 30, 333 ]
9109 / 10000: [ 0, 2, 0, 0, 0 ], [ 0, 901, 30, 333 ]
9110 / 10000: [ 0, 0, 0, 0, 0 ], [ 0, 901, 30, 333 ]
9111 / 10000: [ 0, 2, 0, 0, 0 ], [ 0, 901, 30, 333 ]
9112 / 10000: [ 0, 1, 0, 0, 0 ], [ 0, 901, 30, 333 ]
9113 / 10000: [ 0, 0, 0, 0, 0 ], [ 0, 901, 30, 333 ]
9114 / 10000: [ 0, 0, 0, 0, 0 ], [ 0, 901, 30, 333 ]
9115 / 10000: [ 0, 2, 0, 0, 0 ], [ 0, 901, 30, 333 ]
9116 / 10000: [ 0, 2, 0, 0, 0 ], [ 0, 901, 30, 333 ]
9117 / 10000: [ 0, 0, 0, 0, 0 ], [ 0, 901, 30, 333 ]
9118 / 10000: [ 0, 0, 0, 0, 0 ], [ 0, 901, 30, 333 ]
9119 / 10000: [ 0, 0, 0, 0, 0 ], [ 0, 901, 30, 333 ]
9120 / 10000: [ 0, 3, 0, 0, 0 ], [ 0, 902, 30, 333 ]
9121 / 10000: [ 0, 0, 0, 0, 0 ], [ 0, 902, 30, 333 ]
9122 / 10000: [ 0, 0, 0, 0, 0 ], [ 0, 902, 30, 333 ]
9123 / 10000: [ 0, 0, 0, 0, 0 ], [ 0, 902, 30, 333 ]
9124 / 10000: [ 0, 0, 0, 0, 0 ], [ 0, 902, 30, 333 ]
9125 / 10000: [ 0, 0, 0, 0, 0 ], [ 0, 902, 30, 333 ]
9126 / 10000: [ 0, 0, 0, 0, 0 ], [ 0, 902, 30, 333 ]
9127 / 10000: [ 0, 0, 0, 0, 0 ], [ 0, 902, 30, 333 ]
9128 / 10000: [ 0, 0, 0, 0, 0 ], [ 0, 902, 30, 333 ]
9129 / 10000: [ 0, 0, 0, 0, 0 ], [ 0, 902, 30, 333 ]
9130 / 10000: [ 0, 0, 0, 0, 0 ], [ 0, 902, 30, 333 ]
9131 / 10000: [ 0, 0, 0, 0, 0 ], [ 0, 902, 30, 333 ]
9132 / 10000: [ 0, 0, 0, 0, 0 ], [ 0, 902, 30, 333 ]
9133 / 10000: [ 0, 0, 0, 0, 0 ], [ 0, 902, 30, 333 ]
9134 / 10000: [ 0, 0, 0, 0, 0 ], [ 0, 902, 30, 333 ]
9135 / 10000: [ 0, 0, 0, 0, 0 ], [ 0, 902, 30, 333 ]
9136 / 10000: [ 0, 0, 0, 0, 0 ], [ 0, 902, 30, 333 ]
9137 / 10000: [ 0, 0, 0, 0, 0 ], [ 0, 902, 30, 333 ]
9138 / 10000: [ 0, 0, 0, 0, 0 ], [ 0, 902, 30, 333 ]
9139 / 10000: [ 0, 0, 0, 0, 0 ], [ 0, 902, 30, 333 ]
9140 / 10000: [ 0, 0, 0, 0, 0 ], [ 0, 902, 30, 333 ]
9141 / 10000: [ 0, 0, 0, 0, 0 ], [ 0, 902, 30, 333 ]
9142 / 10000: [ 0, 0, 0, 0, 0 ], [ 0, 902, 30, 333 ]
9143 / 10000: [ 0, 0, 0, 0, 0 ], [ 0, 902, 30, 333 ]
9144 / 10000: [ 0, 0, 0, 0, 0 ], [ 0, 902, 30, 333 ]
9145 / 10000: [ 0, 0, 0, 0, 0 ], [ 0, 902, 30, 333 ]
9146 / 10000: [ 0, 0, 0, 0, 0 ], [ 0, 902, 30, 333 ]
9147 / 10000: [ 0, 0, 0, 0, 0 ], [ 0, 902, 30, 333 ]
9148 / 10000: [ 0, 0, 0, 0, 0 ], [ 0, 902, 30, 333 ]
9149 / 10000: [ 0, 0, 0, 0, 0 ], [ 0, 902, 30, 333 ]
9150 / 10000: [ 0, 0, 0, 0, 0 ], [ 0, 902, 30, 333 ]
9151 / 10000: [ 0, 0, 0, 0, 0 ], [ 0, 902, 30, 333 ]
9152 / 10000: [ 0, 0, 0, 0, 0 ], [ 0, 902, 30, 333 ]
9153 / 10000: [ 0, 0, 0, 0, 0 ], [ 0, 902, 30, 333 ]
9154 / 10000: [ 0, 0, 0, 0, 0 ], [ 0, 902, 30, 333 ]
9155 / 10000: [ 0, 0, 0, 0, 0 ], [ 0, 902, 30, 333 ]
9156 / 10000: [ 0, 0, 0, 0, 0 ], [ 0, 902, 30, 333 ]
9157 / 10000: [ 0, 0, 0, 0, 0 ], [ 0, 902, 30, 333 ]
9158 / 10000: [ 0, 0, 0, 0, 0 ], [ 0, 902, 30, 333 ]
9159 / 10000: [ 0, 0, 0, 0, 0 ], [ 0, 902, 30, 333 ]
9160 / 10000: [ 0, 0, 0, 0, 0 ], [ 0, 902, 30, 333 ]
9161 / 10000: [ 0, 1, 0, 0, 0 ], [ 0, 902, 30, 333 ]
9162 / 10000: [ 0, 1, 0, 0, 0 ], [ 0, 902, 30, 333 ]
9163 / 10000: [ 0, 0, 0, 0, 0 ], [ 0, 902, 30, 333 ]
9164 / 10000: [ 0, 0, 0, 0, 0 ], [ 0, 902, 30, 333 ]
9165 / 10000: [ 0, 0, 0, 0, 0 ], [ 0, 902, 30, 333 ]
9166 / 10000: [ 0, 2, 0, 0, 0 ], [ 0, 902, 30, 333 ]
9167 / 10000: [ 0, 0, 0, 0, 0 ], [ 0, 902, 30, 333 ]
9168 / 10000: [ 0, 1, 0, 0, 0 ], [ 0, 902, 30, 333 ]
9169 / 10000: [ 0, 1, 0, 0, 0 ], [ 0, 902, 30, 333 ]
9170 / 10000: [ 0, 1, 0, 0, 0 ], [ 0, 902, 30, 333 ]
9171 / 10000: [ 0, 3, 0, 0, 0 ], [ 0, 903, 30, 333 ]
9172 / 10000: [ 0, 1, 0, 0, 0 ], [ 0, 903, 30, 333 ]
9173 / 10000: [ 0, 0, 0, 0, 0 ], [ 0, 903, 30, 333 ]
9174 / 10000: [ 0, 0, 0, 0, 0 ], [ 0, 903, 30, 333 ]
9175 / 10000: [ 0, 1, 0, 0, 0 ], [ 0, 903, 30, 333 ]
9176 / 10000: [ 0, 0, 0, 0, 0 ], [ 0, 903, 30, 333 ]
9177 / 10000: [ 0, 2, 0, 0, 0 ], [ 0, 903, 30, 333 ]
9178 / 10000: [ 0, 0, 0, 0, 0 ], [ 0, 903, 30, 333 ]
9179 / 10000: [ 0, 0, 0, 0, 0 ], [ 0, 903, 30, 333 ]
9180 / 10000: [ 0, 2, 0, 0, 0 ], [ 0, 903, 30, 333 ]
9181 / 10000: [ 0, 1, 0, 0, 0 ], [ 0, 903, 30, 333 ]
9182 / 10000: [ 0, 1, 0, 0, 0 ], [ 0, 903, 30, 333 ]
9183 / 10000: [ 0, 0, 0, 0, 0 ], [ 0, 903, 30, 333 ]
9184 / 10000: [ 0, 0, 0, 0, 0 ], [ 0, 903, 30, 333 ]
9185 / 10000: [ 0, 1, 0, 0, 0 ], [ 0, 903, 30, 333 ]
9186 / 10000: [ 0, 1, 0, 0, 0 ], [ 0, 903, 30, 333 ]
9187 / 10000: [ 0, 0, 0, 0, 0 ], [ 0, 903, 30, 333 ]
9188 / 10000: [ 0, 0, 0, 0, 0 ], [ 0, 903, 30, 333 ]
9189 / 10000: [ 0, 1, 0, 0, 0 ], [ 0, 903, 30, 333 ]
9190 / 10000: [ 0, 0, 0, 0, 0 ], [ 0, 903, 30, 333 ]
9191 / 10000: [ 0, 0, 0, 0, 0 ], [ 0, 903, 30, 333 ]
9192 / 10000: [ 0, 1, 0, 0, 0 ], [ 0, 903, 30, 333 ]
9193 / 10000: [ 0, 2, 0, 0, 0 ], [ 0, 903, 30, 333 ]
9194 / 10000: [ 0, 1, 0, 0, 0 ], [ 0, 903, 30, 333 ]
9195 / 10000: [ 0, 1, 0, 0, 0 ], [ 0, 903, 30, 333 ]
9196 / 10000: [ 0, 0, 0, 0, 0 ], [ 0, 903, 30, 333 ]
9197 / 10000: [ 0, 1, 0, 0, 0 ], [ 0, 903, 30, 333 ]
9198 / 10000: [ 0, 1, 0, 0, 0 ], [ 0, 903, 30, 333 ]
9199 / 10000: [ 0, 0, 0, 0, 0 ], [ 0, 903, 30, 333 ]
9200 / 10000: [ 0, 0, 0, 0, 0 ], [ 0, 903, 30, 333 ]
9201 / 10000: [ 0, 0, 0, 0, 0 ], [ 0, 903, 30, 333 ]
9202 / 10000: [ 0, 1, 0, 0, 0 ], [ 0, 903, 30, 333 ]
9203 / 10000: [ 0, 1, 0, 0, 0 ], [ 0, 903, 30, 333 ]
9204 / 10000: [ 0, 1, 0, 0, 0 ], [ 0, 903, 30, 333 ]
9205 / 10000: [ 0, 1, 0, 0, 0 ], [ 0, 903, 30, 333 ]
9206 / 10000: [ 0, 3, 0, 0, 0 ], [ 0, 904, 30, 333 ]
9207 / 10000: [ 0, 0, 0, 0, 0 ], [ 0, 904, 30, 333 ]
9208 / 10000: [ 0, 2, 0, 0, 0 ], [ 0, 904, 30, 333 ]
9209 / 10000: [ 0, 3, 0, 0, 0 ], [ 0, 905, 30, 333 ]
9210 / 10000: [ 0, 0, 0, 0, 0 ], [ 0, 905, 30, 333 ]
9211 / 10000: [ 0, 3, 0, 0, 0 ], [ 0, 906, 30, 333 ]
9212 / 10000: [ 0, 3, 0, 0, 0 ], [ 0, 907, 30, 333 ]
9213 / 10000: [ 0, 0, 0, 0, 0 ], [ 0, 907, 30, 333 ]
9214 / 10000: [ 0, 0, 0, 0, 0 ], [ 0, 907, 30, 333 ]
9215 / 10000: [ 0, 1, 0, 0, 0 ], [ 0, 907, 30, 333 ]
9216 / 10000: [ 0, 1, 0, 0, 0 ], [ 0, 907, 30, 333 ]
9217 / 10000: [ 0, 1, 0, 0, 0 ], [ 0, 907, 30, 333 ]
9218 / 10000: [ 0, 0, 0, 0, 0 ], [ 0, 907, 30, 333 ]
9219 / 10000: [ 0, 0, 0, 0, 0 ], [ 0, 907, 30, 333 ]
9220 / 10000: [ 0, 2, 0, 0, 0 ], [ 0, 907, 30, 333 ]
9221 / 10000: [ 0, 3, 0, 0, 0 ], [ 0, 908, 30, 333 ]
9222 / 10000: [ 0, 2, 0, 0, 0 ], [ 0, 908, 30, 333 ]
9223 / 10000: [ 0, 3, 0, 0, 0 ], [ 0, 909, 30, 333 ]
9224 / 10000: [ 0, 0, 0, 0, 0 ], [ 0, 909, 30, 333 ]
9225 / 10000: [ 0, 0, 0, 0, 0 ], [ 0, 909, 30, 333 ]
9226 / 10000: [ 0, 2, 0, 0, 0 ], [ 0, 909, 30, 333 ]
9227 / 10000: [ 0, 0, 0, 0, 0 ], [ 0, 909, 30, 333 ]
9228 / 10000: [ 0, 0, 0, 0, 0 ], [ 0, 909, 30, 333 ]
9229 / 10000: [ 0, 2, 0, 0, 0 ], [ 0, 909, 30, 333 ]
9230 / 10000: [ 0, 3, 0, 0, 0 ], [ 0, 910, 30, 333 ]
9231 / 10000: [ 0, 0, 0, 0, 0 ], [ 0, 910, 30, 333 ]
9232 / 10000: [ 0, 0, 0, 0, 0 ], [ 0, 910, 30, 333 ]
9233 / 10000: [ 0, 0, 0, 0, 0 ], [ 0, 910, 30, 333 ]
9234 / 10000: [ 0, 1, 0, 0, 0 ], [ 0, 910, 30, 333 ]
9235 / 10000: [ 0, 0, 0, 0, 0 ], [ 0, 910, 30, 333 ]
9236 / 10000: [ 0, 0, 0, 0, 0 ], [ 0, 910, 30, 333 ]
9237 / 10000: [ 0, 2, 0, 0, 0 ], [ 0, 910, 30, 333 ]
9238 / 10000: [ 0, 3, 0, 0, 0 ], [ 0, 911, 30, 333 ]
9239 / 10000: [ 0, 0, 0, 0, 0 ], [ 0, 911, 30, 333 ]
9240 / 10000: [ 0, 3, 0, 0, 0 ], [ 0, 912, 30, 333 ]
9241 / 10000: [ 0, 2, 0, 0, 0 ], [ 0, 912, 30, 333 ]
9242 / 10000: [ 0, 3, 0, 0, 0 ], [ 0, 913, 30, 333 ]
9243 / 10000: [ 0, 2, 0, 0, 0 ], [ 0, 913, 30, 333 ]
9244 / 10000: [ 0, 0, 0, 0, 0 ], [ 0, 913, 30, 333 ]
9245 / 10000: [ 0, 1, 0, 0, 0 ], [ 0, 913, 30, 333 ]
9246 / 10000: [ 0, 0, 0, 0, 0 ], [ 0, 913, 30, 333 ]
9247 / 10000: [ 0, 0, 0, 0, 0 ], [ 0, 913, 30, 333 ]
9248 / 10000: [ 0, 1, 0, 0, 0 ], [ 0, 913, 30, 333 ]
9249 / 10000: [ 0, 2, 0, 0, 0 ], [ 0, 913, 30, 333 ]
9250 / 10000: [ 0, 0, 0, 0, 0 ], [ 0, 913, 30, 333 ]
9251 / 10000: [ 0, 1, 0, 0, 0 ], [ 0, 913, 30, 333 ]
9252 / 10000: [ 0, 2, 0, 0, 0 ], [ 0, 913, 30, 333 ]
9253 / 10000: [ 0, 1, 0, 0, 0 ], [ 0, 913, 30, 333 ]
9254 / 10000: [ 0, 0, 0, 0, 0 ], [ 0, 913, 30, 333 ]
9255 / 10000: [ 0, 2, 0, 0, 0 ], [ 0, 913, 30, 333 ]
9256 / 10000: [ 0, 1, 0, 0, 0 ], [ 0, 913, 30, 333 ]
9257 / 10000: [ 0, 1, 0, 0, 0 ], [ 0, 913, 30, 333 ]
9258 / 10000: [ 0, 0, 0, 0, 0 ], [ 0, 913, 30, 333 ]
9259 / 10000: [ 0, 0, 0, 0, 0 ], [ 0, 913, 30, 333 ]
9260 / 10000: [ 0, 3, 0, 0, 0 ], [ 0, 914, 30, 333 ]
9261 / 10000: [ 0, 3, 0, 0, 0 ], [ 0, 915, 30, 333 ]
9262 / 10000: [ 0, 3, 0, 0, 0 ], [ 0, 916, 30, 333 ]
9263 / 10000: [ 0, 3, 0, 0, 0 ], [ 0, 917, 30, 333 ]
9264 / 10000: [ 0, 0, 0, 0, 0 ], [ 0, 917, 30, 333 ]
9265 / 10000: [ 0, 0, 0, 0, 0 ], [ 0, 917, 30, 333 ]
9266 / 10000: [ 0, 2, 0, 0, 0 ], [ 0, 917, 30, 333 ]
9267 / 10000: [ 0, 0, 0, 0, 0 ], [ 0, 917, 30, 333 ]
9268 / 10000: [ 0, 1, 0, 0, 0 ], [ 0, 917, 30, 333 ]
9269 / 10000: [ 0, 2, 0, 0, 0 ], [ 0, 917, 30, 333 ]
9270 / 10000: [ 0, 2, 0, 0, 0 ], [ 0, 917, 30, 333 ]
9271 / 10000: [ 0, 1, 0, 0, 0 ], [ 0, 917, 30, 333 ]
9272 / 10000: [ 0, 2, 0, 0, 0 ], [ 0, 917, 30, 333 ]
9273 / 10000: [ 0, 2, 0, 0, 0 ], [ 0, 917, 30, 333 ]
9274 / 10000: [ 0, 3, 0, 0, 0 ], [ 0, 918, 30, 333 ]
9275 / 10000: [ 0, 1, 0, 0, 0 ], [ 0, 918, 30, 333 ]
9276 / 10000: [ 0, 1, 0, 0, 0 ], [ 0, 918, 30, 333 ]
9277 / 10000: [ 0, 0, 0, 0, 0 ], [ 0, 918, 30, 333 ]
9278 / 10000: [ 0, 3, 0, 0, 0 ], [ 0, 919, 30, 333 ]
9279 / 10000: [ 0, 0, 0, 0, 0 ], [ 0, 919, 30, 333 ]
9280 / 10000: [ 0, 2, 0, 0, 0 ], [ 0, 919, 30, 333 ]
9281 / 10000: [ 0, 2, 0, 1, 0 ], [ 0, 919, 30, 334 ]
9282 / 10000: [ 0, 3, 0, 0, 0 ], [ 0, 920, 30, 334 ]
9283 / 10000: [ 0, 1, 0, 1, 0 ], [ 0, 920, 30, 334 ]
9284 / 10000: [ 0, 0, 0, 0, 0 ], [ 0, 920, 30, 334 ]
9285 / 10000: [ 0, 0, 0, 0, 0 ], [ 0, 920, 30, 334 ]
9286 / 10000: [ 0, 3, 0, 0, 0 ], [ 0, 921, 30, 334 ]
9287 / 10000: [ 0, 0, 0, 0, 0 ], [ 0, 921, 30, 334 ]
9288 / 10000: [ 0, 2, 0, 0, 0 ], [ 0, 921, 30, 334 ]
9289 / 10000: [ 0, 2, 0, 0, 0 ], [ 0, 921, 30, 334 ]
9290 / 10000: [ 0, 0, 0, 0, 0 ], [ 0, 921, 30, 334 ]
9291 / 10000: [ 0, 1, 0, 2, 0 ], [ 0, 921, 30, 335 ]
9292 / 10000: [ 0, 0, 0, 1, 0 ], [ 0, 921, 30, 335 ]
9293 / 10000: [ 0, 2, 0, 1, 0 ], [ 0, 921, 30, 336 ]
9294 / 10000: [ 0, 2, 0, 0, 0 ], [ 0, 921, 30, 336 ]
9295 / 10000: [ 0, 0, 0, 0, 0 ], [ 0, 921, 30, 336 ]
9296 / 10000: [ 0, 2, 0, 0, 0 ], [ 0, 921, 30, 336 ]
9297 / 10000: [ 0, 0, 0, 1, 0 ], [ 0, 921, 30, 336 ]
9298 / 10000: [ 0, 2, 0, 0, 0 ], [ 0, 921, 30, 336 ]
9299 / 10000: [ 0, 0, 0, 0, 0 ], [ 0, 921, 30, 336 ]
9300 / 10000: [ 0, 0, 0, 0, 0 ], [ 0, 921, 30, 336 ]
9301 / 10000: [ 0, 0, 0, 0, 0 ], [ 0, 921, 30, 336 ]
9302 / 10000: [ 0, 0, 0, 0, 0 ], [ 0, 921, 30, 336 ]
9303 / 10000: [ 0, 0, 0, 0, 0 ], [ 0, 921, 30, 336 ]
9304 / 10000: [ 0, 1, 0, 0, 0 ], [ 0, 921, 30, 336 ]
9305 / 10000: [ 0, 1, 0, 0, 0 ], [ 0, 921, 30, 336 ]
9306 / 10000: [ 0, 0, 0, 0, 0 ], [ 0, 921, 30, 336 ]
9307 / 10000: [ 0, 0, 0, 0, 0 ], [ 0, 921, 30, 336 ]
9308 / 10000: [ 0, 0, 0, 0, 0 ], [ 0, 921, 30, 336 ]
9309 / 10000: [ 0, 0, 0, 0, 0 ], [ 0, 921, 30, 336 ]
9310 / 10000: [ 0, 0, 0, 0, 0 ], [ 0, 921, 30, 336 ]
9311 / 10000: [ 0, 0, 0, 0, 0 ], [ 0, 921, 30, 336 ]
9312 / 10000: [ 0, 0, 0, 0, 0 ], [ 0, 921, 30, 336 ]
9313 / 10000: [ 0, 1, 0, 0, 0 ], [ 0, 921, 30, 336 ]
9314 / 10000: [ 0, 1, 0, 0, 0 ], [ 0, 921, 30, 336 ]
9315 / 10000: [ 0, 0, 0, 0, 0 ], [ 0, 921, 30, 336 ]
9316 / 10000: [ 0, 0, 0, 0, 0 ], [ 0, 921, 30, 336 ]
9317 / 10000: [ 0, 0, 0, 0, 0 ], [ 0, 921, 30, 336 ]
9318 / 10000: [ 0, 0, 0, 0, 0 ], [ 0, 921, 30, 336 ]
9319 / 10000: [ 0, 1, 0, 0, 0 ], [ 0, 921, 30, 336 ]
9320 / 10000: [ 0, 0, 0, 0, 0 ], [ 0, 921, 30, 336 ]
9321 / 10000: [ 0, 0, 0, 0, 0 ], [ 0, 921, 30, 336 ]
9322 / 10000: [ 0, 0, 0, 0, 0 ], [ 0, 921, 30, 336 ]
9323 / 10000: [ 0, 1, 0, 0, 0 ], [ 0, 921, 30, 336 ]
9324 / 10000: [ 0, 0, 0, 0, 0 ], [ 0, 921, 30, 336 ]
9325 / 10000: [ 0, 0, 0, 0, 0 ], [ 0, 921, 30, 336 ]
9326 / 10000: [ 0, 2, 0, 0, 0 ], [ 0, 921, 30, 336 ]
9327 / 10000: [ 0, 1, 0, 0, 0 ], [ 0, 921, 30, 336 ]
9328 / 10000: [ 0, 3, 0, 0, 0 ], [ 0, 922, 30, 336 ]
9329 / 10000: [ 0, 1, 0, 0, 0 ], [ 0, 922, 30, 336 ]
9330 / 10000: [ 0, 0, 0, 0, 0 ], [ 0, 922, 30, 336 ]
9331 / 10000: [ 0, 3, 0, 0, 0 ], [ 0, 923, 30, 336 ]
9332 / 10000: [ 0, 1, 0, 0, 0 ], [ 0, 923, 30, 336 ]
9333 / 10000: [ 0, 1, 0, 0, 0 ], [ 0, 923, 30, 336 ]
9334 / 10000: [ 0, 0, 0, 0, 0 ], [ 0, 923, 30, 336 ]
9335 / 10000: [ 0, 1, 0, 0, 0 ], [ 0, 923, 30, 336 ]
9336 / 10000: [ 0, 0, 0, 0, 0 ], [ 0, 923, 30, 336 ]
9337 / 10000: [ 0, 1, 0, 0, 0 ], [ 0, 923, 30, 336 ]
9338 / 10000: [ 0, 0, 0, 0, 0 ], [ 0, 923, 30, 336 ]
9339 / 10000: [ 0, 0, 0, 0, 0 ], [ 0, 923, 30, 336 ]
9340 / 10000: [ 0, 2, 0, 0, 0 ], [ 0, 923, 30, 336 ]
9341 / 10000: [ 0, 2, 0, 0, 0 ], [ 0, 923, 30, 336 ]
9342 / 10000: [ 0, 1, 0, 0, 0 ], [ 0, 923, 30, 336 ]
9343 / 10000: [ 0, 2, 0, 1, 0 ], [ 0, 923, 30, 337 ]
9344 / 10000: [ 0, 0, 0, 0, 0 ], [ 0, 923, 30, 337 ]
9345 / 10000: [ 0, 0, 0, 0, 0 ], [ 0, 923, 30, 337 ]
9346 / 10000: [ 0, 1, 0, 0, 0 ], [ 0, 923, 30, 337 ]
9347 / 10000: [ 0, 0, 0, 0, 0 ], [ 0, 923, 30, 337 ]
9348 / 10000: [ 0, 1, 0, 2, 0 ], [ 0, 923, 30, 338 ]
9349 / 10000: [ 0, 0, 0, 2, 0 ], [ 0, 923, 30, 338 ]
9350 / 10000: [ 0, 2, 0, 0, 0 ], [ 0, 923, 30, 338 ]
9351 / 10000: [ 0, 1, 0, 2, 0 ], [ 0, 923, 30, 339 ]
9352 / 10000: [ 0, 0, 0, 1, 0 ], [ 0, 923, 30, 339 ]
9353 / 10000: [ 0, 0, 0, 0, 0 ], [ 0, 923, 30, 339 ]
9354 / 10000: [ 0, 0, 0, 1, 0 ], [ 0, 923, 30, 339 ]
9355 / 10000: [ 0, 1, 0, 2, 0 ], [ 0, 923, 30, 340 ]
9356 / 10000: [ 0, 0, 0, 1, 0 ], [ 0, 923, 30, 340 ]
9357 / 10000: [ 0, 0, 0, 1, 0 ], [ 0, 923, 30, 340 ]
9358 / 10000: [ 0, 2, 0, 0, 0 ], [ 0, 923, 30, 340 ]
9359 / 10000: [ 0, 0, 0, 0, 0 ], [ 0, 923, 30, 340 ]
9360 / 10000: [ 0, 2, 0, 1, 0 ], [ 0, 923, 30, 341 ]
9361 / 10000: [ 0, 0, 0, 0, 0 ], [ 0, 923, 30, 341 ]
9362 / 10000: [ 0, 0, 0, 0, 0 ], [ 0, 923, 30, 341 ]
9363 / 10000: [ 0, 1, 0, 0, 0 ], [ 0, 923, 30, 341 ]
9364 / 10000: [ 0, 0, 0, 0, 0 ], [ 0, 923, 30, 341 ]
9365 / 10000: [ 0, 1, 0, 0, 0 ], [ 0, 923, 30, 341 ]
9366 / 10000: [ 0, 1, 0, 0, 0 ], [ 0, 923, 30, 341 ]
9367 / 10000: [ 0, 0, 0, 0, 0 ], [ 0, 923, 30, 341 ]
9368 / 10000: [ 0, 0, 0, 0, 0 ], [ 0, 923, 30, 341 ]
9369 / 10000: [ 0, 0, 0, 0, 0 ], [ 0, 923, 30, 341 ]
9370 / 10000: [ 0, 1, 0, 0, 0 ], [ 0, 923, 30, 341 ]
9371 / 10000: [ 0, 0, 0, 0, 0 ], [ 0, 923, 30, 341 ]
9372 / 10000: [ 0, 0, 0, 0, 0 ], [ 0, 923, 30, 341 ]
9373 / 10000: [ 0, 1, 0, 0, 0 ], [ 0, 923, 30, 341 ]
9374 / 10000: [ 0, 0, 0, 0, 0 ], [ 0, 923, 30, 341 ]
9375 / 10000: [ 0, 0, 0, 0, 0 ], [ 0, 923, 30, 341 ]
9376 / 10000: [ 0, 0, 0, 0, 0 ], [ 0, 923, 30, 341 ]
9377 / 10000: [ 0, 2, 0, 0, 0 ], [ 0, 923, 30, 341 ]
9378 / 10000: [ 0, 0, 0, 0, 0 ], [ 0, 923, 30, 341 ]
9379 / 10000: [ 0, 1, 0, 0, 0 ], [ 0, 923, 30, 341 ]
9380 / 10000: [ 0, 0, 0, 0, 0 ], [ 0, 923, 30, 341 ]
9381 / 10000: [ 0, 0, 0, 0, 0 ], [ 0, 923, 30, 341 ]
9382 / 10000: [ 0, 0, 0, 0, 0 ], [ 0, 923, 30, 341 ]
9383 / 10000: [ 0, 0, 0, 0, 0 ], [ 0, 923, 30, 341 ]
9384 / 10000: [ 0, 0, 0, 0, 0 ], [ 0, 923, 30, 341 ]
9385 / 10000: [ 0, 1, 0, 0, 0 ], [ 0, 923, 30, 341 ]
9386 / 10000: [ 0, 0, 0, 0, 0 ], [ 0, 923, 30, 341 ]
9387 / 10000: [ 0, 0, 0, 0, 0 ], [ 0, 923, 30, 341 ]
9388 / 10000: [ 0, 0, 0, 0, 0 ], [ 0, 923, 30, 341 ]
9389 / 10000: [ 0, 0, 0, 0, 0 ], [ 0, 923, 30, 341 ]
9390 / 10000: [ 0, 1, 0, 0, 0 ], [ 0, 923, 30, 341 ]
9391 / 10000: [ 0, 0, 0, 0, 0 ], [ 0, 923, 30, 341 ]
9392 / 10000: [ 0, 0, 0, 0, 0 ], [ 0, 923, 30, 341 ]
9393 / 10000: [ 0, 1, 0, 0, 0 ], [ 0, 923, 30, 341 ]
9394 / 10000: [ 0, 0, 0, 0, 0 ], [ 0, 923, 30, 341 ]
9395 / 10000: [ 0, 0, 0, 0, 0 ], [ 0, 923, 30, 341 ]
9396 / 10000: [ 0, 0, 0, 0, 0 ], [ 0, 923, 30, 341 ]
9397 / 10000: [ 0, 1, 0, 0, 0 ], [ 0, 923, 30, 341 ]
9398 / 10000: [ 0, 0, 0, 0, 0 ], [ 0, 923, 30, 341 ]
9399 / 10000: [ 0, 0, 0, 0, 0 ], [ 0, 923, 30, 341 ]
9400 / 10000: [ 0, 0, 0, 0, 0 ], [ 0, 923, 30, 341 ]
9401 / 10000: [ 0, 0, 0, 0, 0 ], [ 0, 923, 30, 341 ]
9402 / 10000: [ 0, 0, 0, 0, 0 ], [ 0, 923, 30, 341 ]
9403 / 10000: [ 0, 1, 0, 0, 0 ], [ 0, 923, 30, 341 ]
9404 / 10000: [ 0, 0, 0, 0, 0 ], [ 0, 923, 30, 341 ]
9405 / 10000: [ 0, 0, 0, 0, 0 ], [ 0, 923, 30, 341 ]
9406 / 10000: [ 0, 0, 0, 0, 0 ], [ 0, 923, 30, 341 ]
9407 / 10000: [ 0, 0, 0, 0, 0 ], [ 0, 923, 30, 341 ]
9408 / 10000: [ 0, 1, 0, 0, 0 ], [ 0, 923, 30, 341 ]
9409 / 10000: [ 0, 1, 0, 0, 0 ], [ 0, 923, 30, 341 ]
9410 / 10000: [ 0, 1, 0, 0, 0 ], [ 0, 923, 30, 341 ]
9411 / 10000: [ 0, 3, 0, 0, 0 ], [ 0, 924, 30, 341 ]
9412 / 10000: [ 0, 1, 0, 0, 0 ], [ 0, 924, 30, 341 ]
9413 / 10000: [ 0, 0, 0, 0, 0 ], [ 0, 924, 30, 341 ]
9414 / 10000: [ 0, 0, 0, 0, 0 ], [ 0, 924, 30, 341 ]
9415 / 10000: [ 0, 3, 0, 0, 0 ], [ 0, 925, 30, 341 ]
9416 / 10000: [ 0, 1, 0, 0, 0 ], [ 0, 925, 30, 341 ]
9417 / 10000: [ 0, 1, 0, 0, 0 ], [ 0, 925, 30, 341 ]
9418 / 10000: [ 0, 0, 0, 0, 0 ], [ 0, 925, 30, 341 ]
9419 / 10000: [ 0, 1, 0, 0, 0 ], [ 0, 925, 30, 341 ]
9420 / 10000: [ 0, 2, 0, 0, 0 ], [ 0, 925, 30, 341 ]
9421 / 10000: [ 0, 0, 0, 0, 0 ], [ 0, 925, 30, 341 ]
9422 / 10000: [ 0, 0, 0, 0, 0 ], [ 0, 925, 30, 341 ]
9423 / 10000: [ 0, 0, 0, 2, 1 ], [ 0, 925, 30, 342 ]
9424 / 10000: [ 0, 0, 0, 1, 0 ], [ 0, 925, 30, 342 ]
9425 / 10000: [ 0, 0, 0, 1, 0 ], [ 0, 925, 30, 342 ]
9426 / 10000: [ 0, 0, 0, 2, 0 ], [ 0, 925, 30, 342 ]
9427 / 10000: [ 0, 0, 0, 0, 0 ], [ 0, 925, 30, 342 ]
9428 / 10000: [ 0, 0, 0, 0, 0 ], [ 0, 925, 30, 342 ]
9429 / 10000: [ 0, 0, 0, 1, 0 ], [ 0, 925, 30, 342 ]
9430 / 10000: [ 0, 0, 0, 1, 0 ], [ 0, 925, 30, 342 ]
9431 / 10000: [ 0, 0, 0, 1, 0 ], [ 0, 925, 30, 342 ]
9432 / 10000: [ 0, 0, 0, 0, 0 ], [ 0, 925, 30, 342 ]
9433 / 10000: [ 0, 0, 0, 0, 0 ], [ 0, 925, 30, 342 ]
9434 / 10000: [ 0, 0, 0, 0, 0 ], [ 0, 925, 30, 342 ]
9435 / 10000: [ 0, 0, 0, 0, 0 ], [ 0, 925, 30, 342 ]
9436 / 10000: [ 0, 0, 0, 1, 0 ], [ 0, 925, 30, 342 ]
9437 / 10000: [ 0, 0, 0, 1, 0 ], [ 0, 925, 30, 342 ]
9438 / 10000: [ 0, 0, 0, 0, 0 ], [ 0, 925, 30, 342 ]
9439 / 10000: [ 0, 1, 0, 0, 0 ], [ 0, 925, 30, 342 ]
9440 / 10000: [ 0, 1, 0, 2, 0 ], [ 0, 925, 30, 343 ]
9441 / 10000: [ 0, 0, 0, 0, 0 ], [ 0, 925, 30, 343 ]
9442 / 10000: [ 0, 0, 0, 0, 0 ], [ 0, 925, 30, 343 ]
9443 / 10000: [ 0, 2, 1, 0, 0 ], [ 0, 925, 31, 343 ]
9444 / 10000: [ 0, 1, 0, 0, 0 ], [ 0, 925, 31, 343 ]
9445 / 10000: [ 0, 1, 0, 0, 0 ], [ 0, 925, 31, 343 ]
9446 / 10000: [ 0, 2, 0, 0, 0 ], [ 0, 925, 31, 343 ]
9447 / 10000: [ 0, 0, 0, 0, 0 ], [ 0, 925, 31, 343 ]
9448 / 10000: [ 0, 0, 0, 0, 0 ], [ 0, 925, 31, 343 ]
9449 / 10000: [ 0, 1, 0, 0, 0 ], [ 0, 925, 31, 343 ]
9450 / 10000: [ 0, 1, 0, 0, 0 ], [ 0, 925, 31, 343 ]
9451 / 10000: [ 0, 1, 0, 0, 0 ], [ 0, 925, 31, 343 ]
9452 / 10000: [ 0, 0, 0, 0, 0 ], [ 0, 925, 31, 343 ]
9453 / 10000: [ 0, 0, 0, 0, 0 ], [ 0, 925, 31, 343 ]
9454 / 10000: [ 0, 0, 0, 0, 0 ], [ 0, 925, 31, 343 ]
9455 / 10000: [ 0, 0, 0, 0, 0 ], [ 0, 925, 31, 343 ]
9456 / 10000: [ 0, 1, 0, 0, 0 ], [ 0, 925, 31, 343 ]
9457 / 10000: [ 0, 1, 0, 0, 0 ], [ 0, 925, 31, 343 ]
9458 / 10000: [ 0, 0, 0, 0, 0 ], [ 0, 925, 31, 343 ]
9459 / 10000: [ 0, 0, 0, 1, 0 ], [ 0, 925, 31, 343 ]
9460 / 10000: [ 0, 3, 0, 0, 0 ], [ 0, 926, 31, 343 ]
9461 / 10000: [ 0, 0, 0, 0, 0 ], [ 0, 926, 31, 343 ]
9462 / 10000: [ 0, 0, 0, 0, 0 ], [ 0, 926, 31, 343 ]
9463 / 10000: [ 0, 0, 0, 2, 0 ], [ 0, 926, 31, 343 ]
9464 / 10000: [ 0, 0, 0, 0, 0 ], [ 0, 926, 31, 343 ]
9465 / 10000: [ 0, 0, 0, 0, 0 ], [ 0, 926, 31, 343 ]
9466 / 10000: [ 0, 0, 0, 1, 0 ], [ 0, 926, 31, 343 ]
9467 / 10000: [ 0, 0, 0, 0, 0 ], [ 0, 926, 31, 343 ]
9468 / 10000: [ 0, 1, 0, 1, 0 ], [ 0, 926, 31, 343 ]
9469 / 10000: [ 0, 1, 0, 0, 0 ], [ 0, 926, 31, 343 ]
9470 / 10000: [ 0, 1, 0, 1, 0 ], [ 0, 926, 31, 343 ]
9471 / 10000: [ 0, 1, 0, 2, 0 ], [ 0, 926, 31, 344 ]
9472 / 10000: [ 0, 1, 0, 0, 0 ], [ 0, 926, 31, 344 ]
9473 / 10000: [ 0, 0, 0, 1, 0 ], [ 0, 926, 31, 344 ]
9474 / 10000: [ 0, 0, 0, 0, 0 ], [ 0, 926, 31, 344 ]
9475 / 10000: [ 0, 2, 0, 0, 0 ], [ 0, 926, 31, 344 ]
9476 / 10000: [ 0, 1, 0, 0, 0 ], [ 0, 926, 31, 344 ]
9477 / 10000: [ 0, 0, 0, 0, 0 ], [ 0, 926, 31, 344 ]
9478 / 10000: [ 0, 0, 0, 0, 0 ], [ 0, 926, 31, 344 ]
9479 / 10000: [ 0, 0, 0, 0, 0 ], [ 0, 926, 31, 344 ]
9480 / 10000: [ 0, 2, 0, 0, 0 ], [ 0, 926, 31, 344 ]
9481 / 10000: [ 0, 0, 0, 0, 0 ], [ 0, 926, 31, 344 ]
9482 / 10000: [ 0, 0, 0, 0, 0 ], [ 0, 926, 31, 344 ]
9483 / 10000: [ 0, 2, 0, 0, 0 ], [ 0, 926, 31, 344 ]
9484 / 10000: [ 0, 0, 0, 0, 0 ], [ 0, 926, 31, 344 ]
9485 / 10000: [ 0, 0, 0, 0, 0 ], [ 0, 926, 31, 344 ]
9486 / 10000: [ 0, 1, 0, 0, 0 ], [ 0, 926, 31, 344 ]
9487 / 10000: [ 0, 0, 0, 0, 0 ], [ 0, 926, 31, 344 ]
9488 / 10000: [ 0, 1, 0, 1, 0 ], [ 0, 926, 31, 344 ]
9489 / 10000: [ 0, 0, 0, 1, 0 ], [ 0, 926, 31, 344 ]
9490 / 10000: [ 0, 1, 0, 1, 0 ], [ 0, 926, 31, 344 ]
9491 / 10000: [ 0, 3, 0, 0, 0 ], [ 0, 927, 31, 344 ]
9492 / 10000: [ 0, 0, 0, 1, 0 ], [ 0, 927, 31, 344 ]
9493 / 10000: [ 0, 1, 0, 0, 0 ], [ 0, 927, 31, 344 ]
9494 / 10000: [ 0, 0, 0, 0, 0 ], [ 0, 927, 31, 344 ]
9495 / 10000: [ 0, 1, 0, 1, 0 ], [ 0, 927, 31, 344 ]
9496 / 10000: [ 0, 0, 0, 1, 0 ], [ 0, 927, 31, 344 ]
9497 / 10000: [ 0, 0, 0, 0, 0 ], [ 0, 927, 31, 344 ]
9498 / 10000: [ 0, 0, 0, 0, 0 ], [ 0, 927, 31, 344 ]
9499 / 10000: [ 0, 0, 0, 0, 0 ], [ 0, 927, 31, 344 ]
9500 / 10000: [ 0, 0, 0, 2, 0 ], [ 0, 927, 31, 344 ]
9501 / 10000: [ 0, 0, 0, 0, 0 ], [ 0, 927, 31, 344 ]
9502 / 10000: [ 0, 0, 0, 0, 0 ], [ 0, 927, 31, 344 ]
9503 / 10000: [ 0, 0, 0, 0, 0 ], [ 0, 927, 31, 344 ]
9504 / 10000: [ 0, 0, 0, 0, 0 ], [ 0, 927, 31, 344 ]
9505 / 10000: [ 0, 0, 0, 0, 0 ], [ 0, 927, 31, 344 ]
9506 / 10000: [ 0, 2, 0, 0, 0 ], [ 0, 927, 31, 344 ]
9507 / 10000: [ 0, 0, 0, 0, 0 ], [ 0, 927, 31, 344 ]
9508 / 10000: [ 0, 1, 0, 0, 0 ], [ 0, 927, 31, 344 ]
9509 / 10000: [ 0, 1, 0, 0, 0 ], [ 0, 927, 31, 344 ]
9510 / 10000: [ 0, 0, 0, 0, 0 ], [ 0, 927, 31, 344 ]
9511 / 10000: [ 0, 3, 0, 0, 0 ], [ 0, 928, 31, 344 ]
9512 / 10000: [ 0, 1, 0, 0, 0 ], [ 0, 928, 31, 344 ]
9513 / 10000: [ 0, 0, 0, 0, 0 ], [ 0, 928, 31, 344 ]
9514 / 10000: [ 0, 0, 0, 0, 0 ], [ 0, 928, 31, 344 ]
9515 / 10000: [ 0, 1, 0, 0, 0 ], [ 0, 928, 31, 344 ]
9516 / 10000: [ 0, 0, 0, 0, 0 ], [ 0, 928, 31, 344 ]
9517 / 10000: [ 0, 1, 0, 0, 0 ], [ 0, 928, 31, 344 ]
9518 / 10000: [ 0, 0, 0, 0, 0 ], [ 0, 928, 31, 344 ]
9519 / 10000: [ 0, 0, 0, 0, 0 ], [ 0, 928, 31, 344 ]
9520 / 10000: [ 0, 3, 0, 0, 0 ], [ 0, 929, 31, 344 ]
9521 / 10000: [ 0, 2, 0, 0, 0 ], [ 0, 929, 31, 344 ]
9522 / 10000: [ 0, 1, 0, 0, 0 ], [ 0, 929, 31, 344 ]
9523 / 10000: [ 0, 2, 0, 0, 0 ], [ 0, 929, 31, 344 ]
9524 / 10000: [ 0, 0, 0, 0, 0 ], [ 0, 929, 31, 344 ]
9525 / 10000: [ 0, 0, 0, 0, 0 ], [ 0, 929, 31, 344 ]
9526 / 10000: [ 0, 0, 0, 0, 0 ], [ 0, 929, 31, 344 ]
9527 / 10000: [ 0, 1, 0, 0, 0 ], [ 0, 929, 31, 344 ]
9528 / 10000: [ 0, 1, 0, 0, 0 ], [ 0, 929, 31, 344 ]
9529 / 10000: [ 0, 0, 0, 0, 0 ], [ 0, 929, 31, 344 ]
9530 / 10000: [ 0, 2, 0, 0, 0 ], [ 0, 929, 31, 344 ]
9531 / 10000: [ 0, 0, 0, 0, 0 ], [ 0, 929, 31, 344 ]
9532 / 10000: [ 0, 0, 0, 0, 0 ], [ 0, 929, 31, 344 ]
9533 / 10000: [ 0, 0, 0, 0, 0 ], [ 0, 929, 31, 344 ]
9534 / 10000: [ 0, 0, 0, 0, 0 ], [ 0, 929, 31, 344 ]
9535 / 10000: [ 0, 0, 0, 0, 0 ], [ 0, 929, 31, 344 ]
9536 / 10000: [ 0, 0, 0, 0, 0 ], [ 0, 929, 31, 344 ]
9537 / 10000: [ 0, 0, 0, 0, 0 ], [ 0, 929, 31, 344 ]
9538 / 10000: [ 0, 2, 0, 0, 0 ], [ 0, 929, 31, 344 ]
9539 / 10000: [ 0, 0, 0, 0, 0 ], [ 0, 929, 31, 344 ]
9540 / 10000: [ 0, 2, 0, 0, 0 ], [ 0, 929, 31, 344 ]
9541 / 10000: [ 0, 1, 0, 0, 0 ], [ 0, 929, 31, 344 ]
9542 / 10000: [ 0, 1, 0, 0, 0 ], [ 0, 929, 31, 344 ]
9543 / 10000: [ 0, 1, 0, 0, 0 ], [ 0, 929, 31, 344 ]
9544 / 10000: [ 0, 0, 0, 0, 0 ], [ 0, 929, 31, 344 ]
9545 / 10000: [ 0, 0, 0, 0, 0 ], [ 0, 929, 31, 344 ]
9546 / 10000: [ 0, 2, 0, 0, 0 ], [ 0, 929, 31, 344 ]
9547 / 10000: [ 0, 0, 0, 0, 0 ], [ 0, 929, 31, 344 ]
9548 / 10000: [ 0, 1, 0, 0, 0 ], [ 0, 929, 31, 344 ]
9549 / 10000: [ 0, 2, 0, 0, 0 ], [ 0, 929, 31, 344 ]
9550 / 10000: [ 0, 0, 0, 0, 0 ], [ 0, 929, 31, 344 ]
9551 / 10000: [ 0, 1, 0, 0, 0 ], [ 0, 929, 31, 344 ]
9552 / 10000: [ 0, 0, 0, 0, 0 ], [ 0, 929, 31, 344 ]
9553 / 10000: [ 0, 2, 0, 0, 0 ], [ 0, 929, 31, 344 ]
9554 / 10000: [ 0, 2, 0, 0, 0 ], [ 0, 929, 31, 344 ]
9555 / 10000: [ 0, 0, 0, 0, 0 ], [ 0, 929, 31, 344 ]
9556 / 10000: [ 0, 1, 0, 0, 0 ], [ 0, 929, 31, 344 ]
9557 / 10000: [ 0, 0, 0, 0, 0 ], [ 0, 929, 31, 344 ]
9558 / 10000: [ 0, 2, 0, 0, 0 ], [ 0, 929, 31, 344 ]
9559 / 10000: [ 0, 0, 0, 0, 0 ], [ 0, 929, 31, 344 ]
9560 / 10000: [ 0, 0, 0, 0, 0 ], [ 0, 929, 31, 344 ]
9561 / 10000: [ 0, 0, 0, 0, 0 ], [ 0, 929, 31, 344 ]
9562 / 10000: [ 0, 0, 0, 0, 0 ], [ 0, 929, 31, 344 ]
9563 / 10000: [ 0, 0, 0, 0, 0 ], [ 0, 929, 31, 344 ]
9564 / 10000: [ 0, 0, 0, 0, 0 ], [ 0, 929, 31, 344 ]
9565 / 10000: [ 0, 0, 0, 0, 0 ], [ 0, 929, 31, 344 ]
9566 / 10000: [ 0, 0, 0, 0, 0 ], [ 0, 929, 31, 344 ]
9567 / 10000: [ 0, 0, 0, 0, 0 ], [ 0, 929, 31, 344 ]
9568 / 10000: [ 0, 0, 0, 0, 0 ], [ 0, 929, 31, 344 ]
9569 / 10000: [ 0, 0, 0, 0, 0 ], [ 0, 929, 31, 344 ]
9570 / 10000: [ 0, 0, 0, 0, 0 ], [ 0, 929, 31, 344 ]
9571 / 10000: [ 0, 0, 0, 0, 0 ], [ 0, 929, 31, 344 ]
9572 / 10000: [ 0, 0, 0, 0, 0 ], [ 0, 929, 31, 344 ]
9573 / 10000: [ 0, 0, 0, 0, 0 ], [ 0, 929, 31, 344 ]
9574 / 10000: [ 0, 0, 0, 0, 0 ], [ 0, 929, 31, 344 ]
9575 / 10000: [ 0, 0, 0, 0, 0 ], [ 0, 929, 31, 344 ]
9576 / 10000: [ 0, 0, 0, 0, 0 ], [ 0, 929, 31, 344 ]
9577 / 10000: [ 0, 0, 0, 0, 0 ], [ 0, 929, 31, 344 ]
9578 / 10000: [ 0, 0, 0, 0, 0 ], [ 0, 929, 31, 344 ]
9579 / 10000: [ 0, 0, 0, 0, 0 ], [ 0, 929, 31, 344 ]
9580 / 10000: [ 0, 0, 0, 0, 0 ], [ 0, 929, 31, 344 ]
9581 / 10000: [ 0, 0, 0, 0, 0 ], [ 0, 929, 31, 344 ]
9582 / 10000: [ 0, 0, 0, 0, 0 ], [ 0, 929, 31, 344 ]
9583 / 10000: [ 0, 1, 0, 0, 0 ], [ 0, 929, 31, 344 ]
9584 / 10000: [ 0, 0, 0, 0, 0 ], [ 0, 929, 31, 344 ]
9585 / 10000: [ 0, 1, 0, 0, 0 ], [ 0, 929, 31, 344 ]
9586 / 10000: [ 0, 1, 0, 0, 0 ], [ 0, 929, 31, 344 ]
9587 / 10000: [ 0, 0, 0, 0, 0 ], [ 0, 929, 31, 344 ]
9588 / 10000: [ 0, 0, 0, 0, 0 ], [ 0, 929, 31, 344 ]
9589 / 10000: [ 0, 0, 0, 0, 0 ], [ 0, 929, 31, 344 ]
9590 / 10000: [ 0, 1, 0, 0, 0 ], [ 0, 929, 31, 344 ]
9591 / 10000: [ 0, 0, 0, 0, 0 ], [ 0, 929, 31, 344 ]
9592 / 10000: [ 0, 0, 0, 0, 0 ], [ 0, 929, 31, 344 ]
9593 / 10000: [ 0, 1, 0, 0, 0 ], [ 0, 929, 31, 344 ]
9594 / 10000: [ 0, 0, 0, 0, 0 ], [ 0, 929, 31, 344 ]
9595 / 10000: [ 0, 0, 0, 0, 0 ], [ 0, 929, 31, 344 ]
9596 / 10000: [ 0, 0, 0, 0, 0 ], [ 0, 929, 31, 344 ]
9597 / 10000: [ 0, 2, 0, 0, 0 ], [ 0, 929, 31, 344 ]
9598 / 10000: [ 0, 0, 0, 0, 0 ], [ 0, 929, 31, 344 ]
9599 / 10000: [ 0, 1, 0, 0, 0 ], [ 0, 929, 31, 344 ]
9600 / 10000: [ 0, 0, 0, 0, 0 ], [ 0, 929, 31, 344 ]
9601 / 10000: [ 0, 3, 0, 0, 0 ], [ 0, 930, 31, 344 ]
9602 / 10000: [ 0, 2, 0, 0, 0 ], [ 0, 930, 31, 344 ]
9603 / 10000: [ 0, 2, 0, 0, 0 ], [ 0, 930, 31, 344 ]
9604 / 10000: [ 0, 0, 0, 0, 0 ], [ 0, 930, 31, 344 ]
9605 / 10000: [ 0, 0, 0, 0, 0 ], [ 0, 930, 31, 344 ]
9606 / 10000: [ 0, 2, 0, 0, 0 ], [ 0, 930, 31, 344 ]
9607 / 10000: [ 0, 0, 0, 0, 0 ], [ 0, 930, 31, 344 ]
9608 / 10000: [ 0, 2, 0, 0, 0 ], [ 0, 930, 31, 344 ]
9609 / 10000: [ 0, 2, 0, 0, 0 ], [ 0, 930, 31, 344 ]
9610 / 10000: [ 0, 3, 0, 0, 0 ], [ 0, 931, 31, 344 ]
9611 / 10000: [ 0, 1, 0, 0, 0 ], [ 0, 931, 31, 344 ]
9612 / 10000: [ 0, 0, 0, 0, 0 ], [ 0, 931, 31, 344 ]
9613 / 10000: [ 0, 2, 0, 0, 0 ], [ 0, 931, 31, 344 ]
9614 / 10000: [ 0, 2, 0, 0, 0 ], [ 0, 931, 31, 344 ]
9615 / 10000: [ 0, 0, 0, 0, 0 ], [ 0, 931, 31, 344 ]
9616 / 10000: [ 0, 1, 0, 0, 0 ], [ 0, 931, 31, 344 ]
9617 / 10000: [ 0, 0, 0, 0, 0 ], [ 0, 931, 31, 344 ]
9618 / 10000: [ 0, 3, 0, 0, 0 ], [ 0, 932, 31, 344 ]
9619 / 10000: [ 0, 3, 0, 0, 0 ], [ 0, 933, 31, 344 ]
9620 / 10000: [ 0, 2, 0, 0, 0 ], [ 0, 933, 31, 344 ]
9621 / 10000: [ 0, 0, 0, 0, 0 ], [ 0, 933, 31, 344 ]
9622 / 10000: [ 0, 2, 0, 0, 0 ], [ 0, 933, 31, 344 ]
9623 / 10000: [ 0, 1, 0, 0, 0 ], [ 0, 933, 31, 344 ]
9624 / 10000: [ 0, 0, 0, 0, 0 ], [ 0, 933, 31, 344 ]
9625 / 10000: [ 0, 0, 0, 0, 0 ], [ 0, 933, 31, 344 ]
9626 / 10000: [ 0, 0, 0, 0, 0 ], [ 0, 933, 31, 344 ]
9627 / 10000: [ 0, 0, 0, 0, 0 ], [ 0, 933, 31, 344 ]
9628 / 10000: [ 0, 1, 0, 0, 0 ], [ 0, 933, 31, 344 ]
9629 / 10000: [ 0, 0, 0, 0, 0 ], [ 0, 933, 31, 344 ]
9630 / 10000: [ 0, 0, 0, 0, 0 ], [ 0, 933, 31, 344 ]
9631 / 10000: [ 0, 1, 0, 0, 0 ], [ 0, 933, 31, 344 ]
9632 / 10000: [ 0, 1, 0, 0, 0 ], [ 0, 933, 31, 344 ]
9633 / 10000: [ 0, 0, 0, 0, 0 ], [ 0, 933, 31, 344 ]
9634 / 10000: [ 0, 0, 0, 0, 0 ], [ 0, 933, 31, 344 ]
9635 / 10000: [ 0, 0, 0, 0, 0 ], [ 0, 933, 31, 344 ]
9636 / 10000: [ 0, 0, 0, 0, 0 ], [ 0, 933, 31, 344 ]
9637 / 10000: [ 0, 0, 0, 0, 0 ], [ 0, 933, 31, 344 ]
9638 / 10000: [ 0, 1, 0, 0, 0 ], [ 0, 933, 31, 344 ]
9639 / 10000: [ 0, 0, 0, 0, 0 ], [ 0, 933, 31, 344 ]
9640 / 10000: [ 0, 0, 0, 0, 0 ], [ 0, 933, 31, 344 ]
9641 / 10000: [ 0, 0, 0, 0, 0 ], [ 0, 933, 31, 344 ]
9642 / 10000: [ 0, 0, 0, 0, 0 ], [ 0, 933, 31, 344 ]
9643 / 10000: [ 0, 0, 0, 0, 0 ], [ 0, 933, 31, 344 ]
9644 / 10000: [ 0, 0, 0, 0, 0 ], [ 0, 933, 31, 344 ]
9645 / 10000: [ 0, 0, 0, 0, 0 ], [ 0, 933, 31, 344 ]
9646 / 10000: [ 0, 0, 0, 0, 0 ], [ 0, 933, 31, 344 ]
9647 / 10000: [ 0, 0, 1, 0, 0 ], [ 0, 933, 31, 344 ]
9648 / 10000: [ 0, 1, 0, 0, 0 ], [ 0, 933, 31, 344 ]
9649 / 10000: [ 0, 2, 0, 0, 0 ], [ 0, 933, 31, 344 ]
9650 / 10000: [ 0, 0, 0, 0, 0 ], [ 0, 933, 31, 344 ]
9651 / 10000: [ 0, 1, 0, 0, 0 ], [ 0, 933, 31, 344 ]
9652 / 10000: [ 0, 2, 0, 0, 0 ], [ 0, 933, 31, 344 ]
9653 / 10000: [ 0, 0, 0, 0, 0 ], [ 0, 933, 31, 344 ]
9654 / 10000: [ 0, 0, 0, 0, 0 ], [ 0, 933, 31, 344 ]
9655 / 10000: [ 0, 3, 0, 0, 0 ], [ 0, 934, 31, 344 ]
9656 / 10000: [ 0, 1, 0, 0, 0 ], [ 0, 934, 31, 344 ]
9657 / 10000: [ 0, 0, 0, 0, 0 ], [ 0, 934, 31, 344 ]
9658 / 10000: [ 0, 0, 0, 0, 0 ], [ 0, 934, 31, 344 ]
9659 / 10000: [ 0, 0, 0, 0, 0 ], [ 0, 934, 31, 344 ]
9660 / 10000: [ 0, 2, 0, 0, 0 ], [ 0, 934, 31, 344 ]
9661 / 10000: [ 0, 0, 0, 0, 0 ], [ 0, 934, 31, 344 ]
9662 / 10000: [ 0, 0, 0, 0, 0 ], [ 0, 934, 31, 344 ]
9663 / 10000: [ 0, 1, 0, 0, 0 ], [ 0, 934, 31, 344 ]
9664 / 10000: [ 0, 0, 0, 0, 0 ], [ 0, 934, 31, 344 ]
9665 / 10000: [ 0, 1, 0, 0, 0 ], [ 0, 934, 31, 344 ]
9666 / 10000: [ 0, 2, 0, 0, 0 ], [ 0, 934, 31, 344 ]
9667 / 10000: [ 0, 0, 0, 0, 0 ], [ 0, 934, 31, 344 ]
9668 / 10000: [ 0, 0, 0, 0, 0 ], [ 0, 934, 31, 344 ]
9669 / 10000: [ 0, 0, 0, 0, 0 ], [ 0, 934, 31, 344 ]
9670 / 10000: [ 0, 1, 0, 0, 0 ], [ 0, 934, 31, 344 ]
9671 / 10000: [ 0, 0, 0, 0, 0 ], [ 0, 934, 31, 344 ]
9672 / 10000: [ 0, 0, 0, 0, 0 ], [ 0, 934, 31, 344 ]
9673 / 10000: [ 0, 1, 0, 0, 0 ], [ 0, 934, 31, 344 ]
9674 / 10000: [ 0, 0, 0, 0, 0 ], [ 0, 934, 31, 344 ]
9675 / 10000: [ 0, 0, 0, 0, 0 ], [ 0, 934, 31, 344 ]
9676 / 10000: [ 0, 0, 0, 0, 0 ], [ 0, 934, 31, 344 ]
9677 / 10000: [ 0, 2, 0, 0, 0 ], [ 0, 934, 31, 344 ]
9678 / 10000: [ 0, 0, 0, 0, 0 ], [ 0, 934, 31, 344 ]
9679 / 10000: [ 0, 0, 0, 0, 0 ], [ 0, 934, 31, 344 ]
9680 / 10000: [ 0, 0, 0, 0, 0 ], [ 0, 934, 31, 344 ]
9681 / 10000: [ 0, 0, 0, 0, 0 ], [ 0, 934, 31, 344 ]
9682 / 10000: [ 0, 0, 0, 0, 0 ], [ 0, 934, 31, 344 ]
9683 / 10000: [ 0, 0, 0, 0, 0 ], [ 0, 934, 31, 344 ]
9684 / 10000: [ 0, 1, 0, 0, 0 ], [ 0, 934, 31, 344 ]
9685 / 10000: [ 0, 1, 0, 0, 0 ], [ 0, 934, 31, 344 ]
9686 / 10000: [ 0, 0, 0, 0, 0 ], [ 0, 934, 31, 344 ]
9687 / 10000: [ 0, 0, 0, 0, 0 ], [ 0, 934, 31, 344 ]
9688 / 10000: [ 0, 0, 0, 0, 0 ], [ 0, 934, 31, 344 ]
9689 / 10000: [ 0, 0, 0, 0, 0 ], [ 0, 934, 31, 344 ]
9690 / 10000: [ 0, 0, 0, 0, 0 ], [ 0, 934, 31, 344 ]
9691 / 10000: [ 0, 0, 0, 0, 0 ], [ 0, 934, 31, 344 ]
9692 / 10000: [ 0, 0, 0, 0, 0 ], [ 0, 934, 31, 344 ]
9693 / 10000: [ 0, 1, 1, 0, 0 ], [ 0, 934, 31, 344 ]
9694 / 10000: [ 0, 1, 0, 0, 0 ], [ 0, 934, 31, 344 ]
9695 / 10000: [ 0, 0, 0, 0, 0 ], [ 0, 934, 31, 344 ]
9696 / 10000: [ 0, 0, 0, 0, 0 ], [ 0, 934, 31, 344 ]
9697 / 10000: [ 0, 0, 0, 0, 0 ], [ 0, 934, 31, 344 ]
9698 / 10000: [ 0, 0, 0, 0, 0 ], [ 0, 934, 31, 344 ]
9699 / 10000: [ 0, 0, 0, 0, 0 ], [ 0, 934, 31, 344 ]
9700 / 10000: [ 0, 0, 0, 0, 0 ], [ 0, 934, 31, 344 ]
9701 / 10000: [ 0, 0, 0, 0, 0 ], [ 0, 934, 31, 344 ]
9702 / 10000: [ 0, 0, 0, 0, 0 ], [ 0, 934, 31, 344 ]
9703 / 10000: [ 0, 2, 0, 0, 0 ], [ 0, 934, 31, 344 ]
9704 / 10000: [ 0, 0, 0, 0, 0 ], [ 0, 934, 31, 344 ]
9705 / 10000: [ 0, 0, 0, 0, 0 ], [ 0, 934, 31, 344 ]
9706 / 10000: [ 0, 1, 0, 0, 0 ], [ 0, 934, 31, 344 ]
9707 / 10000: [ 0, 0, 0, 0, 0 ], [ 0, 934, 31, 344 ]
9708 / 10000: [ 0, 0, 0, 0, 0 ], [ 0, 934, 31, 344 ]
9709 / 10000: [ 0, 0, 0, 0, 0 ], [ 0, 934, 31, 344 ]
9710 / 10000: [ 0, 2, 0, 0, 0 ], [ 0, 934, 31, 344 ]
9711 / 10000: [ 0, 0, 0, 0, 0 ], [ 0, 934, 31, 344 ]
9712 / 10000: [ 0, 0, 0, 0, 0 ], [ 0, 934, 31, 344 ]
9713 / 10000: [ 0, 0, 0, 0, 0 ], [ 0, 934, 31, 344 ]
9714 / 10000: [ 0, 0, 0, 0, 0 ], [ 0, 934, 31, 344 ]
9715 / 10000: [ 0, 0, 0, 0, 0 ], [ 0, 934, 31, 344 ]
9716 / 10000: [ 0, 0, 0, 0, 0 ], [ 0, 934, 31, 344 ]
9717 / 10000: [ 0, 1, 0, 0, 0 ], [ 0, 934, 31, 344 ]
9718 / 10000: [ 0, 0, 0, 0, 0 ], [ 0, 934, 31, 344 ]
9719 / 10000: [ 0, 0, 0, 0, 0 ], [ 0, 934, 31, 344 ]
9720 / 10000: [ 0, 0, 0, 0, 0 ], [ 0, 934, 31, 344 ]
9721 / 10000: [ 0, 0, 0, 0, 0 ], [ 0, 934, 31, 344 ]
9722 / 10000: [ 0, 0, 0, 0, 0 ], [ 0, 934, 31, 344 ]
9723 / 10000: [ 0, 1, 0, 0, 0 ], [ 0, 934, 31, 344 ]
9724 / 10000: [ 0, 0, 0, 0, 0 ], [ 0, 934, 31, 344 ]
9725 / 10000: [ 0, 0, 0, 0, 0 ], [ 0, 934, 31, 344 ]
9726 / 10000: [ 0, 0, 0, 0, 0 ], [ 0, 934, 31, 344 ]
9727 / 10000: [ 0, 0, 0, 0, 0 ], [ 0, 934, 31, 344 ]
9728 / 10000: [ 0, 0, 0, 0, 0 ], [ 0, 934, 31, 344 ]
9729 / 10000: [ 0, 0, 0, 0, 0 ], [ 0, 934, 31, 344 ]
9730 / 10000: [ 0, 0, 0, 0, 0 ], [ 0, 934, 31, 344 ]
9731 / 10000: [ 0, 0, 0, 0, 0 ], [ 0, 934, 31, 344 ]
9732 / 10000: [ 0, 0, 0, 0, 0 ], [ 0, 934, 31, 344 ]
9733 / 10000: [ 0, 0, 0, 0, 0 ], [ 0, 934, 31, 344 ]
9734 / 10000: [ 0, 0, 0, 0, 0 ], [ 0, 934, 31, 344 ]
9735 / 10000: [ 0, 0, 0, 0, 0 ], [ 0, 934, 31, 344 ]
9736 / 10000: [ 0, 0, 0, 0, 0 ], [ 0, 934, 31, 344 ]
9737 / 10000: [ 0, 0, 0, 0, 0 ], [ 0, 934, 31, 344 ]
9738 / 10000: [ 0, 0, 0, 0, 0 ], [ 0, 934, 31, 344 ]
9739 / 10000: [ 0, 0, 0, 0, 0 ], [ 0, 934, 31, 344 ]
9740 / 10000: [ 0, 0, 0, 0, 0 ], [ 0, 934, 31, 344 ]
9741 / 10000: [ 0, 1, 0, 0, 0 ], [ 0, 934, 31, 344 ]
9742 / 10000: [ 0, 1, 0, 0, 0 ], [ 0, 934, 31, 344 ]
9743 / 10000: [ 0, 1, 0, 0, 0 ], [ 0, 934, 31, 344 ]
9744 / 10000: [ 0, 0, 0, 0, 0 ], [ 0, 934, 31, 344 ]
9745 / 10000: [ 0, 0, 0, 0, 0 ], [ 0, 934, 31, 344 ]
9746 / 10000: [ 0, 3, 0, 0, 0 ], [ 0, 935, 31, 344 ]
9747 / 10000: [ 0, 0, 0, 0, 0 ], [ 0, 935, 31, 344 ]
9748 / 10000: [ 0, 2, 0, 0, 0 ], [ 0, 935, 31, 344 ]
9749 / 10000: [ 0, 3, 0, 0, 0 ], [ 0, 936, 31, 344 ]
9750 / 10000: [ 0, 0, 0, 0, 0 ], [ 0, 936, 31, 344 ]
9751 / 10000: [ 0, 3, 0, 0, 0 ], [ 0, 937, 31, 344 ]
9752 / 10000: [ 0, 2, 0, 0, 0 ], [ 0, 937, 31, 344 ]
9753 / 10000: [ 0, 2, 0, 0, 0 ], [ 0, 937, 31, 344 ]
9754 / 10000: [ 0, 2, 0, 0, 0 ], [ 0, 937, 31, 344 ]
9755 / 10000: [ 0, 1, 0, 0, 0 ], [ 0, 937, 31, 344 ]
9756 / 10000: [ 0, 2, 0, 0, 0 ], [ 0, 937, 31, 344 ]
9757 / 10000: [ 0, 1, 0, 0, 0 ], [ 0, 937, 31, 344 ]
9758 / 10000: [ 0, 2, 0, 0, 0 ], [ 0, 937, 31, 344 ]
9759 / 10000: [ 0, 1, 0, 0, 0 ], [ 0, 937, 31, 344 ]
9760 / 10000: [ 0, 2, 0, 0, 0 ], [ 0, 937, 31, 344 ]
9761 / 10000: [ 0, 0, 0, 0, 0 ], [ 0, 937, 31, 344 ]
9762 / 10000: [ 0, 0, 0, 0, 0 ], [ 0, 937, 31, 344 ]
9763 / 10000: [ 0, 0, 0, 0, 0 ], [ 0, 937, 31, 344 ]
9764 / 10000: [ 0, 0, 0, 0, 1 ], [ 0, 937, 31, 344 ]
9765 / 10000: [ 0, 0, 0, 0, 0 ], [ 0, 937, 31, 344 ]
9766 / 10000: [ 0, 3, 0, 0, 0 ], [ 0, 938, 31, 344 ]
9767 / 10000: [ 0, 0, 0, 0, 0 ], [ 0, 938, 31, 344 ]
9768 / 10000: [ 0, 1, 0, 0, 0 ], [ 0, 938, 31, 344 ]
9769 / 10000: [ 0, 1, 0, 1, 0 ], [ 0, 938, 31, 344 ]
9770 / 10000: [ 0, 0, 0, 0, 0 ], [ 0, 938, 31, 344 ]
9771 / 10000: [ 0, 3, 0, 0, 0 ], [ 0, 939, 31, 344 ]
9772 / 10000: [ 0, 1, 0, 1, 0 ], [ 0, 939, 31, 344 ]
9773 / 10000: [ 0, 0, 0, 0, 0 ], [ 0, 939, 31, 344 ]
9774 / 10000: [ 0, 0, 0, 0, 0 ], [ 0, 939, 31, 344 ]
9775 / 10000: [ 0, 1, 0, 1, 0 ], [ 0, 939, 31, 344 ]
9776 / 10000: [ 0, 1, 0, 0, 0 ], [ 0, 939, 31, 344 ]
9777 / 10000: [ 0, 1, 0, 0, 0 ], [ 0, 939, 31, 344 ]
9778 / 10000: [ 0, 0, 0, 0, 0 ], [ 0, 939, 31, 344 ]
9779 / 10000: [ 0, 0, 0, 1, 0 ], [ 0, 939, 31, 344 ]
9780 / 10000: [ 0, 3, 0, 0, 0 ], [ 0, 940, 31, 344 ]
9781 / 10000: [ 0, 1, 0, 0, 0 ], [ 0, 940, 31, 344 ]
9782 / 10000: [ 0, 0, 0, 0, 0 ], [ 0, 940, 31, 344 ]
9783 / 10000: [ 0, 1, 0, 0, 0 ], [ 0, 940, 31, 344 ]
9784 / 10000: [ 0, 2, 0, 0, 0 ], [ 0, 940, 31, 344 ]
9785 / 10000: [ 0, 3, 0, 0, 0 ], [ 0, 941, 31, 344 ]
9786 / 10000: [ 0, 2, 0, 0, 0 ], [ 0, 941, 31, 344 ]
9787 / 10000: [ 0, 0, 0, 0, 0 ], [ 0, 941, 31, 344 ]
9788 / 10000: [ 0, 1, 0, 0, 0 ], [ 0, 941, 31, 344 ]
9789 / 10000: [ 0, 0, 0, 0, 0 ], [ 0, 941, 31, 344 ]
9790 / 10000: [ 0, 1, 0, 0, 0 ], [ 0, 941, 31, 344 ]
9791 / 10000: [ 0, 0, 0, 0, 0 ], [ 0, 941, 31, 344 ]
9792 / 10000: [ 0, 1, 0, 0, 0 ], [ 0, 941, 31, 344 ]
9793 / 10000: [ 0, 3, 0, 0, 0 ], [ 0, 942, 31, 344 ]
9794 / 10000: [ 0, 2, 0, 0, 0 ], [ 0, 942, 31, 344 ]
9795 / 10000: [ 0, 0, 0, 0, 0 ], [ 0, 942, 31, 344 ]
9796 / 10000: [ 0, 1, 0, 0, 0 ], [ 0, 942, 31, 344 ]
9797 / 10000: [ 0, 3, 0, 0, 0 ], [ 0, 943, 31, 344 ]
9798 / 10000: [ 0, 0, 0, 0, 0 ], [ 0, 943, 31, 344 ]
9799 / 10000: [ 0, 0, 0, 0, 0 ], [ 0, 943, 31, 344 ]
9800 / 10000: [ 0, 0, 0, 0, 0 ], [ 0, 943, 31, 344 ]
9801 / 10000: [ 0, 1, 0, 0, 0 ], [ 0, 943, 31, 344 ]
9802 / 10000: [ 0, 1, 1, 0, 0 ], [ 0, 943, 31, 344 ]
9803 / 10000: [ 0, 1, 0, 0, 0 ], [ 0, 943, 31, 344 ]
9804 / 10000: [ 0, 0, 0, 0, 0 ], [ 0, 943, 31, 344 ]
9805 / 10000: [ 0, 0, 0, 0, 0 ], [ 0, 943, 31, 344 ]
9806 / 10000: [ 0, 3, 0, 0, 0 ], [ 0, 944, 31, 344 ]
9807 / 10000: [ 0, 0, 0, 0, 0 ], [ 0, 944, 31, 344 ]
9808 / 10000: [ 0, 2, 0, 0, 0 ], [ 0, 944, 31, 344 ]
9809 / 10000: [ 0, 3, 0, 0, 0 ], [ 0, 945, 31, 344 ]
9810 / 10000: [ 0, 0, 0, 0, 0 ], [ 0, 945, 31, 344 ]
9811 / 10000: [ 0, 3, 0, 0, 0 ], [ 0, 946, 31, 344 ]
9812 / 10000: [ 0, 1, 0, 0, 0 ], [ 0, 946, 31, 344 ]
9813 / 10000: [ 0, 2, 0, 0, 0 ], [ 0, 946, 31, 344 ]
9814 / 10000: [ 0, 3, 0, 0, 0 ], [ 0, 947, 31, 344 ]
9815 / 10000: [ 0, 2, 0, 0, 0 ], [ 0, 947, 31, 344 ]
9816 / 10000: [ 0, 2, 0, 0, 0 ], [ 0, 947, 31, 344 ]
9817 / 10000: [ 0, 1, 0, 0, 0 ], [ 0, 947, 31, 344 ]
9818 / 10000: [ 0, 2, 0, 0, 0 ], [ 0, 947, 31, 344 ]
9819 / 10000: [ 0, 0, 0, 0, 0 ], [ 0, 947, 31, 344 ]
9820 / 10000: [ 0, 3, 0, 0, 0 ], [ 0, 948, 31, 344 ]
9821 / 10000: [ 0, 0, 0, 0, 0 ], [ 0, 948, 31, 344 ]
9822 / 10000: [ 0, 0, 0, 0, 0 ], [ 0, 948, 31, 344 ]
9823 / 10000: [ 0, 1, 0, 0, 0 ], [ 0, 948, 31, 344 ]
9824 / 10000: [ 0, 0, 0, 0, 0 ], [ 0, 948, 31, 344 ]
9825 / 10000: [ 0, 1, 0, 0, 0 ], [ 0, 948, 31, 344 ]
9826 / 10000: [ 0, 3, 0, 0, 0 ], [ 0, 949, 31, 344 ]
9827 / 10000: [ 0, 1, 0, 0, 0 ], [ 0, 949, 31, 344 ]
9828 / 10000: [ 0, 1, 0, 0, 0 ], [ 0, 949, 31, 344 ]
9829 / 10000: [ 0, 1, 0, 0, 0 ], [ 0, 949, 31, 344 ]
9830 / 10000: [ 0, 1, 0, 0, 0 ], [ 0, 949, 31, 344 ]
9831 / 10000: [ 0, 3, 0, 0, 0 ], [ 0, 950, 31, 344 ]
9832 / 10000: [ 0, 1, 0, 0, 0 ], [ 0, 950, 31, 344 ]
9833 / 10000: [ 0, 1, 0, 0, 0 ], [ 0, 950, 31, 344 ]
9834 / 10000: [ 0, 0, 0, 0, 0 ], [ 0, 950, 31, 344 ]
9835 / 10000: [ 0, 1, 0, 0, 0 ], [ 0, 950, 31, 344 ]
9836 / 10000: [ 0, 0, 0, 0, 0 ], [ 0, 950, 31, 344 ]
9837 / 10000: [ 0, 3, 0, 0, 0 ], [ 0, 951, 31, 344 ]
9838 / 10000: [ 0, 1, 0, 0, 0 ], [ 0, 951, 31, 344 ]
9839 / 10000: [ 0, 0, 0, 0, 0 ], [ 0, 951, 31, 344 ]
9840 / 10000: [ 0, 2, 0, 0, 0 ], [ 0, 951, 31, 344 ]
9841 / 10000: [ 0, 1, 0, 0, 0 ], [ 0, 951, 31, 344 ]
9842 / 10000: [ 0, 1, 0, 0, 0 ], [ 0, 951, 31, 344 ]
9843 / 10000: [ 0, 1, 0, 0, 0 ], [ 0, 951, 31, 344 ]
9844 / 10000: [ 0, 0, 0, 0, 0 ], [ 0, 951, 31, 344 ]
9845 / 10000: [ 0, 0, 0, 0, 0 ], [ 0, 951, 31, 344 ]
9846 / 10000: [ 0, 2, 0, 0, 0 ], [ 0, 951, 31, 344 ]
9847 / 10000: [ 0, 0, 0, 0, 0 ], [ 0, 951, 31, 344 ]
9848 / 10000: [ 0, 1, 0, 0, 0 ], [ 0, 951, 31, 344 ]
9849 / 10000: [ 0, 2, 0, 0, 0 ], [ 0, 951, 31, 344 ]
9850 / 10000: [ 0, 0, 1, 0, 0 ], [ 0, 951, 31, 344 ]
9851 / 10000: [ 0, 1, 0, 0, 0 ], [ 0, 951, 31, 344 ]
9852 / 10000: [ 0, 0, 0, 0, 0 ], [ 0, 951, 31, 344 ]
9853 / 10000: [ 0, 3, 0, 0, 0 ], [ 0, 952, 31, 344 ]
9854 / 10000: [ 0, 2, 0, 0, 0 ], [ 0, 952, 31, 344 ]
9855 / 10000: [ 0, 0, 0, 0, 0 ], [ 0, 952, 31, 344 ]
9856 / 10000: [ 0, 1, 0, 0, 0 ], [ 0, 952, 31, 344 ]
9857 / 10000: [ 0, 0, 0, 0, 0 ], [ 0, 952, 31, 344 ]
9858 / 10000: [ 0, 2, 0, 0, 0 ], [ 0, 952, 31, 344 ]
9859 / 10000: [ 0, 0, 0, 0, 0 ], [ 0, 952, 31, 344 ]
9860 / 10000: [ 0, 0, 0, 0, 0 ], [ 0, 952, 31, 344 ]
9861 / 10000: [ 0, 1, 0, 0, 0 ], [ 0, 952, 31, 344 ]
9862 / 10000: [ 0, 1, 0, 0, 0 ], [ 0, 952, 31, 344 ]
9863 / 10000: [ 0, 2, 0, 0, 0 ], [ 0, 952, 31, 344 ]
9864 / 10000: [ 0, 0, 0, 0, 0 ], [ 0, 952, 31, 344 ]
9865 / 10000: [ 0, 0, 0, 0, 0 ], [ 0, 952, 31, 344 ]
9866 / 10000: [ 0, 2, 0, 0, 0 ], [ 0, 952, 31, 344 ]
9867 / 10000: [ 0, 0, 0, 0, 0 ], [ 0, 952, 31, 344 ]
9868 / 10000: [ 0, 1, 0, 0, 0 ], [ 0, 952, 31, 344 ]
9869 / 10000: [ 0, 2, 0, 0, 0 ], [ 0, 952, 31, 344 ]
9870 / 10000: [ 0, 0, 0, 0, 0 ], [ 0, 952, 31, 344 ]
9871 / 10000: [ 0, 1, 0, 0, 0 ], [ 0, 952, 31, 344 ]
9872 / 10000: [ 0, 0, 0, 0, 0 ], [ 0, 952, 31, 344 ]
9873 / 10000: [ 0, 2, 0, 0, 0 ], [ 0, 952, 31, 344 ]
9874 / 10000: [ 0, 2, 0, 0, 0 ], [ 0, 952, 31, 344 ]
9875 / 10000: [ 0, 0, 0, 0, 0 ], [ 0, 952, 31, 344 ]
9876 / 10000: [ 0, 1, 0, 0, 0 ], [ 0, 952, 31, 344 ]
9877 / 10000: [ 0, 0, 0, 0, 0 ], [ 0, 952, 31, 344 ]
9878 / 10000: [ 0, 2, 0, 0, 0 ], [ 0, 952, 31, 344 ]
9879 / 10000: [ 0, 0, 0, 0, 0 ], [ 0, 952, 31, 344 ]
9880 / 10000: [ 0, 0, 0, 0, 0 ], [ 0, 952, 31, 344 ]
9881 / 10000: [ 0, 0, 0, 0, 0 ], [ 0, 952, 31, 344 ]
9882 / 10000: [ 0, 2, 0, 0, 0 ], [ 0, 952, 31, 344 ]
9883 / 10000: [ 0, 2, 0, 0, 0 ], [ 0, 952, 31, 344 ]
9884 / 10000: [ 0, 0, 0, 0, 0 ], [ 0, 952, 31, 344 ]
9885 / 10000: [ 0, 0, 0, 0, 0 ], [ 0, 952, 31, 344 ]
9886 / 10000: [ 0, 0, 0, 0, 0 ], [ 0, 952, 31, 344 ]
9887 / 10000: [ 0, 0, 0, 0, 0 ], [ 0, 952, 31, 344 ]
9888 / 10000: [ 0, 0, 0, 0, 0 ], [ 0, 952, 31, 344 ]
9889 / 10000: [ 0, 0, 0, 0, 0 ], [ 0, 952, 31, 344 ]
9890 / 10000: [ 0, 0, 0, 0, 0 ], [ 0, 952, 31, 344 ]
9891 / 10000: [ 0, 0, 0, 0, 0 ], [ 0, 952, 31, 344 ]
9892 / 10000: [ 0, 1, 0, 0, 0 ], [ 0, 952, 31, 344 ]
9893 / 10000: [ 0, 0, 0, 0, 0 ], [ 0, 952, 31, 344 ]
9894 / 10000: [ 0, 0, 0, 0, 0 ], [ 0, 952, 31, 344 ]
9895 / 10000: [ 0, 0, 0, 0, 0 ], [ 0, 952, 31, 344 ]
9896 / 10000: [ 0, 0, 0, 0, 0 ], [ 0, 952, 31, 344 ]
9897 / 10000: [ 0, 0, 0, 0, 0 ], [ 0, 952, 31, 344 ]
9898 / 10000: [ 0, 1, 0, 0, 0 ], [ 0, 952, 31, 344 ]
9899 / 10000: [ 0, 1, 0, 0, 0 ], [ 0, 952, 31, 344 ]
9900 / 10000: [ 0, 0, 0, 0, 0 ], [ 0, 952, 31, 344 ]
9901 / 10000: [ 0, 0, 0, 0, 0 ], [ 0, 952, 31, 344 ]
9902 / 10000: [ 0, 0, 0, 0, 0 ], [ 0, 952, 31, 344 ]
9903 / 10000: [ 0, 0, 0, 0, 0 ], [ 0, 952, 31, 344 ]
9904 / 10000: [ 0, 0, 0, 0, 0 ], [ 0, 952, 31, 344 ]
9905 / 10000: [ 0, 0, 0, 0, 0 ], [ 0, 952, 31, 344 ]
9906 / 10000: [ 0, 0, 0, 0, 0 ], [ 0, 952, 31, 344 ]
9907 / 10000: [ 0, 0, 0, 0, 0 ], [ 0, 952, 31, 344 ]
9908 / 10000: [ 0, 0, 0, 0, 0 ], [ 0, 952, 31, 344 ]
9909 / 10000: [ 0, 0, 0, 0, 0 ], [ 0, 952, 31, 344 ]
9910 / 10000: [ 0, 0, 0, 0, 0 ], [ 0, 952, 31, 344 ]
9911 / 10000: [ 0, 0, 0, 0, 0 ], [ 0, 952, 31, 344 ]
9912 / 10000: [ 0, 2, 0, 0, 0 ], [ 0, 952, 31, 344 ]
9913 / 10000: [ 0, 0, 0, 0, 0 ], [ 0, 952, 31, 344 ]
9914 / 10000: [ 0, 1, 0, 0, 0 ], [ 0, 952, 31, 344 ]
9915 / 10000: [ 0, 0, 0, 0, 0 ], [ 0, 952, 31, 344 ]
9916 / 10000: [ 0, 0, 0, 0, 0 ], [ 0, 952, 31, 344 ]
9917 / 10000: [ 0, 0, 0, 0, 0 ], [ 0, 952, 31, 344 ]
9918 / 10000: [ 0, 0, 0, 0, 0 ], [ 0, 952, 31, 344 ]
9919 / 10000: [ 0, 0, 0, 0, 0 ], [ 0, 952, 31, 344 ]
9920 / 10000: [ 0, 0, 0, 0, 0 ], [ 0, 952, 31, 344 ]
9921 / 10000: [ 0, 0, 0, 0, 0 ], [ 0, 952, 31, 344 ]
9922 / 10000: [ 0, 0, 0, 0, 0 ], [ 0, 952, 31, 344 ]
9923 / 10000: [ 0, 0, 1, 0, 0 ], [ 0, 952, 31, 344 ]
9924 / 10000: [ 0, 0, 0, 0, 0 ], [ 0, 952, 31, 344 ]
9925 / 10000: [ 0, 0, 0, 0, 0 ], [ 0, 952, 31, 344 ]
9926 / 10000: [ 0, 0, 0, 0, 0 ], [ 0, 952, 31, 344 ]
9927 / 10000: [ 0, 0, 1, 0, 0 ], [ 0, 952, 31, 344 ]
9928 / 10000: [ 0, 2, 0, 0, 0 ], [ 0, 952, 31, 344 ]
9929 / 10000: [ 0, 1, 0, 0, 0 ], [ 0, 952, 31, 344 ]
9930 / 10000: [ 0, 0, 0, 0, 0 ], [ 0, 952, 31, 344 ]
9931 / 10000: [ 0, 2, 0, 0, 0 ], [ 0, 952, 31, 344 ]
9932 / 10000: [ 0, 1, 0, 0, 0 ], [ 0, 952, 31, 344 ]
9933 / 10000: [ 0, 0, 0, 0, 0 ], [ 0, 952, 31, 344 ]
9934 / 10000: [ 0, 0, 0, 0, 0 ], [ 0, 952, 31, 344 ]
9935 / 10000: [ 0, 3, 0, 0, 0 ], [ 0, 953, 31, 344 ]
9936 / 10000: [ 0, 1, 0, 0, 0 ], [ 0, 953, 31, 344 ]
9937 / 10000: [ 0, 1, 0, 0, 0 ], [ 0, 953, 31, 344 ]
9938 / 10000: [ 0, 0, 0, 0, 0 ], [ 0, 953, 31, 344 ]
9939 / 10000: [ 0, 0, 0, 0, 0 ], [ 0, 953, 31, 344 ]
9940 / 10000: [ 0, 2, 0, 0, 0 ], [ 0, 953, 31, 344 ]
9941 / 10000: [ 0, 0, 0, 0, 0 ], [ 0, 953, 31, 344 ]
9942 / 10000: [ 0, 0, 0, 0, 0 ], [ 0, 953, 31, 344 ]
9943 / 10000: [ 0, 0, 0, 0, 0 ], [ 0, 953, 31, 344 ]
9944 / 10000: [ 0, 0, 0, 0, 0 ], [ 0, 953, 31, 344 ]
9945 / 10000: [ 0, 0, 0, 0, 0 ], [ 0, 953, 31, 344 ]
9946 / 10000: [ 0, 0, 0, 0, 0 ], [ 0, 953, 31, 344 ]
9947 / 10000: [ 0, 0, 0, 0, 0 ], [ 0, 953, 31, 344 ]
9948 / 10000: [ 0, 0, 0, 0, 0 ], [ 0, 953, 31, 344 ]
9949 / 10000: [ 0, 0, 0, 0, 0 ], [ 0, 953, 31, 344 ]
9950 / 10000: [ 0, 0, 0, 0, 0 ], [ 0, 953, 31, 344 ]
9951 / 10000: [ 0, 0, 0, 1, 0 ], [ 0, 953, 31, 344 ]
9952 / 10000: [ 0, 0, 0, 0, 0 ], [ 0, 953, 31, 344 ]
9953 / 10000: [ 0, 0, 0, 0, 0 ], [ 0, 953, 31, 344 ]
9954 / 10000: [ 0, 0, 0, 0, 0 ], [ 0, 953, 31, 344 ]
9955 / 10000: [ 0, 0, 0, 0, 0 ], [ 0, 953, 31, 344 ]
9956 / 10000: [ 0, 0, 0, 0, 0 ], [ 0, 953, 31, 344 ]
9957 / 10000: [ 0, 0, 0, 0, 0 ], [ 0, 953, 31, 344 ]
9958 / 10000: [ 0, 1, 0, 0, 0 ], [ 0, 953, 31, 344 ]
9959 / 10000: [ 0, 0, 0, 0, 0 ], [ 0, 953, 31, 344 ]
9960 / 10000: [ 0, 0, 0, 0, 0 ], [ 0, 953, 31, 344 ]
9961 / 10000: [ 0, 0, 0, 0, 0 ], [ 0, 953, 31, 344 ]
9962 / 10000: [ 0, 0, 0, 0, 0 ], [ 0, 953, 31, 344 ]
9963 / 10000: [ 0, 0, 0, 0, 0 ], [ 0, 953, 31, 344 ]
9964 / 10000: [ 0, 0, 0, 0, 0 ], [ 0, 953, 31, 344 ]
9965 / 10000: [ 0, 0, 0, 0, 0 ], [ 0, 953, 31, 344 ]
9966 / 10000: [ 0, 0, 0, 0, 0 ], [ 0, 953, 31, 344 ]
9967 / 10000: [ 0, 0, 0, 0, 0 ], [ 0, 953, 31, 344 ]
9968 / 10000: [ 0, 0, 0, 0, 0 ], [ 0, 953, 31, 344 ]
9969 / 10000: [ 0, 0, 0, 0, 0 ], [ 0, 953, 31, 344 ]
9970 / 10000: [ 0, 0, 0, 0, 0 ], [ 0, 953, 31, 344 ]
9971 / 10000: [ 0, 1, 0, 0, 0 ], [ 0, 953, 31, 344 ]
9972 / 10000: [ 0, 0, 0, 0, 0 ], [ 0, 953, 31, 344 ]
9973 / 10000: [ 0, 0, 0, 0, 0 ], [ 0, 953, 31, 344 ]
9974 / 10000: [ 0, 0, 0, 0, 0 ], [ 0, 953, 31, 344 ]
9975 / 10000: [ 0, 0, 0, 0, 0 ], [ 0, 953, 31, 344 ]
9976 / 10000: [ 0, 0, 0, 0, 0 ], [ 0, 953, 31, 344 ]
9977 / 10000: [ 0, 0, 0, 0, 0 ], [ 0, 953, 31, 344 ]
9978 / 10000: [ 0, 0, 0, 1, 0 ], [ 0, 953, 31, 344 ]
9979 / 10000: [ 0, 0, 0, 0, 0 ], [ 0, 953, 31, 344 ]
9980 / 10000: [ 0, 0, 0, 0, 0 ], [ 0, 953, 31, 344 ]
9981 / 10000: [ 0, 0, 0, 0, 0 ], [ 0, 953, 31, 344 ]
9982 / 10000: [ 0, 0, 0, 0, 0 ], [ 0, 953, 31, 344 ]
9983 / 10000: [ 0, 2, 0, 0, 0 ], [ 0, 953, 31, 344 ]
9984 / 10000: [ 0, 0, 0, 0, 0 ], [ 0, 953, 31, 344 ]
9985 / 10000: [ 0, 0, 0, 0, 0 ], [ 0, 953, 31, 344 ]
9986 / 10000: [ 0, 2, 0, 0, 0 ], [ 0, 953, 31, 344 ]
9987 / 10000: [ 0, 0, 0, 0, 0 ], [ 0, 953, 31, 344 ]
9988 / 10000: [ 0, 1, 0, 0, 0 ], [ 0, 953, 31, 344 ]
9989 / 10000: [ 0, 1, 0, 0, 0 ], [ 0, 953, 31, 344 ]
9990 / 10000: [ 0, 1, 0, 0, 0 ], [ 0, 953, 31, 344 ]
9991 / 10000: [ 0, 3, 0, 0, 0 ], [ 0, 954, 31, 344 ]
9992 / 10000: [ 0, 3, 0, 0, 0 ], [ 0, 955, 31, 344 ]
9993 / 10000: [ 0, 0, 0, 0, 0 ], [ 0, 955, 31, 344 ]
9994 / 10000: [ 0, 0, 0, 0, 0 ], [ 0, 955, 31, 344 ]
9995 / 10000: [ 0, 1, 0, 0, 0 ], [ 0, 955, 31, 344 ]
9996 / 10000: [ 0, 0, 0, 0, 0 ], [ 0, 955, 31, 344 ]
9997 / 10000: [ 0, 2, 0, 0, 0 ], [ 0, 955, 31, 344 ]
9998 / 10000: [ 0, 0, 0, 0, 0 ], [ 0, 955, 31, 344 ]
9999 / 10000: [ 0, 1, 0, 0, 0 ], [ 0, 955, 31, 344 ]
10000 / 10000: [ 0, 2, 0, 0, 0 ], [ 0, 955, 31, 344 ]
<[ 0, 1, 0, 2, 0 ], 105>
<[ 0, 0, 1, 2, 0 ], 1>
<[ 0, 2, 0, 1, 0 ], 159>
<[ 0, 1, 1, 0, 0 ], 39>
<[ 0, 0, 0, 0, 1 ], 20>
<[ 0, 0, 0, 0, 0 ], 4634>
<[ 0, 0, 0, 2, 1 ], 5>
<[ 0, 0, 0, 2, 0 ], 134>
<[ 0, 1, 0, 1, 1 ], 2>
<[ 0, 1, 0, 1, 0 ], 129>
<[ 0, 0, 0, 1, 1 ], 5>
<[ 0, 0, 0, 1, 0 ], 292>
<[ 0, 1, 0, 0, 1 ], 2>
<[ 0, 1, 0, 0, 0 ], 1919>
<[ 0, 1, 1, 1, 0 ], 5>
<[ 0, 0, 0, 3, 0 ], 66>
<[ 0, 3, 0, 0, 0 ], 955>
<[ 0, 0, 2, 0, 0 ], 1>
<[ 0, 0, 1, 0, 0 ], 59>
<[ 0, 0, 1, 1, 0 ], 3>
<[ 0, 2, 1, 0, 0 ], 30>
<[ 0, 2, 0, 0, 1 ], 1>
<[ 0, 2, 0, 0, 0 ], 1433>
<[ 0, 1, 2, 0, 0 ], 1>