1 / 10000: [ 0, 2, 0, 0, 0 ], [ 0, 1, 0, 0 ]
2 / 10000: [ 0, 1, 1, 0, 0 ], [ 0, 1, 1, 0 ]
3 / 10000: [ 0, 2, 0, 0, 0 ], [ 0, 2, 1, 0 ]
4 / 10000: [ 0, 2, 0, 0, 0 ], [ 0, 3, 1, 0 ]
5 / 10000: [ 0, 1, 0, 0, 0 ], [ 0, 3, 1, 0 ]
6 / 10000: [ 0, 2, 0, 0, 0 ], [ 0, 4, 1, 0 ]
7 / 10000: [ 0, 2, 0, 0, 0 ], [ 0, 5, 1, 0 ]
8 / 10000: [ 0, 2, 0, 0, 0 ], [ 0, 6, 1, 0 ]
9 / 10000: [ 0, 0, 0, 0, 0 ], [ 0, 6, 1, 0 ]
10 / 10000: [ 0, 2, 0, 0, 0 ], [ 0, 7, 1, 0 ]
11 / 10000: [ 0, 1, 0, 0, 0 ], [ 0, 7, 1, 0 ]
12 / 10000: [ 0, 1, 0, 0, 0 ], [ 0, 7, 1, 0 ]
13 / 10000: [ 0, 2, 0, 0, 0 ], [ 0, 8, 1, 0 ]
14 / 10000: [ 0, 2, 0, 0, 0 ], [ 0, 9, 1, 0 ]
15 / 10000: [ 0, 0, 1, 0, 0 ], [ 0, 9, 1, 0 ]
16 / 10000: [ 0, 2, 0, 0, 0 ], [ 0, 10, 1, 0 ]
17 / 10000: [ 0, 2, 0, 0, 0 ], [ 0, 11, 1, 0 ]
18 / 10000: [ 0, 1, 0, 0, 0 ], [ 0, 11, 1, 0 ]
19 / 10000: [ 0, 2, 0, 0, 0 ], [ 0, 12, 1, 0 ]
20 / 10000: [ 0, 2, 0, 0, 0 ], [ 0, 13, 1, 0 ]
21 / 10000: [ 0, 1, 0, 0, 0 ], [ 0, 13, 1, 0 ]
22 / 10000: [ 0, 2, 0, 0, 0 ], [ 0, 14, 1, 0 ]
23 / 10000: [ 0, 0, 1, 0, 0 ], [ 0, 14, 1, 0 ]
24 / 10000: [ 0, 2, 0, 0, 0 ], [ 0, 15, 1, 0 ]
25 / 10000: [ 0, 1, 1, 0, 0 ], [ 0, 15, 2, 0 ]
26 / 10000: [ 0, 0, 2, 0, 0 ], [ 0, 15, 3, 0 ]
27 / 10000: [ 0, 1, 0, 0, 0 ], [ 0, 15, 3, 0 ]
28 / 10000: [ 0, 2, 0, 0, 0 ], [ 0, 16, 3, 0 ]
29 / 10000: [ 0, 2, 0, 0, 0 ], [ 0, 17, 3, 0 ]
30 / 10000: [ 0, 1, 0, 0, 0 ], [ 0, 17, 3, 0 ]
31 / 10000: [ 0, 0, 0, 0, 0 ], [ 0, 17, 3, 0 ]
32 / 10000: [ 0, 2, 0, 0, 0 ], [ 0, 18, 3, 0 ]
33 / 10000: [ 0, 1, 0, 0, 0 ], [ 0, 18, 3, 0 ]
34 / 10000: [ 0, 1, 1, 0, 0 ], [ 0, 18, 4, 0 ]
35 / 10000: [ 0, 2, 0, 0, 0 ], [ 0, 19, 4, 0 ]
36 / 10000: [ 0, 2, 0, 0, 0 ], [ 0, 20, 4, 0 ]
37 / 10000: [ 0, 2, 0, 0, 0 ], [ 0, 21, 4, 0 ]
38 / 10000: [ 0, 0, 0, 0, 0 ], [ 0, 21, 4, 0 ]
39 / 10000: [ 0, 2, 0, 0, 0 ], [ 0, 22, 4, 0 ]
40 / 10000: [ 0, 2, 0, 0, 0 ], [ 0, 23, 4, 0 ]
41 / 10000: [ 0, 1, 1, 0, 0 ], [ 0, 23, 5, 0 ]
42 / 10000: [ 0, 0, 0, 0, 0 ], [ 0, 23, 5, 0 ]
43 / 10000: [ 0, 0, 1, 0, 0 ], [ 0, 23, 5, 0 ]
44 / 10000: [ 0, 2, 0, 0, 0 ], [ 0, 24, 5, 0 ]
45 / 10000: [ 0, 0, 0, 0, 0 ], [ 0, 24, 5, 0 ]
46 / 10000: [ 0, 2, 0, 0, 0 ], [ 0, 25, 5, 0 ]
47 / 10000: [ 0, 1, 0, 0, 0 ], [ 0, 25, 5, 0 ]
48 / 10000: [ 0, 0, 0, 0, 0 ], [ 0, 25, 5, 0 ]
49 / 10000: [ 0, 1, 1, 0, 0 ], [ 0, 25, 6, 0 ]
50 / 10000: [ 0, 2, 0, 0, 0 ], [ 0, 26, 6, 0 ]
51 / 10000: [ 0, 2, 0, 0, 0 ], [ 0, 27, 6, 0 ]
52 / 10000: [ 0, 0, 0, 0, 0 ], [ 0, 27, 6, 0 ]
53 / 10000: [ 0, 1, 0, 0, 0 ], [ 0, 27, 6, 0 ]
54 / 10000: [ 0, 2, 0, 0, 0 ], [ 0, 28, 6, 0 ]
55 / 10000: [ 0, 2, 0, 0, 0 ], [ 0, 29, 6, 0 ]
56 / 10000: [ 0, 1, 1, 0, 0 ], [ 0, 29, 7, 0 ]
57 / 10000: [ 0, 2, 0, 0, 0 ], [ 0, 30, 7, 0 ]
58 / 10000: [ 0, 1, 0, 0, 0 ], [ 0, 30, 7, 0 ]
59 / 10000: [ 0, 2, 0, 0, 0 ], [ 0, 31, 7, 0 ]
60 / 10000: [ 0, 2, 0, 0, 0 ], [ 0, 32, 7, 0 ]
61 / 10000: [ 0, 1, 1, 0, 0 ], [ 0, 32, 8, 0 ]
62 / 10000: [ 0, 2, 0, 0, 0 ], [ 0, 33, 8, 0 ]
63 / 10000: [ 0, 1, 0, 0, 0 ], [ 0, 33, 8, 0 ]
64 / 10000: [ 0, 1, 0, 0, 0 ], [ 0, 33, 8, 0 ]
65 / 10000: [ 0, 2, 0, 0, 0 ], [ 0, 34, 8, 0 ]
66 / 10000: [ 0, 2, 0, 0, 0 ], [ 0, 35, 8, 0 ]
67 / 10000: [ 0, 1, 0, 0, 0 ], [ 0, 35, 8, 0 ]
68 / 10000: [ 0, 1, 0, 0, 0 ], [ 0, 35, 8, 0 ]
69 / 10000: [ 0, 0, 0, 0, 0 ], [ 0, 35, 8, 0 ]
70 / 10000: [ 0, 0, 1, 0, 0 ], [ 0, 35, 8, 0 ]
71 / 10000: [ 0, 0, 0, 0, 0 ], [ 0, 35, 8, 0 ]
72 / 10000: [ 0, 0, 0, 0, 0 ], [ 0, 35, 8, 0 ]
73 / 10000: [ 0, 1, 0, 0, 0 ], [ 0, 35, 8, 0 ]
74 / 10000: [ 0, 1, 0, 0, 0 ], [ 0, 35, 8, 0 ]
75 / 10000: [ 0, 2, 0, 0, 0 ], [ 0, 36, 8, 0 ]
76 / 10000: [ 0, 1, 0, 0, 0 ], [ 0, 36, 8, 0 ]
77 / 10000: [ 0, 0, 0, 0, 0 ], [ 0, 36, 8, 0 ]
78 / 10000: [ 0, 1, 1, 0, 0 ], [ 0, 36, 9, 0 ]
79 / 10000: [ 0, 0, 0, 0, 0 ], [ 0, 36, 9, 0 ]
80 / 10000: [ 0, 1, 0, 0, 0 ], [ 0, 36, 9, 0 ]
81 / 10000: [ 0, 1, 1, 0, 0 ], [ 0, 36, 10, 0 ]
82 / 10000: [ 0, 2, 0, 0, 0 ], [ 0, 37, 10, 0 ]
83 / 10000: [ 0, 0, 0, 0, 0 ], [ 0, 37, 10, 0 ]
84 / 10000: [ 0, 0, 0, 0, 0 ], [ 0, 37, 10, 0 ]
85 / 10000: [ 0, 1, 0, 0, 0 ], [ 0, 37, 10, 0 ]
86 / 10000: [ 0, 1, 0, 0, 0 ], [ 0, 37, 10, 0 ]
87 / 10000: [ 0, 2, 0, 0, 0 ], [ 0, 38, 10, 0 ]
88 / 10000: [ 0, 0, 0, 0, 0 ], [ 0, 38, 10, 0 ]
89 / 10000: [ 0, 2, 0, 0, 0 ], [ 0, 39, 10, 0 ]
90 / 10000: [ 0, 2, 0, 0, 0 ], [ 0, 40, 10, 0 ]
91 / 10000: [ 0, 2, 0, 0, 0 ], [ 0, 41, 10, 0 ]
92 / 10000: [ 0, 1, 0, 0, 0 ], [ 0, 41, 10, 0 ]
93 / 10000: [ 0, 2, 0, 0, 0 ], [ 0, 42, 10, 0 ]
94 / 10000: [ 0, 1, 0, 0, 0 ], [ 0, 42, 10, 0 ]
95 / 10000: [ 0, 2, 0, 0, 0 ], [ 0, 43, 10, 0 ]
96 / 10000: [ 0, 0, 0, 0, 0 ], [ 0, 43, 10, 0 ]
97 / 10000: [ 0, 0, 0, 0, 0 ], [ 0, 43, 10, 0 ]
98 / 10000: [ 0, 2, 0, 0, 0 ], [ 0, 44, 10, 0 ]
99 / 10000: [ 0, 1, 0, 0, 0 ], [ 0, 44, 10, 0 ]
100 / 10000: [ 0, 2, 0, 0, 0 ], [ 0, 45, 10, 0 ]
101 / 10000: [ 0, 2, 0, 0, 0 ], [ 0, 46, 10, 0 ]
102 / 10000: [ 0, 2, 0, 0, 0 ], [ 0, 47, 10, 0 ]
103 / 10000: [ 0, 2, 0, 0, 0 ], [ 0, 48, 10, 0 ]
104 / 10000: [ 0, 2, 0, 0, 0 ], [ 0, 49, 10, 0 ]
105 / 10000: [ 0, 1, 0, 0, 0 ], [ 0, 49, 10, 0 ]
106 / 10000: [ 0, 2, 0, 0, 0 ], [ 0, 50, 10, 0 ]
107 / 10000: [ 0, 2, 0, 0, 0 ], [ 0, 51, 10, 0 ]
108 / 10000: [ 0, 2, 0, 0, 0 ], [ 0, 52, 10, 0 ]
109 / 10000: [ 0, 2, 0, 0, 0 ], [ 0, 53, 10, 0 ]
110 / 10000: [ 0, 2, 0, 0, 0 ], [ 0, 54, 10, 0 ]
111 / 10000: [ 0, 1, 0, 0, 0 ], [ 0, 54, 10, 0 ]
112 / 10000: [ 0, 2, 0, 0, 0 ], [ 0, 55, 10, 0 ]
113 / 10000: [ 0, 2, 0, 0, 0 ], [ 0, 56, 10, 0 ]
114 / 10000: [ 0, 2, 0, 0, 0 ], [ 0, 57, 10, 0 ]
115 / 10000: [ 0, 2, 0, 0, 0 ], [ 0, 58, 10, 0 ]
116 / 10000: [ 0, 2, 0, 0, 0 ], [ 0, 59, 10, 0 ]
117 / 10000: [ 0, 2, 0, 0, 0 ], [ 0, 60, 10, 0 ]
118 / 10000: [ 0, 2, 0, 0, 0 ], [ 0, 61, 10, 0 ]
119 / 10000: [ 0, 2, 0, 0, 0 ], [ 0, 62, 10, 0 ]
120 / 10000: [ 0, 2, 0, 0, 0 ], [ 0, 63, 10, 0 ]
121 / 10000: [ 0, 2, 0, 0, 0 ], [ 0, 64, 10, 0 ]
122 / 10000: [ 0, 0, 1, 0, 0 ], [ 0, 64, 10, 0 ]
123 / 10000: [ 0, 1, 0, 0, 0 ], [ 0, 64, 10, 0 ]
124 / 10000: [ 0, 2, 0, 0, 0 ], [ 0, 65, 10, 0 ]
125 / 10000: [ 0, 2, 0, 0, 0 ], [ 0, 66, 10, 0 ]
126 / 10000: [ 0, 2, 0, 0, 0 ], [ 0, 67, 10, 0 ]
127 / 10000: [ 0, 0, 0, 0, 0 ], [ 0, 67, 10, 0 ]
128 / 10000: [ 0, 2, 0, 0, 0 ], [ 0, 68, 10, 0 ]
129 / 10000: [ 0, 2, 0, 0, 0 ], [ 0, 69, 10, 0 ]
130 / 10000: [ 0, 2, 0, 0, 0 ], [ 0, 70, 10, 0 ]
131 / 10000: [ 0, 2, 0, 0, 0 ], [ 0, 71, 10, 0 ]
132 / 10000: [ 0, 2, 0, 0, 0 ], [ 0, 72, 10, 0 ]
133 / 10000: [ 0, 2, 0, 0, 0 ], [ 0, 73, 10, 0 ]
134 / 10000: [ 0, 1, 0, 0, 0 ], [ 0, 73, 10, 0 ]
135 / 10000: [ 0, 2, 0, 0, 0 ], [ 0, 74, 10, 0 ]
136 / 10000: [ 0, 2, 0, 0, 0 ], [ 0, 75, 10, 0 ]
137 / 10000: [ 0, 2, 0, 0, 0 ], [ 0, 76, 10, 0 ]
138 / 10000: [ 0, 1, 1, 0, 0 ], [ 0, 76, 11, 0 ]
139 / 10000: [ 0, 0, 0, 0, 0 ], [ 0, 76, 11, 0 ]
140 / 10000: [ 0, 2, 0, 0, 0 ], [ 0, 77, 11, 0 ]
141 / 10000: [ 0, 2, 0, 0, 0 ], [ 0, 78, 11, 0 ]
142 / 10000: [ 0, 1, 0, 0, 0 ], [ 0, 78, 11, 0 ]
143 / 10000: [ 0, 0, 1, 0, 0 ], [ 0, 78, 11, 0 ]
144 / 10000: [ 0, 2, 0, 0, 0 ], [ 0, 79, 11, 0 ]
145 / 10000: [ 0, 0, 0, 0, 0 ], [ 0, 79, 11, 0 ]
146 / 10000: [ 0, 2, 0, 0, 0 ], [ 0, 80, 11, 0 ]
147 / 10000: [ 0, 2, 0, 0, 0 ], [ 0, 81, 11, 0 ]
148 / 10000: [ 0, 2, 0, 0, 0 ], [ 0, 82, 11, 0 ]
149 / 10000: [ 0, 1, 1, 0, 0 ], [ 0, 82, 12, 0 ]
150 / 10000: [ 0, 2, 0, 0, 0 ], [ 0, 83, 12, 0 ]
151 / 10000: [ 0, 2, 0, 0, 0 ], [ 0, 84, 12, 0 ]
152 / 10000: [ 0, 2, 0, 0, 0 ], [ 0, 85, 12, 0 ]
153 / 10000: [ 0, 2, 0, 0, 0 ], [ 0, 86, 12, 0 ]
154 / 10000: [ 0, 2, 0, 0, 0 ], [ 0, 87, 12, 0 ]
155 / 10000: [ 0, 2, 0, 0, 0 ], [ 0, 88, 12, 0 ]
156 / 10000: [ 0, 2, 0, 0, 0 ], [ 0, 89, 12, 0 ]
157 / 10000: [ 0, 2, 0, 0, 0 ], [ 0, 90, 12, 0 ]
158 / 10000: [ 0, 1, 0, 0, 0 ], [ 0, 90, 12, 0 ]
159 / 10000: [ 0, 2, 0, 0, 0 ], [ 0, 91, 12, 0 ]
160 / 10000: [ 0, 2, 0, 0, 0 ], [ 0, 92, 12, 0 ]
161 / 10000: [ 0, 2, 0, 0, 0 ], [ 0, 93, 12, 0 ]
162 / 10000: [ 0, 2, 0, 0, 0 ], [ 0, 94, 12, 0 ]
163 / 10000: [ 0, 0, 0, 0, 0 ], [ 0, 94, 12, 0 ]
164 / 10000: [ 0, 2, 0, 0, 0 ], [ 0, 95, 12, 0 ]
165 / 10000: [ 0, 2, 0, 0, 0 ], [ 0, 96, 12, 0 ]
166 / 10000: [ 0, 2, 0, 0, 0 ], [ 0, 97, 12, 0 ]
167 / 10000: [ 0, 1, 0, 0, 0 ], [ 0, 97, 12, 0 ]
168 / 10000: [ 0, 2, 0, 0, 0 ], [ 0, 98, 12, 0 ]
169 / 10000: [ 0, 0, 1, 0, 0 ], [ 0, 98, 12, 0 ]
170 / 10000: [ 0, 0, 1, 0, 0 ], [ 0, 98, 12, 0 ]
171 / 10000: [ 0, 0, 2, 0, 0 ], [ 0, 98, 13, 0 ]
172 / 10000: [ 0, 1, 1, 0, 0 ], [ 0, 98, 14, 0 ]
173 / 10000: [ 0, 2, 0, 0, 0 ], [ 0, 99, 14, 0 ]
174 / 10000: [ 0, 0, 0, 0, 0 ], [ 0, 99, 14, 0 ]
175 / 10000: [ 0, 1, 0, 0, 0 ], [ 0, 99, 14, 0 ]
176 / 10000: [ 0, 0, 0, 0, 0 ], [ 0, 99, 14, 0 ]
177 / 10000: [ 0, 0, 0, 0, 0 ], [ 0, 99, 14, 0 ]
178 / 10000: [ 0, 2, 0, 0, 0 ], [ 0, 100, 14, 0 ]
179 / 10000: [ 0, 0, 0, 0, 0 ], [ 0, 100, 14, 0 ]
180 / 10000: [ 0, 2, 0, 0, 0 ], [ 0, 101, 14, 0 ]
181 / 10000: [ 0, 2, 0, 0, 0 ], [ 0, 102, 14, 0 ]
182 / 10000: [ 0, 2, 0, 0, 0 ], [ 0, 103, 14, 0 ]
183 / 10000: [ 0, 1, 0, 0, 0 ], [ 0, 103, 14, 0 ]
184 / 10000: [ 0, 1, 0, 0, 0 ], [ 0, 103, 14, 0 ]
185 / 10000: [ 0, 1, 0, 1, 0 ], [ 0, 103, 14, 1 ]
186 / 10000: [ 0, 1, 0, 0, 0 ], [ 0, 103, 14, 1 ]
187 / 10000: [ 0, 2, 0, 0, 0 ], [ 0, 104, 14, 1 ]
188 / 10000: [ 0, 1, 1, 0, 0 ], [ 0, 104, 15, 1 ]
189 / 10000: [ 0, 2, 0, 0, 0 ], [ 0, 105, 15, 1 ]
190 / 10000: [ 0, 2, 0, 0, 0 ], [ 0, 106, 15, 1 ]
191 / 10000: [ 0, 2, 0, 0, 0 ], [ 0, 107, 15, 1 ]
192 / 10000: [ 0, 2, 0, 0, 0 ], [ 0, 108, 15, 1 ]
193 / 10000: [ 0, 2, 0, 0, 0 ], [ 0, 109, 15, 1 ]
194 / 10000: [ 0, 2, 0, 0, 0 ], [ 0, 110, 15, 1 ]
195 / 10000: [ 0, 2, 0, 0, 0 ], [ 0, 111, 15, 1 ]
196 / 10000: [ 0, 0, 0, 0, 0 ], [ 0, 111, 15, 1 ]
197 / 10000: [ 0, 0, 0, 0, 0 ], [ 0, 111, 15, 1 ]
198 / 10000: [ 0, 2, 0, 0, 0 ], [ 0, 112, 15, 1 ]
199 / 10000: [ 0, 2, 0, 0, 0 ], [ 0, 113, 15, 1 ]
200 / 10000: [ 0, 2, 0, 0, 0 ], [ 0, 114, 15, 1 ]
201 / 10000: [ 0, 0, 1, 0, 0 ], [ 0, 114, 15, 1 ]
202 / 10000: [ 0, 2, 0, 0, 0 ], [ 0, 115, 15, 1 ]
203 / 10000: [ 0, 2, 0, 0, 0 ], [ 0, 116, 15, 1 ]
204 / 10000: [ 0, 2, 0, 0, 0 ], [ 0, 117, 15, 1 ]
205 / 10000: [ 0, 0, 0, 0, 0 ], [ 0, 117, 15, 1 ]
206 / 10000: [ 0, 2, 0, 0, 0 ], [ 0, 118, 15, 1 ]
207 / 10000: [ 0, 2, 0, 0, 0 ], [ 0, 119, 15, 1 ]
208 / 10000: [ 0, 2, 0, 0, 0 ], [ 0, 120, 15, 1 ]
209 / 10000: [ 0, 2, 0, 0, 0 ], [ 0, 121, 15, 1 ]
210 / 10000: [ 0, 2, 0, 0, 0 ], [ 0, 122, 15, 1 ]
211 / 10000: [ 0, 2, 0, 0, 0 ], [ 0, 123, 15, 1 ]
212 / 10000: [ 0, 2, 0, 0, 0 ], [ 0, 124, 15, 1 ]
213 / 10000: [ 0, 2, 0, 0, 0 ], [ 0, 125, 15, 1 ]
214 / 10000: [ 0, 2, 0, 0, 0 ], [ 0, 126, 15, 1 ]
215 / 10000: [ 0, 2, 0, 0, 0 ], [ 0, 127, 15, 1 ]
216 / 10000: [ 0, 2, 0, 0, 0 ], [ 0, 128, 15, 1 ]
217 / 10000: [ 0, 2, 0, 0, 0 ], [ 0, 129, 15, 1 ]
218 / 10000: [ 0, 1, 0, 0, 0 ], [ 0, 129, 15, 1 ]
219 / 10000: [ 0, 2, 0, 0, 0 ], [ 0, 130, 15, 1 ]
220 / 10000: [ 0, 2, 0, 0, 0 ], [ 0, 131, 15, 1 ]
221 / 10000: [ 0, 2, 0, 0, 0 ], [ 0, 132, 15, 1 ]
222 / 10000: [ 0, 2, 0, 0, 0 ], [ 0, 133, 15, 1 ]
223 / 10000: [ 0, 2, 0, 0, 0 ], [ 0, 134, 15, 1 ]
224 / 10000: [ 0, 1, 0, 0, 0 ], [ 0, 134, 15, 1 ]
225 / 10000: [ 0, 1, 1, 0, 0 ], [ 0, 134, 16, 1 ]
226 / 10000: [ 0, 2, 0, 0, 0 ], [ 0, 135, 16, 1 ]
227 / 10000: [ 0, 0, 0, 0, 0 ], [ 0, 135, 16, 1 ]
228 / 10000: [ 0, 2, 0, 0, 0 ], [ 0, 136, 16, 1 ]
229 / 10000: [ 0, 2, 0, 0, 0 ], [ 0, 137, 16, 1 ]
230 / 10000: [ 0, 2, 0, 0, 0 ], [ 0, 138, 16, 1 ]
231 / 10000: [ 0, 2, 0, 0, 0 ], [ 0, 139, 16, 1 ]
232 / 10000: [ 0, 1, 0, 0, 0 ], [ 0, 139, 16, 1 ]
233 / 10000: [ 0, 0, 0, 0, 0 ], [ 0, 139, 16, 1 ]
234 / 10000: [ 0, 0, 0, 0, 0 ], [ 0, 139, 16, 1 ]
235 / 10000: [ 0, 2, 0, 0, 0 ], [ 0, 140, 16, 1 ]
236 / 10000: [ 0, 2, 0, 0, 0 ], [ 0, 141, 16, 1 ]
237 / 10000: [ 0, 1, 0, 0, 0 ], [ 0, 141, 16, 1 ]
238 / 10000: [ 0, 1, 0, 0, 0 ], [ 0, 141, 16, 1 ]
239 / 10000: [ 0, 0, 1, 0, 0 ], [ 0, 141, 16, 1 ]
240 / 10000: [ 0, 2, 0, 0, 0 ], [ 0, 142, 16, 1 ]
241 / 10000: [ 0, 2, 0, 0, 0 ], [ 0, 143, 16, 1 ]
242 / 10000: [ 0, 1, 0, 0, 0 ], [ 0, 143, 16, 1 ]
243 / 10000: [ 0, 2, 0, 0, 0 ], [ 0, 144, 16, 1 ]
244 / 10000: [ 0, 2, 0, 0, 0 ], [ 0, 145, 16, 1 ]
245 / 10000: [ 0, 1, 1, 0, 0 ], [ 0, 145, 17, 1 ]
246 / 10000: [ 0, 2, 0, 0, 0 ], [ 0, 146, 17, 1 ]
247 / 10000: [ 0, 2, 0, 0, 0 ], [ 0, 147, 17, 1 ]
248 / 10000: [ 0, 1, 0, 0, 0 ], [ 0, 147, 17, 1 ]
249 / 10000: [ 0, 1, 1, 0, 0 ], [ 0, 147, 18, 1 ]
250 / 10000: [ 0, 2, 0, 0, 0 ], [ 0, 148, 18, 1 ]
251 / 10000: [ 0, 2, 0, 0, 0 ], [ 0, 149, 18, 1 ]
252 / 10000: [ 0, 2, 0, 0, 0 ], [ 0, 150, 18, 1 ]
253 / 10000: [ 0, 2, 0, 0, 0 ], [ 0, 151, 18, 1 ]
254 / 10000: [ 0, 2, 0, 0, 0 ], [ 0, 152, 18, 1 ]
255 / 10000: [ 0, 2, 0, 0, 0 ], [ 0, 153, 18, 1 ]
256 / 10000: [ 0, 2, 0, 0, 0 ], [ 0, 154, 18, 1 ]
257 / 10000: [ 0, 2, 0, 0, 0 ], [ 0, 155, 18, 1 ]
258 / 10000: [ 0, 1, 0, 0, 0 ], [ 0, 155, 18, 1 ]
259 / 10000: [ 0, 2, 0, 0, 0 ], [ 0, 156, 18, 1 ]
260 / 10000: [ 0, 1, 0, 1, 0 ], [ 0, 156, 18, 2 ]
261 / 10000: [ 0, 2, 0, 0, 0 ], [ 0, 157, 18, 2 ]
262 / 10000: [ 0, 2, 0, 0, 0 ], [ 0, 158, 18, 2 ]
263 / 10000: [ 0, 0, 0, 0, 0 ], [ 0, 158, 18, 2 ]
264 / 10000: [ 0, 1, 0, 0, 0 ], [ 0, 158, 18, 2 ]
265 / 10000: [ 0, 2, 0, 0, 0 ], [ 0, 159, 18, 2 ]
266 / 10000: [ 0, 2, 0, 0, 0 ], [ 0, 160, 18, 2 ]
267 / 10000: [ 0, 1, 0, 0, 0 ], [ 0, 160, 18, 2 ]
268 / 10000: [ 0, 1, 0, 0, 0 ], [ 0, 160, 18, 2 ]
269 / 10000: [ 0, 1, 1, 0, 0 ], [ 0, 160, 19, 2 ]
270 / 10000: [ 0, 0, 0, 0, 0 ], [ 0, 160, 19, 2 ]
271 / 10000: [ 0, 1, 0, 0, 0 ], [ 0, 160, 19, 2 ]
272 / 10000: [ 0, 0, 0, 0, 0 ], [ 0, 160, 19, 2 ]
273 / 10000: [ 0, 1, 0, 0, 0 ], [ 0, 160, 19, 2 ]
274 / 10000: [ 0, 1, 0, 0, 0 ], [ 0, 160, 19, 2 ]
275 / 10000: [ 0, 1, 0, 0, 0 ], [ 0, 160, 19, 2 ]
276 / 10000: [ 0, 1, 0, 0, 0 ], [ 0, 160, 19, 2 ]
277 / 10000: [ 0, 1, 0, 0, 0 ], [ 0, 160, 19, 2 ]
278 / 10000: [ 0, 2, 0, 0, 0 ], [ 0, 161, 19, 2 ]
279 / 10000: [ 0, 0, 1, 0, 0 ], [ 0, 161, 19, 2 ]
280 / 10000: [ 0, 2, 0, 0, 0 ], [ 0, 162, 19, 2 ]
281 / 10000: [ 0, 2, 0, 0, 0 ], [ 0, 163, 19, 2 ]
282 / 10000: [ 0, 2, 0, 0, 0 ], [ 0, 164, 19, 2 ]
283 / 10000: [ 0, 2, 0, 0, 0 ], [ 0, 165, 19, 2 ]
284 / 10000: [ 0, 2, 0, 0, 0 ], [ 0, 166, 19, 2 ]
285 / 10000: [ 0, 0, 0, 2, 0 ], [ 0, 166, 19, 3 ]
286 / 10000: [ 0, 2, 0, 0, 0 ], [ 0, 167, 19, 3 ]
287 / 10000: [ 0, 2, 0, 0, 0 ], [ 0, 168, 19, 3 ]
288 / 10000: [ 0, 0, 0, 0, 0 ], [ 0, 168, 19, 3 ]
289 / 10000: [ 0, 2, 0, 0, 0 ], [ 0, 169, 19, 3 ]
290 / 10000: [ 0, 2, 0, 0, 0 ], [ 0, 170, 19, 3 ]
291 / 10000: [ 0, 2, 0, 0, 0 ], [ 0, 171, 19, 3 ]
292 / 10000: [ 0, 2, 0, 0, 0 ], [ 0, 172, 19, 3 ]
293 / 10000: [ 0, 2, 0, 0, 0 ], [ 0, 173, 19, 3 ]
294 / 10000: [ 0, 1, 0, 0, 0 ], [ 0, 173, 19, 3 ]
295 / 10000: [ 0, 1, 0, 0, 0 ], [ 0, 173, 19, 3 ]
296 / 10000: [ 0, 0, 0, 0, 0 ], [ 0, 173, 19, 3 ]
297 / 10000: [ 0, 0, 0, 0, 0 ], [ 0, 173, 19, 3 ]
298 / 10000: [ 0, 2, 0, 0, 0 ], [ 0, 174, 19, 3 ]
299 / 10000: [ 0, 1, 1, 0, 0 ], [ 0, 174, 20, 3 ]
300 / 10000: [ 0, 2, 0, 0, 0 ], [ 0, 175, 20, 3 ]
301 / 10000: [ 0, 2, 0, 0, 0 ], [ 0, 176, 20, 3 ]
302 / 10000: [ 0, 1, 1, 0, 0 ], [ 0, 176, 21, 3 ]
303 / 10000: [ 0, 2, 0, 0, 0 ], [ 0, 177, 21, 3 ]
304 / 10000: [ 0, 1, 0, 0, 0 ], [ 0, 177, 21, 3 ]
305 / 10000: [ 0, 2, 0, 0, 0 ], [ 0, 178, 21, 3 ]
306 / 10000: [ 0, 2, 0, 0, 0 ], [ 0, 179, 21, 3 ]
307 / 10000: [ 0, 2, 0, 0, 0 ], [ 0, 180, 21, 3 ]
308 / 10000: [ 0, 0, 0, 0, 0 ], [ 0, 180, 21, 3 ]
309 / 10000: [ 0, 2, 0, 0, 0 ], [ 0, 181, 21, 3 ]
310 / 10000: [ 0, 0, 1, 0, 0 ], [ 0, 181, 21, 3 ]
311 / 10000: [ 0, 2, 0, 0, 0 ], [ 0, 182, 21, 3 ]
312 / 10000: [ 0, 2, 0, 0, 0 ], [ 0, 183, 21, 3 ]
313 / 10000: [ 0, 2, 0, 0, 0 ], [ 0, 184, 21, 3 ]
314 / 10000: [ 0, 2, 0, 0, 0 ], [ 0, 185, 21, 3 ]
315 / 10000: [ 0, 1, 1, 0, 0 ], [ 0, 185, 22, 3 ]
316 / 10000: [ 0, 0, 0, 0, 0 ], [ 0, 185, 22, 3 ]
317 / 10000: [ 0, 0, 0, 0, 0 ], [ 0, 185, 22, 3 ]
318 / 10000: [ 0, 1, 1, 0, 0 ], [ 0, 185, 23, 3 ]
319 / 10000: [ 0, 0, 0, 0, 0 ], [ 0, 185, 23, 3 ]
320 / 10000: [ 0, 0, 0, 0, 0 ], [ 0, 185, 23, 3 ]
321 / 10000: [ 0, 0, 0, 0, 0 ], [ 0, 185, 23, 3 ]
322 / 10000: [ 0, 0, 0, 0, 0 ], [ 0, 185, 23, 3 ]
323 / 10000: [ 0, 2, 0, 0, 0 ], [ 0, 186, 23, 3 ]
324 / 10000: [ 0, 2, 0, 0, 0 ], [ 0, 187, 23, 3 ]
325 / 10000: [ 0, 1, 1, 0, 0 ], [ 0, 187, 24, 3 ]
326 / 10000: [ 0, 0, 0, 1, 1 ], [ 0, 187, 24, 4 ]
327 / 10000: [ 0, 2, 0, 0, 0 ], [ 0, 188, 24, 4 ]
328 / 10000: [ 0, 1, 0, 0, 0 ], [ 0, 188, 24, 4 ]
329 / 10000: [ 0, 0, 0, 0, 0 ], [ 0, 188, 24, 4 ]
330 / 10000: [ 0, 1, 0, 0, 0 ], [ 0, 188, 24, 4 ]
331 / 10000: [ 0, 1, 1, 0, 0 ], [ 0, 188, 25, 4 ]
332 / 10000: [ 0, 1, 0, 0, 0 ], [ 0, 188, 25, 4 ]
333 / 10000: [ 0, 2, 0, 0, 0 ], [ 0, 189, 25, 4 ]
334 / 10000: [ 0, 2, 0, 0, 0 ], [ 0, 190, 25, 4 ]
335 / 10000: [ 0, 1, 0, 0, 0 ], [ 0, 190, 25, 4 ]
336 / 10000: [ 0, 1, 0, 0, 0 ], [ 0, 190, 25, 4 ]
337 / 10000: [ 0, 2, 0, 0, 0 ], [ 0, 191, 25, 4 ]
338 / 10000: [ 0, 0, 1, 0, 0 ], [ 0, 191, 25, 4 ]
339 / 10000: [ 0, 0, 1, 0, 0 ], [ 0, 191, 25, 4 ]
340 / 10000: [ 0, 0, 1, 0, 0 ], [ 0, 191, 25, 4 ]
341 / 10000: [ 0, 2, 0, 0, 0 ], [ 0, 192, 25, 4 ]
342 / 10000: [ 0, 0, 0, 0, 0 ], [ 0, 192, 25, 4 ]
343 / 10000: [ 0, 0, 0, 0, 0 ], [ 0, 192, 25, 4 ]
344 / 10000: [ 0, 0, 0, 0, 0 ], [ 0, 192, 25, 4 ]
345 / 10000: [ 0, 0, 0, 0, 0 ], [ 0, 192, 25, 4 ]
346 / 10000: [ 0, 0, 0, 0, 0 ], [ 0, 192, 25, 4 ]
347 / 10000: [ 0, 1, 0, 0, 0 ], [ 0, 192, 25, 4 ]
348 / 10000: [ 0, 0, 1, 0, 0 ], [ 0, 192, 25, 4 ]
349 / 10000: [ 0, 2, 0, 0, 0 ], [ 0, 193, 25, 4 ]
350 / 10000: [ 0, 2, 0, 0, 0 ], [ 0, 194, 25, 4 ]
351 / 10000: [ 0, 1, 1, 0, 0 ], [ 0, 194, 26, 4 ]
352 / 10000: [ 0, 0, 1, 0, 0 ], [ 0, 194, 26, 4 ]
353 / 10000: [ 0, 0, 0, 0, 0 ], [ 0, 194, 26, 4 ]
354 / 10000: [ 0, 2, 0, 0, 0 ], [ 0, 195, 26, 4 ]
355 / 10000: [ 0, 1, 0, 0, 0 ], [ 0, 195, 26, 4 ]
356 / 10000: [ 0, 1, 1, 0, 0 ], [ 0, 195, 27, 4 ]
357 / 10000: [ 0, 0, 0, 0, 0 ], [ 0, 195, 27, 4 ]
358 / 10000: [ 0, 2, 0, 0, 0 ], [ 0, 196, 27, 4 ]
359 / 10000: [ 0, 1, 0, 0, 0 ], [ 0, 196, 27, 4 ]
360 / 10000: [ 0, 1, 0, 0, 0 ], [ 0, 196, 27, 4 ]
361 / 10000: [ 0, 0, 0, 0, 0 ], [ 0, 196, 27, 4 ]
362 / 10000: [ 0, 1, 1, 0, 0 ], [ 0, 196, 28, 4 ]
363 / 10000: [ 0, 0, 0, 0, 0 ], [ 0, 196, 28, 4 ]
364 / 10000: [ 0, 2, 0, 0, 0 ], [ 0, 197, 28, 4 ]
365 / 10000: [ 0, 1, 0, 0, 0 ], [ 0, 197, 28, 4 ]
366 / 10000: [ 0, 1, 0, 0, 0 ], [ 0, 197, 28, 4 ]
367 / 10000: [ 0, 0, 0, 0, 0 ], [ 0, 197, 28, 4 ]
368 / 10000: [ 0, 2, 0, 0, 0 ], [ 0, 198, 28, 4 ]
369 / 10000: [ 0, 2, 0, 0, 0 ], [ 0, 199, 28, 4 ]
370 / 10000: [ 0, 2, 0, 0, 0 ], [ 0, 200, 28, 4 ]
371 / 10000: [ 0, 0, 1, 0, 0 ], [ 0, 200, 28, 4 ]
372 / 10000: [ 0, 0, 1, 0, 0 ], [ 0, 200, 28, 4 ]
373 / 10000: [ 0, 1, 0, 0, 0 ], [ 0, 200, 28, 4 ]
374 / 10000: [ 0, 2, 0, 0, 0 ], [ 0, 201, 28, 4 ]
375 / 10000: [ 0, 0, 0, 0, 0 ], [ 0, 201, 28, 4 ]
376 / 10000: [ 0, 0, 0, 0, 0 ], [ 0, 201, 28, 4 ]
377 / 10000: [ 0, 0, 0, 0, 0 ], [ 0, 201, 28, 4 ]
378 / 10000: [ 0, 0, 1, 0, 0 ], [ 0, 201, 28, 4 ]
379 / 10000: [ 0, 2, 0, 0, 0 ], [ 0, 202, 28, 4 ]
380 / 10000: [ 0, 0, 0, 0, 0 ], [ 0, 202, 28, 4 ]
381 / 10000: [ 0, 1, 0, 0, 0 ], [ 0, 202, 28, 4 ]
382 / 10000: [ 0, 1, 0, 0, 0 ], [ 0, 202, 28, 4 ]
383 / 10000: [ 0, 0, 0, 0, 0 ], [ 0, 202, 28, 4 ]
384 / 10000: [ 0, 2, 0, 0, 0 ], [ 0, 203, 28, 4 ]
385 / 10000: [ 0, 1, 0, 1, 0 ], [ 0, 203, 28, 5 ]
386 / 10000: [ 0, 2, 0, 0, 0 ], [ 0, 204, 28, 5 ]
387 / 10000: [ 0, 0, 0, 0, 0 ], [ 0, 204, 28, 5 ]
388 / 10000: [ 0, 0, 1, 0, 0 ], [ 0, 204, 28, 5 ]
389 / 10000: [ 0, 2, 0, 0, 0 ], [ 0, 205, 28, 5 ]
390 / 10000: [ 0, 1, 0, 0, 0 ], [ 0, 205, 28, 5 ]
391 / 10000: [ 0, 2, 0, 0, 0 ], [ 0, 206, 28, 5 ]
392 / 10000: [ 0, 1, 0, 0, 0 ], [ 0, 206, 28, 5 ]
393 / 10000: [ 0, 1, 0, 0, 0 ], [ 0, 206, 28, 5 ]
394 / 10000: [ 0, 2, 0, 0, 0 ], [ 0, 207, 28, 5 ]
395 / 10000: [ 0, 2, 0, 0, 0 ], [ 0, 208, 28, 5 ]
396 / 10000: [ 0, 2, 0, 0, 0 ], [ 0, 209, 28, 5 ]
397 / 10000: [ 0, 2, 0, 0, 0 ], [ 0, 210, 28, 5 ]
398 / 10000: [ 0, 0, 0, 0, 0 ], [ 0, 210, 28, 5 ]
399 / 10000: [ 0, 0, 0, 0, 0 ], [ 0, 210, 28, 5 ]
400 / 10000: [ 0, 1, 0, 0, 0 ], [ 0, 210, 28, 5 ]
401 / 10000: [ 0, 2, 0, 0, 0 ], [ 0, 211, 28, 5 ]
402 / 10000: [ 0, 2, 0, 0, 0 ], [ 0, 212, 28, 5 ]
403 / 10000: [ 0, 2, 0, 0, 0 ], [ 0, 213, 28, 5 ]
404 / 10000: [ 0, 2, 0, 0, 0 ], [ 0, 214, 28, 5 ]
405 / 10000: [ 0, 1, 0, 0, 0 ], [ 0, 214, 28, 5 ]
406 / 10000: [ 0, 2, 0, 0, 0 ], [ 0, 215, 28, 5 ]
407 / 10000: [ 0, 1, 1, 0, 0 ], [ 0, 215, 29, 5 ]
408 / 10000: [ 0, 2, 0, 0, 0 ], [ 0, 216, 29, 5 ]
409 / 10000: [ 0, 2, 0, 0, 0 ], [ 0, 217, 29, 5 ]
410 / 10000: [ 0, 2, 0, 0, 0 ], [ 0, 218, 29, 5 ]
411 / 10000: [ 0, 2, 0, 0, 0 ], [ 0, 219, 29, 5 ]
412 / 10000: [ 0, 2, 0, 0, 0 ], [ 0, 220, 29, 5 ]
413 / 10000: [ 0, 2, 0, 0, 0 ], [ 0, 221, 29, 5 ]
414 / 10000: [ 0, 2, 0, 0, 0 ], [ 0, 222, 29, 5 ]
415 / 10000: [ 0, 2, 0, 0, 0 ], [ 0, 223, 29, 5 ]
416 / 10000: [ 0, 2, 0, 0, 0 ], [ 0, 224, 29, 5 ]
417 / 10000: [ 0, 2, 0, 0, 0 ], [ 0, 225, 29, 5 ]
418 / 10000: [ 0, 1, 0, 0, 0 ], [ 0, 225, 29, 5 ]
419 / 10000: [ 0, 2, 0, 0, 0 ], [ 0, 226, 29, 5 ]
420 / 10000: [ 0, 2, 0, 0, 0 ], [ 0, 227, 29, 5 ]
421 / 10000: [ 0, 2, 0, 0, 0 ], [ 0, 228, 29, 5 ]
422 / 10000: [ 0, 1, 0, 0, 0 ], [ 0, 228, 29, 5 ]
423 / 10000: [ 0, 2, 0, 0, 0 ], [ 0, 229, 29, 5 ]
424 / 10000: [ 0, 1, 0, 0, 0 ], [ 0, 229, 29, 5 ]
425 / 10000: [ 0, 2, 0, 0, 0 ], [ 0, 230, 29, 5 ]
426 / 10000: [ 0, 2, 0, 0, 0 ], [ 0, 231, 29, 5 ]
427 / 10000: [ 0, 1, 0, 0, 0 ], [ 0, 231, 29, 5 ]
428 / 10000: [ 0, 1, 1, 0, 0 ], [ 0, 231, 30, 5 ]
429 / 10000: [ 0, 2, 0, 0, 0 ], [ 0, 232, 30, 5 ]
430 / 10000: [ 0, 1, 0, 0, 0 ], [ 0, 232, 30, 5 ]
431 / 10000: [ 0, 2, 0, 0, 0 ], [ 0, 233, 30, 5 ]
432 / 10000: [ 0, 2, 0, 0, 0 ], [ 0, 234, 30, 5 ]
433 / 10000: [ 0, 2, 0, 0, 0 ], [ 0, 235, 30, 5 ]
434 / 10000: [ 0, 2, 0, 0, 0 ], [ 0, 236, 30, 5 ]
435 / 10000: [ 0, 2, 0, 0, 0 ], [ 0, 237, 30, 5 ]
436 / 10000: [ 0, 2, 0, 0, 0 ], [ 0, 238, 30, 5 ]
437 / 10000: [ 0, 2, 0, 0, 0 ], [ 0, 239, 30, 5 ]
438 / 10000: [ 0, 2, 0, 0, 0 ], [ 0, 240, 30, 5 ]
439 / 10000: [ 0, 1, 0, 0, 0 ], [ 0, 240, 30, 5 ]
440 / 10000: [ 0, 2, 0, 0, 0 ], [ 0, 241, 30, 5 ]
441 / 10000: [ 0, 2, 0, 0, 0 ], [ 0, 242, 30, 5 ]
442 / 10000: [ 0, 1, 1, 0, 0 ], [ 0, 242, 31, 5 ]
443 / 10000: [ 0, 0, 0, 0, 0 ], [ 0, 242, 31, 5 ]
444 / 10000: [ 0, 2, 0, 0, 0 ], [ 0, 243, 31, 5 ]
445 / 10000: [ 0, 2, 0, 0, 0 ], [ 0, 244, 31, 5 ]
446 / 10000: [ 0, 2, 0, 0, 0 ], [ 0, 245, 31, 5 ]
447 / 10000: [ 0, 1, 0, 0, 0 ], [ 0, 245, 31, 5 ]
448 / 10000: [ 0, 1, 1, 0, 0 ], [ 0, 245, 32, 5 ]
449 / 10000: [ 0, 2, 0, 0, 0 ], [ 0, 246, 32, 5 ]
450 / 10000: [ 0, 2, 0, 0, 0 ], [ 0, 247, 32, 5 ]
451 / 10000: [ 0, 2, 0, 0, 0 ], [ 0, 248, 32, 5 ]
452 / 10000: [ 0, 1, 1, 0, 0 ], [ 0, 248, 33, 5 ]
453 / 10000: [ 0, 2, 0, 0, 0 ], [ 0, 249, 33, 5 ]
454 / 10000: [ 0, 2, 0, 0, 0 ], [ 0, 250, 33, 5 ]
455 / 10000: [ 0, 2, 0, 0, 0 ], [ 0, 251, 33, 5 ]
456 / 10000: [ 0, 2, 0, 0, 0 ], [ 0, 252, 33, 5 ]
457 / 10000: [ 0, 2, 0, 0, 0 ], [ 0, 253, 33, 5 ]
458 / 10000: [ 0, 1, 0, 0, 0 ], [ 0, 253, 33, 5 ]
459 / 10000: [ 0, 2, 0, 0, 0 ], [ 0, 254, 33, 5 ]
460 / 10000: [ 0, 1, 0, 1, 0 ], [ 0, 254, 33, 6 ]
461 / 10000: [ 0, 1, 0, 0, 0 ], [ 0, 254, 33, 6 ]
462 / 10000: [ 0, 2, 0, 0, 0 ], [ 0, 255, 33, 6 ]
463 / 10000: [ 0, 0, 0, 0, 0 ], [ 0, 255, 33, 6 ]
464 / 10000: [ 0, 0, 0, 0, 0 ], [ 0, 255, 33, 6 ]
465 / 10000: [ 0, 2, 0, 0, 0 ], [ 0, 256, 33, 6 ]
466 / 10000: [ 0, 1, 0, 0, 0 ], [ 0, 256, 33, 6 ]
467 / 10000: [ 0, 2, 0, 0, 0 ], [ 0, 257, 33, 6 ]
468 / 10000: [ 0, 2, 0, 0, 0 ], [ 0, 258, 33, 6 ]
469 / 10000: [ 0, 1, 0, 0, 0 ], [ 0, 258, 33, 6 ]
470 / 10000: [ 0, 1, 0, 0, 0 ], [ 0, 258, 33, 6 ]
471 / 10000: [ 0, 2, 0, 0, 0 ], [ 0, 259, 33, 6 ]
472 / 10000: [ 0, 2, 0, 0, 0 ], [ 0, 260, 33, 6 ]
473 / 10000: [ 0, 2, 0, 0, 0 ], [ 0, 261, 33, 6 ]
474 / 10000: [ 0, 1, 0, 0, 0 ], [ 0, 261, 33, 6 ]
475 / 10000: [ 0, 2, 0, 0, 0 ], [ 0, 262, 33, 6 ]
476 / 10000: [ 0, 2, 0, 0, 0 ], [ 0, 263, 33, 6 ]
477 / 10000: [ 0, 2, 0, 0, 0 ], [ 0, 264, 33, 6 ]
478 / 10000: [ 0, 1, 1, 0, 0 ], [ 0, 264, 34, 6 ]
479 / 10000: [ 0, 1, 0, 0, 0 ], [ 0, 264, 34, 6 ]
480 / 10000: [ 0, 2, 0, 0, 0 ], [ 0, 265, 34, 6 ]
481 / 10000: [ 0, 1, 1, 0, 0 ], [ 0, 265, 35, 6 ]
482 / 10000: [ 0, 2, 0, 0, 0 ], [ 0, 266, 35, 6 ]
483 / 10000: [ 0, 2, 0, 0, 0 ], [ 0, 267, 35, 6 ]
484 / 10000: [ 0, 2, 0, 0, 0 ], [ 0, 268, 35, 6 ]
485 / 10000: [ 0, 0, 0, 1, 0 ], [ 0, 268, 35, 6 ]
486 / 10000: [ 0, 0, 0, 0, 0 ], [ 0, 268, 35, 6 ]
487 / 10000: [ 0, 1, 1, 0, 0 ], [ 0, 268, 36, 6 ]
488 / 10000: [ 0, 1, 0, 0, 0 ], [ 0, 268, 36, 6 ]
489 / 10000: [ 0, 2, 0, 0, 0 ], [ 0, 269, 36, 6 ]
490 / 10000: [ 0, 2, 0, 0, 0 ], [ 0, 270, 36, 6 ]
491 / 10000: [ 0, 2, 0, 0, 0 ], [ 0, 271, 36, 6 ]
492 / 10000: [ 0, 1, 0, 0, 0 ], [ 0, 271, 36, 6 ]
493 / 10000: [ 0, 2, 0, 0, 0 ], [ 0, 272, 36, 6 ]
494 / 10000: [ 0, 1, 0, 0, 0 ], [ 0, 272, 36, 6 ]
495 / 10000: [ 0, 1, 0, 0, 0 ], [ 0, 272, 36, 6 ]
496 / 10000: [ 0, 2, 0, 0, 0 ], [ 0, 273, 36, 6 ]
497 / 10000: [ 0, 0, 0, 1, 0 ], [ 0, 273, 36, 6 ]
498 / 10000: [ 0, 2, 0, 0, 0 ], [ 0, 274, 36, 6 ]
499 / 10000: [ 0, 1, 0, 0, 0 ], [ 0, 274, 36, 6 ]
500 / 10000: [ 0, 2, 0, 0, 0 ], [ 0, 275, 36, 6 ]
501 / 10000: [ 0, 2, 0, 0, 0 ], [ 0, 276, 36, 6 ]
502 / 10000: [ 0, 2, 0, 0, 0 ], [ 0, 277, 36, 6 ]
503 / 10000: [ 0, 2, 0, 0, 0 ], [ 0, 278, 36, 6 ]
504 / 10000: [ 0, 2, 0, 0, 0 ], [ 0, 279, 36, 6 ]
505 / 10000: [ 0, 2, 0, 0, 0 ], [ 0, 280, 36, 6 ]
506 / 10000: [ 0, 2, 0, 0, 0 ], [ 0, 281, 36, 6 ]
507 / 10000: [ 0, 2, 0, 0, 0 ], [ 0, 282, 36, 6 ]
508 / 10000: [ 0, 2, 0, 0, 0 ], [ 0, 283, 36, 6 ]
509 / 10000: [ 0, 2, 0, 0, 0 ], [ 0, 284, 36, 6 ]
510 / 10000: [ 0, 2, 0, 0, 0 ], [ 0, 285, 36, 6 ]
511 / 10000: [ 0, 2, 0, 0, 0 ], [ 0, 286, 36, 6 ]
512 / 10000: [ 0, 2, 0, 0, 0 ], [ 0, 287, 36, 6 ]
513 / 10000: [ 0, 2, 0, 0, 0 ], [ 0, 288, 36, 6 ]
514 / 10000: [ 0, 2, 0, 0, 0 ], [ 0, 289, 36, 6 ]
515 / 10000: [ 0, 2, 0, 0, 0 ], [ 0, 290, 36, 6 ]
516 / 10000: [ 0, 2, 0, 0, 0 ], [ 0, 291, 36, 6 ]
517 / 10000: [ 0, 2, 0, 0, 0 ], [ 0, 292, 36, 6 ]
518 / 10000: [ 0, 1, 0, 0, 0 ], [ 0, 292, 36, 6 ]
519 / 10000: [ 0, 2, 0, 0, 0 ], [ 0, 293, 36, 6 ]
520 / 10000: [ 0, 2, 0, 0, 0 ], [ 0, 294, 36, 6 ]
521 / 10000: [ 0, 2, 0, 0, 0 ], [ 0, 295, 36, 6 ]
522 / 10000: [ 0, 0, 0, 0, 0 ], [ 0, 295, 36, 6 ]
523 / 10000: [ 0, 2, 0, 0, 0 ], [ 0, 296, 36, 6 ]
524 / 10000: [ 0, 1, 0, 0, 0 ], [ 0, 296, 36, 6 ]
525 / 10000: [ 0, 2, 0, 0, 0 ], [ 0, 297, 36, 6 ]
526 / 10000: [ 0, 2, 0, 0, 0 ], [ 0, 298, 36, 6 ]
527 / 10000: [ 0, 2, 0, 0, 0 ], [ 0, 299, 36, 6 ]
528 / 10000: [ 0, 1, 1, 0, 0 ], [ 0, 299, 37, 6 ]
529 / 10000: [ 0, 2, 0, 0, 0 ], [ 0, 300, 37, 6 ]
530 / 10000: [ 0, 2, 0, 0, 0 ], [ 0, 301, 37, 6 ]
531 / 10000: [ 0, 2, 0, 0, 0 ], [ 0, 302, 37, 6 ]
532 / 10000: [ 0, 1, 0, 0, 0 ], [ 0, 302, 37, 6 ]
533 / 10000: [ 0, 2, 0, 0, 0 ], [ 0, 303, 37, 6 ]
534 / 10000: [ 0, 2, 0, 0, 0 ], [ 0, 304, 37, 6 ]
535 / 10000: [ 0, 2, 0, 0, 0 ], [ 0, 305, 37, 6 ]
536 / 10000: [ 0, 2, 0, 0, 0 ], [ 0, 306, 37, 6 ]
537 / 10000: [ 0, 2, 0, 0, 0 ], [ 0, 307, 37, 6 ]
538 / 10000: [ 0, 1, 0, 0, 0 ], [ 0, 307, 37, 6 ]
539 / 10000: [ 0, 0, 0, 0, 0 ], [ 0, 307, 37, 6 ]
540 / 10000: [ 0, 2, 0, 0, 0 ], [ 0, 308, 37, 6 ]
541 / 10000: [ 0, 2, 0, 0, 0 ], [ 0, 309, 37, 6 ]
542 / 10000: [ 0, 1, 0, 0, 0 ], [ 0, 309, 37, 6 ]
543 / 10000: [ 0, 2, 0, 0, 0 ], [ 0, 310, 37, 6 ]
544 / 10000: [ 0, 2, 0, 0, 0 ], [ 0, 311, 37, 6 ]
545 / 10000: [ 0, 0, 0, 0, 0 ], [ 0, 311, 37, 6 ]
546 / 10000: [ 0, 1, 1, 0, 0 ], [ 0, 311, 38, 6 ]
547 / 10000: [ 0, 2, 0, 0, 0 ], [ 0, 312, 38, 6 ]
548 / 10000: [ 0, 2, 0, 0, 0 ], [ 0, 313, 38, 6 ]
549 / 10000: [ 0, 2, 0, 0, 0 ], [ 0, 314, 38, 6 ]
550 / 10000: [ 0, 2, 0, 0, 0 ], [ 0, 315, 38, 6 ]
551 / 10000: [ 0, 2, 0, 0, 0 ], [ 0, 316, 38, 6 ]
552 / 10000: [ 0, 1, 0, 0, 0 ], [ 0, 316, 38, 6 ]
553 / 10000: [ 0, 2, 0, 0, 0 ], [ 0, 317, 38, 6 ]
554 / 10000: [ 0, 2, 0, 0, 0 ], [ 0, 318, 38, 6 ]
555 / 10000: [ 0, 2, 0, 0, 0 ], [ 0, 319, 38, 6 ]
556 / 10000: [ 0, 2, 0, 0, 0 ], [ 0, 320, 38, 6 ]
557 / 10000: [ 0, 2, 0, 0, 0 ], [ 0, 321, 38, 6 ]
558 / 10000: [ 0, 2, 0, 0, 0 ], [ 0, 322, 38, 6 ]
559 / 10000: [ 0, 2, 0, 0, 0 ], [ 0, 323, 38, 6 ]
560 / 10000: [ 0, 1, 0, 1, 0 ], [ 0, 323, 38, 7 ]
561 / 10000: [ 0, 2, 0, 0, 0 ], [ 0, 324, 38, 7 ]
562 / 10000: [ 0, 2, 0, 0, 0 ], [ 0, 325, 38, 7 ]
563 / 10000: [ 0, 1, 0, 0, 0 ], [ 0, 325, 38, 7 ]
564 / 10000: [ 0, 1, 0, 0, 0 ], [ 0, 325, 38, 7 ]
565 / 10000: [ 0, 2, 0, 0, 0 ], [ 0, 326, 38, 7 ]
566 / 10000: [ 0, 1, 0, 0, 0 ], [ 0, 326, 38, 7 ]
567 / 10000: [ 0, 0, 1, 0, 0 ], [ 0, 326, 38, 7 ]
568 / 10000: [ 0, 2, 0, 0, 0 ], [ 0, 327, 38, 7 ]
569 / 10000: [ 0, 2, 0, 0, 0 ], [ 0, 328, 38, 7 ]
570 / 10000: [ 0, 2, 0, 0, 0 ], [ 0, 329, 38, 7 ]
571 / 10000: [ 0, 1, 1, 0, 0 ], [ 0, 329, 39, 7 ]
572 / 10000: [ 0, 1, 1, 0, 0 ], [ 0, 329, 40, 7 ]
573 / 10000: [ 0, 1, 1, 0, 0 ], [ 0, 329, 41, 7 ]
574 / 10000: [ 0, 2, 0, 0, 0 ], [ 0, 330, 41, 7 ]
575 / 10000: [ 0, 1, 0, 0, 0 ], [ 0, 330, 41, 7 ]
576 / 10000: [ 0, 0, 0, 0, 0 ], [ 0, 330, 41, 7 ]
577 / 10000: [ 0, 0, 0, 0, 0 ], [ 0, 330, 41, 7 ]
578 / 10000: [ 0, 2, 0, 0, 0 ], [ 0, 331, 41, 7 ]
579 / 10000: [ 0, 2, 0, 0, 0 ], [ 0, 332, 41, 7 ]
580 / 10000: [ 0, 1, 0, 0, 0 ], [ 0, 332, 41, 7 ]
581 / 10000: [ 0, 2, 0, 0, 0 ], [ 0, 333, 41, 7 ]
582 / 10000: [ 0, 2, 0, 0, 0 ], [ 0, 334, 41, 7 ]
583 / 10000: [ 0, 2, 0, 0, 0 ], [ 0, 335, 41, 7 ]
584 / 10000: [ 0, 1, 0, 0, 0 ], [ 0, 335, 41, 7 ]
585 / 10000: [ 0, 0, 0, 1, 0 ], [ 0, 335, 41, 7 ]
586 / 10000: [ 0, 1, 1, 0, 0 ], [ 0, 335, 42, 7 ]
587 / 10000: [ 0, 1, 0, 0, 0 ], [ 0, 335, 42, 7 ]
588 / 10000: [ 0, 1, 0, 0, 0 ], [ 0, 335, 42, 7 ]
589 / 10000: [ 0, 2, 0, 0, 0 ], [ 0, 336, 42, 7 ]
590 / 10000: [ 0, 2, 0, 0, 0 ], [ 0, 337, 42, 7 ]
591 / 10000: [ 0, 2, 0, 0, 0 ], [ 0, 338, 42, 7 ]
592 / 10000: [ 0, 1, 0, 0, 0 ], [ 0, 338, 42, 7 ]
593 / 10000: [ 0, 2, 0, 0, 0 ], [ 0, 339, 42, 7 ]
594 / 10000: [ 0, 2, 0, 0, 0 ], [ 0, 340, 42, 7 ]
595 / 10000: [ 0, 1, 0, 0, 0 ], [ 0, 340, 42, 7 ]
596 / 10000: [ 0, 2, 0, 0, 0 ], [ 0, 341, 42, 7 ]
597 / 10000: [ 0, 2, 0, 0, 0 ], [ 0, 342, 42, 7 ]
598 / 10000: [ 0, 2, 0, 0, 0 ], [ 0, 343, 42, 7 ]
599 / 10000: [ 0, 2, 0, 0, 0 ], [ 0, 344, 42, 7 ]
600 / 10000: [ 0, 2, 0, 0, 0 ], [ 0, 345, 42, 7 ]
601 / 10000: [ 0, 2, 0, 0, 0 ], [ 0, 346, 42, 7 ]
602 / 10000: [ 0, 2, 0, 0, 0 ], [ 0, 347, 42, 7 ]
603 / 10000: [ 0, 1, 0, 0, 0 ], [ 0, 347, 42, 7 ]
604 / 10000: [ 0, 1, 0, 0, 0 ], [ 0, 347, 42, 7 ]
605 / 10000: [ 0, 2, 0, 0, 0 ], [ 0, 348, 42, 7 ]
606 / 10000: [ 0, 2, 0, 0, 0 ], [ 0, 349, 42, 7 ]
607 / 10000: [ 0, 2, 0, 0, 0 ], [ 0, 350, 42, 7 ]
608 / 10000: [ 0, 1, 0, 0, 0 ], [ 0, 350, 42, 7 ]
609 / 10000: [ 0, 2, 0, 0, 0 ], [ 0, 351, 42, 7 ]
610 / 10000: [ 0, 1, 1, 0, 0 ], [ 0, 351, 43, 7 ]
611 / 10000: [ 0, 0, 0, 0, 0 ], [ 0, 351, 43, 7 ]
612 / 10000: [ 0, 1, 0, 0, 0 ], [ 0, 351, 43, 7 ]
613 / 10000: [ 0, 2, 0, 0, 0 ], [ 0, 352, 43, 7 ]
614 / 10000: [ 0, 1, 0, 0, 0 ], [ 0, 352, 43, 7 ]
615 / 10000: [ 0, 2, 0, 0, 0 ], [ 0, 353, 43, 7 ]
616 / 10000: [ 0, 0, 0, 0, 0 ], [ 0, 353, 43, 7 ]
617 / 10000: [ 0, 0, 0, 0, 0 ], [ 0, 353, 43, 7 ]
618 / 10000: [ 0, 2, 0, 0, 0 ], [ 0, 354, 43, 7 ]
619 / 10000: [ 0, 0, 0, 0, 0 ], [ 0, 354, 43, 7 ]
620 / 10000: [ 0, 2, 0, 0, 0 ], [ 0, 355, 43, 7 ]
621 / 10000: [ 0, 1, 0, 0, 0 ], [ 0, 355, 43, 7 ]
622 / 10000: [ 0, 0, 0, 0, 0 ], [ 0, 355, 43, 7 ]
623 / 10000: [ 0, 2, 0, 0, 0 ], [ 0, 356, 43, 7 ]
624 / 10000: [ 0, 2, 0, 0, 0 ], [ 0, 357, 43, 7 ]
625 / 10000: [ 0, 2, 0, 0, 0 ], [ 0, 358, 43, 7 ]
626 / 10000: [ 0, 2, 0, 0, 0 ], [ 0, 359, 43, 7 ]
627 / 10000: [ 0, 0, 0, 0, 0 ], [ 0, 359, 43, 7 ]
628 / 10000: [ 0, 1, 0, 0, 0 ], [ 0, 359, 43, 7 ]
629 / 10000: [ 0, 1, 0, 0, 0 ], [ 0, 359, 43, 7 ]
630 / 10000: [ 0, 2, 0, 0, 0 ], [ 0, 360, 43, 7 ]
631 / 10000: [ 0, 2, 0, 0, 0 ], [ 0, 361, 43, 7 ]
632 / 10000: [ 0, 2, 0, 0, 0 ], [ 0, 362, 43, 7 ]
633 / 10000: [ 0, 1, 0, 0, 0 ], [ 0, 362, 43, 7 ]
634 / 10000: [ 0, 2, 0, 0, 0 ], [ 0, 363, 43, 7 ]
635 / 10000: [ 0, 0, 0, 0, 0 ], [ 0, 363, 43, 7 ]
636 / 10000: [ 0, 1, 0, 0, 0 ], [ 0, 363, 43, 7 ]
637 / 10000: [ 0, 1, 0, 0, 0 ], [ 0, 363, 43, 7 ]
638 / 10000: [ 0, 2, 0, 0, 0 ], [ 0, 364, 43, 7 ]
639 / 10000: [ 0, 1, 0, 0, 0 ], [ 0, 364, 43, 7 ]
640 / 10000: [ 0, 1, 0, 0, 0 ], [ 0, 364, 43, 7 ]
641 / 10000: [ 0, 2, 0, 0, 0 ], [ 0, 365, 43, 7 ]
642 / 10000: [ 0, 1, 0, 0, 0 ], [ 0, 365, 43, 7 ]
643 / 10000: [ 0, 0, 0, 0, 0 ], [ 0, 365, 43, 7 ]
644 / 10000: [ 0, 0, 0, 0, 0 ], [ 0, 365, 43, 7 ]
645 / 10000: [ 0, 0, 0, 0, 0 ], [ 0, 365, 43, 7 ]
646 / 10000: [ 0, 1, 1, 0, 0 ], [ 0, 365, 44, 7 ]
647 / 10000: [ 0, 2, 0, 0, 0 ], [ 0, 366, 44, 7 ]
648 / 10000: [ 0, 2, 0, 0, 0 ], [ 0, 367, 44, 7 ]
649 / 10000: [ 0, 1, 0, 0, 0 ], [ 0, 367, 44, 7 ]
650 / 10000: [ 0, 0, 0, 0, 0 ], [ 0, 367, 44, 7 ]
651 / 10000: [ 0, 0, 0, 0, 0 ], [ 0, 367, 44, 7 ]
652 / 10000: [ 0, 2, 0, 0, 0 ], [ 0, 368, 44, 7 ]
653 / 10000: [ 0, 2, 0, 0, 0 ], [ 0, 369, 44, 7 ]
654 / 10000: [ 0, 2, 0, 0, 0 ], [ 0, 370, 44, 7 ]
655 / 10000: [ 0, 1, 1, 0, 0 ], [ 0, 370, 45, 7 ]
656 / 10000: [ 0, 1, 0, 0, 0 ], [ 0, 370, 45, 7 ]
657 / 10000: [ 0, 2, 0, 0, 0 ], [ 0, 371, 45, 7 ]
658 / 10000: [ 0, 2, 0, 0, 0 ], [ 0, 372, 45, 7 ]
659 / 10000: [ 0, 2, 0, 0, 0 ], [ 0, 373, 45, 7 ]
660 / 10000: [ 0, 1, 0, 0, 0 ], [ 0, 373, 45, 7 ]
661 / 10000: [ 0, 2, 0, 0, 0 ], [ 0, 374, 45, 7 ]
662 / 10000: [ 0, 2, 0, 0, 0 ], [ 0, 375, 45, 7 ]
663 / 10000: [ 0, 1, 0, 0, 0 ], [ 0, 375, 45, 7 ]
664 / 10000: [ 0, 2, 0, 0, 0 ], [ 0, 376, 45, 7 ]
665 / 10000: [ 0, 2, 0, 0, 0 ], [ 0, 377, 45, 7 ]
666 / 10000: [ 0, 2, 0, 0, 0 ], [ 0, 378, 45, 7 ]
667 / 10000: [ 0, 0, 0, 0, 0 ], [ 0, 378, 45, 7 ]
668 / 10000: [ 0, 2, 0, 0, 0 ], [ 0, 379, 45, 7 ]
669 / 10000: [ 0, 1, 0, 0, 0 ], [ 0, 379, 45, 7 ]
670 / 10000: [ 0, 1, 0, 0, 0 ], [ 0, 379, 45, 7 ]
671 / 10000: [ 0, 0, 0, 0, 0 ], [ 0, 379, 45, 7 ]
672 / 10000: [ 0, 0, 0, 0, 0 ], [ 0, 379, 45, 7 ]
673 / 10000: [ 0, 2, 0, 0, 0 ], [ 0, 380, 45, 7 ]
674 / 10000: [ 0, 0, 0, 0, 0 ], [ 0, 380, 45, 7 ]
675 / 10000: [ 0, 0, 0, 0, 0 ], [ 0, 380, 45, 7 ]
676 / 10000: [ 0, 0, 0, 0, 0 ], [ 0, 380, 45, 7 ]
677 / 10000: [ 0, 0, 0, 0, 0 ], [ 0, 380, 45, 7 ]
678 / 10000: [ 0, 2, 0, 0, 0 ], [ 0, 381, 45, 7 ]
679 / 10000: [ 0, 0, 1, 0, 0 ], [ 0, 381, 45, 7 ]
680 / 10000: [ 0, 1, 0, 0, 0 ], [ 0, 381, 45, 7 ]
681 / 10000: [ 0, 1, 1, 0, 0 ], [ 0, 381, 46, 7 ]
682 / 10000: [ 0, 1, 0, 0, 0 ], [ 0, 381, 46, 7 ]
683 / 10000: [ 0, 1, 0, 0, 0 ], [ 0, 381, 46, 7 ]
684 / 10000: [ 0, 2, 0, 0, 0 ], [ 0, 382, 46, 7 ]
685 / 10000: [ 0, 1, 0, 1, 0 ], [ 0, 382, 46, 8 ]
686 / 10000: [ 0, 1, 0, 0, 0 ], [ 0, 382, 46, 8 ]
687 / 10000: [ 0, 1, 0, 0, 0 ], [ 0, 382, 46, 8 ]
688 / 10000: [ 0, 0, 2, 0, 0 ], [ 0, 382, 47, 8 ]
689 / 10000: [ 0, 1, 0, 0, 0 ], [ 0, 382, 47, 8 ]
690 / 10000: [ 0, 2, 0, 0, 0 ], [ 0, 383, 47, 8 ]
691 / 10000: [ 0, 0, 0, 0, 0 ], [ 0, 383, 47, 8 ]
692 / 10000: [ 0, 2, 0, 0, 0 ], [ 0, 384, 47, 8 ]
693 / 10000: [ 0, 1, 0, 0, 0 ], [ 0, 384, 47, 8 ]
694 / 10000: [ 0, 2, 0, 0, 0 ], [ 0, 385, 47, 8 ]
695 / 10000: [ 0, 2, 0, 0, 0 ], [ 0, 386, 47, 8 ]
696 / 10000: [ 0, 2, 0, 0, 0 ], [ 0, 387, 47, 8 ]
697 / 10000: [ 0, 0, 0, 0, 0 ], [ 0, 387, 47, 8 ]
698 / 10000: [ 0, 1, 1, 0, 0 ], [ 0, 387, 48, 8 ]
699 / 10000: [ 0, 2, 0, 0, 0 ], [ 0, 388, 48, 8 ]
700 / 10000: [ 0, 1, 0, 0, 0 ], [ 0, 388, 48, 8 ]
701 / 10000: [ 0, 2, 0, 0, 0 ], [ 0, 389, 48, 8 ]
702 / 10000: [ 0, 1, 0, 0, 0 ], [ 0, 389, 48, 8 ]
703 / 10000: [ 0, 2, 0, 0, 0 ], [ 0, 390, 48, 8 ]
704 / 10000: [ 0, 1, 1, 0, 0 ], [ 0, 390, 49, 8 ]
705 / 10000: [ 0, 2, 0, 0, 0 ], [ 0, 391, 49, 8 ]
706 / 10000: [ 0, 2, 0, 0, 0 ], [ 0, 392, 49, 8 ]
707 / 10000: [ 0, 0, 0, 0, 0 ], [ 0, 392, 49, 8 ]
708 / 10000: [ 0, 0, 0, 0, 0 ], [ 0, 392, 49, 8 ]
709 / 10000: [ 0, 2, 0, 0, 0 ], [ 0, 393, 49, 8 ]
710 / 10000: [ 0, 1, 0, 0, 0 ], [ 0, 393, 49, 8 ]
711 / 10000: [ 0, 2, 0, 0, 0 ], [ 0, 394, 49, 8 ]
712 / 10000: [ 0, 2, 0, 0, 0 ], [ 0, 395, 49, 8 ]
713 / 10000: [ 0, 2, 0, 0, 0 ], [ 0, 396, 49, 8 ]
714 / 10000: [ 0, 2, 0, 0, 0 ], [ 0, 397, 49, 8 ]
715 / 10000: [ 0, 1, 0, 0, 0 ], [ 0, 397, 49, 8 ]
716 / 10000: [ 0, 1, 0, 0, 0 ], [ 0, 397, 49, 8 ]
717 / 10000: [ 0, 1, 0, 0, 0 ], [ 0, 397, 49, 8 ]
718 / 10000: [ 0, 1, 0, 0, 0 ], [ 0, 397, 49, 8 ]
719 / 10000: [ 0, 0, 1, 0, 0 ], [ 0, 397, 49, 8 ]
720 / 10000: [ 0, 0, 0, 0, 0 ], [ 0, 397, 49, 8 ]
721 / 10000: [ 0, 0, 0, 0, 0 ], [ 0, 397, 49, 8 ]
722 / 10000: [ 0, 0, 0, 0, 0 ], [ 0, 397, 49, 8 ]
723 / 10000: [ 0, 2, 0, 0, 0 ], [ 0, 398, 49, 8 ]
724 / 10000: [ 0, 1, 0, 0, 0 ], [ 0, 398, 49, 8 ]
725 / 10000: [ 0, 0, 0, 0, 0 ], [ 0, 398, 49, 8 ]
726 / 10000: [ 0, 0, 0, 0, 0 ], [ 0, 398, 49, 8 ]
727 / 10000: [ 0, 2, 0, 0, 0 ], [ 0, 399, 49, 8 ]
728 / 10000: [ 0, 1, 0, 0, 0 ], [ 0, 399, 49, 8 ]
729 / 10000: [ 0, 0, 0, 0, 0 ], [ 0, 399, 49, 8 ]
730 / 10000: [ 0, 0, 0, 0, 0 ], [ 0, 399, 49, 8 ]
731 / 10000: [ 0, 2, 0, 0, 0 ], [ 0, 400, 49, 8 ]
732 / 10000: [ 0, 1, 0, 0, 0 ], [ 0, 400, 49, 8 ]
733 / 10000: [ 0, 2, 0, 0, 0 ], [ 0, 401, 49, 8 ]
734 / 10000: [ 0, 2, 0, 0, 0 ], [ 0, 402, 49, 8 ]
735 / 10000: [ 0, 2, 0, 0, 0 ], [ 0, 403, 49, 8 ]
736 / 10000: [ 0, 0, 0, 0, 0 ], [ 0, 403, 49, 8 ]
737 / 10000: [ 0, 1, 0, 0, 0 ], [ 0, 403, 49, 8 ]
738 / 10000: [ 0, 1, 0, 0, 0 ], [ 0, 403, 49, 8 ]
739 / 10000: [ 0, 0, 0, 0, 0 ], [ 0, 403, 49, 8 ]
740 / 10000: [ 0, 0, 0, 0, 0 ], [ 0, 403, 49, 8 ]
741 / 10000: [ 0, 2, 0, 0, 0 ], [ 0, 404, 49, 8 ]
742 / 10000: [ 0, 1, 0, 0, 0 ], [ 0, 404, 49, 8 ]
743 / 10000: [ 0, 0, 1, 0, 0 ], [ 0, 404, 49, 8 ]
744 / 10000: [ 0, 1, 0, 0, 0 ], [ 0, 404, 49, 8 ]
745 / 10000: [ 0, 0, 0, 0, 0 ], [ 0, 404, 49, 8 ]
746 / 10000: [ 0, 0, 1, 0, 0 ], [ 0, 404, 49, 8 ]
747 / 10000: [ 0, 0, 0, 0, 0 ], [ 0, 404, 49, 8 ]
748 / 10000: [ 0, 0, 0, 0, 0 ], [ 0, 404, 49, 8 ]
749 / 10000: [ 0, 2, 0, 0, 0 ], [ 0, 405, 49, 8 ]
750 / 10000: [ 0, 2, 0, 0, 0 ], [ 0, 406, 49, 8 ]
751 / 10000: [ 0, 1, 0, 0, 0 ], [ 0, 406, 49, 8 ]
752 / 10000: [ 0, 0, 0, 0, 0 ], [ 0, 406, 49, 8 ]
753 / 10000: [ 0, 0, 0, 0, 0 ], [ 0, 406, 49, 8 ]
754 / 10000: [ 0, 1, 0, 0, 0 ], [ 0, 406, 49, 8 ]
755 / 10000: [ 0, 1, 1, 0, 0 ], [ 0, 406, 50, 8 ]
756 / 10000: [ 0, 0, 1, 0, 0 ], [ 0, 406, 50, 8 ]
757 / 10000: [ 0, 0, 0, 0, 0 ], [ 0, 406, 50, 8 ]
758 / 10000: [ 0, 2, 0, 0, 0 ], [ 0, 407, 50, 8 ]
759 / 10000: [ 0, 0, 0, 0, 0 ], [ 0, 407, 50, 8 ]
760 / 10000: [ 0, 0, 0, 0, 0 ], [ 0, 407, 50, 8 ]
761 / 10000: [ 0, 1, 0, 0, 0 ], [ 0, 407, 50, 8 ]
762 / 10000: [ 0, 2, 0, 0, 0 ], [ 0, 408, 50, 8 ]
763 / 10000: [ 0, 0, 0, 0, 0 ], [ 0, 408, 50, 8 ]
764 / 10000: [ 0, 0, 0, 0, 0 ], [ 0, 408, 50, 8 ]
765 / 10000: [ 0, 1, 0, 0, 0 ], [ 0, 408, 50, 8 ]
766 / 10000: [ 0, 0, 0, 0, 0 ], [ 0, 408, 50, 8 ]
767 / 10000: [ 0, 0, 0, 0, 0 ], [ 0, 408, 50, 8 ]
768 / 10000: [ 0, 2, 0, 0, 0 ], [ 0, 409, 50, 8 ]
769 / 10000: [ 0, 2, 0, 0, 0 ], [ 0, 410, 50, 8 ]
770 / 10000: [ 0, 2, 0, 0, 0 ], [ 0, 411, 50, 8 ]
771 / 10000: [ 0, 0, 0, 0, 0 ], [ 0, 411, 50, 8 ]
772 / 10000: [ 0, 1, 1, 0, 0 ], [ 0, 411, 51, 8 ]
773 / 10000: [ 0, 0, 0, 0, 0 ], [ 0, 411, 51, 8 ]
774 / 10000: [ 0, 1, 1, 0, 0 ], [ 0, 411, 52, 8 ]
775 / 10000: [ 0, 0, 0, 0, 0 ], [ 0, 411, 52, 8 ]
776 / 10000: [ 0, 0, 0, 0, 0 ], [ 0, 411, 52, 8 ]
777 / 10000: [ 0, 0, 0, 0, 0 ], [ 0, 411, 52, 8 ]
778 / 10000: [ 0, 0, 1, 0, 0 ], [ 0, 411, 52, 8 ]
779 / 10000: [ 0, 2, 0, 0, 0 ], [ 0, 412, 52, 8 ]
780 / 10000: [ 0, 0, 0, 0, 0 ], [ 0, 412, 52, 8 ]
781 / 10000: [ 0, 1, 0, 0, 0 ], [ 0, 412, 52, 8 ]
782 / 10000: [ 0, 0, 0, 0, 0 ], [ 0, 412, 52, 8 ]
783 / 10000: [ 0, 0, 0, 0, 0 ], [ 0, 412, 52, 8 ]
784 / 10000: [ 0, 1, 0, 0, 0 ], [ 0, 412, 52, 8 ]
785 / 10000: [ 0, 0, 0, 0, 0 ], [ 0, 412, 52, 8 ]
786 / 10000: [ 0, 2, 0, 0, 0 ], [ 0, 413, 52, 8 ]
787 / 10000: [ 0, 0, 0, 0, 0 ], [ 0, 413, 52, 8 ]
788 / 10000: [ 0, 0, 0, 0, 0 ], [ 0, 413, 52, 8 ]
789 / 10000: [ 0, 1, 1, 0, 0 ], [ 0, 413, 53, 8 ]
790 / 10000: [ 0, 0, 1, 0, 0 ], [ 0, 413, 53, 8 ]
791 / 10000: [ 0, 2, 0, 0, 0 ], [ 0, 414, 53, 8 ]
792 / 10000: [ 0, 0, 0, 0, 0 ], [ 0, 414, 53, 8 ]
793 / 10000: [ 0, 0, 0, 0, 0 ], [ 0, 414, 53, 8 ]
794 / 10000: [ 0, 2, 0, 0, 0 ], [ 0, 415, 53, 8 ]
795 / 10000: [ 0, 0, 0, 0, 0 ], [ 0, 415, 53, 8 ]
796 / 10000: [ 0, 2, 0, 0, 0 ], [ 0, 416, 53, 8 ]
797 / 10000: [ 0, 1, 0, 0, 0 ], [ 0, 416, 53, 8 ]
798 / 10000: [ 0, 0, 0, 0, 0 ], [ 0, 416, 53, 8 ]
799 / 10000: [ 0, 0, 0, 0, 0 ], [ 0, 416, 53, 8 ]
800 / 10000: [ 0, 1, 0, 0, 0 ], [ 0, 416, 53, 8 ]
801 / 10000: [ 0, 0, 0, 0, 0 ], [ 0, 416, 53, 8 ]
802 / 10000: [ 0, 2, 0, 0, 0 ], [ 0, 417, 53, 8 ]
803 / 10000: [ 0, 2, 0, 0, 0 ], [ 0, 418, 53, 8 ]
804 / 10000: [ 0, 2, 0, 0, 0 ], [ 0, 419, 53, 8 ]
805 / 10000: [ 0, 1, 0, 0, 0 ], [ 0, 419, 53, 8 ]
806 / 10000: [ 0, 1, 0, 0, 0 ], [ 0, 419, 53, 8 ]
807 / 10000: [ 0, 2, 0, 0, 0 ], [ 0, 420, 53, 8 ]
808 / 10000: [ 0, 2, 0, 0, 0 ], [ 0, 421, 53, 8 ]
809 / 10000: [ 0, 2, 0, 0, 0 ], [ 0, 422, 53, 8 ]
810 / 10000: [ 0, 2, 0, 0, 0 ], [ 0, 423, 53, 8 ]
811 / 10000: [ 0, 1, 0, 0, 0 ], [ 0, 423, 53, 8 ]
812 / 10000: [ 0, 2, 0, 0, 0 ], [ 0, 424, 53, 8 ]
813 / 10000: [ 0, 2, 0, 0, 0 ], [ 0, 425, 53, 8 ]
814 / 10000: [ 0, 1, 0, 0, 0 ], [ 0, 425, 53, 8 ]
815 / 10000: [ 0, 2, 0, 0, 0 ], [ 0, 426, 53, 8 ]
816 / 10000: [ 0, 2, 0, 0, 0 ], [ 0, 427, 53, 8 ]
817 / 10000: [ 0, 2, 0, 0, 0 ], [ 0, 428, 53, 8 ]
818 / 10000: [ 0, 1, 0, 0, 0 ], [ 0, 428, 53, 8 ]
819 / 10000: [ 0, 2, 0, 0, 0 ], [ 0, 429, 53, 8 ]
820 / 10000: [ 0, 2, 0, 0, 0 ], [ 0, 430, 53, 8 ]
821 / 10000: [ 0, 2, 0, 0, 0 ], [ 0, 431, 53, 8 ]
822 / 10000: [ 0, 0, 0, 0, 0 ], [ 0, 431, 53, 8 ]
823 / 10000: [ 0, 1, 0, 0, 0 ], [ 0, 431, 53, 8 ]
824 / 10000: [ 0, 1, 0, 0, 0 ], [ 0, 431, 53, 8 ]
825 / 10000: [ 0, 2, 0, 0, 0 ], [ 0, 432, 53, 8 ]
826 / 10000: [ 0, 2, 0, 0, 0 ], [ 0, 433, 53, 8 ]
827 / 10000: [ 0, 0, 0, 0, 0 ], [ 0, 433, 53, 8 ]
828 / 10000: [ 0, 2, 0, 0, 0 ], [ 0, 434, 53, 8 ]
829 / 10000: [ 0, 2, 0, 0, 0 ], [ 0, 435, 53, 8 ]
830 / 10000: [ 0, 1, 0, 0, 0 ], [ 0, 435, 53, 8 ]
831 / 10000: [ 0, 2, 0, 0, 0 ], [ 0, 436, 53, 8 ]
832 / 10000: [ 0, 2, 0, 0, 0 ], [ 0, 437, 53, 8 ]
833 / 10000: [ 0, 1, 0, 0, 0 ], [ 0, 437, 53, 8 ]
834 / 10000: [ 0, 1, 0, 0, 0 ], [ 0, 437, 53, 8 ]
835 / 10000: [ 0, 2, 0, 0, 0 ], [ 0, 438, 53, 8 ]
836 / 10000: [ 0, 2, 0, 0, 0 ], [ 0, 439, 53, 8 ]
837 / 10000: [ 0, 1, 0, 0, 0 ], [ 0, 439, 53, 8 ]
838 / 10000: [ 0, 1, 0, 0, 0 ], [ 0, 439, 53, 8 ]
839 / 10000: [ 0, 2, 0, 0, 0 ], [ 0, 440, 53, 8 ]
840 / 10000: [ 0, 2, 0, 0, 0 ], [ 0, 441, 53, 8 ]
841 / 10000: [ 0, 1, 0, 0, 0 ], [ 0, 441, 53, 8 ]
842 / 10000: [ 0, 0, 0, 0, 0 ], [ 0, 441, 53, 8 ]
843 / 10000: [ 0, 1, 0, 0, 0 ], [ 0, 441, 53, 8 ]
844 / 10000: [ 0, 2, 0, 0, 0 ], [ 0, 442, 53, 8 ]
845 / 10000: [ 0, 0, 0, 0, 0 ], [ 0, 442, 53, 8 ]
846 / 10000: [ 0, 2, 0, 0, 0 ], [ 0, 443, 53, 8 ]
847 / 10000: [ 0, 1, 0, 0, 0 ], [ 0, 443, 53, 8 ]
848 / 10000: [ 0, 1, 0, 0, 0 ], [ 0, 443, 53, 8 ]
849 / 10000: [ 0, 0, 0, 0, 0 ], [ 0, 443, 53, 8 ]
850 / 10000: [ 0, 1, 0, 0, 0 ], [ 0, 443, 53, 8 ]
851 / 10000: [ 0, 2, 0, 0, 0 ], [ 0, 444, 53, 8 ]
852 / 10000: [ 0, 2, 0, 0, 0 ], [ 0, 445, 53, 8 ]
853 / 10000: [ 0, 2, 0, 0, 0 ], [ 0, 446, 53, 8 ]
854 / 10000: [ 0, 2, 0, 0, 0 ], [ 0, 447, 53, 8 ]
855 / 10000: [ 0, 2, 0, 0, 0 ], [ 0, 448, 53, 8 ]
856 / 10000: [ 0, 1, 1, 0, 0 ], [ 0, 448, 54, 8 ]
857 / 10000: [ 0, 2, 0, 0, 0 ], [ 0, 449, 54, 8 ]
858 / 10000: [ 0, 1, 0, 0, 0 ], [ 0, 449, 54, 8 ]
859 / 10000: [ 0, 2, 0, 0, 0 ], [ 0, 450, 54, 8 ]
860 / 10000: [ 0, 1, 0, 1, 0 ], [ 0, 450, 54, 9 ]
861 / 10000: [ 0, 2, 0, 0, 0 ], [ 0, 451, 54, 9 ]
862 / 10000: [ 0, 1, 0, 0, 0 ], [ 0, 451, 54, 9 ]
863 / 10000: [ 0, 1, 0, 0, 0 ], [ 0, 451, 54, 9 ]
864 / 10000: [ 0, 1, 0, 0, 0 ], [ 0, 451, 54, 9 ]
865 / 10000: [ 0, 2, 0, 0, 0 ], [ 0, 452, 54, 9 ]
866 / 10000: [ 0, 2, 0, 0, 0 ], [ 0, 453, 54, 9 ]
867 / 10000: [ 0, 0, 0, 0, 0 ], [ 0, 453, 54, 9 ]
868 / 10000: [ 0, 1, 0, 0, 0 ], [ 0, 453, 54, 9 ]
869 / 10000: [ 0, 1, 0, 0, 0 ], [ 0, 453, 54, 9 ]
870 / 10000: [ 0, 1, 0, 0, 0 ], [ 0, 453, 54, 9 ]
871 / 10000: [ 0, 0, 1, 0, 0 ], [ 0, 453, 54, 9 ]
872 / 10000: [ 0, 0, 1, 0, 0 ], [ 0, 453, 54, 9 ]
873 / 10000: [ 0, 1, 0, 0, 0 ], [ 0, 453, 54, 9 ]
874 / 10000: [ 0, 0, 0, 0, 0 ], [ 0, 453, 54, 9 ]
875 / 10000: [ 0, 2, 0, 0, 0 ], [ 0, 454, 54, 9 ]
876 / 10000: [ 0, 0, 0, 0, 0 ], [ 0, 454, 54, 9 ]
877 / 10000: [ 0, 0, 0, 0, 0 ], [ 0, 454, 54, 9 ]
878 / 10000: [ 0, 2, 0, 0, 0 ], [ 0, 455, 54, 9 ]
879 / 10000: [ 0, 0, 0, 0, 0 ], [ 0, 455, 54, 9 ]
880 / 10000: [ 0, 2, 0, 0, 0 ], [ 0, 456, 54, 9 ]
881 / 10000: [ 0, 2, 0, 0, 0 ], [ 0, 457, 54, 9 ]
882 / 10000: [ 0, 2, 0, 0, 0 ], [ 0, 458, 54, 9 ]
883 / 10000: [ 0, 2, 0, 0, 0 ], [ 0, 459, 54, 9 ]
884 / 10000: [ 0, 2, 0, 0, 0 ], [ 0, 460, 54, 9 ]
885 / 10000: [ 0, 0, 0, 1, 0 ], [ 0, 460, 54, 9 ]
886 / 10000: [ 0, 0, 0, 0, 0 ], [ 0, 460, 54, 9 ]
887 / 10000: [ 0, 2, 0, 0, 0 ], [ 0, 461, 54, 9 ]
888 / 10000: [ 0, 0, 1, 0, 0 ], [ 0, 461, 54, 9 ]
889 / 10000: [ 0, 2, 0, 0, 0 ], [ 0, 462, 54, 9 ]
890 / 10000: [ 0, 2, 0, 0, 0 ], [ 0, 463, 54, 9 ]
891 / 10000: [ 0, 2, 0, 0, 0 ], [ 0, 464, 54, 9 ]
892 / 10000: [ 0, 1, 0, 0, 0 ], [ 0, 464, 54, 9 ]
893 / 10000: [ 0, 2, 0, 0, 0 ], [ 0, 465, 54, 9 ]
894 / 10000: [ 0, 1, 0, 0, 0 ], [ 0, 465, 54, 9 ]
895 / 10000: [ 0, 1, 0, 0, 0 ], [ 0, 465, 54, 9 ]
896 / 10000: [ 0, 0, 1, 0, 0 ], [ 0, 465, 54, 9 ]
897 / 10000: [ 0, 0, 0, 0, 0 ], [ 0, 465, 54, 9 ]
898 / 10000: [ 0, 2, 0, 0, 0 ], [ 0, 466, 54, 9 ]
899 / 10000: [ 0, 2, 0, 0, 0 ], [ 0, 467, 54, 9 ]
900 / 10000: [ 0, 2, 0, 0, 0 ], [ 0, 468, 54, 9 ]
901 / 10000: [ 0, 0, 0, 0, 0 ], [ 0, 468, 54, 9 ]
902 / 10000: [ 0, 0, 0, 0, 0 ], [ 0, 468, 54, 9 ]
903 / 10000: [ 0, 1, 0, 0, 0 ], [ 0, 468, 54, 9 ]
904 / 10000: [ 0, 0, 0, 0, 0 ], [ 0, 468, 54, 9 ]
905 / 10000: [ 0, 0, 0, 0, 0 ], [ 0, 468, 54, 9 ]
906 / 10000: [ 0, 0, 0, 0, 0 ], [ 0, 468, 54, 9 ]
907 / 10000: [ 0, 0, 0, 0, 0 ], [ 0, 468, 54, 9 ]
908 / 10000: [ 0, 0, 0, 0, 0 ], [ 0, 468, 54, 9 ]
909 / 10000: [ 0, 0, 0, 0, 0 ], [ 0, 468, 54, 9 ]
910 / 10000: [ 0, 0, 0, 0, 0 ], [ 0, 468, 54, 9 ]
911 / 10000: [ 0, 0, 0, 0, 0 ], [ 0, 468, 54, 9 ]
912 / 10000: [ 0, 0, 0, 0, 0 ], [ 0, 468, 54, 9 ]
913 / 10000: [ 0, 0, 0, 0, 0 ], [ 0, 468, 54, 9 ]
914 / 10000: [ 0, 0, 0, 0, 0 ], [ 0, 468, 54, 9 ]
915 / 10000: [ 0, 0, 0, 0, 0 ], [ 0, 468, 54, 9 ]
916 / 10000: [ 0, 0, 0, 0, 0 ], [ 0, 468, 54, 9 ]
917 / 10000: [ 0, 0, 0, 0, 0 ], [ 0, 468, 54, 9 ]
918 / 10000: [ 0, 0, 0, 0, 0 ], [ 0, 468, 54, 9 ]
919 / 10000: [ 0, 0, 0, 0, 0 ], [ 0, 468, 54, 9 ]
920 / 10000: [ 0, 0, 0, 0, 0 ], [ 0, 468, 54, 9 ]
921 / 10000: [ 0, 0, 0, 0, 0 ], [ 0, 468, 54, 9 ]
922 / 10000: [ 0, 0, 0, 0, 0 ], [ 0, 468, 54, 9 ]
923 / 10000: [ 0, 0, 0, 0, 0 ], [ 0, 468, 54, 9 ]
924 / 10000: [ 0, 0, 0, 0, 0 ], [ 0, 468, 54, 9 ]
925 / 10000: [ 0, 0, 0, 0, 0 ], [ 0, 468, 54, 9 ]
926 / 10000: [ 0, 0, 0, 0, 0 ], [ 0, 468, 54, 9 ]
927 / 10000: [ 0, 0, 0, 0, 0 ], [ 0, 468, 54, 9 ]
928 / 10000: [ 0, 0, 0, 0, 0 ], [ 0, 468, 54, 9 ]
929 / 10000: [ 0, 0, 0, 0, 0 ], [ 0, 468, 54, 9 ]
930 / 10000: [ 0, 0, 0, 0, 0 ], [ 0, 468, 54, 9 ]
931 / 10000: [ 0, 0, 0, 0, 0 ], [ 0, 468, 54, 9 ]
932 / 10000: [ 0, 0, 0, 0, 0 ], [ 0, 468, 54, 9 ]
933 / 10000: [ 0, 0, 0, 0, 0 ], [ 0, 468, 54, 9 ]
934 / 10000: [ 0, 0, 0, 0, 0 ], [ 0, 468, 54, 9 ]
935 / 10000: [ 0, 0, 0, 0, 0 ], [ 0, 468, 54, 9 ]
936 / 10000: [ 0, 0, 0, 0, 0 ], [ 0, 468, 54, 9 ]
937 / 10000: [ 0, 0, 0, 0, 0 ], [ 0, 468, 54, 9 ]
938 / 10000: [ 0, 1, 0, 0, 0 ], [ 0, 468, 54, 9 ]
939 / 10000: [ 0, 0, 0, 0, 0 ], [ 0, 468, 54, 9 ]
940 / 10000: [ 0, 0, 0, 0, 0 ], [ 0, 468, 54, 9 ]
941 / 10000: [ 0, 0, 0, 0, 0 ], [ 0, 468, 54, 9 ]
942 / 10000: [ 0, 0, 0, 0, 0 ], [ 0, 468, 54, 9 ]
943 / 10000: [ 0, 0, 0, 0, 0 ], [ 0, 468, 54, 9 ]
944 / 10000: [ 0, 0, 0, 0, 0 ], [ 0, 468, 54, 9 ]
945 / 10000: [ 0, 0, 0, 0, 0 ], [ 0, 468, 54, 9 ]
946 / 10000: [ 0, 0, 0, 0, 0 ], [ 0, 468, 54, 9 ]
947 / 10000: [ 0, 0, 0, 0, 0 ], [ 0, 468, 54, 9 ]
948 / 10000: [ 0, 0, 0, 0, 0 ], [ 0, 468, 54, 9 ]
949 / 10000: [ 0, 0, 0, 0, 0 ], [ 0, 468, 54, 9 ]
950 / 10000: [ 0, 0, 0, 0, 0 ], [ 0, 468, 54, 9 ]
951 / 10000: [ 0, 0, 0, 0, 0 ], [ 0, 468, 54, 9 ]
952 / 10000: [ 0, 0, 0, 0, 0 ], [ 0, 468, 54, 9 ]
953 / 10000: [ 0, 0, 0, 0, 0 ], [ 0, 468, 54, 9 ]
954 / 10000: [ 0, 0, 0, 0, 0 ], [ 0, 468, 54, 9 ]
955 / 10000: [ 0, 0, 0, 0, 0 ], [ 0, 468, 54, 9 ]
956 / 10000: [ 0, 0, 0, 0, 0 ], [ 0, 468, 54, 9 ]
957 / 10000: [ 0, 0, 0, 0, 0 ], [ 0, 468, 54, 9 ]
958 / 10000: [ 0, 0, 0, 0, 0 ], [ 0, 468, 54, 9 ]
959 / 10000: [ 0, 0, 0, 0, 0 ], [ 0, 468, 54, 9 ]
960 / 10000: [ 0, 0, 0, 0, 0 ], [ 0, 468, 54, 9 ]
961 / 10000: [ 0, 0, 0, 0, 0 ], [ 0, 468, 54, 9 ]
962 / 10000: [ 0, 0, 0, 0, 0 ], [ 0, 468, 54, 9 ]
963 / 10000: [ 0, 0, 0, 0, 0 ], [ 0, 468, 54, 9 ]
964 / 10000: [ 0, 0, 0, 0, 0 ], [ 0, 468, 54, 9 ]
965 / 10000: [ 0, 0, 0, 0, 0 ], [ 0, 468, 54, 9 ]
966 / 10000: [ 0, 0, 0, 0, 0 ], [ 0, 468, 54, 9 ]
967 / 10000: [ 0, 0, 0, 0, 0 ], [ 0, 468, 54, 9 ]
968 / 10000: [ 0, 0, 0, 0, 0 ], [ 0, 468, 54, 9 ]
969 / 10000: [ 0, 0, 0, 0, 0 ], [ 0, 468, 54, 9 ]
970 / 10000: [ 0, 0, 0, 0, 0 ], [ 0, 468, 54, 9 ]
971 / 10000: [ 0, 0, 0, 0, 0 ], [ 0, 468, 54, 9 ]
972 / 10000: [ 0, 0, 0, 0, 0 ], [ 0, 468, 54, 9 ]
973 / 10000: [ 0, 0, 0, 0, 0 ], [ 0, 468, 54, 9 ]
974 / 10000: [ 0, 0, 0, 0, 0 ], [ 0, 468, 54, 9 ]
975 / 10000: [ 0, 0, 0, 0, 0 ], [ 0, 468, 54, 9 ]
976 / 10000: [ 0, 0, 0, 0, 0 ], [ 0, 468, 54, 9 ]
977 / 10000: [ 0, 0, 0, 0, 0 ], [ 0, 468, 54, 9 ]
978 / 10000: [ 0, 0, 0, 0, 0 ], [ 0, 468, 54, 9 ]
979 / 10000: [ 0, 0, 0, 0, 0 ], [ 0, 468, 54, 9 ]
980 / 10000: [ 0, 0, 0, 0, 0 ], [ 0, 468, 54, 9 ]
981 / 10000: [ 0, 1, 0, 0, 0 ], [ 0, 468, 54, 9 ]
982 / 10000: [ 0, 0, 0, 0, 0 ], [ 0, 468, 54, 9 ]
983 / 10000: [ 0, 0, 0, 0, 0 ], [ 0, 468, 54, 9 ]
984 / 10000: [ 0, 0, 0, 0, 0 ], [ 0, 468, 54, 9 ]
985 / 10000: [ 0, 0, 0, 0, 0 ], [ 0, 468, 54, 9 ]
986 / 10000: [ 0, 0, 0, 0, 0 ], [ 0, 468, 54, 9 ]
987 / 10000: [ 0, 0, 0, 0, 0 ], [ 0, 468, 54, 9 ]
988 / 10000: [ 0, 0, 0, 0, 0 ], [ 0, 468, 54, 9 ]
989 / 10000: [ 0, 0, 0, 0, 0 ], [ 0, 468, 54, 9 ]
990 / 10000: [ 0, 0, 0, 0, 0 ], [ 0, 468, 54, 9 ]
991 / 10000: [ 0, 0, 0, 0, 0 ], [ 0, 468, 54, 9 ]
992 / 10000: [ 0, 0, 0, 0, 0 ], [ 0, 468, 54, 9 ]
993 / 10000: [ 0, 0, 0, 0, 0 ], [ 0, 468, 54, 9 ]
994 / 10000: [ 0, 0, 0, 0, 0 ], [ 0, 468, 54, 9 ]
995 / 10000: [ 0, 1, 0, 0, 0 ], [ 0, 468, 54, 9 ]
996 / 10000: [ 0, 1, 0, 0, 0 ], [ 0, 468, 54, 9 ]
997 / 10000: [ 0, 0, 0, 0, 0 ], [ 0, 468, 54, 9 ]
998 / 10000: [ 0, 0, 0, 0, 0 ], [ 0, 468, 54, 9 ]
999 / 10000: [ 0, 0, 0, 0, 0 ], [ 0, 468, 54, 9 ]
1000 / 10000: [ 0, 0, 0, 0, 0 ], [ 0, 468, 54, 9 ]
1001 / 10000: [ 0, 2, 0, 0, 0 ], [ 0, 469, 54, 9 ]
1002 / 10000: [ 0, 0, 1, 0, 0 ], [ 0, 469, 54, 9 ]
1003 / 10000: [ 0, 2, 0, 0, 0 ], [ 0, 470, 54, 9 ]
1004 / 10000: [ 0, 2, 0, 0, 0 ], [ 0, 471, 54, 9 ]
1005 / 10000: [ 0, 1, 0, 0, 0 ], [ 0, 471, 54, 9 ]
1006 / 10000: [ 0, 2, 0, 0, 0 ], [ 0, 472, 54, 9 ]
1007 / 10000: [ 0, 2, 0, 0, 0 ], [ 0, 473, 54, 9 ]
1008 / 10000: [ 0, 2, 0, 0, 0 ], [ 0, 474, 54, 9 ]
1009 / 10000: [ 0, 1, 1, 0, 0 ], [ 0, 474, 55, 9 ]
1010 / 10000: [ 0, 2, 0, 0, 0 ], [ 0, 475, 55, 9 ]
1011 / 10000: [ 0, 2, 0, 0, 0 ], [ 0, 476, 55, 9 ]
1012 / 10000: [ 0, 2, 0, 0, 0 ], [ 0, 477, 55, 9 ]
1013 / 10000: [ 0, 1, 1, 0, 0 ], [ 0, 477, 56, 9 ]
1014 / 10000: [ 0, 2, 0, 0, 0 ], [ 0, 478, 56, 9 ]
1015 / 10000: [ 0, 1, 1, 0, 0 ], [ 0, 478, 57, 9 ]
1016 / 10000: [ 0, 2, 0, 0, 0 ], [ 0, 479, 57, 9 ]
1017 / 10000: [ 0, 2, 0, 0, 0 ], [ 0, 480, 57, 9 ]
1018 / 10000: [ 0, 0, 0, 0, 0 ], [ 0, 480, 57, 9 ]
1019 / 10000: [ 0, 2, 0, 0, 0 ], [ 0, 481, 57, 9 ]
1020 / 10000: [ 0, 0, 0, 0, 0 ], [ 0, 481, 57, 9 ]
1021 / 10000: [ 0, 2, 0, 0, 0 ], [ 0, 482, 57, 9 ]
1022 / 10000: [ 0, 0, 0, 0, 0 ], [ 0, 482, 57, 9 ]
1023 / 10000: [ 0, 1, 1, 0, 0 ], [ 0, 482, 58, 9 ]
1024 / 10000: [ 0, 0, 0, 0, 0 ], [ 0, 482, 58, 9 ]
1025 / 10000: [ 0, 1, 0, 1, 0 ], [ 0, 482, 58, 10 ]
1026 / 10000: [ 0, 1, 0, 1, 0 ], [ 0, 482, 58, 11 ]
1027 / 10000: [ 0, 2, 0, 0, 0 ], [ 0, 483, 58, 11 ]
1028 / 10000: [ 0, 1, 1, 0, 0 ], [ 0, 483, 59, 11 ]
1029 / 10000: [ 0, 2, 0, 0, 0 ], [ 0, 484, 59, 11 ]
1030 / 10000: [ 0, 0, 0, 0, 0 ], [ 0, 484, 59, 11 ]
1031 / 10000: [ 0, 1, 0, 0, 0 ], [ 0, 484, 59, 11 ]
1032 / 10000: [ 0, 2, 0, 0, 0 ], [ 0, 485, 59, 11 ]
1033 / 10000: [ 0, 2, 0, 0, 0 ], [ 0, 486, 59, 11 ]
1034 / 10000: [ 0, 2, 0, 0, 0 ], [ 0, 487, 59, 11 ]
1035 / 10000: [ 0, 2, 0, 0, 0 ], [ 0, 488, 59, 11 ]
1036 / 10000: [ 0, 2, 0, 0, 0 ], [ 0, 489, 59, 11 ]
1037 / 10000: [ 0, 2, 0, 0, 0 ], [ 0, 490, 59, 11 ]
1038 / 10000: [ 0, 0, 0, 0, 0 ], [ 0, 490, 59, 11 ]
1039 / 10000: [ 0, 0, 0, 0, 0 ], [ 0, 490, 59, 11 ]
1040 / 10000: [ 0, 2, 0, 0, 0 ], [ 0, 491, 59, 11 ]
1041 / 10000: [ 0, 1, 0, 0, 0 ], [ 0, 491, 59, 11 ]
1042 / 10000: [ 0, 1, 0, 0, 0 ], [ 0, 491, 59, 11 ]
1043 / 10000: [ 0, 2, 0, 0, 0 ], [ 0, 492, 59, 11 ]
1044 / 10000: [ 0, 2, 0, 0, 0 ], [ 0, 493, 59, 11 ]
1045 / 10000: [ 0, 1, 0, 0, 0 ], [ 0, 493, 59, 11 ]
1046 / 10000: [ 0, 2, 0, 0, 0 ], [ 0, 494, 59, 11 ]
1047 / 10000: [ 0, 0, 0, 0, 0 ], [ 0, 494, 59, 11 ]
1048 / 10000: [ 0, 0, 0, 0, 0 ], [ 0, 494, 59, 11 ]
1049 / 10000: [ 0, 2, 0, 0, 0 ], [ 0, 495, 59, 11 ]
1050 / 10000: [ 0, 2, 0, 0, 0 ], [ 0, 496, 59, 11 ]
1051 / 10000: [ 0, 2, 0, 0, 0 ], [ 0, 497, 59, 11 ]
1052 / 10000: [ 0, 0, 0, 0, 0 ], [ 0, 497, 59, 11 ]
1053 / 10000: [ 0, 0, 1, 0, 0 ], [ 0, 497, 59, 11 ]
1054 / 10000: [ 0, 1, 0, 0, 0 ], [ 0, 497, 59, 11 ]
1055 / 10000: [ 0, 2, 0, 0, 0 ], [ 0, 498, 59, 11 ]
1056 / 10000: [ 0, 1, 1, 0, 0 ], [ 0, 498, 60, 11 ]
1057 / 10000: [ 0, 0, 0, 0, 0 ], [ 0, 498, 60, 11 ]
1058 / 10000: [ 0, 1, 0, 0, 0 ], [ 0, 498, 60, 11 ]
1059 / 10000: [ 0, 1, 0, 0, 0 ], [ 0, 498, 60, 11 ]
1060 / 10000: [ 0, 1, 0, 1, 0 ], [ 0, 498, 60, 12 ]
1061 / 10000: [ 0, 1, 1, 0, 0 ], [ 0, 498, 61, 12 ]
1062 / 10000: [ 0, 2, 0, 0, 0 ], [ 0, 499, 61, 12 ]
1063 / 10000: [ 0, 0, 0, 0, 0 ], [ 0, 499, 61, 12 ]
1064 / 10000: [ 0, 0, 0, 0, 0 ], [ 0, 499, 61, 12 ]
1065 / 10000: [ 0, 2, 0, 0, 0 ], [ 0, 500, 61, 12 ]
1066 / 10000: [ 0, 1, 0, 0, 0 ], [ 0, 500, 61, 12 ]
1067 / 10000: [ 0, 2, 0, 0, 0 ], [ 0, 501, 61, 12 ]
1068 / 10000: [ 0, 2, 0, 0, 0 ], [ 0, 502, 61, 12 ]
1069 / 10000: [ 0, 2, 0, 0, 0 ], [ 0, 503, 61, 12 ]
1070 / 10000: [ 0, 2, 0, 0, 0 ], [ 0, 504, 61, 12 ]
1071 / 10000: [ 0, 1, 1, 0, 0 ], [ 0, 504, 62, 12 ]
1072 / 10000: [ 0, 1, 1, 0, 0 ], [ 0, 504, 63, 12 ]
1073 / 10000: [ 0, 1, 0, 0, 0 ], [ 0, 504, 63, 12 ]
1074 / 10000: [ 0, 0, 0, 0, 0 ], [ 0, 504, 63, 12 ]
1075 / 10000: [ 0, 1, 0, 0, 0 ], [ 0, 504, 63, 12 ]
1076 / 10000: [ 0, 1, 1, 0, 0 ], [ 0, 504, 64, 12 ]
1077 / 10000: [ 0, 1, 0, 0, 0 ], [ 0, 504, 64, 12 ]
1078 / 10000: [ 0, 1, 0, 0, 0 ], [ 0, 504, 64, 12 ]
1079 / 10000: [ 0, 2, 0, 0, 0 ], [ 0, 505, 64, 12 ]
1080 / 10000: [ 0, 1, 1, 0, 0 ], [ 0, 505, 65, 12 ]
1081 / 10000: [ 0, 2, 0, 0, 0 ], [ 0, 506, 65, 12 ]
1082 / 10000: [ 0, 2, 0, 0, 0 ], [ 0, 507, 65, 12 ]
1083 / 10000: [ 0, 1, 0, 0, 0 ], [ 0, 507, 65, 12 ]
1084 / 10000: [ 0, 0, 0, 0, 0 ], [ 0, 507, 65, 12 ]
1085 / 10000: [ 0, 0, 0, 0, 0 ], [ 0, 507, 65, 12 ]
1086 / 10000: [ 0, 2, 0, 0, 0 ], [ 0, 508, 65, 12 ]
1087 / 10000: [ 0, 1, 0, 0, 0 ], [ 0, 508, 65, 12 ]
1088 / 10000: [ 0, 0, 1, 0, 0 ], [ 0, 508, 65, 12 ]
1089 / 10000: [ 0, 2, 0, 0, 0 ], [ 0, 509, 65, 12 ]
1090 / 10000: [ 0, 2, 0, 0, 0 ], [ 0, 510, 65, 12 ]
1091 / 10000: [ 0, 2, 0, 0, 0 ], [ 0, 511, 65, 12 ]
1092 / 10000: [ 0, 0, 0, 0, 0 ], [ 0, 511, 65, 12 ]
1093 / 10000: [ 0, 2, 0, 0, 0 ], [ 0, 512, 65, 12 ]
1094 / 10000: [ 0, 0, 0, 0, 0 ], [ 0, 512, 65, 12 ]
1095 / 10000: [ 0, 1, 0, 0, 0 ], [ 0, 512, 65, 12 ]
1096 / 10000: [ 0, 2, 0, 0, 0 ], [ 0, 513, 65, 12 ]
1097 / 10000: [ 0, 1, 0, 1, 0 ], [ 0, 513, 65, 13 ]
1098 / 10000: [ 0, 2, 0, 0, 0 ], [ 0, 514, 65, 13 ]
1099 / 10000: [ 0, 1, 1, 0, 0 ], [ 0, 514, 66, 13 ]
1100 / 10000: [ 0, 2, 0, 0, 0 ], [ 0, 515, 66, 13 ]
1101 / 10000: [ 0, 2, 0, 0, 0 ], [ 0, 516, 66, 13 ]
1102 / 10000: [ 0, 2, 0, 0, 0 ], [ 0, 517, 66, 13 ]
1103 / 10000: [ 0, 2, 0, 0, 0 ], [ 0, 518, 66, 13 ]
1104 / 10000: [ 0, 0, 0, 0, 0 ], [ 0, 518, 66, 13 ]
1105 / 10000: [ 0, 1, 0, 0, 0 ], [ 0, 518, 66, 13 ]
1106 / 10000: [ 0, 0, 0, 0, 0 ], [ 0, 518, 66, 13 ]
1107 / 10000: [ 0, 1, 1, 0, 0 ], [ 0, 518, 67, 13 ]
1108 / 10000: [ 0, 0, 0, 0, 0 ], [ 0, 518, 67, 13 ]
1109 / 10000: [ 0, 2, 0, 0, 0 ], [ 0, 519, 67, 13 ]
1110 / 10000: [ 0, 2, 0, 0, 0 ], [ 0, 520, 67, 13 ]
1111 / 10000: [ 0, 1, 0, 0, 0 ], [ 0, 520, 67, 13 ]
1112 / 10000: [ 0, 2, 0, 0, 0 ], [ 0, 521, 67, 13 ]
1113 / 10000: [ 0, 2, 0, 0, 0 ], [ 0, 522, 67, 13 ]
1114 / 10000: [ 0, 1, 0, 0, 0 ], [ 0, 522, 67, 13 ]
1115 / 10000: [ 0, 2, 0, 0, 0 ], [ 0, 523, 67, 13 ]
1116 / 10000: [ 0, 0, 0, 0, 0 ], [ 0, 523, 67, 13 ]
1117 / 10000: [ 0, 0, 0, 0, 0 ], [ 0, 523, 67, 13 ]
1118 / 10000: [ 0, 2, 0, 0, 0 ], [ 0, 524, 67, 13 ]
1119 / 10000: [ 0, 0, 0, 0, 0 ], [ 0, 524, 67, 13 ]
1120 / 10000: [ 0, 2, 0, 0, 0 ], [ 0, 525, 67, 13 ]
1121 / 10000: [ 0, 2, 0, 0, 0 ], [ 0, 526, 67, 13 ]
1122 / 10000: [ 0, 0, 0, 0, 0 ], [ 0, 526, 67, 13 ]
1123 / 10000: [ 0, 2, 0, 0, 0 ], [ 0, 527, 67, 13 ]
1124 / 10000: [ 0, 2, 0, 0, 0 ], [ 0, 528, 67, 13 ]
1125 / 10000: [ 0, 2, 0, 0, 0 ], [ 0, 529, 67, 13 ]
1126 / 10000: [ 0, 2, 0, 0, 0 ], [ 0, 530, 67, 13 ]
1127 / 10000: [ 0, 2, 0, 0, 0 ], [ 0, 531, 67, 13 ]
1128 / 10000: [ 0, 0, 1, 0, 0 ], [ 0, 531, 67, 13 ]
1129 / 10000: [ 0, 2, 0, 0, 0 ], [ 0, 532, 67, 13 ]
1130 / 10000: [ 0, 2, 0, 0, 0 ], [ 0, 533, 67, 13 ]
1131 / 10000: [ 0, 2, 0, 0, 0 ], [ 0, 534, 67, 13 ]
1132 / 10000: [ 0, 0, 0, 0, 0 ], [ 0, 534, 67, 13 ]
1133 / 10000: [ 0, 1, 0, 0, 0 ], [ 0, 534, 67, 13 ]
1134 / 10000: [ 0, 1, 0, 0, 0 ], [ 0, 534, 67, 13 ]
1135 / 10000: [ 0, 1, 0, 0, 0 ], [ 0, 534, 67, 13 ]
1136 / 10000: [ 0, 1, 0, 0, 0 ], [ 0, 534, 67, 13 ]
1137 / 10000: [ 0, 1, 0, 0, 0 ], [ 0, 534, 67, 13 ]
1138 / 10000: [ 0, 1, 0, 0, 0 ], [ 0, 534, 67, 13 ]
1139 / 10000: [ 0, 0, 0, 0, 0 ], [ 0, 534, 67, 13 ]
1140 / 10000: [ 0, 0, 0, 0, 0 ], [ 0, 534, 67, 13 ]
1141 / 10000: [ 0, 2, 0, 0, 0 ], [ 0, 535, 67, 13 ]
1142 / 10000: [ 0, 1, 0, 0, 0 ], [ 0, 535, 67, 13 ]
1143 / 10000: [ 0, 0, 0, 0, 0 ], [ 0, 535, 67, 13 ]
1144 / 10000: [ 0, 0, 0, 0, 0 ], [ 0, 535, 67, 13 ]
1145 / 10000: [ 0, 0, 0, 0, 0 ], [ 0, 535, 67, 13 ]
1146 / 10000: [ 0, 1, 1, 0, 0 ], [ 0, 535, 68, 13 ]
1147 / 10000: [ 0, 2, 0, 0, 0 ], [ 0, 536, 68, 13 ]
1148 / 10000: [ 0, 2, 0, 0, 0 ], [ 0, 537, 68, 13 ]
1149 / 10000: [ 0, 2, 0, 0, 0 ], [ 0, 538, 68, 13 ]
1150 / 10000: [ 0, 0, 0, 0, 0 ], [ 0, 538, 68, 13 ]
1151 / 10000: [ 0, 2, 0, 0, 0 ], [ 0, 539, 68, 13 ]
1152 / 10000: [ 0, 2, 0, 0, 0 ], [ 0, 540, 68, 13 ]
1153 / 10000: [ 0, 2, 0, 0, 0 ], [ 0, 541, 68, 13 ]
1154 / 10000: [ 0, 2, 0, 0, 0 ], [ 0, 542, 68, 13 ]
1155 / 10000: [ 0, 2, 0, 0, 0 ], [ 0, 543, 68, 13 ]
1156 / 10000: [ 0, 2, 0, 0, 0 ], [ 0, 544, 68, 13 ]
1157 / 10000: [ 0, 2, 0, 0, 0 ], [ 0, 545, 68, 13 ]
1158 / 10000: [ 0, 1, 0, 0, 0 ], [ 0, 545, 68, 13 ]
1159 / 10000: [ 0, 1, 0, 0, 0 ], [ 0, 545, 68, 13 ]
1160 / 10000: [ 0, 0, 0, 0, 0 ], [ 0, 545, 68, 13 ]
1161 / 10000: [ 0, 2, 0, 0, 0 ], [ 0, 546, 68, 13 ]
1162 / 10000: [ 0, 2, 0, 0, 0 ], [ 0, 547, 68, 13 ]
1163 / 10000: [ 0, 0, 0, 0, 0 ], [ 0, 547, 68, 13 ]
1164 / 10000: [ 0, 1, 0, 0, 0 ], [ 0, 547, 68, 13 ]
1165 / 10000: [ 0, 2, 0, 0, 0 ], [ 0, 548, 68, 13 ]
1166 / 10000: [ 0, 0, 0, 0, 0 ], [ 0, 548, 68, 13 ]
1167 / 10000: [ 0, 0, 0, 0, 0 ], [ 0, 548, 68, 13 ]
1168 / 10000: [ 0, 2, 0, 0, 0 ], [ 0, 549, 68, 13 ]
1169 / 10000: [ 0, 2, 0, 0, 0 ], [ 0, 550, 68, 13 ]
1170 / 10000: [ 0, 2, 0, 0, 0 ], [ 0, 551, 68, 13 ]
1171 / 10000: [ 0, 0, 2, 0, 0 ], [ 0, 551, 69, 13 ]
1172 / 10000: [ 0, 0, 2, 0, 0 ], [ 0, 551, 70, 13 ]
1173 / 10000: [ 0, 1, 0, 0, 0 ], [ 0, 551, 70, 13 ]
1174 / 10000: [ 0, 1, 0, 0, 0 ], [ 0, 551, 70, 13 ]
1175 / 10000: [ 0, 0, 0, 0, 0 ], [ 0, 551, 70, 13 ]
1176 / 10000: [ 0, 0, 0, 0, 0 ], [ 0, 551, 70, 13 ]
1177 / 10000: [ 0, 0, 0, 0, 0 ], [ 0, 551, 70, 13 ]
1178 / 10000: [ 0, 1, 0, 0, 0 ], [ 0, 551, 70, 13 ]
1179 / 10000: [ 0, 2, 0, 0, 0 ], [ 0, 552, 70, 13 ]
1180 / 10000: [ 0, 0, 0, 0, 0 ], [ 0, 552, 70, 13 ]
1181 / 10000: [ 0, 1, 1, 0, 0 ], [ 0, 552, 71, 13 ]
1182 / 10000: [ 0, 0, 0, 0, 0 ], [ 0, 552, 71, 13 ]
1183 / 10000: [ 0, 1, 0, 0, 0 ], [ 0, 552, 71, 13 ]
1184 / 10000: [ 0, 1, 0, 0, 0 ], [ 0, 552, 71, 13 ]
1185 / 10000: [ 0, 0, 0, 1, 0 ], [ 0, 552, 71, 13 ]
1186 / 10000: [ 0, 1, 0, 0, 0 ], [ 0, 552, 71, 13 ]
1187 / 10000: [ 0, 0, 0, 0, 0 ], [ 0, 552, 71, 13 ]
1188 / 10000: [ 0, 0, 0, 0, 0 ], [ 0, 552, 71, 13 ]
1189 / 10000: [ 0, 2, 0, 0, 0 ], [ 0, 553, 71, 13 ]
1190 / 10000: [ 0, 0, 0, 0, 0 ], [ 0, 553, 71, 13 ]
1191 / 10000: [ 0, 1, 0, 0, 0 ], [ 0, 553, 71, 13 ]
1192 / 10000: [ 0, 1, 0, 0, 0 ], [ 0, 553, 71, 13 ]
1193 / 10000: [ 0, 0, 0, 0, 0 ], [ 0, 553, 71, 13 ]
1194 / 10000: [ 0, 1, 0, 0, 0 ], [ 0, 553, 71, 13 ]
1195 / 10000: [ 0, 0, 0, 0, 0 ], [ 0, 553, 71, 13 ]
1196 / 10000: [ 0, 2, 0, 0, 0 ], [ 0, 554, 71, 13 ]
1197 / 10000: [ 0, 1, 0, 0, 0 ], [ 0, 554, 71, 13 ]
1198 / 10000: [ 0, 1, 1, 0, 0 ], [ 0, 554, 72, 13 ]
1199 / 10000: [ 0, 1, 0, 0, 0 ], [ 0, 554, 72, 13 ]
1200 / 10000: [ 0, 0, 0, 0, 0 ], [ 0, 554, 72, 13 ]
1201 / 10000: [ 0, 2, 0, 0, 0 ], [ 0, 555, 72, 13 ]
1202 / 10000: [ 0, 1, 0, 0, 0 ], [ 0, 555, 72, 13 ]
1203 / 10000: [ 0, 2, 0, 0, 0 ], [ 0, 556, 72, 13 ]
1204 / 10000: [ 0, 2, 0, 0, 0 ], [ 0, 557, 72, 13 ]
1205 / 10000: [ 0, 2, 0, 0, 0 ], [ 0, 558, 72, 13 ]
1206 / 10000: [ 0, 2, 0, 0, 0 ], [ 0, 559, 72, 13 ]
1207 / 10000: [ 0, 2, 0, 0, 0 ], [ 0, 560, 72, 13 ]
1208 / 10000: [ 0, 2, 0, 0, 0 ], [ 0, 561, 72, 13 ]
1209 / 10000: [ 0, 2, 0, 0, 0 ], [ 0, 562, 72, 13 ]
1210 / 10000: [ 0, 2, 0, 0, 0 ], [ 0, 563, 72, 13 ]
1211 / 10000: [ 0, 2, 0, 0, 0 ], [ 0, 564, 72, 13 ]
1212 / 10000: [ 0, 2, 0, 0, 0 ], [ 0, 565, 72, 13 ]
1213 / 10000: [ 0, 2, 0, 0, 0 ], [ 0, 566, 72, 13 ]
1214 / 10000: [ 0, 2, 0, 0, 0 ], [ 0, 567, 72, 13 ]
1215 / 10000: [ 0, 2, 0, 0, 0 ], [ 0, 568, 72, 13 ]
1216 / 10000: [ 0, 2, 0, 0, 0 ], [ 0, 569, 72, 13 ]
1217 / 10000: [ 0, 2, 0, 0, 0 ], [ 0, 570, 72, 13 ]
1218 / 10000: [ 0, 2, 0, 0, 0 ], [ 0, 571, 72, 13 ]
1219 / 10000: [ 0, 2, 0, 0, 0 ], [ 0, 572, 72, 13 ]
1220 / 10000: [ 0, 0, 2, 0, 0 ], [ 0, 572, 73, 13 ]
1221 / 10000: [ 0, 1, 0, 0, 0 ], [ 0, 572, 73, 13 ]
1222 / 10000: [ 0, 2, 0, 0, 0 ], [ 0, 573, 73, 13 ]
1223 / 10000: [ 0, 1, 0, 0, 0 ], [ 0, 573, 73, 13 ]
1224 / 10000: [ 0, 2, 0, 0, 0 ], [ 0, 574, 73, 13 ]
1225 / 10000: [ 0, 2, 0, 0, 0 ], [ 0, 575, 73, 13 ]
1226 / 10000: [ 0, 1, 1, 0, 0 ], [ 0, 575, 74, 13 ]
1227 / 10000: [ 0, 1, 0, 0, 0 ], [ 0, 575, 74, 13 ]
1228 / 10000: [ 0, 2, 0, 0, 0 ], [ 0, 576, 74, 13 ]
1229 / 10000: [ 0, 2, 0, 0, 0 ], [ 0, 577, 74, 13 ]
1230 / 10000: [ 0, 1, 0, 0, 0 ], [ 0, 577, 74, 13 ]
1231 / 10000: [ 0, 2, 0, 0, 0 ], [ 0, 578, 74, 13 ]
1232 / 10000: [ 0, 2, 0, 0, 0 ], [ 0, 579, 74, 13 ]
1233 / 10000: [ 0, 2, 0, 0, 0 ], [ 0, 580, 74, 13 ]
1234 / 10000: [ 0, 2, 0, 0, 0 ], [ 0, 581, 74, 13 ]
1235 / 10000: [ 0, 2, 0, 0, 0 ], [ 0, 582, 74, 13 ]
1236 / 10000: [ 0, 2, 0, 0, 0 ], [ 0, 583, 74, 13 ]
1237 / 10000: [ 0, 2, 0, 0, 0 ], [ 0, 584, 74, 13 ]
1238 / 10000: [ 0, 0, 0, 0, 0 ], [ 0, 584, 74, 13 ]
1239 / 10000: [ 0, 1, 0, 0, 0 ], [ 0, 584, 74, 13 ]
1240 / 10000: [ 0, 2, 0, 0, 0 ], [ 0, 585, 74, 13 ]
1241 / 10000: [ 0, 1, 1, 0, 0 ], [ 0, 585, 75, 13 ]
1242 / 10000: [ 0, 0, 0, 0, 0 ], [ 0, 585, 75, 13 ]
1243 / 10000: [ 0, 0, 0, 0, 0 ], [ 0, 585, 75, 13 ]
1244 / 10000: [ 0, 2, 0, 0, 0 ], [ 0, 586, 75, 13 ]
1245 / 10000: [ 0, 0, 0, 0, 0 ], [ 0, 586, 75, 13 ]
1246 / 10000: [ 0, 0, 0, 0, 0 ], [ 0, 586, 75, 13 ]
1247 / 10000: [ 0, 2, 0, 0, 0 ], [ 0, 587, 75, 13 ]
1248 / 10000: [ 0, 0, 0, 0, 0 ], [ 0, 587, 75, 13 ]
1249 / 10000: [ 0, 2, 0, 0, 0 ], [ 0, 588, 75, 13 ]
1250 / 10000: [ 0, 2, 0, 0, 0 ], [ 0, 589, 75, 13 ]
1251 / 10000: [ 0, 1, 0, 0, 0 ], [ 0, 589, 75, 13 ]
1252 / 10000: [ 0, 0, 0, 0, 0 ], [ 0, 589, 75, 13 ]
1253 / 10000: [ 0, 0, 0, 0, 0 ], [ 0, 589, 75, 13 ]
1254 / 10000: [ 0, 2, 0, 0, 0 ], [ 0, 590, 75, 13 ]
1255 / 10000: [ 0, 2, 0, 0, 0 ], [ 0, 591, 75, 13 ]
1256 / 10000: [ 0, 2, 0, 0, 0 ], [ 0, 592, 75, 13 ]
1257 / 10000: [ 0, 0, 1, 0, 0 ], [ 0, 592, 75, 13 ]
1258 / 10000: [ 0, 2, 0, 0, 0 ], [ 0, 593, 75, 13 ]
1259 / 10000: [ 0, 2, 0, 0, 0 ], [ 0, 594, 75, 13 ]
1260 / 10000: [ 0, 2, 0, 0, 0 ], [ 0, 595, 75, 13 ]
1261 / 10000: [ 0, 2, 0, 0, 0 ], [ 0, 596, 75, 13 ]
1262 / 10000: [ 0, 2, 0, 0, 0 ], [ 0, 597, 75, 13 ]
1263 / 10000: [ 0, 1, 0, 0, 0 ], [ 0, 597, 75, 13 ]
1264 / 10000: [ 0, 2, 0, 0, 0 ], [ 0, 598, 75, 13 ]
1265 / 10000: [ 0, 2, 0, 0, 0 ], [ 0, 599, 75, 13 ]
1266 / 10000: [ 0, 2, 0, 0, 0 ], [ 0, 600, 75, 13 ]
1267 / 10000: [ 0, 0, 0, 0, 0 ], [ 0, 600, 75, 13 ]
1268 / 10000: [ 0, 2, 0, 0, 0 ], [ 0, 601, 75, 13 ]
1269 / 10000: [ 0, 2, 0, 0, 0 ], [ 0, 602, 75, 13 ]
1270 / 10000: [ 0, 2, 0, 0, 0 ], [ 0, 603, 75, 13 ]
1271 / 10000: [ 0, 0, 0, 0, 0 ], [ 0, 603, 75, 13 ]
1272 / 10000: [ 0, 0, 0, 0, 0 ], [ 0, 603, 75, 13 ]
1273 / 10000: [ 0, 2, 0, 0, 0 ], [ 0, 604, 75, 13 ]
1274 / 10000: [ 0, 2, 0, 0, 0 ], [ 0, 605, 75, 13 ]
1275 / 10000: [ 0, 2, 0, 0, 0 ], [ 0, 606, 75, 13 ]
1276 / 10000: [ 0, 0, 1, 0, 0 ], [ 0, 606, 75, 13 ]
1277 / 10000: [ 0, 0, 0, 0, 0 ], [ 0, 606, 75, 13 ]
1278 / 10000: [ 0, 2, 0, 0, 0 ], [ 0, 607, 75, 13 ]
1279 / 10000: [ 0, 1, 0, 0, 0 ], [ 0, 607, 75, 13 ]
1280 / 10000: [ 0, 2, 0, 0, 0 ], [ 0, 608, 75, 13 ]
1281 / 10000: [ 0, 2, 0, 0, 0 ], [ 0, 609, 75, 13 ]
1282 / 10000: [ 0, 2, 0, 0, 0 ], [ 0, 610, 75, 13 ]
1283 / 10000: [ 0, 1, 0, 0, 0 ], [ 0, 610, 75, 13 ]
1284 / 10000: [ 0, 1, 0, 0, 0 ], [ 0, 610, 75, 13 ]
1285 / 10000: [ 0, 1, 0, 0, 0 ], [ 0, 610, 75, 13 ]
1286 / 10000: [ 0, 2, 0, 0, 0 ], [ 0, 611, 75, 13 ]
1287 / 10000: [ 0, 2, 0, 0, 0 ], [ 0, 612, 75, 13 ]
1288 / 10000: [ 0, 0, 0, 0, 0 ], [ 0, 612, 75, 13 ]
1289 / 10000: [ 0, 2, 0, 0, 0 ], [ 0, 613, 75, 13 ]
1290 / 10000: [ 0, 2, 0, 0, 0 ], [ 0, 614, 75, 13 ]
1291 / 10000: [ 0, 2, 0, 0, 0 ], [ 0, 615, 75, 13 ]
1292 / 10000: [ 0, 1, 0, 0, 0 ], [ 0, 615, 75, 13 ]
1293 / 10000: [ 0, 2, 0, 0, 0 ], [ 0, 616, 75, 13 ]
1294 / 10000: [ 0, 2, 0, 0, 0 ], [ 0, 617, 75, 13 ]
1295 / 10000: [ 0, 2, 0, 0, 0 ], [ 0, 618, 75, 13 ]
1296 / 10000: [ 0, 1, 0, 0, 0 ], [ 0, 618, 75, 13 ]
1297 / 10000: [ 0, 0, 0, 2, 0 ], [ 0, 618, 75, 14 ]
1298 / 10000: [ 0, 2, 0, 0, 0 ], [ 0, 619, 75, 14 ]
1299 / 10000: [ 0, 1, 0, 0, 0 ], [ 0, 619, 75, 14 ]
1300 / 10000: [ 0, 2, 0, 0, 0 ], [ 0, 620, 75, 14 ]
1301 / 10000: [ 0, 2, 0, 0, 0 ], [ 0, 621, 75, 14 ]
1302 / 10000: [ 0, 2, 0, 0, 0 ], [ 0, 622, 75, 14 ]
1303 / 10000: [ 0, 0, 0, 1, 0 ], [ 0, 622, 75, 14 ]
1304 / 10000: [ 0, 1, 0, 0, 0 ], [ 0, 622, 75, 14 ]
1305 / 10000: [ 0, 1, 0, 1, 0 ], [ 0, 622, 75, 15 ]
1306 / 10000: [ 0, 2, 0, 0, 0 ], [ 0, 623, 75, 15 ]
1307 / 10000: [ 0, 2, 0, 0, 0 ], [ 0, 624, 75, 15 ]
1308 / 10000: [ 0, 1, 1, 0, 0 ], [ 0, 624, 76, 15 ]
1309 / 10000: [ 0, 2, 0, 0, 0 ], [ 0, 625, 76, 15 ]
1310 / 10000: [ 0, 1, 1, 0, 0 ], [ 0, 625, 77, 15 ]
1311 / 10000: [ 0, 0, 0, 2, 0 ], [ 0, 625, 77, 16 ]
1312 / 10000: [ 0, 1, 1, 0, 0 ], [ 0, 625, 78, 16 ]
1313 / 10000: [ 0, 2, 0, 0, 0 ], [ 0, 626, 78, 16 ]
1314 / 10000: [ 0, 0, 0, 2, 0 ], [ 0, 626, 78, 17 ]
1315 / 10000: [ 0, 2, 0, 0, 0 ], [ 0, 627, 78, 17 ]
1316 / 10000: [ 0, 1, 0, 1, 0 ], [ 0, 627, 78, 18 ]
1317 / 10000: [ 0, 0, 1, 0, 1 ], [ 0, 627, 78, 19 ]
1318 / 10000: [ 0, 2, 0, 0, 0 ], [ 0, 628, 78, 19 ]
1319 / 10000: [ 0, 1, 0, 1, 0 ], [ 0, 628, 78, 20 ]
1320 / 10000: [ 0, 2, 0, 0, 0 ], [ 0, 629, 78, 20 ]
1321 / 10000: [ 0, 2, 0, 0, 0 ], [ 0, 630, 78, 20 ]
1322 / 10000: [ 0, 1, 0, 1, 0 ], [ 0, 630, 78, 21 ]
1323 / 10000: [ 0, 1, 0, 0, 0 ], [ 0, 630, 78, 21 ]
1324 / 10000: [ 0, 2, 0, 0, 0 ], [ 0, 631, 78, 21 ]
1325 / 10000: [ 0, 2, 0, 0, 0 ], [ 0, 632, 78, 21 ]
1326 / 10000: [ 0, 2, 0, 0, 0 ], [ 0, 633, 78, 21 ]
1327 / 10000: [ 0, 0, 0, 0, 0 ], [ 0, 633, 78, 21 ]
1328 / 10000: [ 0, 1, 0, 1, 0 ], [ 0, 633, 78, 22 ]
1329 / 10000: [ 0, 2, 0, 0, 0 ], [ 0, 634, 78, 22 ]
1330 / 10000: [ 0, 2, 0, 0, 0 ], [ 0, 635, 78, 22 ]
1331 / 10000: [ 0, 2, 0, 0, 0 ], [ 0, 636, 78, 22 ]
1332 / 10000: [ 0, 2, 0, 0, 0 ], [ 0, 637, 78, 22 ]
1333 / 10000: [ 0, 1, 1, 0, 0 ], [ 0, 637, 79, 22 ]
1334 / 10000: [ 0, 1, 0, 1, 0 ], [ 0, 637, 79, 23 ]
1335 / 10000: [ 0, 0, 0, 0, 0 ], [ 0, 637, 79, 23 ]
1336 / 10000: [ 0, 1, 0, 1, 0 ], [ 0, 637, 79, 24 ]
1337 / 10000: [ 0, 1, 0, 0, 0 ], [ 0, 637, 79, 24 ]
1338 / 10000: [ 0, 2, 0, 0, 0 ], [ 0, 638, 79, 24 ]
1339 / 10000: [ 0, 0, 0, 1, 0 ], [ 0, 638, 79, 24 ]
1340 / 10000: [ 0, 0, 1, 0, 0 ], [ 0, 638, 79, 24 ]
1341 / 10000: [ 0, 2, 0, 0, 0 ], [ 0, 639, 79, 24 ]
1342 / 10000: [ 0, 2, 0, 0, 0 ], [ 0, 640, 79, 24 ]
1343 / 10000: [ 0, 0, 0, 0, 0 ], [ 0, 640, 79, 24 ]
1344 / 10000: [ 0, 0, 0, 0, 0 ], [ 0, 640, 79, 24 ]
1345 / 10000: [ 0, 2, 0, 0, 0 ], [ 0, 641, 79, 24 ]
1346 / 10000: [ 0, 1, 1, 0, 0 ], [ 0, 641, 80, 24 ]
1347 / 10000: [ 0, 2, 0, 0, 0 ], [ 0, 642, 80, 24 ]
1348 / 10000: [ 0, 2, 0, 0, 0 ], [ 0, 643, 80, 24 ]
1349 / 10000: [ 0, 1, 1, 0, 0 ], [ 0, 643, 81, 24 ]
1350 / 10000: [ 0, 1, 1, 0, 0 ], [ 0, 643, 82, 24 ]
1351 / 10000: [ 0, 0, 0, 1, 0 ], [ 0, 643, 82, 24 ]
1352 / 10000: [ 0, 1, 0, 1, 0 ], [ 0, 643, 82, 25 ]
1353 / 10000: [ 0, 2, 0, 0, 0 ], [ 0, 644, 82, 25 ]
1354 / 10000: [ 0, 2, 0, 0, 0 ], [ 0, 645, 82, 25 ]
1355 / 10000: [ 0, 1, 1, 0, 0 ], [ 0, 645, 83, 25 ]
1356 / 10000: [ 0, 1, 1, 0, 0 ], [ 0, 645, 84, 25 ]
1357 / 10000: [ 0, 2, 0, 0, 0 ], [ 0, 646, 84, 25 ]
1358 / 10000: [ 0, 1, 0, 1, 0 ], [ 0, 646, 84, 26 ]
1359 / 10000: [ 0, 2, 0, 0, 0 ], [ 0, 647, 84, 26 ]
1360 / 10000: [ 0, 1, 0, 1, 0 ], [ 0, 647, 84, 27 ]
1361 / 10000: [ 0, 2, 0, 0, 0 ], [ 0, 648, 84, 27 ]
1362 / 10000: [ 0, 2, 0, 0, 0 ], [ 0, 649, 84, 27 ]
1363 / 10000: [ 0, 0, 0, 1, 0 ], [ 0, 649, 84, 27 ]
1364 / 10000: [ 0, 2, 0, 0, 0 ], [ 0, 650, 84, 27 ]
1365 / 10000: [ 0, 1, 0, 1, 0 ], [ 0, 650, 84, 28 ]
1366 / 10000: [ 0, 1, 1, 0, 0 ], [ 0, 650, 85, 28 ]
1367 / 10000: [ 0, 2, 0, 0, 0 ], [ 0, 651, 85, 28 ]
1368 / 10000: [ 0, 2, 0, 0, 0 ], [ 0, 652, 85, 28 ]
1369 / 10000: [ 0, 0, 0, 1, 0 ], [ 0, 652, 85, 28 ]
1370 / 10000: [ 0, 0, 0, 2, 0 ], [ 0, 652, 85, 29 ]
1371 / 10000: [ 0, 2, 0, 0, 0 ], [ 0, 653, 85, 29 ]
1372 / 10000: [ 0, 2, 0, 0, 0 ], [ 0, 654, 85, 29 ]
1373 / 10000: [ 0, 2, 0, 0, 0 ], [ 0, 655, 85, 29 ]
1374 / 10000: [ 0, 1, 0, 0, 0 ], [ 0, 655, 85, 29 ]
1375 / 10000: [ 0, 0, 0, 0, 0 ], [ 0, 655, 85, 29 ]
1376 / 10000: [ 0, 1, 0, 1, 0 ], [ 0, 655, 85, 30 ]
1377 / 10000: [ 0, 1, 0, 1, 0 ], [ 0, 655, 85, 31 ]
1378 / 10000: [ 0, 1, 1, 0, 0 ], [ 0, 655, 86, 31 ]
1379 / 10000: [ 0, 0, 1, 1, 0 ], [ 0, 655, 86, 32 ]
1380 / 10000: [ 0, 2, 0, 0, 0 ], [ 0, 656, 86, 32 ]
1381 / 10000: [ 0, 0, 0, 2, 0 ], [ 0, 656, 86, 33 ]
1382 / 10000: [ 0, 0, 1, 1, 0 ], [ 0, 656, 86, 34 ]
1383 / 10000: [ 0, 2, 0, 0, 0 ], [ 0, 657, 86, 34 ]
1384 / 10000: [ 0, 2, 0, 0, 0 ], [ 0, 658, 86, 34 ]
1385 / 10000: [ 0, 1, 0, 1, 0 ], [ 0, 658, 86, 35 ]
1386 / 10000: [ 0, 1, 0, 0, 0 ], [ 0, 658, 86, 35 ]
1387 / 10000: [ 0, 0, 0, 2, 0 ], [ 0, 658, 86, 36 ]
1388 / 10000: [ 0, 2, 0, 0, 0 ], [ 0, 659, 86, 36 ]
1389 / 10000: [ 0, 1, 0, 0, 0 ], [ 0, 659, 86, 36 ]
1390 / 10000: [ 0, 1, 0, 1, 0 ], [ 0, 659, 86, 37 ]
1391 / 10000: [ 0, 2, 0, 0, 0 ], [ 0, 660, 86, 37 ]
1392 / 10000: [ 0, 2, 0, 0, 0 ], [ 0, 661, 86, 37 ]
1393 / 10000: [ 0, 2, 0, 0, 0 ], [ 0, 662, 86, 37 ]
1394 / 10000: [ 0, 2, 0, 0, 0 ], [ 0, 663, 86, 37 ]
1395 / 10000: [ 0, 2, 0, 0, 0 ], [ 0, 664, 86, 37 ]
1396 / 10000: [ 0, 2, 0, 0, 0 ], [ 0, 665, 86, 37 ]
1397 / 10000: [ 0, 0, 0, 0, 0 ], [ 0, 665, 86, 37 ]
1398 / 10000: [ 0, 2, 0, 0, 0 ], [ 0, 666, 86, 37 ]
1399 / 10000: [ 0, 2, 0, 0, 0 ], [ 0, 667, 86, 37 ]
1400 / 10000: [ 0, 1, 0, 0, 0 ], [ 0, 667, 86, 37 ]
1401 / 10000: [ 0, 2, 0, 0, 0 ], [ 0, 668, 86, 37 ]
1402 / 10000: [ 0, 2, 0, 0, 0 ], [ 0, 669, 86, 37 ]
1403 / 10000: [ 0, 2, 0, 0, 0 ], [ 0, 670, 86, 37 ]
1404 / 10000: [ 0, 2, 0, 0, 0 ], [ 0, 671, 86, 37 ]
1405 / 10000: [ 0, 1, 0, 0, 0 ], [ 0, 671, 86, 37 ]
1406 / 10000: [ 0, 2, 0, 0, 0 ], [ 0, 672, 86, 37 ]
1407 / 10000: [ 0, 2, 0, 0, 0 ], [ 0, 673, 86, 37 ]
1408 / 10000: [ 0, 2, 0, 0, 0 ], [ 0, 674, 86, 37 ]
1409 / 10000: [ 0, 2, 0, 0, 0 ], [ 0, 675, 86, 37 ]
1410 / 10000: [ 0, 2, 0, 0, 0 ], [ 0, 676, 86, 37 ]
1411 / 10000: [ 0, 2, 0, 0, 0 ], [ 0, 677, 86, 37 ]
1412 / 10000: [ 0, 2, 0, 0, 0 ], [ 0, 678, 86, 37 ]
1413 / 10000: [ 0, 2, 0, 0, 0 ], [ 0, 679, 86, 37 ]
1414 / 10000: [ 0, 2, 0, 0, 0 ], [ 0, 680, 86, 37 ]
1415 / 10000: [ 0, 2, 0, 0, 0 ], [ 0, 681, 86, 37 ]
1416 / 10000: [ 0, 2, 0, 0, 0 ], [ 0, 682, 86, 37 ]
1417 / 10000: [ 0, 2, 0, 0, 0 ], [ 0, 683, 86, 37 ]
1418 / 10000: [ 0, 0, 1, 0, 0 ], [ 0, 683, 86, 37 ]
1419 / 10000: [ 0, 2, 0, 0, 0 ], [ 0, 684, 86, 37 ]
1420 / 10000: [ 0, 0, 0, 0, 0 ], [ 0, 684, 86, 37 ]
1421 / 10000: [ 0, 2, 0, 0, 0 ], [ 0, 685, 86, 37 ]
1422 / 10000: [ 0, 0, 0, 0, 0 ], [ 0, 685, 86, 37 ]
1423 / 10000: [ 0, 2, 0, 0, 0 ], [ 0, 686, 86, 37 ]
1424 / 10000: [ 0, 0, 0, 0, 0 ], [ 0, 686, 86, 37 ]
1425 / 10000: [ 0, 1, 0, 1, 0 ], [ 0, 686, 86, 38 ]
1426 / 10000: [ 0, 1, 0, 1, 0 ], [ 0, 686, 86, 39 ]
1427 / 10000: [ 0, 1, 0, 0, 0 ], [ 0, 686, 86, 39 ]
1428 / 10000: [ 0, 2, 0, 0, 0 ], [ 0, 687, 86, 39 ]
1429 / 10000: [ 0, 2, 0, 0, 0 ], [ 0, 688, 86, 39 ]
1430 / 10000: [ 0, 1, 0, 0, 0 ], [ 0, 688, 86, 39 ]
1431 / 10000: [ 0, 2, 0, 0, 0 ], [ 0, 689, 86, 39 ]
1432 / 10000: [ 0, 2, 0, 0, 0 ], [ 0, 690, 86, 39 ]
1433 / 10000: [ 0, 2, 0, 0, 0 ], [ 0, 691, 86, 39 ]
1434 / 10000: [ 0, 2, 0, 0, 0 ], [ 0, 692, 86, 39 ]
1435 / 10000: [ 0, 2, 0, 0, 0 ], [ 0, 693, 86, 39 ]
1436 / 10000: [ 0, 2, 0, 0, 0 ], [ 0, 694, 86, 39 ]
1437 / 10000: [ 0, 2, 0, 0, 0 ], [ 0, 695, 86, 39 ]
1438 / 10000: [ 0, 0, 0, 0, 0 ], [ 0, 695, 86, 39 ]
1439 / 10000: [ 0, 1, 0, 0, 0 ], [ 0, 695, 86, 39 ]
1440 / 10000: [ 0, 2, 0, 0, 0 ], [ 0, 696, 86, 39 ]
1441 / 10000: [ 0, 2, 0, 0, 0 ], [ 0, 697, 86, 39 ]
1442 / 10000: [ 0, 1, 0, 0, 0 ], [ 0, 697, 86, 39 ]
1443 / 10000: [ 0, 1, 0, 0, 0 ], [ 0, 697, 86, 39 ]
1444 / 10000: [ 0, 2, 0, 0, 0 ], [ 0, 698, 86, 39 ]
1445 / 10000: [ 0, 0, 0, 0, 0 ], [ 0, 698, 86, 39 ]
1446 / 10000: [ 0, 2, 0, 0, 0 ], [ 0, 699, 86, 39 ]
1447 / 10000: [ 0, 2, 0, 0, 0 ], [ 0, 700, 86, 39 ]
1448 / 10000: [ 0, 2, 0, 0, 0 ], [ 0, 701, 86, 39 ]
1449 / 10000: [ 0, 2, 0, 0, 0 ], [ 0, 702, 86, 39 ]
1450 / 10000: [ 0, 2, 0, 0, 0 ], [ 0, 703, 86, 39 ]
1451 / 10000: [ 0, 2, 0, 0, 0 ], [ 0, 704, 86, 39 ]
1452 / 10000: [ 0, 2, 0, 0, 0 ], [ 0, 705, 86, 39 ]
1453 / 10000: [ 0, 2, 0, 0, 0 ], [ 0, 706, 86, 39 ]
1454 / 10000: [ 0, 2, 0, 0, 0 ], [ 0, 707, 86, 39 ]
1455 / 10000: [ 0, 2, 0, 0, 0 ], [ 0, 708, 86, 39 ]
1456 / 10000: [ 0, 2, 0, 0, 0 ], [ 0, 709, 86, 39 ]
1457 / 10000: [ 0, 0, 0, 0, 0 ], [ 0, 709, 86, 39 ]
1458 / 10000: [ 0, 1, 0, 0, 0 ], [ 0, 709, 86, 39 ]
1459 / 10000: [ 0, 1, 0, 0, 0 ], [ 0, 709, 86, 39 ]
1460 / 10000: [ 0, 2, 0, 0, 0 ], [ 0, 710, 86, 39 ]
1461 / 10000: [ 0, 2, 0, 0, 0 ], [ 0, 711, 86, 39 ]
1462 / 10000: [ 0, 2, 0, 0, 0 ], [ 0, 712, 86, 39 ]
1463 / 10000: [ 0, 0, 0, 0, 0 ], [ 0, 712, 86, 39 ]
1464 / 10000: [ 0, 1, 0, 0, 0 ], [ 0, 712, 86, 39 ]
1465 / 10000: [ 0, 2, 0, 0, 0 ], [ 0, 713, 86, 39 ]
1466 / 10000: [ 0, 2, 0, 0, 0 ], [ 0, 714, 86, 39 ]
1467 / 10000: [ 0, 0, 0, 0, 0 ], [ 0, 714, 86, 39 ]
1468 / 10000: [ 0, 2, 0, 0, 0 ], [ 0, 715, 86, 39 ]
1469 / 10000: [ 0, 1, 0, 0, 0 ], [ 0, 715, 86, 39 ]
1470 / 10000: [ 0, 1, 0, 0, 0 ], [ 0, 715, 86, 39 ]
1471 / 10000: [ 0, 1, 1, 0, 0 ], [ 0, 715, 87, 39 ]
1472 / 10000: [ 0, 1, 1, 0, 0 ], [ 0, 715, 88, 39 ]
1473 / 10000: [ 0, 2, 0, 0, 0 ], [ 0, 716, 88, 39 ]
1474 / 10000: [ 0, 1, 0, 0, 0 ], [ 0, 716, 88, 39 ]
1475 / 10000: [ 0, 1, 0, 0, 0 ], [ 0, 716, 88, 39 ]
1476 / 10000: [ 0, 0, 0, 0, 0 ], [ 0, 716, 88, 39 ]
1477 / 10000: [ 0, 0, 0, 0, 0 ], [ 0, 716, 88, 39 ]
1478 / 10000: [ 0, 2, 0, 0, 0 ], [ 0, 717, 88, 39 ]
1479 / 10000: [ 0, 2, 0, 0, 0 ], [ 0, 718, 88, 39 ]
1480 / 10000: [ 0, 2, 0, 0, 0 ], [ 0, 719, 88, 39 ]
1481 / 10000: [ 0, 2, 0, 0, 0 ], [ 0, 720, 88, 39 ]
1482 / 10000: [ 0, 2, 0, 0, 0 ], [ 0, 721, 88, 39 ]
1483 / 10000: [ 0, 1, 0, 0, 0 ], [ 0, 721, 88, 39 ]
1484 / 10000: [ 0, 0, 0, 0, 0 ], [ 0, 721, 88, 39 ]
1485 / 10000: [ 0, 0, 0, 0, 0 ], [ 0, 721, 88, 39 ]
1486 / 10000: [ 0, 1, 0, 0, 0 ], [ 0, 721, 88, 39 ]
1487 / 10000: [ 0, 2, 0, 0, 0 ], [ 0, 722, 88, 39 ]
1488 / 10000: [ 0, 1, 1, 0, 0 ], [ 0, 722, 89, 39 ]
1489 / 10000: [ 0, 2, 0, 0, 0 ], [ 0, 723, 89, 39 ]
1490 / 10000: [ 0, 2, 0, 0, 0 ], [ 0, 724, 89, 39 ]
1491 / 10000: [ 0, 2, 0, 0, 0 ], [ 0, 725, 89, 39 ]
1492 / 10000: [ 0, 0, 0, 0, 0 ], [ 0, 725, 89, 39 ]
1493 / 10000: [ 0, 2, 0, 0, 0 ], [ 0, 726, 89, 39 ]
1494 / 10000: [ 0, 2, 0, 0, 0 ], [ 0, 727, 89, 39 ]
1495 / 10000: [ 0, 2, 0, 0, 0 ], [ 0, 728, 89, 39 ]
1496 / 10000: [ 0, 1, 1, 0, 0 ], [ 0, 728, 90, 39 ]
1497 / 10000: [ 0, 0, 0, 1, 0 ], [ 0, 728, 90, 39 ]
1498 / 10000: [ 0, 2, 0, 0, 0 ], [ 0, 729, 90, 39 ]
1499 / 10000: [ 0, 2, 0, 0, 0 ], [ 0, 730, 90, 39 ]
1500 / 10000: [ 0, 2, 0, 0, 0 ], [ 0, 731, 90, 39 ]
1501 / 10000: [ 0, 2, 0, 0, 0 ], [ 0, 732, 90, 39 ]
1502 / 10000: [ 0, 2, 0, 0, 0 ], [ 0, 733, 90, 39 ]
1503 / 10000: [ 0, 2, 0, 0, 0 ], [ 0, 734, 90, 39 ]
1504 / 10000: [ 0, 1, 0, 0, 0 ], [ 0, 734, 90, 39 ]
1505 / 10000: [ 0, 1, 0, 0, 0 ], [ 0, 734, 90, 39 ]
1506 / 10000: [ 0, 1, 0, 0, 0 ], [ 0, 734, 90, 39 ]
1507 / 10000: [ 0, 0, 0, 0, 0 ], [ 0, 734, 90, 39 ]
1508 / 10000: [ 0, 0, 0, 0, 0 ], [ 0, 734, 90, 39 ]
1509 / 10000: [ 0, 2, 0, 0, 0 ], [ 0, 735, 90, 39 ]
1510 / 10000: [ 0, 1, 1, 0, 0 ], [ 0, 735, 91, 39 ]
1511 / 10000: [ 0, 2, 0, 0, 0 ], [ 0, 736, 91, 39 ]
1512 / 10000: [ 0, 2, 0, 0, 0 ], [ 0, 737, 91, 39 ]
1513 / 10000: [ 0, 2, 0, 0, 0 ], [ 0, 738, 91, 39 ]
1514 / 10000: [ 0, 2, 0, 0, 0 ], [ 0, 739, 91, 39 ]
1515 / 10000: [ 0, 1, 1, 0, 0 ], [ 0, 739, 92, 39 ]
1516 / 10000: [ 0, 0, 0, 0, 0 ], [ 0, 739, 92, 39 ]
1517 / 10000: [ 0, 0, 0, 0, 0 ], [ 0, 739, 92, 39 ]
1518 / 10000: [ 0, 1, 0, 0, 0 ], [ 0, 739, 92, 39 ]
1519 / 10000: [ 0, 0, 0, 0, 0 ], [ 0, 739, 92, 39 ]
1520 / 10000: [ 0, 2, 0, 0, 0 ], [ 0, 740, 92, 39 ]
1521 / 10000: [ 0, 1, 1, 0, 0 ], [ 0, 740, 93, 39 ]
1522 / 10000: [ 0, 0, 0, 0, 0 ], [ 0, 740, 93, 39 ]
1523 / 10000: [ 0, 2, 0, 0, 0 ], [ 0, 741, 93, 39 ]
1524 / 10000: [ 0, 1, 0, 0, 0 ], [ 0, 741, 93, 39 ]
1525 / 10000: [ 0, 1, 0, 1, 0 ], [ 0, 741, 93, 40 ]
1526 / 10000: [ 0, 1, 0, 1, 0 ], [ 0, 741, 93, 41 ]
1527 / 10000: [ 0, 1, 1, 0, 0 ], [ 0, 741, 94, 41 ]
1528 / 10000: [ 0, 0, 0, 0, 0 ], [ 0, 741, 94, 41 ]
1529 / 10000: [ 0, 0, 0, 0, 0 ], [ 0, 741, 94, 41 ]
1530 / 10000: [ 0, 1, 0, 0, 0 ], [ 0, 741, 94, 41 ]
1531 / 10000: [ 0, 0, 1, 0, 0 ], [ 0, 741, 94, 41 ]
1532 / 10000: [ 0, 2, 0, 0, 0 ], [ 0, 742, 94, 41 ]
1533 / 10000: [ 0, 2, 0, 0, 0 ], [ 0, 743, 94, 41 ]
1534 / 10000: [ 0, 2, 0, 0, 0 ], [ 0, 744, 94, 41 ]
1535 / 10000: [ 0, 0, 0, 0, 0 ], [ 0, 744, 94, 41 ]
1536 / 10000: [ 0, 1, 0, 0, 0 ], [ 0, 744, 94, 41 ]
1537 / 10000: [ 0, 1, 0, 0, 0 ], [ 0, 744, 94, 41 ]
1538 / 10000: [ 0, 2, 0, 0, 0 ], [ 0, 745, 94, 41 ]
1539 / 10000: [ 0, 0, 0, 0, 0 ], [ 0, 745, 94, 41 ]
1540 / 10000: [ 0, 0, 0, 0, 0 ], [ 0, 745, 94, 41 ]
1541 / 10000: [ 0, 1, 0, 0, 0 ], [ 0, 745, 94, 41 ]
1542 / 10000: [ 0, 0, 0, 0, 0 ], [ 0, 745, 94, 41 ]
1543 / 10000: [ 0, 0, 0, 0, 0 ], [ 0, 745, 94, 41 ]
1544 / 10000: [ 0, 0, 0, 0, 0 ], [ 0, 745, 94, 41 ]
1545 / 10000: [ 0, 0, 0, 0, 0 ], [ 0, 745, 94, 41 ]
1546 / 10000: [ 0, 1, 0, 0, 0 ], [ 0, 745, 94, 41 ]
1547 / 10000: [ 0, 1, 0, 0, 0 ], [ 0, 745, 94, 41 ]
1548 / 10000: [ 0, 1, 1, 0, 0 ], [ 0, 745, 95, 41 ]
1549 / 10000: [ 0, 2, 0, 0, 0 ], [ 0, 746, 95, 41 ]
1550 / 10000: [ 0, 2, 0, 0, 0 ], [ 0, 747, 95, 41 ]
1551 / 10000: [ 0, 0, 0, 0, 0 ], [ 0, 747, 95, 41 ]
1552 / 10000: [ 0, 1, 0, 0, 0 ], [ 0, 747, 95, 41 ]
1553 / 10000: [ 0, 2, 0, 0, 0 ], [ 0, 748, 95, 41 ]
1554 / 10000: [ 0, 1, 0, 0, 0 ], [ 0, 748, 95, 41 ]
1555 / 10000: [ 0, 1, 0, 0, 0 ], [ 0, 748, 95, 41 ]
1556 / 10000: [ 0, 0, 0, 0, 0 ], [ 0, 748, 95, 41 ]
1557 / 10000: [ 0, 2, 0, 0, 0 ], [ 0, 749, 95, 41 ]
1558 / 10000: [ 0, 1, 0, 0, 0 ], [ 0, 749, 95, 41 ]
1559 / 10000: [ 0, 1, 1, 0, 0 ], [ 0, 749, 96, 41 ]
1560 / 10000: [ 0, 1, 0, 0, 0 ], [ 0, 749, 96, 41 ]
1561 / 10000: [ 0, 1, 0, 0, 0 ], [ 0, 749, 96, 41 ]
1562 / 10000: [ 0, 1, 0, 0, 0 ], [ 0, 749, 96, 41 ]
1563 / 10000: [ 0, 0, 0, 0, 0 ], [ 0, 749, 96, 41 ]
1564 / 10000: [ 0, 0, 0, 0, 0 ], [ 0, 749, 96, 41 ]
1565 / 10000: [ 0, 1, 0, 0, 0 ], [ 0, 749, 96, 41 ]
1566 / 10000: [ 0, 0, 0, 0, 0 ], [ 0, 749, 96, 41 ]
1567 / 10000: [ 0, 1, 0, 0, 0 ], [ 0, 749, 96, 41 ]
1568 / 10000: [ 0, 2, 0, 0, 0 ], [ 0, 750, 96, 41 ]
1569 / 10000: [ 0, 1, 0, 0, 0 ], [ 0, 750, 96, 41 ]
1570 / 10000: [ 0, 1, 0, 0, 0 ], [ 0, 750, 96, 41 ]
1571 / 10000: [ 0, 0, 0, 0, 0 ], [ 0, 750, 96, 41 ]
1572 / 10000: [ 0, 0, 0, 0, 0 ], [ 0, 750, 96, 41 ]
1573 / 10000: [ 0, 0, 0, 0, 0 ], [ 0, 750, 96, 41 ]
1574 / 10000: [ 0, 2, 0, 0, 0 ], [ 0, 751, 96, 41 ]
1575 / 10000: [ 0, 0, 0, 0, 0 ], [ 0, 751, 96, 41 ]
1576 / 10000: [ 0, 0, 0, 0, 0 ], [ 0, 751, 96, 41 ]
1577 / 10000: [ 0, 0, 0, 0, 0 ], [ 0, 751, 96, 41 ]
1578 / 10000: [ 0, 1, 0, 0, 0 ], [ 0, 751, 96, 41 ]
1579 / 10000: [ 0, 1, 0, 0, 0 ], [ 0, 751, 96, 41 ]
1580 / 10000: [ 0, 0, 0, 0, 0 ], [ 0, 751, 96, 41 ]
1581 / 10000: [ 0, 0, 0, 0, 0 ], [ 0, 751, 96, 41 ]
1582 / 10000: [ 0, 0, 0, 0, 0 ], [ 0, 751, 96, 41 ]
1583 / 10000: [ 0, 2, 0, 0, 0 ], [ 0, 752, 96, 41 ]
1584 / 10000: [ 0, 1, 0, 0, 0 ], [ 0, 752, 96, 41 ]
1585 / 10000: [ 0, 0, 0, 1, 0 ], [ 0, 752, 96, 41 ]
1586 / 10000: [ 0, 0, 0, 0, 0 ], [ 0, 752, 96, 41 ]
1587 / 10000: [ 0, 0, 0, 0, 0 ], [ 0, 752, 96, 41 ]
1588 / 10000: [ 0, 0, 0, 0, 0 ], [ 0, 752, 96, 41 ]
1589 / 10000: [ 0, 2, 0, 0, 0 ], [ 0, 753, 96, 41 ]
1590 / 10000: [ 0, 0, 0, 0, 0 ], [ 0, 753, 96, 41 ]
1591 / 10000: [ 0, 2, 0, 0, 0 ], [ 0, 754, 96, 41 ]
1592 / 10000: [ 0, 1, 0, 0, 0 ], [ 0, 754, 96, 41 ]
1593 / 10000: [ 0, 1, 1, 0, 0 ], [ 0, 754, 97, 41 ]
1594 / 10000: [ 0, 1, 0, 0, 0 ], [ 0, 754, 97, 41 ]
1595 / 10000: [ 0, 0, 0, 0, 0 ], [ 0, 754, 97, 41 ]
1596 / 10000: [ 0, 1, 1, 0, 0 ], [ 0, 754, 98, 41 ]
1597 / 10000: [ 0, 0, 0, 0, 0 ], [ 0, 754, 98, 41 ]
1598 / 10000: [ 0, 1, 0, 0, 0 ], [ 0, 754, 98, 41 ]
1599 / 10000: [ 0, 0, 0, 0, 0 ], [ 0, 754, 98, 41 ]
1600 / 10000: [ 0, 0, 0, 0, 0 ], [ 0, 754, 98, 41 ]
1601 / 10000: [ 0, 2, 0, 0, 0 ], [ 0, 755, 98, 41 ]
1602 / 10000: [ 0, 1, 0, 0, 0 ], [ 0, 755, 98, 41 ]
1603 / 10000: [ 0, 0, 0, 0, 0 ], [ 0, 755, 98, 41 ]
1604 / 10000: [ 0, 1, 0, 0, 0 ], [ 0, 755, 98, 41 ]
1605 / 10000: [ 0, 1, 0, 0, 0 ], [ 0, 755, 98, 41 ]
1606 / 10000: [ 0, 2, 0, 0, 0 ], [ 0, 756, 98, 41 ]
1607 / 10000: [ 0, 2, 0, 0, 0 ], [ 0, 757, 98, 41 ]
1608 / 10000: [ 0, 1, 0, 0, 0 ], [ 0, 757, 98, 41 ]
1609 / 10000: [ 0, 0, 0, 0, 0 ], [ 0, 757, 98, 41 ]
1610 / 10000: [ 0, 0, 0, 0, 0 ], [ 0, 757, 98, 41 ]
1611 / 10000: [ 0, 0, 0, 0, 0 ], [ 0, 757, 98, 41 ]
1612 / 10000: [ 0, 0, 0, 0, 0 ], [ 0, 757, 98, 41 ]
1613 / 10000: [ 0, 2, 0, 0, 0 ], [ 0, 758, 98, 41 ]
1614 / 10000: [ 0, 0, 0, 0, 0 ], [ 0, 758, 98, 41 ]
1615 / 10000: [ 0, 0, 0, 0, 0 ], [ 0, 758, 98, 41 ]
1616 / 10000: [ 0, 0, 0, 0, 0 ], [ 0, 758, 98, 41 ]
1617 / 10000: [ 0, 0, 0, 0, 0 ], [ 0, 758, 98, 41 ]
1618 / 10000: [ 0, 1, 0, 0, 0 ], [ 0, 758, 98, 41 ]
1619 / 10000: [ 0, 0, 0, 0, 0 ], [ 0, 758, 98, 41 ]
1620 / 10000: [ 0, 1, 0, 0, 0 ], [ 0, 758, 98, 41 ]
1621 / 10000: [ 0, 2, 0, 0, 0 ], [ 0, 759, 98, 41 ]
1622 / 10000: [ 0, 1, 0, 0, 0 ], [ 0, 759, 98, 41 ]
1623 / 10000: [ 0, 0, 0, 0, 0 ], [ 0, 759, 98, 41 ]
1624 / 10000: [ 0, 2, 0, 0, 0 ], [ 0, 760, 98, 41 ]
1625 / 10000: [ 0, 1, 0, 0, 0 ], [ 0, 760, 98, 41 ]
1626 / 10000: [ 0, 0, 0, 1, 0 ], [ 0, 760, 98, 41 ]
1627 / 10000: [ 0, 1, 0, 0, 0 ], [ 0, 760, 98, 41 ]
1628 / 10000: [ 0, 1, 0, 0, 0 ], [ 0, 760, 98, 41 ]
1629 / 10000: [ 0, 1, 0, 0, 0 ], [ 0, 760, 98, 41 ]
1630 / 10000: [ 0, 1, 0, 0, 0 ], [ 0, 760, 98, 41 ]
1631 / 10000: [ 0, 0, 0, 0, 0 ], [ 0, 760, 98, 41 ]
1632 / 10000: [ 0, 1, 0, 0, 0 ], [ 0, 760, 98, 41 ]
1633 / 10000: [ 0, 0, 1, 0, 0 ], [ 0, 760, 98, 41 ]
1634 / 10000: [ 0, 2, 0, 0, 0 ], [ 0, 761, 98, 41 ]
1635 / 10000: [ 0, 0, 0, 0, 0 ], [ 0, 761, 98, 41 ]
1636 / 10000: [ 0, 1, 0, 0, 0 ], [ 0, 761, 98, 41 ]
1637 / 10000: [ 0, 2, 0, 0, 0 ], [ 0, 762, 98, 41 ]
1638 / 10000: [ 0, 0, 0, 0, 0 ], [ 0, 762, 98, 41 ]
1639 / 10000: [ 0, 0, 1, 0, 0 ], [ 0, 762, 98, 41 ]
1640 / 10000: [ 0, 1, 0, 0, 0 ], [ 0, 762, 98, 41 ]
1641 / 10000: [ 0, 0, 0, 0, 0 ], [ 0, 762, 98, 41 ]
1642 / 10000: [ 0, 0, 0, 0, 0 ], [ 0, 762, 98, 41 ]
1643 / 10000: [ 0, 0, 0, 0, 0 ], [ 0, 762, 98, 41 ]
1644 / 10000: [ 0, 0, 0, 0, 0 ], [ 0, 762, 98, 41 ]
1645 / 10000: [ 0, 0, 0, 0, 0 ], [ 0, 762, 98, 41 ]
1646 / 10000: [ 0, 1, 0, 0, 0 ], [ 0, 762, 98, 41 ]
1647 / 10000: [ 0, 1, 0, 0, 0 ], [ 0, 762, 98, 41 ]
1648 / 10000: [ 0, 0, 0, 0, 0 ], [ 0, 762, 98, 41 ]
1649 / 10000: [ 0, 1, 0, 0, 0 ], [ 0, 762, 98, 41 ]
1650 / 10000: [ 0, 2, 0, 0, 0 ], [ 0, 763, 98, 41 ]
1651 / 10000: [ 0, 0, 0, 0, 0 ], [ 0, 763, 98, 41 ]
1652 / 10000: [ 0, 0, 0, 0, 0 ], [ 0, 763, 98, 41 ]
1653 / 10000: [ 0, 1, 1, 0, 0 ], [ 0, 763, 99, 41 ]
1654 / 10000: [ 0, 2, 0, 0, 0 ], [ 0, 764, 99, 41 ]
1655 / 10000: [ 0, 0, 0, 0, 0 ], [ 0, 764, 99, 41 ]
1656 / 10000: [ 0, 1, 0, 0, 0 ], [ 0, 764, 99, 41 ]
1657 / 10000: [ 0, 0, 0, 0, 0 ], [ 0, 764, 99, 41 ]
1658 / 10000: [ 0, 1, 0, 0, 0 ], [ 0, 764, 99, 41 ]
1659 / 10000: [ 0, 1, 0, 0, 0 ], [ 0, 764, 99, 41 ]
1660 / 10000: [ 0, 1, 0, 0, 0 ], [ 0, 764, 99, 41 ]
1661 / 10000: [ 0, 0, 0, 0, 0 ], [ 0, 764, 99, 41 ]
1662 / 10000: [ 0, 0, 0, 0, 0 ], [ 0, 764, 99, 41 ]
1663 / 10000: [ 0, 2, 0, 0, 0 ], [ 0, 765, 99, 41 ]
1664 / 10000: [ 0, 1, 0, 0, 0 ], [ 0, 765, 99, 41 ]
1665 / 10000: [ 0, 0, 0, 0, 0 ], [ 0, 765, 99, 41 ]
1666 / 10000: [ 0, 1, 0, 0, 0 ], [ 0, 765, 99, 41 ]
1667 / 10000: [ 0, 0, 0, 0, 0 ], [ 0, 765, 99, 41 ]
1668 / 10000: [ 0, 0, 1, 0, 0 ], [ 0, 765, 99, 41 ]
1669 / 10000: [ 0, 0, 0, 0, 0 ], [ 0, 765, 99, 41 ]
1670 / 10000: [ 0, 0, 0, 0, 0 ], [ 0, 765, 99, 41 ]
1671 / 10000: [ 0, 0, 1, 0, 0 ], [ 0, 765, 99, 41 ]
1672 / 10000: [ 0, 0, 0, 0, 0 ], [ 0, 765, 99, 41 ]
1673 / 10000: [ 0, 1, 0, 0, 0 ], [ 0, 765, 99, 41 ]
1674 / 10000: [ 0, 1, 0, 0, 0 ], [ 0, 765, 99, 41 ]
1675 / 10000: [ 0, 0, 0, 0, 0 ], [ 0, 765, 99, 41 ]
1676 / 10000: [ 0, 0, 0, 0, 0 ], [ 0, 765, 99, 41 ]
1677 / 10000: [ 0, 0, 0, 0, 0 ], [ 0, 765, 99, 41 ]
1678 / 10000: [ 0, 0, 0, 0, 0 ], [ 0, 765, 99, 41 ]
1679 / 10000: [ 0, 0, 0, 0, 0 ], [ 0, 765, 99, 41 ]
1680 / 10000: [ 0, 0, 0, 0, 0 ], [ 0, 765, 99, 41 ]
1681 / 10000: [ 0, 0, 0, 0, 0 ], [ 0, 765, 99, 41 ]
1682 / 10000: [ 0, 0, 0, 0, 0 ], [ 0, 765, 99, 41 ]
1683 / 10000: [ 0, 0, 0, 0, 0 ], [ 0, 765, 99, 41 ]
1684 / 10000: [ 0, 0, 0, 0, 0 ], [ 0, 765, 99, 41 ]
1685 / 10000: [ 0, 1, 0, 0, 0 ], [ 0, 765, 99, 41 ]
1686 / 10000: [ 0, 1, 0, 0, 0 ], [ 0, 765, 99, 41 ]
1687 / 10000: [ 0, 0, 0, 0, 0 ], [ 0, 765, 99, 41 ]
1688 / 10000: [ 0, 0, 0, 0, 0 ], [ 0, 765, 99, 41 ]
1689 / 10000: [ 0, 0, 0, 0, 0 ], [ 0, 765, 99, 41 ]
1690 / 10000: [ 0, 1, 0, 0, 0 ], [ 0, 765, 99, 41 ]
1691 / 10000: [ 0, 0, 0, 0, 0 ], [ 0, 765, 99, 41 ]
1692 / 10000: [ 0, 1, 0, 0, 0 ], [ 0, 765, 99, 41 ]
1693 / 10000: [ 0, 1, 0, 0, 0 ], [ 0, 765, 99, 41 ]
1694 / 10000: [ 0, 1, 0, 0, 0 ], [ 0, 765, 99, 41 ]
1695 / 10000: [ 0, 2, 0, 0, 0 ], [ 0, 766, 99, 41 ]
1696 / 10000: [ 0, 0, 1, 0, 0 ], [ 0, 766, 99, 41 ]
1697 / 10000: [ 0, 0, 0, 0, 0 ], [ 0, 766, 99, 41 ]
1698 / 10000: [ 0, 0, 0, 0, 0 ], [ 0, 766, 99, 41 ]
1699 / 10000: [ 0, 0, 0, 0, 0 ], [ 0, 766, 99, 41 ]
1700 / 10000: [ 0, 1, 0, 0, 0 ], [ 0, 766, 99, 41 ]
1701 / 10000: [ 0, 2, 0, 0, 0 ], [ 0, 767, 99, 41 ]
1702 / 10000: [ 0, 1, 0, 0, 0 ], [ 0, 767, 99, 41 ]
1703 / 10000: [ 0, 1, 0, 0, 0 ], [ 0, 767, 99, 41 ]
1704 / 10000: [ 0, 1, 0, 0, 0 ], [ 0, 767, 99, 41 ]
1705 / 10000: [ 0, 1, 0, 0, 0 ], [ 0, 767, 99, 41 ]
1706 / 10000: [ 0, 2, 0, 0, 0 ], [ 0, 768, 99, 41 ]
1707 / 10000: [ 0, 2, 0, 0, 0 ], [ 0, 769, 99, 41 ]
1708 / 10000: [ 0, 0, 0, 0, 0 ], [ 0, 769, 99, 41 ]
1709 / 10000: [ 0, 2, 0, 0, 0 ], [ 0, 770, 99, 41 ]
1710 / 10000: [ 0, 0, 1, 0, 0 ], [ 0, 770, 99, 41 ]
1711 / 10000: [ 0, 2, 0, 0, 0 ], [ 0, 771, 99, 41 ]
1712 / 10000: [ 0, 2, 0, 0, 0 ], [ 0, 772, 99, 41 ]
1713 / 10000: [ 0, 2, 0, 0, 0 ], [ 0, 773, 99, 41 ]
1714 / 10000: [ 0, 2, 0, 0, 0 ], [ 0, 774, 99, 41 ]
1715 / 10000: [ 0, 1, 0, 0, 0 ], [ 0, 774, 99, 41 ]
1716 / 10000: [ 0, 0, 0, 0, 0 ], [ 0, 774, 99, 41 ]
1717 / 10000: [ 0, 0, 0, 0, 0 ], [ 0, 774, 99, 41 ]
1718 / 10000: [ 0, 2, 0, 0, 0 ], [ 0, 775, 99, 41 ]
1719 / 10000: [ 0, 1, 0, 0, 0 ], [ 0, 775, 99, 41 ]
1720 / 10000: [ 0, 0, 0, 0, 0 ], [ 0, 775, 99, 41 ]
1721 / 10000: [ 0, 0, 0, 0, 0 ], [ 0, 775, 99, 41 ]
1722 / 10000: [ 0, 1, 0, 0, 0 ], [ 0, 775, 99, 41 ]
1723 / 10000: [ 0, 1, 0, 0, 0 ], [ 0, 775, 99, 41 ]
1724 / 10000: [ 0, 2, 0, 0, 0 ], [ 0, 776, 99, 41 ]
1725 / 10000: [ 0, 2, 0, 0, 0 ], [ 0, 777, 99, 41 ]
1726 / 10000: [ 0, 0, 0, 2, 0 ], [ 0, 777, 99, 42 ]
1727 / 10000: [ 0, 1, 0, 0, 0 ], [ 0, 777, 99, 42 ]
1728 / 10000: [ 0, 1, 0, 0, 0 ], [ 0, 777, 99, 42 ]
1729 / 10000: [ 0, 0, 1, 0, 0 ], [ 0, 777, 99, 42 ]
1730 / 10000: [ 0, 1, 1, 0, 0 ], [ 0, 777, 100, 42 ]
1731 / 10000: [ 0, 0, 0, 0, 0 ], [ 0, 777, 100, 42 ]
1732 / 10000: [ 0, 2, 0, 0, 0 ], [ 0, 778, 100, 42 ]
1733 / 10000: [ 0, 2, 0, 0, 0 ], [ 0, 779, 100, 42 ]
1734 / 10000: [ 0, 2, 0, 0, 0 ], [ 0, 780, 100, 42 ]
1735 / 10000: [ 0, 0, 1, 0, 0 ], [ 0, 780, 100, 42 ]
1736 / 10000: [ 0, 1, 0, 0, 0 ], [ 0, 780, 100, 42 ]
1737 / 10000: [ 0, 2, 0, 0, 0 ], [ 0, 781, 100, 42 ]
1738 / 10000: [ 0, 0, 0, 0, 0 ], [ 0, 781, 100, 42 ]
1739 / 10000: [ 0, 0, 0, 0, 0 ], [ 0, 781, 100, 42 ]
1740 / 10000: [ 0, 0, 0, 0, 0 ], [ 0, 781, 100, 42 ]
1741 / 10000: [ 0, 1, 0, 0, 0 ], [ 0, 781, 100, 42 ]
1742 / 10000: [ 0, 1, 0, 0, 0 ], [ 0, 781, 100, 42 ]
1743 / 10000: [ 0, 2, 0, 0, 0 ], [ 0, 782, 100, 42 ]
1744 / 10000: [ 0, 0, 1, 0, 0 ], [ 0, 782, 100, 42 ]
1745 / 10000: [ 0, 2, 0, 0, 0 ], [ 0, 783, 100, 42 ]
1746 / 10000: [ 0, 1, 0, 0, 0 ], [ 0, 783, 100, 42 ]
1747 / 10000: [ 0, 1, 0, 0, 0 ], [ 0, 783, 100, 42 ]
1748 / 10000: [ 0, 0, 0, 0, 0 ], [ 0, 783, 100, 42 ]
1749 / 10000: [ 0, 2, 0, 0, 0 ], [ 0, 784, 100, 42 ]
1750 / 10000: [ 0, 2, 0, 0, 0 ], [ 0, 785, 100, 42 ]
1751 / 10000: [ 0, 0, 1, 0, 0 ], [ 0, 785, 100, 42 ]
1752 / 10000: [ 0, 0, 1, 0, 0 ], [ 0, 785, 100, 42 ]
1753 / 10000: [ 0, 0, 0, 0, 0 ], [ 0, 785, 100, 42 ]
1754 / 10000: [ 0, 2, 0, 0, 0 ], [ 0, 786, 100, 42 ]
1755 / 10000: [ 0, 0, 0, 0, 0 ], [ 0, 786, 100, 42 ]
1756 / 10000: [ 0, 1, 0, 0, 0 ], [ 0, 786, 100, 42 ]
1757 / 10000: [ 0, 0, 0, 0, 0 ], [ 0, 786, 100, 42 ]
1758 / 10000: [ 0, 2, 0, 0, 0 ], [ 0, 787, 100, 42 ]
1759 / 10000: [ 0, 1, 0, 0, 0 ], [ 0, 787, 100, 42 ]
1760 / 10000: [ 0, 1, 0, 1, 0 ], [ 0, 787, 100, 43 ]
1761 / 10000: [ 0, 2, 0, 0, 0 ], [ 0, 788, 100, 43 ]
1762 / 10000: [ 0, 1, 0, 0, 0 ], [ 0, 788, 100, 43 ]
1763 / 10000: [ 0, 0, 0, 0, 0 ], [ 0, 788, 100, 43 ]
1764 / 10000: [ 0, 1, 0, 0, 0 ], [ 0, 788, 100, 43 ]
1765 / 10000: [ 0, 0, 0, 0, 0 ], [ 0, 788, 100, 43 ]
1766 / 10000: [ 0, 1, 0, 0, 0 ], [ 0, 788, 100, 43 ]
1767 / 10000: [ 0, 0, 0, 0, 0 ], [ 0, 788, 100, 43 ]
1768 / 10000: [ 0, 2, 0, 0, 0 ], [ 0, 789, 100, 43 ]
1769 / 10000: [ 0, 1, 0, 0, 0 ], [ 0, 789, 100, 43 ]
1770 / 10000: [ 0, 2, 0, 0, 0 ], [ 0, 790, 100, 43 ]
1771 / 10000: [ 0, 1, 0, 0, 0 ], [ 0, 790, 100, 43 ]
1772 / 10000: [ 0, 2, 0, 0, 0 ], [ 0, 791, 100, 43 ]
1773 / 10000: [ 0, 1, 0, 0, 0 ], [ 0, 791, 100, 43 ]
1774 / 10000: [ 0, 2, 0, 0, 0 ], [ 0, 792, 100, 43 ]
1775 / 10000: [ 0, 0, 0, 0, 0 ], [ 0, 792, 100, 43 ]
1776 / 10000: [ 0, 0, 0, 0, 0 ], [ 0, 792, 100, 43 ]
1777 / 10000: [ 0, 1, 0, 0, 0 ], [ 0, 792, 100, 43 ]
1778 / 10000: [ 0, 0, 0, 0, 0 ], [ 0, 792, 100, 43 ]
1779 / 10000: [ 0, 1, 1, 0, 0 ], [ 0, 792, 101, 43 ]
1780 / 10000: [ 0, 0, 0, 0, 0 ], [ 0, 792, 101, 43 ]
1781 / 10000: [ 0, 0, 0, 0, 0 ], [ 0, 792, 101, 43 ]
1782 / 10000: [ 0, 0, 0, 0, 0 ], [ 0, 792, 101, 43 ]
1783 / 10000: [ 0, 2, 0, 0, 0 ], [ 0, 793, 101, 43 ]
1784 / 10000: [ 0, 1, 0, 0, 0 ], [ 0, 793, 101, 43 ]
1785 / 10000: [ 0, 1, 0, 0, 0 ], [ 0, 793, 101, 43 ]
1786 / 10000: [ 0, 1, 0, 0, 0 ], [ 0, 793, 101, 43 ]
1787 / 10000: [ 0, 1, 1, 0, 0 ], [ 0, 793, 102, 43 ]
1788 / 10000: [ 0, 0, 0, 0, 0 ], [ 0, 793, 102, 43 ]
1789 / 10000: [ 0, 0, 0, 0, 0 ], [ 0, 793, 102, 43 ]
1790 / 10000: [ 0, 1, 0, 0, 0 ], [ 0, 793, 102, 43 ]
1791 / 10000: [ 0, 2, 0, 0, 0 ], [ 0, 794, 102, 43 ]
1792 / 10000: [ 0, 1, 0, 0, 0 ], [ 0, 794, 102, 43 ]
1793 / 10000: [ 0, 1, 0, 0, 0 ], [ 0, 794, 102, 43 ]
1794 / 10000: [ 0, 2, 0, 0, 0 ], [ 0, 795, 102, 43 ]
1795 / 10000: [ 0, 2, 0, 0, 0 ], [ 0, 796, 102, 43 ]
1796 / 10000: [ 0, 2, 0, 0, 0 ], [ 0, 797, 102, 43 ]
1797 / 10000: [ 0, 0, 0, 1, 0 ], [ 0, 797, 102, 43 ]
1798 / 10000: [ 0, 0, 0, 0, 0 ], [ 0, 797, 102, 43 ]
1799 / 10000: [ 0, 0, 0, 0, 0 ], [ 0, 797, 102, 43 ]
1800 / 10000: [ 0, 1, 0, 0, 0 ], [ 0, 797, 102, 43 ]
1801 / 10000: [ 0, 2, 0, 0, 0 ], [ 0, 798, 102, 43 ]
1802 / 10000: [ 0, 2, 0, 0, 0 ], [ 0, 799, 102, 43 ]
1803 / 10000: [ 0, 2, 0, 0, 0 ], [ 0, 800, 102, 43 ]
1804 / 10000: [ 0, 0, 0, 0, 0 ], [ 0, 800, 102, 43 ]
1805 / 10000: [ 0, 2, 0, 0, 0 ], [ 0, 801, 102, 43 ]
1806 / 10000: [ 0, 2, 0, 0, 0 ], [ 0, 802, 102, 43 ]
1807 / 10000: [ 0, 0, 0, 0, 0 ], [ 0, 802, 102, 43 ]
1808 / 10000: [ 0, 2, 0, 0, 0 ], [ 0, 803, 102, 43 ]
1809 / 10000: [ 0, 2, 0, 0, 0 ], [ 0, 804, 102, 43 ]
1810 / 10000: [ 0, 1, 1, 0, 0 ], [ 0, 804, 103, 43 ]
1811 / 10000: [ 0, 2, 0, 0, 0 ], [ 0, 805, 103, 43 ]
1812 / 10000: [ 0, 2, 0, 0, 0 ], [ 0, 806, 103, 43 ]
1813 / 10000: [ 0, 2, 0, 0, 0 ], [ 0, 807, 103, 43 ]
1814 / 10000: [ 0, 2, 0, 0, 0 ], [ 0, 808, 103, 43 ]
1815 / 10000: [ 0, 2, 0, 0, 0 ], [ 0, 809, 103, 43 ]
1816 / 10000: [ 0, 0, 0, 0, 0 ], [ 0, 809, 103, 43 ]
1817 / 10000: [ 0, 1, 0, 0, 0 ], [ 0, 809, 103, 43 ]
1818 / 10000: [ 0, 1, 0, 0, 0 ], [ 0, 809, 103, 43 ]
1819 / 10000: [ 0, 0, 0, 0, 0 ], [ 0, 809, 103, 43 ]
1820 / 10000: [ 0, 2, 0, 0, 0 ], [ 0, 810, 103, 43 ]
1821 / 10000: [ 0, 1, 0, 0, 0 ], [ 0, 810, 103, 43 ]
1822 / 10000: [ 0, 1, 0, 0, 0 ], [ 0, 810, 103, 43 ]
1823 / 10000: [ 0, 2, 0, 0, 0 ], [ 0, 811, 103, 43 ]
1824 / 10000: [ 0, 2, 0, 0, 0 ], [ 0, 812, 103, 43 ]
1825 / 10000: [ 0, 1, 0, 1, 0 ], [ 0, 812, 103, 44 ]
1826 / 10000: [ 0, 1, 1, 0, 0 ], [ 0, 812, 104, 44 ]
1827 / 10000: [ 0, 2, 0, 0, 0 ], [ 0, 813, 104, 44 ]
1828 / 10000: [ 0, 0, 1, 0, 0 ], [ 0, 813, 104, 44 ]
1829 / 10000: [ 0, 0, 1, 0, 0 ], [ 0, 813, 104, 44 ]
1830 / 10000: [ 0, 1, 0, 0, 0 ], [ 0, 813, 104, 44 ]
1831 / 10000: [ 0, 1, 1, 0, 0 ], [ 0, 813, 105, 44 ]
1832 / 10000: [ 0, 0, 0, 0, 0 ], [ 0, 813, 105, 44 ]
1833 / 10000: [ 0, 2, 0, 0, 0 ], [ 0, 814, 105, 44 ]
1834 / 10000: [ 0, 2, 0, 0, 0 ], [ 0, 815, 105, 44 ]
1835 / 10000: [ 0, 0, 1, 0, 0 ], [ 0, 815, 105, 44 ]
1836 / 10000: [ 0, 1, 0, 0, 0 ], [ 0, 815, 105, 44 ]
1837 / 10000: [ 0, 2, 0, 0, 0 ], [ 0, 816, 105, 44 ]
1838 / 10000: [ 0, 1, 0, 0, 0 ], [ 0, 816, 105, 44 ]
1839 / 10000: [ 0, 1, 0, 0, 0 ], [ 0, 816, 105, 44 ]
1840 / 10000: [ 0, 1, 0, 0, 0 ], [ 0, 816, 105, 44 ]
1841 / 10000: [ 0, 2, 0, 0, 0 ], [ 0, 817, 105, 44 ]
1842 / 10000: [ 0, 0, 0, 0, 0 ], [ 0, 817, 105, 44 ]
1843 / 10000: [ 0, 1, 0, 0, 0 ], [ 0, 817, 105, 44 ]
1844 / 10000: [ 0, 0, 0, 0, 0 ], [ 0, 817, 105, 44 ]
1845 / 10000: [ 0, 0, 0, 0, 0 ], [ 0, 817, 105, 44 ]
1846 / 10000: [ 0, 2, 0, 0, 0 ], [ 0, 818, 105, 44 ]
1847 / 10000: [ 0, 2, 0, 0, 0 ], [ 0, 819, 105, 44 ]
1848 / 10000: [ 0, 1, 0, 0, 0 ], [ 0, 819, 105, 44 ]
1849 / 10000: [ 0, 2, 0, 0, 0 ], [ 0, 820, 105, 44 ]
1850 / 10000: [ 0, 2, 0, 0, 0 ], [ 0, 821, 105, 44 ]
1851 / 10000: [ 0, 0, 0, 0, 0 ], [ 0, 821, 105, 44 ]
1852 / 10000: [ 0, 1, 0, 0, 0 ], [ 0, 821, 105, 44 ]
1853 / 10000: [ 0, 2, 0, 0, 0 ], [ 0, 822, 105, 44 ]
1854 / 10000: [ 0, 2, 0, 0, 0 ], [ 0, 823, 105, 44 ]
1855 / 10000: [ 0, 1, 0, 0, 0 ], [ 0, 823, 105, 44 ]
1856 / 10000: [ 0, 0, 0, 0, 0 ], [ 0, 823, 105, 44 ]
1857 / 10000: [ 0, 2, 0, 0, 0 ], [ 0, 824, 105, 44 ]
1858 / 10000: [ 0, 2, 0, 0, 0 ], [ 0, 825, 105, 44 ]
1859 / 10000: [ 0, 1, 0, 0, 0 ], [ 0, 825, 105, 44 ]
1860 / 10000: [ 0, 0, 0, 0, 0 ], [ 0, 825, 105, 44 ]
1861 / 10000: [ 0, 1, 1, 0, 0 ], [ 0, 825, 106, 44 ]
1862 / 10000: [ 0, 2, 0, 0, 0 ], [ 0, 826, 106, 44 ]
1863 / 10000: [ 0, 2, 0, 0, 0 ], [ 0, 827, 106, 44 ]
1864 / 10000: [ 0, 0, 0, 0, 0 ], [ 0, 827, 106, 44 ]
1865 / 10000: [ 0, 1, 0, 0, 0 ], [ 0, 827, 106, 44 ]
1866 / 10000: [ 0, 0, 0, 0, 0 ], [ 0, 827, 106, 44 ]
1867 / 10000: [ 0, 0, 0, 0, 0 ], [ 0, 827, 106, 44 ]
1868 / 10000: [ 0, 2, 0, 0, 0 ], [ 0, 828, 106, 44 ]
1869 / 10000: [ 0, 2, 0, 0, 0 ], [ 0, 829, 106, 44 ]
1870 / 10000: [ 0, 2, 0, 0, 0 ], [ 0, 830, 106, 44 ]
1871 / 10000: [ 0, 0, 0, 0, 0 ], [ 0, 830, 106, 44 ]
1872 / 10000: [ 0, 1, 0, 0, 0 ], [ 0, 830, 106, 44 ]
1873 / 10000: [ 0, 0, 0, 0, 0 ], [ 0, 830, 106, 44 ]
1874 / 10000: [ 0, 1, 0, 0, 0 ], [ 0, 830, 106, 44 ]
1875 / 10000: [ 0, 0, 0, 0, 0 ], [ 0, 830, 106, 44 ]
1876 / 10000: [ 0, 0, 0, 0, 0 ], [ 0, 830, 106, 44 ]
1877 / 10000: [ 0, 0, 0, 0, 0 ], [ 0, 830, 106, 44 ]
1878 / 10000: [ 0, 0, 0, 0, 0 ], [ 0, 830, 106, 44 ]
1879 / 10000: [ 0, 1, 1, 0, 0 ], [ 0, 830, 107, 44 ]
1880 / 10000: [ 0, 0, 0, 0, 0 ], [ 0, 830, 107, 44 ]
1881 / 10000: [ 0, 0, 1, 0, 0 ], [ 0, 830, 107, 44 ]
1882 / 10000: [ 0, 0, 0, 0, 0 ], [ 0, 830, 107, 44 ]
1883 / 10000: [ 0, 1, 0, 0, 0 ], [ 0, 830, 107, 44 ]
1884 / 10000: [ 0, 1, 0, 0, 0 ], [ 0, 830, 107, 44 ]
1885 / 10000: [ 0, 0, 0, 1, 0 ], [ 0, 830, 107, 44 ]
1886 / 10000: [ 0, 0, 0, 0, 0 ], [ 0, 830, 107, 44 ]
1887 / 10000: [ 0, 1, 0, 0, 0 ], [ 0, 830, 107, 44 ]
1888 / 10000: [ 0, 0, 0, 0, 0 ], [ 0, 830, 107, 44 ]
1889 / 10000: [ 0, 1, 0, 0, 0 ], [ 0, 830, 107, 44 ]
1890 / 10000: [ 0, 1, 0, 0, 0 ], [ 0, 830, 107, 44 ]
1891 / 10000: [ 0, 2, 0, 0, 0 ], [ 0, 831, 107, 44 ]
1892 / 10000: [ 0, 1, 0, 0, 0 ], [ 0, 831, 107, 44 ]
1893 / 10000: [ 0, 0, 0, 0, 0 ], [ 0, 831, 107, 44 ]
1894 / 10000: [ 0, 1, 0, 0, 0 ], [ 0, 831, 107, 44 ]
1895 / 10000: [ 0, 2, 0, 0, 0 ], [ 0, 832, 107, 44 ]
1896 / 10000: [ 0, 1, 0, 0, 0 ], [ 0, 832, 107, 44 ]
1897 / 10000: [ 0, 1, 0, 0, 0 ], [ 0, 832, 107, 44 ]
1898 / 10000: [ 0, 1, 1, 0, 0 ], [ 0, 832, 108, 44 ]
1899 / 10000: [ 0, 0, 0, 0, 0 ], [ 0, 832, 108, 44 ]
1900 / 10000: [ 0, 0, 0, 0, 0 ], [ 0, 832, 108, 44 ]
1901 / 10000: [ 0, 0, 0, 0, 0 ], [ 0, 832, 108, 44 ]
1902 / 10000: [ 0, 1, 0, 0, 0 ], [ 0, 832, 108, 44 ]
1903 / 10000: [ 0, 0, 0, 0, 0 ], [ 0, 832, 108, 44 ]
1904 / 10000: [ 0, 0, 0, 0, 0 ], [ 0, 832, 108, 44 ]
1905 / 10000: [ 0, 0, 0, 0, 0 ], [ 0, 832, 108, 44 ]
1906 / 10000: [ 0, 0, 0, 0, 0 ], [ 0, 832, 108, 44 ]
1907 / 10000: [ 0, 0, 0, 0, 0 ], [ 0, 832, 108, 44 ]
1908 / 10000: [ 0, 0, 0, 0, 0 ], [ 0, 832, 108, 44 ]
1909 / 10000: [ 0, 0, 0, 0, 0 ], [ 0, 832, 108, 44 ]
1910 / 10000: [ 0, 0, 0, 0, 0 ], [ 0, 832, 108, 44 ]
1911 / 10000: [ 0, 1, 0, 0, 0 ], [ 0, 832, 108, 44 ]
1912 / 10000: [ 0, 0, 0, 0, 0 ], [ 0, 832, 108, 44 ]
1913 / 10000: [ 0, 0, 0, 0, 0 ], [ 0, 832, 108, 44 ]
1914 / 10000: [ 0, 0, 0, 0, 0 ], [ 0, 832, 108, 44 ]
1915 / 10000: [ 0, 1, 0, 0, 0 ], [ 0, 832, 108, 44 ]
1916 / 10000: [ 0, 2, 0, 0, 0 ], [ 0, 833, 108, 44 ]
1917 / 10000: [ 0, 0, 0, 0, 0 ], [ 0, 833, 108, 44 ]
1918 / 10000: [ 0, 0, 0, 0, 0 ], [ 0, 833, 108, 44 ]
1919 / 10000: [ 0, 2, 0, 0, 0 ], [ 0, 834, 108, 44 ]
1920 / 10000: [ 0, 0, 0, 0, 0 ], [ 0, 834, 108, 44 ]
1921 / 10000: [ 0, 0, 0, 0, 0 ], [ 0, 834, 108, 44 ]
1922 / 10000: [ 0, 2, 0, 0, 0 ], [ 0, 835, 108, 44 ]
1923 / 10000: [ 0, 1, 0, 0, 0 ], [ 0, 835, 108, 44 ]
1924 / 10000: [ 0, 0, 0, 0, 0 ], [ 0, 835, 108, 44 ]
1925 / 10000: [ 0, 2, 0, 0, 0 ], [ 0, 836, 108, 44 ]
1926 / 10000: [ 0, 1, 0, 1, 0 ], [ 0, 836, 108, 45 ]
1927 / 10000: [ 0, 0, 0, 0, 0 ], [ 0, 836, 108, 45 ]
1928 / 10000: [ 0, 0, 0, 0, 0 ], [ 0, 836, 108, 45 ]
1929 / 10000: [ 0, 1, 0, 0, 0 ], [ 0, 836, 108, 45 ]
1930 / 10000: [ 0, 2, 0, 0, 0 ], [ 0, 837, 108, 45 ]
1931 / 10000: [ 0, 0, 0, 0, 0 ], [ 0, 837, 108, 45 ]
1932 / 10000: [ 0, 2, 0, 0, 0 ], [ 0, 838, 108, 45 ]
1933 / 10000: [ 0, 1, 0, 0, 0 ], [ 0, 838, 108, 45 ]
1934 / 10000: [ 0, 0, 0, 0, 0 ], [ 0, 838, 108, 45 ]
1935 / 10000: [ 0, 0, 0, 0, 0 ], [ 0, 838, 108, 45 ]
1936 / 10000: [ 0, 0, 0, 0, 0 ], [ 0, 838, 108, 45 ]
1937 / 10000: [ 0, 0, 0, 0, 0 ], [ 0, 838, 108, 45 ]
1938 / 10000: [ 0, 1, 0, 0, 0 ], [ 0, 838, 108, 45 ]
1939 / 10000: [ 0, 0, 0, 0, 0 ], [ 0, 838, 108, 45 ]
1940 / 10000: [ 0, 0, 0, 0, 0 ], [ 0, 838, 108, 45 ]
1941 / 10000: [ 0, 0, 0, 0, 0 ], [ 0, 838, 108, 45 ]
1942 / 10000: [ 0, 2, 0, 0, 0 ], [ 0, 839, 108, 45 ]
1943 / 10000: [ 0, 0, 0, 0, 0 ], [ 0, 839, 108, 45 ]
1944 / 10000: [ 0, 0, 0, 0, 0 ], [ 0, 839, 108, 45 ]
1945 / 10000: [ 0, 1, 0, 0, 0 ], [ 0, 839, 108, 45 ]
1946 / 10000: [ 0, 0, 0, 0, 0 ], [ 0, 839, 108, 45 ]
1947 / 10000: [ 0, 0, 0, 0, 0 ], [ 0, 839, 108, 45 ]
1948 / 10000: [ 0, 0, 0, 0, 0 ], [ 0, 839, 108, 45 ]
1949 / 10000: [ 0, 0, 0, 0, 0 ], [ 0, 839, 108, 45 ]
1950 / 10000: [ 0, 1, 0, 0, 0 ], [ 0, 839, 108, 45 ]
1951 / 10000: [ 0, 0, 0, 0, 0 ], [ 0, 839, 108, 45 ]
1952 / 10000: [ 0, 0, 0, 0, 0 ], [ 0, 839, 108, 45 ]
1953 / 10000: [ 0, 0, 0, 0, 0 ], [ 0, 839, 108, 45 ]
1954 / 10000: [ 0, 0, 0, 0, 0 ], [ 0, 839, 108, 45 ]
1955 / 10000: [ 0, 0, 0, 0, 0 ], [ 0, 839, 108, 45 ]
1956 / 10000: [ 0, 0, 0, 0, 0 ], [ 0, 839, 108, 45 ]
1957 / 10000: [ 0, 0, 0, 0, 0 ], [ 0, 839, 108, 45 ]
1958 / 10000: [ 0, 0, 0, 0, 0 ], [ 0, 839, 108, 45 ]
1959 / 10000: [ 0, 0, 0, 0, 0 ], [ 0, 839, 108, 45 ]
1960 / 10000: [ 0, 0, 0, 1, 0 ], [ 0, 839, 108, 45 ]
1961 / 10000: [ 0, 1, 0, 0, 0 ], [ 0, 839, 108, 45 ]
1962 / 10000: [ 0, 0, 0, 0, 0 ], [ 0, 839, 108, 45 ]
1963 / 10000: [ 0, 0, 0, 0, 0 ], [ 0, 839, 108, 45 ]
1964 / 10000: [ 0, 0, 0, 0, 0 ], [ 0, 839, 108, 45 ]
1965 / 10000: [ 0, 0, 0, 0, 0 ], [ 0, 839, 108, 45 ]
1966 / 10000: [ 0, 0, 0, 0, 0 ], [ 0, 839, 108, 45 ]
1967 / 10000: [ 0, 1, 0, 0, 0 ], [ 0, 839, 108, 45 ]
1968 / 10000: [ 0, 1, 0, 0, 0 ], [ 0, 839, 108, 45 ]
1969 / 10000: [ 0, 0, 0, 0, 0 ], [ 0, 839, 108, 45 ]
1970 / 10000: [ 0, 0, 0, 0, 0 ], [ 0, 839, 108, 45 ]
1971 / 10000: [ 0, 0, 0, 0, 0 ], [ 0, 839, 108, 45 ]
1972 / 10000: [ 0, 1, 0, 0, 0 ], [ 0, 839, 108, 45 ]
1973 / 10000: [ 0, 2, 0, 0, 0 ], [ 0, 840, 108, 45 ]
1974 / 10000: [ 0, 0, 0, 0, 0 ], [ 0, 840, 108, 45 ]
1975 / 10000: [ 0, 0, 0, 0, 0 ], [ 0, 840, 108, 45 ]
1976 / 10000: [ 0, 1, 0, 0, 0 ], [ 0, 840, 108, 45 ]
1977 / 10000: [ 0, 1, 0, 0, 0 ], [ 0, 840, 108, 45 ]
1978 / 10000: [ 0, 1, 0, 0, 0 ], [ 0, 840, 108, 45 ]
1979 / 10000: [ 0, 0, 0, 0, 0 ], [ 0, 840, 108, 45 ]
1980 / 10000: [ 0, 2, 0, 0, 0 ], [ 0, 841, 108, 45 ]
1981 / 10000: [ 0, 0, 0, 0, 0 ], [ 0, 841, 108, 45 ]
1982 / 10000: [ 0, 0, 0, 0, 0 ], [ 0, 841, 108, 45 ]
1983 / 10000: [ 0, 2, 0, 0, 0 ], [ 0, 842, 108, 45 ]
1984 / 10000: [ 0, 1, 0, 0, 0 ], [ 0, 842, 108, 45 ]
1985 / 10000: [ 0, 0, 0, 0, 0 ], [ 0, 842, 108, 45 ]
1986 / 10000: [ 0, 0, 0, 0, 0 ], [ 0, 842, 108, 45 ]
1987 / 10000: [ 0, 0, 0, 0, 0 ], [ 0, 842, 108, 45 ]
1988 / 10000: [ 0, 1, 0, 0, 0 ], [ 0, 842, 108, 45 ]
1989 / 10000: [ 0, 1, 0, 0, 0 ], [ 0, 842, 108, 45 ]
1990 / 10000: [ 0, 0, 0, 0, 0 ], [ 0, 842, 108, 45 ]
1991 / 10000: [ 0, 1, 0, 0, 0 ], [ 0, 842, 108, 45 ]
1992 / 10000: [ 0, 0, 0, 0, 0 ], [ 0, 842, 108, 45 ]
1993 / 10000: [ 0, 1, 0, 0, 0 ], [ 0, 842, 108, 45 ]
1994 / 10000: [ 0, 0, 0, 0, 0 ], [ 0, 842, 108, 45 ]
1995 / 10000: [ 0, 0, 0, 0, 0 ], [ 0, 842, 108, 45 ]
1996 / 10000: [ 0, 1, 0, 0, 0 ], [ 0, 842, 108, 45 ]
1997 / 10000: [ 0, 0, 0, 0, 0 ], [ 0, 842, 108, 45 ]
1998 / 10000: [ 0, 0, 0, 0, 0 ], [ 0, 842, 108, 45 ]
1999 / 10000: [ 0, 0, 0, 0, 0 ], [ 0, 842, 108, 45 ]
2000 / 10000: [ 0, 0, 0, 0, 0 ], [ 0, 842, 108, 45 ]
2001 / 10000: [ 0, 2, 0, 0, 0 ], [ 0, 843, 108, 45 ]
2002 / 10000: [ 0, 1, 1, 0, 0 ], [ 0, 843, 109, 45 ]
2003 / 10000: [ 0, 2, 0, 0, 0 ], [ 0, 844, 109, 45 ]
2004 / 10000: [ 0, 1, 0, 0, 0 ], [ 0, 844, 109, 45 ]
2005 / 10000: [ 0, 2, 0, 0, 0 ], [ 0, 845, 109, 45 ]
2006 / 10000: [ 0, 2, 0, 0, 0 ], [ 0, 846, 109, 45 ]
2007 / 10000: [ 0, 2, 0, 0, 0 ], [ 0, 847, 109, 45 ]
2008 / 10000: [ 0, 0, 0, 0, 0 ], [ 0, 847, 109, 45 ]
2009 / 10000: [ 0, 2, 0, 0, 0 ], [ 0, 848, 109, 45 ]
2010 / 10000: [ 0, 0, 2, 0, 0 ], [ 0, 848, 110, 45 ]
2011 / 10000: [ 0, 2, 0, 0, 0 ], [ 0, 849, 110, 45 ]
2012 / 10000: [ 0, 2, 0, 0, 0 ], [ 0, 850, 110, 45 ]
2013 / 10000: [ 0, 2, 0, 0, 0 ], [ 0, 851, 110, 45 ]
2014 / 10000: [ 0, 2, 0, 0, 0 ], [ 0, 852, 110, 45 ]
2015 / 10000: [ 0, 1, 0, 0, 0 ], [ 0, 852, 110, 45 ]
2016 / 10000: [ 0, 0, 0, 0, 0 ], [ 0, 852, 110, 45 ]
2017 / 10000: [ 0, 0, 0, 0, 0 ], [ 0, 852, 110, 45 ]
2018 / 10000: [ 0, 1, 0, 0, 0 ], [ 0, 852, 110, 45 ]
2019 / 10000: [ 0, 0, 0, 0, 0 ], [ 0, 852, 110, 45 ]
2020 / 10000: [ 0, 0, 0, 0, 0 ], [ 0, 852, 110, 45 ]
2021 / 10000: [ 0, 0, 0, 0, 0 ], [ 0, 852, 110, 45 ]
2022 / 10000: [ 0, 0, 0, 0, 0 ], [ 0, 852, 110, 45 ]
2023 / 10000: [ 0, 2, 0, 0, 0 ], [ 0, 853, 110, 45 ]
2024 / 10000: [ 0, 2, 0, 0, 0 ], [ 0, 854, 110, 45 ]
2025 / 10000: [ 0, 1, 0, 0, 0 ], [ 0, 854, 110, 45 ]
2026 / 10000: [ 0, 0, 0, 1, 0 ], [ 0, 854, 110, 45 ]
2027 / 10000: [ 0, 2, 0, 0, 0 ], [ 0, 855, 110, 45 ]
2028 / 10000: [ 0, 1, 0, 0, 0 ], [ 0, 855, 110, 45 ]
2029 / 10000: [ 0, 0, 0, 0, 0 ], [ 0, 855, 110, 45 ]
2030 / 10000: [ 0, 1, 1, 0, 0 ], [ 0, 855, 111, 45 ]
2031 / 10000: [ 0, 1, 0, 0, 0 ], [ 0, 855, 111, 45 ]
2032 / 10000: [ 0, 1, 0, 0, 0 ], [ 0, 855, 111, 45 ]
2033 / 10000: [ 0, 2, 0, 0, 0 ], [ 0, 856, 111, 45 ]
2034 / 10000: [ 0, 2, 0, 0, 0 ], [ 0, 857, 111, 45 ]
2035 / 10000: [ 0, 1, 0, 0, 0 ], [ 0, 857, 111, 45 ]
2036 / 10000: [ 0, 1, 0, 0, 0 ], [ 0, 857, 111, 45 ]
2037 / 10000: [ 0, 2, 0, 0, 0 ], [ 0, 858, 111, 45 ]
2038 / 10000: [ 0, 0, 0, 0, 0 ], [ 0, 858, 111, 45 ]
2039 / 10000: [ 0, 0, 0, 0, 0 ], [ 0, 858, 111, 45 ]
2040 / 10000: [ 0, 0, 1, 0, 0 ], [ 0, 858, 111, 45 ]
2041 / 10000: [ 0, 2, 0, 0, 0 ], [ 0, 859, 111, 45 ]
2042 / 10000: [ 0, 0, 0, 0, 0 ], [ 0, 859, 111, 45 ]
2043 / 10000: [ 0, 0, 0, 0, 0 ], [ 0, 859, 111, 45 ]
2044 / 10000: [ 0, 0, 0, 0, 0 ], [ 0, 859, 111, 45 ]
2045 / 10000: [ 0, 0, 0, 0, 0 ], [ 0, 859, 111, 45 ]
2046 / 10000: [ 0, 0, 1, 0, 0 ], [ 0, 859, 111, 45 ]
2047 / 10000: [ 0, 1, 0, 0, 0 ], [ 0, 859, 111, 45 ]
2048 / 10000: [ 0, 0, 0, 0, 0 ], [ 0, 859, 111, 45 ]
2049 / 10000: [ 0, 2, 0, 0, 0 ], [ 0, 860, 111, 45 ]
2050 / 10000: [ 0, 2, 0, 0, 0 ], [ 0, 861, 111, 45 ]
2051 / 10000: [ 0, 1, 0, 0, 0 ], [ 0, 861, 111, 45 ]
2052 / 10000: [ 0, 0, 0, 0, 0 ], [ 0, 861, 111, 45 ]
2053 / 10000: [ 0, 0, 1, 0, 0 ], [ 0, 861, 111, 45 ]
2054 / 10000: [ 0, 2, 0, 0, 0 ], [ 0, 862, 111, 45 ]
2055 / 10000: [ 0, 1, 1, 0, 0 ], [ 0, 862, 112, 45 ]
2056 / 10000: [ 0, 1, 1, 0, 0 ], [ 0, 862, 113, 45 ]
2057 / 10000: [ 0, 0, 0, 0, 0 ], [ 0, 862, 113, 45 ]
2058 / 10000: [ 0, 2, 0, 0, 0 ], [ 0, 863, 113, 45 ]
2059 / 10000: [ 0, 1, 0, 0, 0 ], [ 0, 863, 113, 45 ]
2060 / 10000: [ 0, 1, 0, 0, 0 ], [ 0, 863, 113, 45 ]
2061 / 10000: [ 0, 0, 0, 0, 0 ], [ 0, 863, 113, 45 ]
2062 / 10000: [ 0, 1, 0, 0, 0 ], [ 0, 863, 113, 45 ]
2063 / 10000: [ 0, 1, 0, 0, 0 ], [ 0, 863, 113, 45 ]
2064 / 10000: [ 0, 1, 0, 0, 0 ], [ 0, 863, 113, 45 ]
2065 / 10000: [ 0, 1, 0, 0, 0 ], [ 0, 863, 113, 45 ]
2066 / 10000: [ 0, 1, 0, 0, 0 ], [ 0, 863, 113, 45 ]
2067 / 10000: [ 0, 0, 0, 0, 0 ], [ 0, 863, 113, 45 ]
2068 / 10000: [ 0, 2, 0, 0, 0 ], [ 0, 864, 113, 45 ]
2069 / 10000: [ 0, 2, 0, 0, 0 ], [ 0, 865, 113, 45 ]
2070 / 10000: [ 0, 2, 0, 0, 0 ], [ 0, 866, 113, 45 ]
2071 / 10000: [ 0, 0, 1, 0, 0 ], [ 0, 866, 113, 45 ]
2072 / 10000: [ 0, 0, 2, 0, 0 ], [ 0, 866, 114, 45 ]
2073 / 10000: [ 0, 1, 0, 0, 0 ], [ 0, 866, 114, 45 ]
2074 / 10000: [ 0, 2, 0, 0, 0 ], [ 0, 867, 114, 45 ]
2075 / 10000: [ 0, 0, 0, 0, 0 ], [ 0, 867, 114, 45 ]
2076 / 10000: [ 0, 0, 0, 0, 0 ], [ 0, 867, 114, 45 ]
2077 / 10000: [ 0, 0, 0, 0, 0 ], [ 0, 867, 114, 45 ]
2078 / 10000: [ 0, 1, 0, 0, 0 ], [ 0, 867, 114, 45 ]
2079 / 10000: [ 0, 2, 0, 0, 0 ], [ 0, 868, 114, 45 ]
2080 / 10000: [ 0, 0, 0, 0, 0 ], [ 0, 868, 114, 45 ]
2081 / 10000: [ 0, 1, 0, 0, 0 ], [ 0, 868, 114, 45 ]
2082 / 10000: [ 0, 0, 0, 0, 0 ], [ 0, 868, 114, 45 ]
2083 / 10000: [ 0, 0, 0, 0, 0 ], [ 0, 868, 114, 45 ]
2084 / 10000: [ 0, 0, 0, 0, 0 ], [ 0, 868, 114, 45 ]
2085 / 10000: [ 0, 1, 0, 0, 0 ], [ 0, 868, 114, 45 ]
2086 / 10000: [ 0, 2, 0, 0, 0 ], [ 0, 869, 114, 45 ]
2087 / 10000: [ 0, 0, 0, 0, 0 ], [ 0, 869, 114, 45 ]
2088 / 10000: [ 0, 0, 1, 0, 0 ], [ 0, 869, 114, 45 ]
2089 / 10000: [ 0, 1, 0, 0, 0 ], [ 0, 869, 114, 45 ]
2090 / 10000: [ 0, 1, 0, 0, 0 ], [ 0, 869, 114, 45 ]
2091 / 10000: [ 0, 2, 0, 0, 0 ], [ 0, 870, 114, 45 ]
2092 / 10000: [ 0, 1, 0, 0, 0 ], [ 0, 870, 114, 45 ]
2093 / 10000: [ 0, 1, 0, 0, 0 ], [ 0, 870, 114, 45 ]
2094 / 10000: [ 0, 2, 0, 0, 0 ], [ 0, 871, 114, 45 ]
2095 / 10000: [ 0, 2, 0, 0, 0 ], [ 0, 872, 114, 45 ]
2096 / 10000: [ 0, 2, 0, 0, 0 ], [ 0, 873, 114, 45 ]
2097 / 10000: [ 0, 1, 0, 0, 0 ], [ 0, 873, 114, 45 ]
2098 / 10000: [ 0, 0, 0, 0, 0 ], [ 0, 873, 114, 45 ]
2099 / 10000: [ 0, 0, 0, 0, 0 ], [ 0, 873, 114, 45 ]
2100 / 10000: [ 0, 1, 0, 0, 0 ], [ 0, 873, 114, 45 ]
2101 / 10000: [ 0, 0, 0, 0, 0 ], [ 0, 873, 114, 45 ]
2102 / 10000: [ 0, 2, 0, 0, 0 ], [ 0, 874, 114, 45 ]
2103 / 10000: [ 0, 2, 0, 0, 0 ], [ 0, 875, 114, 45 ]
2104 / 10000: [ 0, 2, 0, 0, 0 ], [ 0, 876, 114, 45 ]
2105 / 10000: [ 0, 0, 0, 0, 0 ], [ 0, 876, 114, 45 ]
2106 / 10000: [ 0, 1, 0, 0, 0 ], [ 0, 876, 114, 45 ]
2107 / 10000: [ 0, 1, 0, 0, 0 ], [ 0, 876, 114, 45 ]
2108 / 10000: [ 0, 2, 0, 0, 0 ], [ 0, 877, 114, 45 ]
2109 / 10000: [ 0, 2, 0, 0, 0 ], [ 0, 878, 114, 45 ]
2110 / 10000: [ 0, 2, 0, 0, 0 ], [ 0, 879, 114, 45 ]
2111 / 10000: [ 0, 1, 0, 0, 0 ], [ 0, 879, 114, 45 ]
2112 / 10000: [ 0, 1, 0, 0, 0 ], [ 0, 879, 114, 45 ]
2113 / 10000: [ 0, 2, 0, 0, 0 ], [ 0, 880, 114, 45 ]
2114 / 10000: [ 0, 1, 0, 0, 0 ], [ 0, 880, 114, 45 ]
2115 / 10000: [ 0, 1, 0, 0, 0 ], [ 0, 880, 114, 45 ]
2116 / 10000: [ 0, 2, 0, 0, 0 ], [ 0, 881, 114, 45 ]
2117 / 10000: [ 0, 2, 0, 0, 0 ], [ 0, 882, 114, 45 ]
2118 / 10000: [ 0, 1, 0, 0, 0 ], [ 0, 882, 114, 45 ]
2119 / 10000: [ 0, 2, 0, 0, 0 ], [ 0, 883, 114, 45 ]
2120 / 10000: [ 0, 2, 0, 0, 0 ], [ 0, 884, 114, 45 ]
2121 / 10000: [ 0, 2, 0, 0, 0 ], [ 0, 885, 114, 45 ]
2122 / 10000: [ 0, 0, 1, 0, 0 ], [ 0, 885, 114, 45 ]
2123 / 10000: [ 0, 1, 0, 0, 0 ], [ 0, 885, 114, 45 ]
2124 / 10000: [ 0, 1, 0, 0, 0 ], [ 0, 885, 114, 45 ]
2125 / 10000: [ 0, 2, 0, 0, 0 ], [ 0, 886, 114, 45 ]
2126 / 10000: [ 0, 1, 0, 1, 0 ], [ 0, 886, 114, 46 ]
2127 / 10000: [ 0, 0, 0, 0, 0 ], [ 0, 886, 114, 46 ]
2128 / 10000: [ 0, 1, 0, 0, 0 ], [ 0, 886, 114, 46 ]
2129 / 10000: [ 0, 2, 0, 0, 0 ], [ 0, 887, 114, 46 ]
2130 / 10000: [ 0, 1, 0, 0, 0 ], [ 0, 887, 114, 46 ]
2131 / 10000: [ 0, 0, 0, 0, 0 ], [ 0, 887, 114, 46 ]
2132 / 10000: [ 0, 1, 0, 0, 0 ], [ 0, 887, 114, 46 ]
2133 / 10000: [ 0, 0, 1, 0, 0 ], [ 0, 887, 114, 46 ]
2134 / 10000: [ 0, 0, 0, 0, 0 ], [ 0, 887, 114, 46 ]
2135 / 10000: [ 0, 2, 0, 0, 0 ], [ 0, 888, 114, 46 ]
2136 / 10000: [ 0, 2, 0, 0, 0 ], [ 0, 889, 114, 46 ]
2137 / 10000: [ 0, 1, 0, 0, 0 ], [ 0, 889, 114, 46 ]
2138 / 10000: [ 0, 1, 0, 0, 0 ], [ 0, 889, 114, 46 ]
2139 / 10000: [ 0, 1, 0, 0, 0 ], [ 0, 889, 114, 46 ]
2140 / 10000: [ 0, 2, 0, 0, 0 ], [ 0, 890, 114, 46 ]
2141 / 10000: [ 0, 2, 0, 0, 0 ], [ 0, 891, 114, 46 ]
2142 / 10000: [ 0, 0, 0, 0, 0 ], [ 0, 891, 114, 46 ]
2143 / 10000: [ 0, 0, 0, 0, 0 ], [ 0, 891, 114, 46 ]
2144 / 10000: [ 0, 2, 0, 0, 0 ], [ 0, 892, 114, 46 ]
2145 / 10000: [ 0, 0, 0, 0, 0 ], [ 0, 892, 114, 46 ]
2146 / 10000: [ 0, 1, 0, 0, 0 ], [ 0, 892, 114, 46 ]
2147 / 10000: [ 0, 1, 0, 0, 0 ], [ 0, 892, 114, 46 ]
2148 / 10000: [ 0, 1, 0, 0, 0 ], [ 0, 892, 114, 46 ]
2149 / 10000: [ 0, 0, 0, 0, 0 ], [ 0, 892, 114, 46 ]
2150 / 10000: [ 0, 1, 0, 0, 0 ], [ 0, 892, 114, 46 ]
2151 / 10000: [ 0, 1, 0, 0, 0 ], [ 0, 892, 114, 46 ]
2152 / 10000: [ 0, 1, 0, 0, 0 ], [ 0, 892, 114, 46 ]
2153 / 10000: [ 0, 2, 0, 0, 0 ], [ 0, 893, 114, 46 ]
2154 / 10000: [ 0, 2, 0, 0, 0 ], [ 0, 894, 114, 46 ]
2155 / 10000: [ 0, 2, 0, 0, 0 ], [ 0, 895, 114, 46 ]
2156 / 10000: [ 0, 1, 0, 0, 0 ], [ 0, 895, 114, 46 ]
2157 / 10000: [ 0, 2, 0, 0, 0 ], [ 0, 896, 114, 46 ]
2158 / 10000: [ 0, 0, 0, 0, 0 ], [ 0, 896, 114, 46 ]
2159 / 10000: [ 0, 2, 0, 0, 0 ], [ 0, 897, 114, 46 ]
2160 / 10000: [ 0, 1, 0, 1, 0 ], [ 0, 897, 114, 47 ]
2161 / 10000: [ 0, 1, 1, 0, 0 ], [ 0, 897, 115, 47 ]
2162 / 10000: [ 0, 2, 0, 0, 0 ], [ 0, 898, 115, 47 ]
2163 / 10000: [ 0, 0, 0, 0, 0 ], [ 0, 898, 115, 47 ]
2164 / 10000: [ 0, 0, 0, 0, 0 ], [ 0, 898, 115, 47 ]
2165 / 10000: [ 0, 2, 0, 0, 0 ], [ 0, 899, 115, 47 ]
2166 / 10000: [ 0, 1, 0, 0, 0 ], [ 0, 899, 115, 47 ]
2167 / 10000: [ 0, 0, 0, 0, 0 ], [ 0, 899, 115, 47 ]
2168 / 10000: [ 0, 1, 0, 0, 0 ], [ 0, 899, 115, 47 ]
2169 / 10000: [ 0, 0, 0, 0, 0 ], [ 0, 899, 115, 47 ]
2170 / 10000: [ 0, 0, 0, 0, 0 ], [ 0, 899, 115, 47 ]
2171 / 10000: [ 0, 0, 0, 0, 0 ], [ 0, 899, 115, 47 ]
2172 / 10000: [ 0, 0, 0, 0, 0 ], [ 0, 899, 115, 47 ]
2173 / 10000: [ 0, 0, 0, 0, 0 ], [ 0, 899, 115, 47 ]
2174 / 10000: [ 0, 0, 0, 0, 0 ], [ 0, 899, 115, 47 ]
2175 / 10000: [ 0, 2, 0, 0, 0 ], [ 0, 900, 115, 47 ]
2176 / 10000: [ 0, 1, 0, 0, 0 ], [ 0, 900, 115, 47 ]
2177 / 10000: [ 0, 0, 0, 0, 0 ], [ 0, 900, 115, 47 ]
2178 / 10000: [ 0, 1, 0, 0, 0 ], [ 0, 900, 115, 47 ]
2179 / 10000: [ 0, 0, 0, 0, 0 ], [ 0, 900, 115, 47 ]
2180 / 10000: [ 0, 2, 0, 0, 0 ], [ 0, 901, 115, 47 ]
2181 / 10000: [ 0, 2, 0, 0, 0 ], [ 0, 902, 115, 47 ]
2182 / 10000: [ 0, 2, 0, 0, 0 ], [ 0, 903, 115, 47 ]
2183 / 10000: [ 0, 1, 0, 0, 0 ], [ 0, 903, 115, 47 ]
2184 / 10000: [ 0, 1, 0, 0, 0 ], [ 0, 903, 115, 47 ]
2185 / 10000: [ 0, 0, 0, 1, 0 ], [ 0, 903, 115, 47 ]
2186 / 10000: [ 0, 0, 0, 0, 0 ], [ 0, 903, 115, 47 ]
2187 / 10000: [ 0, 1, 0, 0, 0 ], [ 0, 903, 115, 47 ]
2188 / 10000: [ 0, 0, 0, 0, 0 ], [ 0, 903, 115, 47 ]
2189 / 10000: [ 0, 2, 0, 0, 0 ], [ 0, 904, 115, 47 ]
2190 / 10000: [ 0, 2, 0, 0, 0 ], [ 0, 905, 115, 47 ]
2191 / 10000: [ 0, 1, 0, 0, 0 ], [ 0, 905, 115, 47 ]
2192 / 10000: [ 0, 1, 0, 0, 0 ], [ 0, 905, 115, 47 ]
2193 / 10000: [ 0, 2, 0, 0, 0 ], [ 0, 906, 115, 47 ]
2194 / 10000: [ 0, 0, 0, 0, 0 ], [ 0, 906, 115, 47 ]
2195 / 10000: [ 0, 1, 0, 0, 0 ], [ 0, 906, 115, 47 ]
2196 / 10000: [ 0, 0, 0, 0, 0 ], [ 0, 906, 115, 47 ]
2197 / 10000: [ 0, 0, 0, 0, 0 ], [ 0, 906, 115, 47 ]
2198 / 10000: [ 0, 2, 0, 0, 0 ], [ 0, 907, 115, 47 ]
2199 / 10000: [ 0, 1, 0, 0, 0 ], [ 0, 907, 115, 47 ]
2200 / 10000: [ 0, 2, 0, 0, 0 ], [ 0, 908, 115, 47 ]
2201 / 10000: [ 0, 0, 0, 0, 0 ], [ 0, 908, 115, 47 ]
2202 / 10000: [ 0, 0, 1, 0, 0 ], [ 0, 908, 115, 47 ]
2203 / 10000: [ 0, 1, 0, 0, 0 ], [ 0, 908, 115, 47 ]
2204 / 10000: [ 0, 1, 0, 0, 0 ], [ 0, 908, 115, 47 ]
2205 / 10000: [ 0, 0, 0, 0, 0 ], [ 0, 908, 115, 47 ]
2206 / 10000: [ 0, 0, 0, 0, 0 ], [ 0, 908, 115, 47 ]
2207 / 10000: [ 0, 1, 0, 0, 0 ], [ 0, 908, 115, 47 ]
2208 / 10000: [ 0, 1, 1, 0, 0 ], [ 0, 908, 116, 47 ]
2209 / 10000: [ 0, 0, 0, 0, 0 ], [ 0, 908, 116, 47 ]
2210 / 10000: [ 0, 0, 0, 0, 0 ], [ 0, 908, 116, 47 ]
2211 / 10000: [ 0, 1, 0, 0, 0 ], [ 0, 908, 116, 47 ]
2212 / 10000: [ 0, 1, 0, 0, 0 ], [ 0, 908, 116, 47 ]
2213 / 10000: [ 0, 0, 0, 0, 0 ], [ 0, 908, 116, 47 ]
2214 / 10000: [ 0, 0, 0, 0, 0 ], [ 0, 908, 116, 47 ]
2215 / 10000: [ 0, 0, 0, 0, 0 ], [ 0, 908, 116, 47 ]
2216 / 10000: [ 0, 1, 0, 0, 0 ], [ 0, 908, 116, 47 ]
2217 / 10000: [ 0, 0, 0, 0, 0 ], [ 0, 908, 116, 47 ]
2218 / 10000: [ 0, 0, 0, 0, 0 ], [ 0, 908, 116, 47 ]
2219 / 10000: [ 0, 0, 0, 0, 0 ], [ 0, 908, 116, 47 ]
2220 / 10000: [ 0, 0, 0, 0, 0 ], [ 0, 908, 116, 47 ]
2221 / 10000: [ 0, 0, 0, 0, 0 ], [ 0, 908, 116, 47 ]
2222 / 10000: [ 0, 0, 0, 0, 0 ], [ 0, 908, 116, 47 ]
2223 / 10000: [ 0, 0, 0, 0, 0 ], [ 0, 908, 116, 47 ]
2224 / 10000: [ 0, 0, 0, 0, 0 ], [ 0, 908, 116, 47 ]
2225 / 10000: [ 0, 0, 1, 0, 0 ], [ 0, 908, 116, 47 ]
2226 / 10000: [ 0, 0, 0, 0, 1 ], [ 0, 908, 116, 47 ]
2227 / 10000: [ 0, 0, 0, 0, 0 ], [ 0, 908, 116, 47 ]
2228 / 10000: [ 0, 1, 0, 0, 0 ], [ 0, 908, 116, 47 ]
2229 / 10000: [ 0, 1, 0, 0, 0 ], [ 0, 908, 116, 47 ]
2230 / 10000: [ 0, 0, 0, 0, 0 ], [ 0, 908, 116, 47 ]
2231 / 10000: [ 0, 0, 0, 0, 0 ], [ 0, 908, 116, 47 ]
2232 / 10000: [ 0, 0, 0, 0, 0 ], [ 0, 908, 116, 47 ]
2233 / 10000: [ 0, 0, 0, 0, 0 ], [ 0, 908, 116, 47 ]
2234 / 10000: [ 0, 0, 0, 0, 0 ], [ 0, 908, 116, 47 ]
2235 / 10000: [ 0, 0, 0, 0, 0 ], [ 0, 908, 116, 47 ]
2236 / 10000: [ 0, 0, 0, 0, 0 ], [ 0, 908, 116, 47 ]
2237 / 10000: [ 0, 0, 0, 0, 0 ], [ 0, 908, 116, 47 ]
2238 / 10000: [ 0, 0, 1, 0, 0 ], [ 0, 908, 116, 47 ]
2239 / 10000: [ 0, 0, 0, 0, 0 ], [ 0, 908, 116, 47 ]
2240 / 10000: [ 0, 0, 1, 0, 0 ], [ 0, 908, 116, 47 ]
2241 / 10000: [ 0, 0, 0, 0, 0 ], [ 0, 908, 116, 47 ]
2242 / 10000: [ 0, 0, 0, 0, 0 ], [ 0, 908, 116, 47 ]
2243 / 10000: [ 0, 0, 0, 0, 0 ], [ 0, 908, 116, 47 ]
2244 / 10000: [ 0, 0, 0, 0, 0 ], [ 0, 908, 116, 47 ]
2245 / 10000: [ 0, 0, 0, 0, 0 ], [ 0, 908, 116, 47 ]
2246 / 10000: [ 0, 0, 0, 0, 0 ], [ 0, 908, 116, 47 ]
2247 / 10000: [ 0, 0, 0, 0, 0 ], [ 0, 908, 116, 47 ]
2248 / 10000: [ 0, 0, 0, 0, 0 ], [ 0, 908, 116, 47 ]
2249 / 10000: [ 0, 0, 0, 0, 0 ], [ 0, 908, 116, 47 ]
2250 / 10000: [ 0, 1, 0, 0, 0 ], [ 0, 908, 116, 47 ]
2251 / 10000: [ 0, 1, 0, 0, 0 ], [ 0, 908, 116, 47 ]
2252 / 10000: [ 0, 1, 0, 0, 0 ], [ 0, 908, 116, 47 ]
2253 / 10000: [ 0, 0, 0, 0, 0 ], [ 0, 908, 116, 47 ]
2254 / 10000: [ 0, 0, 0, 0, 0 ], [ 0, 908, 116, 47 ]
2255 / 10000: [ 0, 0, 1, 0, 0 ], [ 0, 908, 116, 47 ]
2256 / 10000: [ 0, 0, 1, 0, 0 ], [ 0, 908, 116, 47 ]
2257 / 10000: [ 0, 0, 0, 0, 0 ], [ 0, 908, 116, 47 ]
2258 / 10000: [ 0, 0, 0, 0, 0 ], [ 0, 908, 116, 47 ]
2259 / 10000: [ 0, 1, 0, 0, 0 ], [ 0, 908, 116, 47 ]
2260 / 10000: [ 0, 0, 0, 0, 0 ], [ 0, 908, 116, 47 ]
2261 / 10000: [ 0, 0, 0, 0, 0 ], [ 0, 908, 116, 47 ]
2262 / 10000: [ 0, 0, 0, 0, 0 ], [ 0, 908, 116, 47 ]
2263 / 10000: [ 0, 0, 0, 0, 0 ], [ 0, 908, 116, 47 ]
2264 / 10000: [ 0, 0, 0, 0, 0 ], [ 0, 908, 116, 47 ]
2265 / 10000: [ 0, 0, 0, 0, 0 ], [ 0, 908, 116, 47 ]
2266 / 10000: [ 0, 1, 0, 0, 0 ], [ 0, 908, 116, 47 ]
2267 / 10000: [ 0, 0, 0, 0, 0 ], [ 0, 908, 116, 47 ]
2268 / 10000: [ 0, 0, 0, 0, 0 ], [ 0, 908, 116, 47 ]
2269 / 10000: [ 0, 0, 0, 0, 0 ], [ 0, 908, 116, 47 ]
2270 / 10000: [ 0, 0, 1, 0, 0 ], [ 0, 908, 116, 47 ]
2271 / 10000: [ 0, 0, 1, 0, 0 ], [ 0, 908, 116, 47 ]
2272 / 10000: [ 0, 0, 1, 0, 0 ], [ 0, 908, 116, 47 ]
2273 / 10000: [ 0, 1, 0, 0, 0 ], [ 0, 908, 116, 47 ]
2274 / 10000: [ 0, 0, 0, 0, 0 ], [ 0, 908, 116, 47 ]
2275 / 10000: [ 0, 0, 0, 0, 0 ], [ 0, 908, 116, 47 ]
2276 / 10000: [ 0, 1, 0, 0, 0 ], [ 0, 908, 116, 47 ]
2277 / 10000: [ 0, 1, 0, 0, 0 ], [ 0, 908, 116, 47 ]
2278 / 10000: [ 0, 0, 1, 0, 0 ], [ 0, 908, 116, 47 ]
2279 / 10000: [ 0, 0, 0, 0, 0 ], [ 0, 908, 116, 47 ]
2280 / 10000: [ 0, 1, 0, 0, 0 ], [ 0, 908, 116, 47 ]
2281 / 10000: [ 0, 0, 0, 0, 0 ], [ 0, 908, 116, 47 ]
2282 / 10000: [ 0, 0, 0, 0, 0 ], [ 0, 908, 116, 47 ]
2283 / 10000: [ 0, 0, 0, 0, 0 ], [ 0, 908, 116, 47 ]
2284 / 10000: [ 0, 0, 0, 0, 0 ], [ 0, 908, 116, 47 ]
2285 / 10000: [ 0, 0, 0, 0, 0 ], [ 0, 908, 116, 47 ]
2286 / 10000: [ 0, 0, 0, 0, 0 ], [ 0, 908, 116, 47 ]
2287 / 10000: [ 0, 2, 0, 0, 0 ], [ 0, 909, 116, 47 ]
2288 / 10000: [ 0, 0, 1, 0, 0 ], [ 0, 909, 116, 47 ]
2289 / 10000: [ 0, 0, 0, 0, 0 ], [ 0, 909, 116, 47 ]
2290 / 10000: [ 0, 0, 1, 0, 0 ], [ 0, 909, 116, 47 ]
2291 / 10000: [ 0, 0, 0, 0, 0 ], [ 0, 909, 116, 47 ]
2292 / 10000: [ 0, 0, 0, 0, 0 ], [ 0, 909, 116, 47 ]
2293 / 10000: [ 0, 0, 1, 0, 0 ], [ 0, 909, 116, 47 ]
2294 / 10000: [ 0, 0, 0, 0, 0 ], [ 0, 909, 116, 47 ]
2295 / 10000: [ 0, 0, 0, 0, 0 ], [ 0, 909, 116, 47 ]
2296 / 10000: [ 0, 0, 0, 0, 0 ], [ 0, 909, 116, 47 ]
2297 / 10000: [ 0, 0, 0, 0, 0 ], [ 0, 909, 116, 47 ]
2298 / 10000: [ 0, 1, 0, 0, 0 ], [ 0, 909, 116, 47 ]
2299 / 10000: [ 0, 2, 0, 0, 0 ], [ 0, 910, 116, 47 ]
2300 / 10000: [ 0, 1, 0, 0, 0 ], [ 0, 910, 116, 47 ]
2301 / 10000: [ 0, 2, 0, 0, 0 ], [ 0, 911, 116, 47 ]
2302 / 10000: [ 0, 1, 0, 0, 0 ], [ 0, 911, 116, 47 ]
2303 / 10000: [ 0, 1, 1, 0, 0 ], [ 0, 911, 117, 47 ]
2304 / 10000: [ 0, 0, 0, 0, 0 ], [ 0, 911, 117, 47 ]
2305 / 10000: [ 0, 2, 0, 0, 0 ], [ 0, 912, 117, 47 ]
2306 / 10000: [ 0, 1, 0, 0, 0 ], [ 0, 912, 117, 47 ]
2307 / 10000: [ 0, 0, 0, 0, 0 ], [ 0, 912, 117, 47 ]
2308 / 10000: [ 0, 0, 0, 0, 0 ], [ 0, 912, 117, 47 ]
2309 / 10000: [ 0, 2, 0, 0, 0 ], [ 0, 913, 117, 47 ]
2310 / 10000: [ 0, 0, 0, 0, 0 ], [ 0, 913, 117, 47 ]
2311 / 10000: [ 0, 2, 0, 0, 0 ], [ 0, 914, 117, 47 ]
2312 / 10000: [ 0, 2, 0, 0, 0 ], [ 0, 915, 117, 47 ]
2313 / 10000: [ 0, 2, 0, 0, 0 ], [ 0, 916, 117, 47 ]
2314 / 10000: [ 0, 2, 0, 0, 0 ], [ 0, 917, 117, 47 ]
2315 / 10000: [ 0, 1, 0, 0, 0 ], [ 0, 917, 117, 47 ]
2316 / 10000: [ 0, 0, 0, 0, 0 ], [ 0, 917, 117, 47 ]
2317 / 10000: [ 0, 0, 0, 0, 0 ], [ 0, 917, 117, 47 ]
2318 / 10000: [ 0, 0, 0, 0, 0 ], [ 0, 917, 117, 47 ]
2319 / 10000: [ 0, 0, 0, 0, 0 ], [ 0, 917, 117, 47 ]
2320 / 10000: [ 0, 0, 0, 0, 0 ], [ 0, 917, 117, 47 ]
2321 / 10000: [ 0, 0, 0, 0, 0 ], [ 0, 917, 117, 47 ]
2322 / 10000: [ 0, 0, 0, 0, 0 ], [ 0, 917, 117, 47 ]
2323 / 10000: [ 0, 2, 0, 0, 0 ], [ 0, 918, 117, 47 ]
2324 / 10000: [ 0, 1, 0, 0, 0 ], [ 0, 918, 117, 47 ]
2325 / 10000: [ 0, 0, 0, 0, 0 ], [ 0, 918, 117, 47 ]
2326 / 10000: [ 0, 0, 0, 0, 0 ], [ 0, 918, 117, 47 ]
2327 / 10000: [ 0, 2, 0, 0, 0 ], [ 0, 919, 117, 47 ]
2328 / 10000: [ 0, 0, 0, 0, 0 ], [ 0, 919, 117, 47 ]
2329 / 10000: [ 0, 0, 0, 0, 0 ], [ 0, 919, 117, 47 ]
2330 / 10000: [ 0, 0, 0, 0, 0 ], [ 0, 919, 117, 47 ]
2331 / 10000: [ 0, 0, 0, 0, 0 ], [ 0, 919, 117, 47 ]
2332 / 10000: [ 0, 0, 0, 0, 0 ], [ 0, 919, 117, 47 ]
2333 / 10000: [ 0, 2, 0, 0, 0 ], [ 0, 920, 117, 47 ]
2334 / 10000: [ 0, 2, 0, 0, 0 ], [ 0, 921, 117, 47 ]
2335 / 10000: [ 0, 1, 0, 0, 0 ], [ 0, 921, 117, 47 ]
2336 / 10000: [ 0, 0, 0, 0, 0 ], [ 0, 921, 117, 47 ]
2337 / 10000: [ 0, 1, 0, 0, 0 ], [ 0, 921, 117, 47 ]
2338 / 10000: [ 0, 1, 0, 0, 0 ], [ 0, 921, 117, 47 ]
2339 / 10000: [ 0, 0, 0, 0, 0 ], [ 0, 921, 117, 47 ]
2340 / 10000: [ 0, 0, 0, 0, 0 ], [ 0, 921, 117, 47 ]
2341 / 10000: [ 0, 1, 0, 0, 0 ], [ 0, 921, 117, 47 ]
2342 / 10000: [ 0, 0, 0, 0, 0 ], [ 0, 921, 117, 47 ]
2343 / 10000: [ 0, 0, 0, 0, 0 ], [ 0, 921, 117, 47 ]
2344 / 10000: [ 0, 0, 0, 0, 0 ], [ 0, 921, 117, 47 ]
2345 / 10000: [ 0, 0, 0, 0, 0 ], [ 0, 921, 117, 47 ]
2346 / 10000: [ 0, 0, 0, 0, 0 ], [ 0, 921, 117, 47 ]
2347 / 10000: [ 0, 0, 1, 0, 0 ], [ 0, 921, 117, 47 ]
2348 / 10000: [ 0, 1, 0, 0, 0 ], [ 0, 921, 117, 47 ]
2349 / 10000: [ 0, 2, 0, 0, 0 ], [ 0, 922, 117, 47 ]
2350 / 10000: [ 0, 2, 0, 0, 0 ], [ 0, 923, 117, 47 ]
2351 / 10000: [ 0, 1, 0, 0, 0 ], [ 0, 923, 117, 47 ]
2352 / 10000: [ 0, 0, 0, 0, 0 ], [ 0, 923, 117, 47 ]
2353 / 10000: [ 0, 0, 0, 0, 0 ], [ 0, 923, 117, 47 ]
2354 / 10000: [ 0, 0, 0, 0, 0 ], [ 0, 923, 117, 47 ]
2355 / 10000: [ 0, 0, 0, 0, 0 ], [ 0, 923, 117, 47 ]
2356 / 10000: [ 0, 0, 0, 0, 0 ], [ 0, 923, 117, 47 ]
2357 / 10000: [ 0, 0, 0, 0, 0 ], [ 0, 923, 117, 47 ]
2358 / 10000: [ 0, 1, 0, 0, 0 ], [ 0, 923, 117, 47 ]
2359 / 10000: [ 0, 0, 0, 0, 0 ], [ 0, 923, 117, 47 ]
2360 / 10000: [ 0, 0, 0, 0, 0 ], [ 0, 923, 117, 47 ]
2361 / 10000: [ 0, 0, 0, 0, 0 ], [ 0, 923, 117, 47 ]
2362 / 10000: [ 0, 1, 0, 0, 0 ], [ 0, 923, 117, 47 ]
2363 / 10000: [ 0, 0, 0, 0, 0 ], [ 0, 923, 117, 47 ]
2364 / 10000: [ 0, 0, 0, 0, 0 ], [ 0, 923, 117, 47 ]
2365 / 10000: [ 0, 0, 0, 0, 0 ], [ 0, 923, 117, 47 ]
2366 / 10000: [ 0, 0, 0, 0, 0 ], [ 0, 923, 117, 47 ]
2367 / 10000: [ 0, 0, 0, 0, 0 ], [ 0, 923, 117, 47 ]
2368 / 10000: [ 0, 2, 0, 0, 0 ], [ 0, 924, 117, 47 ]
2369 / 10000: [ 0, 1, 1, 0, 0 ], [ 0, 924, 118, 47 ]
2370 / 10000: [ 0, 2, 0, 0, 0 ], [ 0, 925, 118, 47 ]
2371 / 10000: [ 0, 0, 0, 0, 0 ], [ 0, 925, 118, 47 ]
2372 / 10000: [ 0, 0, 0, 0, 0 ], [ 0, 925, 118, 47 ]
2373 / 10000: [ 0, 0, 0, 0, 0 ], [ 0, 925, 118, 47 ]
2374 / 10000: [ 0, 1, 0, 0, 0 ], [ 0, 925, 118, 47 ]
2375 / 10000: [ 0, 0, 0, 0, 0 ], [ 0, 925, 118, 47 ]
2376 / 10000: [ 0, 0, 0, 0, 0 ], [ 0, 925, 118, 47 ]
2377 / 10000: [ 0, 0, 0, 0, 0 ], [ 0, 925, 118, 47 ]
2378 / 10000: [ 0, 0, 0, 0, 0 ], [ 0, 925, 118, 47 ]
2379 / 10000: [ 0, 2, 0, 0, 0 ], [ 0, 926, 118, 47 ]
2380 / 10000: [ 0, 0, 0, 0, 0 ], [ 0, 926, 118, 47 ]
2381 / 10000: [ 0, 1, 0, 0, 0 ], [ 0, 926, 118, 47 ]
2382 / 10000: [ 0, 0, 0, 0, 0 ], [ 0, 926, 118, 47 ]
2383 / 10000: [ 0, 0, 0, 0, 0 ], [ 0, 926, 118, 47 ]
2384 / 10000: [ 0, 0, 0, 0, 0 ], [ 0, 926, 118, 47 ]
2385 / 10000: [ 0, 0, 0, 0, 0 ], [ 0, 926, 118, 47 ]
2386 / 10000: [ 0, 1, 0, 0, 0 ], [ 0, 926, 118, 47 ]
2387 / 10000: [ 0, 0, 0, 0, 0 ], [ 0, 926, 118, 47 ]
2388 / 10000: [ 0, 0, 0, 0, 0 ], [ 0, 926, 118, 47 ]
2389 / 10000: [ 0, 0, 0, 0, 0 ], [ 0, 926, 118, 47 ]
2390 / 10000: [ 0, 0, 0, 0, 0 ], [ 0, 926, 118, 47 ]
2391 / 10000: [ 0, 2, 0, 0, 0 ], [ 0, 927, 118, 47 ]
2392 / 10000: [ 0, 1, 0, 0, 0 ], [ 0, 927, 118, 47 ]
2393 / 10000: [ 0, 0, 0, 0, 0 ], [ 0, 927, 118, 47 ]
2394 / 10000: [ 0, 2, 0, 0, 0 ], [ 0, 928, 118, 47 ]
2395 / 10000: [ 0, 0, 0, 0, 0 ], [ 0, 928, 118, 47 ]
2396 / 10000: [ 0, 1, 0, 0, 0 ], [ 0, 928, 118, 47 ]
2397 / 10000: [ 0, 0, 0, 0, 0 ], [ 0, 928, 118, 47 ]
2398 / 10000: [ 0, 0, 0, 0, 0 ], [ 0, 928, 118, 47 ]
2399 / 10000: [ 0, 0, 0, 0, 0 ], [ 0, 928, 118, 47 ]
2400 / 10000: [ 0, 0, 0, 0, 0 ], [ 0, 928, 118, 47 ]
2401 / 10000: [ 0, 2, 0, 0, 0 ], [ 0, 929, 118, 47 ]
2402 / 10000: [ 0, 1, 0, 0, 0 ], [ 0, 929, 118, 47 ]
2403 / 10000: [ 0, 2, 0, 0, 0 ], [ 0, 930, 118, 47 ]
2404 / 10000: [ 0, 2, 0, 0, 0 ], [ 0, 931, 118, 47 ]
2405 / 10000: [ 0, 1, 0, 0, 0 ], [ 0, 931, 118, 47 ]
2406 / 10000: [ 0, 2, 0, 0, 0 ], [ 0, 932, 118, 47 ]
2407 / 10000: [ 0, 2, 0, 0, 0 ], [ 0, 933, 118, 47 ]
2408 / 10000: [ 0, 2, 0, 0, 0 ], [ 0, 934, 118, 47 ]
2409 / 10000: [ 0, 0, 0, 0, 0 ], [ 0, 934, 118, 47 ]
2410 / 10000: [ 0, 1, 0, 1, 0 ], [ 0, 934, 118, 48 ]
2411 / 10000: [ 0, 0, 0, 2, 0 ], [ 0, 934, 118, 49 ]
2412 / 10000: [ 0, 0, 0, 2, 0 ], [ 0, 934, 118, 50 ]
2413 / 10000: [ 0, 2, 0, 0, 0 ], [ 0, 935, 118, 50 ]
2414 / 10000: [ 0, 1, 0, 0, 0 ], [ 0, 935, 118, 50 ]
2415 / 10000: [ 0, 0, 0, 0, 1 ], [ 0, 935, 118, 50 ]
2416 / 10000: [ 0, 0, 0, 2, 0 ], [ 0, 935, 118, 51 ]
2417 / 10000: [ 0, 2, 0, 0, 0 ], [ 0, 936, 118, 51 ]
2418 / 10000: [ 0, 1, 0, 1, 0 ], [ 0, 936, 118, 52 ]
2419 / 10000: [ 0, 0, 0, 2, 0 ], [ 0, 936, 118, 53 ]
2420 / 10000: [ 0, 2, 0, 0, 0 ], [ 0, 937, 118, 53 ]
2421 / 10000: [ 0, 0, 0, 1, 0 ], [ 0, 937, 118, 53 ]
2422 / 10000: [ 0, 2, 0, 0, 0 ], [ 0, 938, 118, 53 ]
2423 / 10000: [ 0, 0, 0, 0, 0 ], [ 0, 938, 118, 53 ]
2424 / 10000: [ 0, 2, 0, 0, 0 ], [ 0, 939, 118, 53 ]
2425 / 10000: [ 0, 1, 0, 0, 1 ], [ 0, 939, 118, 54 ]
2426 / 10000: [ 0, 0, 0, 1, 1 ], [ 0, 939, 118, 55 ]
2427 / 10000: [ 0, 2, 0, 0, 0 ], [ 0, 940, 118, 55 ]
2428 / 10000: [ 0, 1, 0, 1, 0 ], [ 0, 940, 118, 56 ]
2429 / 10000: [ 0, 1, 0, 1, 0 ], [ 0, 940, 118, 57 ]
2430 / 10000: [ 0, 1, 0, 0, 0 ], [ 0, 940, 118, 57 ]
2431 / 10000: [ 0, 0, 0, 1, 0 ], [ 0, 940, 118, 57 ]
2432 / 10000: [ 0, 1, 0, 1, 0 ], [ 0, 940, 118, 58 ]
2433 / 10000: [ 0, 1, 0, 0, 0 ], [ 0, 940, 118, 58 ]
2434 / 10000: [ 0, 2, 0, 0, 0 ], [ 0, 941, 118, 58 ]
2435 / 10000: [ 0, 2, 0, 0, 0 ], [ 0, 942, 118, 58 ]
2436 / 10000: [ 0, 2, 0, 0, 0 ], [ 0, 943, 118, 58 ]
2437 / 10000: [ 0, 2, 0, 0, 0 ], [ 0, 944, 118, 58 ]
2438 / 10000: [ 0, 0, 0, 0, 0 ], [ 0, 944, 118, 58 ]
2439 / 10000: [ 0, 2, 0, 0, 0 ], [ 0, 945, 118, 58 ]
2440 / 10000: [ 0, 2, 0, 0, 0 ], [ 0, 946, 118, 58 ]
2441 / 10000: [ 0, 2, 0, 0, 0 ], [ 0, 947, 118, 58 ]
2442 / 10000: [ 0, 0, 0, 0, 0 ], [ 0, 947, 118, 58 ]
2443 / 10000: [ 0, 1, 0, 0, 0 ], [ 0, 947, 118, 58 ]
2444 / 10000: [ 0, 2, 0, 0, 0 ], [ 0, 948, 118, 58 ]
2445 / 10000: [ 0, 0, 0, 0, 0 ], [ 0, 948, 118, 58 ]
2446 / 10000: [ 0, 2, 0, 0, 0 ], [ 0, 949, 118, 58 ]
2447 / 10000: [ 0, 1, 0, 0, 0 ], [ 0, 949, 118, 58 ]
2448 / 10000: [ 0, 0, 0, 0, 0 ], [ 0, 949, 118, 58 ]
2449 / 10000: [ 0, 2, 0, 0, 0 ], [ 0, 950, 118, 58 ]
2450 / 10000: [ 0, 2, 0, 0, 0 ], [ 0, 951, 118, 58 ]
2451 / 10000: [ 0, 0, 0, 2, 0 ], [ 0, 951, 118, 59 ]
2452 / 10000: [ 0, 1, 0, 0, 0 ], [ 0, 951, 118, 59 ]
2453 / 10000: [ 0, 1, 0, 0, 0 ], [ 0, 951, 118, 59 ]
2454 / 10000: [ 0, 2, 0, 0, 0 ], [ 0, 952, 118, 59 ]
2455 / 10000: [ 0, 1, 0, 1, 0 ], [ 0, 952, 118, 60 ]
2456 / 10000: [ 0, 1, 0, 0, 0 ], [ 0, 952, 118, 60 ]
2457 / 10000: [ 0, 1, 0, 1, 0 ], [ 0, 952, 118, 61 ]
2458 / 10000: [ 0, 1, 0, 1, 0 ], [ 0, 952, 118, 62 ]
2459 / 10000: [ 0, 1, 0, 1, 0 ], [ 0, 952, 118, 63 ]
2460 / 10000: [ 0, 1, 0, 1, 0 ], [ 0, 952, 118, 64 ]
2461 / 10000: [ 0, 0, 0, 1, 0 ], [ 0, 952, 118, 64 ]
2462 / 10000: [ 0, 1, 0, 1, 0 ], [ 0, 952, 118, 65 ]
2463 / 10000: [ 0, 1, 0, 0, 0 ], [ 0, 952, 118, 65 ]
2464 / 10000: [ 0, 1, 0, 0, 0 ], [ 0, 952, 118, 65 ]
2465 / 10000: [ 0, 1, 0, 1, 0 ], [ 0, 952, 118, 66 ]
2466 / 10000: [ 0, 1, 0, 1, 0 ], [ 0, 952, 118, 67 ]
2467 / 10000: [ 0, 0, 0, 0, 0 ], [ 0, 952, 118, 67 ]
2468 / 10000: [ 0, 2, 0, 0, 0 ], [ 0, 953, 118, 67 ]
2469 / 10000: [ 0, 0, 0, 1, 0 ], [ 0, 953, 118, 67 ]
2470 / 10000: [ 0, 0, 0, 1, 0 ], [ 0, 953, 118, 67 ]
2471 / 10000: [ 0, 0, 0, 0, 0 ], [ 0, 953, 118, 67 ]
2472 / 10000: [ 0, 0, 0, 0, 0 ], [ 0, 953, 118, 67 ]
2473 / 10000: [ 0, 1, 0, 1, 0 ], [ 0, 953, 118, 68 ]
2474 / 10000: [ 0, 0, 0, 1, 1 ], [ 0, 953, 118, 69 ]
2475 / 10000: [ 0, 2, 0, 0, 0 ], [ 0, 954, 118, 69 ]
2476 / 10000: [ 0, 1, 0, 1, 0 ], [ 0, 954, 118, 70 ]
2477 / 10000: [ 0, 0, 0, 1, 1 ], [ 0, 954, 118, 71 ]
2478 / 10000: [ 0, 0, 0, 1, 0 ], [ 0, 954, 118, 71 ]
2479 / 10000: [ 0, 0, 0, 0, 0 ], [ 0, 954, 118, 71 ]
2480 / 10000: [ 0, 0, 0, 2, 0 ], [ 0, 954, 118, 72 ]
2481 / 10000: [ 0, 0, 0, 1, 0 ], [ 0, 954, 118, 72 ]
2482 / 10000: [ 0, 0, 0, 2, 0 ], [ 0, 954, 118, 73 ]
2483 / 10000: [ 0, 1, 0, 1, 0 ], [ 0, 954, 118, 74 ]
2484 / 10000: [ 0, 0, 0, 0, 0 ], [ 0, 954, 118, 74 ]
2485 / 10000: [ 0, 1, 0, 0, 0 ], [ 0, 954, 118, 74 ]
2486 / 10000: [ 0, 1, 0, 0, 0 ], [ 0, 954, 118, 74 ]
2487 / 10000: [ 0, 0, 0, 2, 0 ], [ 0, 954, 118, 75 ]
2488 / 10000: [ 0, 0, 0, 0, 0 ], [ 0, 954, 118, 75 ]
2489 / 10000: [ 0, 1, 0, 1, 0 ], [ 0, 954, 118, 76 ]
2490 / 10000: [ 0, 2, 0, 0, 0 ], [ 0, 955, 118, 76 ]
2491 / 10000: [ 0, 1, 0, 1, 0 ], [ 0, 955, 118, 77 ]
2492 / 10000: [ 0, 1, 0, 0, 0 ], [ 0, 955, 118, 77 ]
2493 / 10000: [ 0, 2, 0, 0, 0 ], [ 0, 956, 118, 77 ]
2494 / 10000: [ 0, 1, 0, 0, 0 ], [ 0, 956, 118, 77 ]
2495 / 10000: [ 0, 2, 0, 0, 0 ], [ 0, 957, 118, 77 ]
2496 / 10000: [ 0, 0, 0, 0, 0 ], [ 0, 957, 118, 77 ]
2497 / 10000: [ 0, 0, 0, 0, 0 ], [ 0, 957, 118, 77 ]
2498 / 10000: [ 0, 1, 0, 1, 0 ], [ 0, 957, 118, 78 ]
2499 / 10000: [ 0, 0, 0, 2, 0 ], [ 0, 957, 118, 79 ]
2500 / 10000: [ 0, 1, 0, 1, 0 ], [ 0, 957, 118, 80 ]
2501 / 10000: [ 0, 2, 0, 0, 0 ], [ 0, 958, 118, 80 ]
2502 / 10000: [ 0, 2, 0, 0, 0 ], [ 0, 959, 118, 80 ]
2503 / 10000: [ 0, 0, 0, 0, 0 ], [ 0, 959, 118, 80 ]
2504 / 10000: [ 0, 1, 0, 0, 0 ], [ 0, 959, 118, 80 ]
2505 / 10000: [ 0, 1, 0, 0, 0 ], [ 0, 959, 118, 80 ]
2506 / 10000: [ 0, 2, 0, 0, 0 ], [ 0, 960, 118, 80 ]
2507 / 10000: [ 0, 2, 0, 0, 0 ], [ 0, 961, 118, 80 ]
2508 / 10000: [ 0, 0, 0, 0, 0 ], [ 0, 961, 118, 80 ]
2509 / 10000: [ 0, 2, 0, 0, 0 ], [ 0, 962, 118, 80 ]
2510 / 10000: [ 0, 1, 0, 0, 0 ], [ 0, 962, 118, 80 ]
2511 / 10000: [ 0, 0, 0, 0, 0 ], [ 0, 962, 118, 80 ]
2512 / 10000: [ 0, 0, 0, 0, 0 ], [ 0, 962, 118, 80 ]
2513 / 10000: [ 0, 2, 0, 0, 0 ], [ 0, 963, 118, 80 ]
2514 / 10000: [ 0, 0, 0, 0, 0 ], [ 0, 963, 118, 80 ]
2515 / 10000: [ 0, 1, 1, 0, 0 ], [ 0, 963, 119, 80 ]
2516 / 10000: [ 0, 1, 0, 0, 0 ], [ 0, 963, 119, 80 ]
2517 / 10000: [ 0, 0, 0, 0, 0 ], [ 0, 963, 119, 80 ]
2518 / 10000: [ 0, 2, 0, 0, 0 ], [ 0, 964, 119, 80 ]
2519 / 10000: [ 0, 0, 0, 0, 0 ], [ 0, 964, 119, 80 ]
2520 / 10000: [ 0, 2, 0, 0, 0 ], [ 0, 965, 119, 80 ]
2521 / 10000: [ 0, 1, 0, 0, 0 ], [ 0, 965, 119, 80 ]
2522 / 10000: [ 0, 0, 1, 0, 0 ], [ 0, 965, 119, 80 ]
2523 / 10000: [ 0, 1, 0, 0, 0 ], [ 0, 965, 119, 80 ]
2524 / 10000: [ 0, 2, 0, 0, 0 ], [ 0, 966, 119, 80 ]
2525 / 10000: [ 0, 2, 0, 0, 0 ], [ 0, 967, 119, 80 ]
2526 / 10000: [ 0, 1, 0, 1, 0 ], [ 0, 967, 119, 81 ]
2527 / 10000: [ 0, 0, 0, 0, 0 ], [ 0, 967, 119, 81 ]
2528 / 10000: [ 0, 1, 0, 0, 0 ], [ 0, 967, 119, 81 ]
2529 / 10000: [ 0, 0, 0, 0, 0 ], [ 0, 967, 119, 81 ]
2530 / 10000: [ 0, 2, 0, 0, 0 ], [ 0, 968, 119, 81 ]
2531 / 10000: [ 0, 0, 2, 0, 0 ], [ 0, 968, 120, 81 ]
2532 / 10000: [ 0, 1, 0, 0, 0 ], [ 0, 968, 120, 81 ]
2533 / 10000: [ 0, 0, 0, 0, 0 ], [ 0, 968, 120, 81 ]
2534 / 10000: [ 0, 1, 0, 0, 0 ], [ 0, 968, 120, 81 ]
2535 / 10000: [ 0, 0, 0, 0, 0 ], [ 0, 968, 120, 81 ]
2536 / 10000: [ 0, 1, 0, 0, 0 ], [ 0, 968, 120, 81 ]
2537 / 10000: [ 0, 2, 0, 0, 0 ], [ 0, 969, 120, 81 ]
2538 / 10000: [ 0, 1, 0, 0, 0 ], [ 0, 969, 120, 81 ]
2539 / 10000: [ 0, 0, 0, 0, 0 ], [ 0, 969, 120, 81 ]
2540 / 10000: [ 0, 0, 0, 0, 0 ], [ 0, 969, 120, 81 ]
2541 / 10000: [ 0, 1, 0, 0, 0 ], [ 0, 969, 120, 81 ]
2542 / 10000: [ 0, 0, 0, 0, 0 ], [ 0, 969, 120, 81 ]
2543 / 10000: [ 0, 0, 0, 0, 0 ], [ 0, 969, 120, 81 ]
2544 / 10000: [ 0, 0, 0, 0, 0 ], [ 0, 969, 120, 81 ]
2545 / 10000: [ 0, 0, 0, 0, 0 ], [ 0, 969, 120, 81 ]
2546 / 10000: [ 0, 1, 0, 0, 0 ], [ 0, 969, 120, 81 ]
2547 / 10000: [ 0, 2, 0, 0, 0 ], [ 0, 970, 120, 81 ]
2548 / 10000: [ 0, 1, 0, 0, 0 ], [ 0, 970, 120, 81 ]
2549 / 10000: [ 0, 2, 0, 0, 0 ], [ 0, 971, 120, 81 ]
2550 / 10000: [ 0, 0, 0, 0, 0 ], [ 0, 971, 120, 81 ]
2551 / 10000: [ 0, 0, 0, 0, 0 ], [ 0, 971, 120, 81 ]
2552 / 10000: [ 0, 2, 0, 0, 0 ], [ 0, 972, 120, 81 ]
2553 / 10000: [ 0, 2, 0, 0, 0 ], [ 0, 973, 120, 81 ]
2554 / 10000: [ 0, 2, 0, 0, 0 ], [ 0, 974, 120, 81 ]
2555 / 10000: [ 0, 1, 0, 0, 0 ], [ 0, 974, 120, 81 ]
2556 / 10000: [ 0, 1, 0, 0, 0 ], [ 0, 974, 120, 81 ]
2557 / 10000: [ 0, 2, 0, 0, 0 ], [ 0, 975, 120, 81 ]
2558 / 10000: [ 0, 1, 0, 0, 0 ], [ 0, 975, 120, 81 ]
2559 / 10000: [ 0, 2, 0, 0, 0 ], [ 0, 976, 120, 81 ]
2560 / 10000: [ 0, 1, 0, 0, 0 ], [ 0, 976, 120, 81 ]
2561 / 10000: [ 0, 1, 0, 0, 0 ], [ 0, 976, 120, 81 ]
2562 / 10000: [ 0, 0, 0, 0, 0 ], [ 0, 976, 120, 81 ]
2563 / 10000: [ 0, 0, 0, 0, 0 ], [ 0, 976, 120, 81 ]
2564 / 10000: [ 0, 1, 0, 0, 0 ], [ 0, 976, 120, 81 ]
2565 / 10000: [ 0, 1, 0, 0, 0 ], [ 0, 976, 120, 81 ]
2566 / 10000: [ 0, 1, 0, 0, 0 ], [ 0, 976, 120, 81 ]
2567 / 10000: [ 0, 0, 0, 0, 0 ], [ 0, 976, 120, 81 ]
2568 / 10000: [ 0, 1, 0, 0, 0 ], [ 0, 976, 120, 81 ]
2569 / 10000: [ 0, 0, 0, 0, 0 ], [ 0, 976, 120, 81 ]
2570 / 10000: [ 0, 0, 0, 0, 0 ], [ 0, 976, 120, 81 ]
2571 / 10000: [ 0, 0, 0, 0, 0 ], [ 0, 976, 120, 81 ]
2572 / 10000: [ 0, 0, 0, 0, 0 ], [ 0, 976, 120, 81 ]
2573 / 10000: [ 0, 1, 0, 0, 0 ], [ 0, 976, 120, 81 ]
2574 / 10000: [ 0, 0, 0, 0, 0 ], [ 0, 976, 120, 81 ]
2575 / 10000: [ 0, 0, 0, 0, 0 ], [ 0, 976, 120, 81 ]
2576 / 10000: [ 0, 0, 0, 0, 0 ], [ 0, 976, 120, 81 ]
2577 / 10000: [ 0, 0, 0, 0, 0 ], [ 0, 976, 120, 81 ]
2578 / 10000: [ 0, 1, 0, 0, 0 ], [ 0, 976, 120, 81 ]
2579 / 10000: [ 0, 0, 0, 0, 0 ], [ 0, 976, 120, 81 ]
2580 / 10000: [ 0, 0, 0, 0, 0 ], [ 0, 976, 120, 81 ]
2581 / 10000: [ 0, 0, 1, 0, 0 ], [ 0, 976, 120, 81 ]
2582 / 10000: [ 0, 0, 0, 0, 0 ], [ 0, 976, 120, 81 ]
2583 / 10000: [ 0, 1, 0, 0, 0 ], [ 0, 976, 120, 81 ]
2584 / 10000: [ 0, 1, 0, 0, 0 ], [ 0, 976, 120, 81 ]
2585 / 10000: [ 0, 1, 0, 1, 0 ], [ 0, 976, 120, 82 ]
2586 / 10000: [ 0, 1, 0, 0, 0 ], [ 0, 976, 120, 82 ]
2587 / 10000: [ 0, 0, 0, 0, 0 ], [ 0, 976, 120, 82 ]
2588 / 10000: [ 0, 0, 0, 0, 0 ], [ 0, 976, 120, 82 ]
2589 / 10000: [ 0, 1, 0, 0, 0 ], [ 0, 976, 120, 82 ]
2590 / 10000: [ 0, 1, 0, 0, 0 ], [ 0, 976, 120, 82 ]
2591 / 10000: [ 0, 0, 0, 0, 0 ], [ 0, 976, 120, 82 ]
2592 / 10000: [ 0, 2, 0, 0, 0 ], [ 0, 977, 120, 82 ]
2593 / 10000: [ 0, 1, 0, 0, 0 ], [ 0, 977, 120, 82 ]
2594 / 10000: [ 0, 2, 0, 0, 0 ], [ 0, 978, 120, 82 ]
2595 / 10000: [ 0, 2, 0, 0, 0 ], [ 0, 979, 120, 82 ]
2596 / 10000: [ 0, 0, 0, 0, 0 ], [ 0, 979, 120, 82 ]
2597 / 10000: [ 0, 0, 0, 0, 0 ], [ 0, 979, 120, 82 ]
2598 / 10000: [ 0, 1, 0, 0, 0 ], [ 0, 979, 120, 82 ]
2599 / 10000: [ 0, 0, 0, 0, 0 ], [ 0, 979, 120, 82 ]
2600 / 10000: [ 0, 1, 0, 0, 0 ], [ 0, 979, 120, 82 ]
2601 / 10000: [ 0, 0, 0, 0, 0 ], [ 0, 979, 120, 82 ]
2602 / 10000: [ 0, 0, 0, 0, 1 ], [ 0, 979, 120, 82 ]
2603 / 10000: [ 0, 0, 0, 1, 0 ], [ 0, 979, 120, 82 ]
2604 / 10000: [ 0, 0, 0, 1, 0 ], [ 0, 979, 120, 82 ]
2605 / 10000: [ 0, 0, 0, 0, 0 ], [ 0, 979, 120, 82 ]
2606 / 10000: [ 0, 0, 0, 0, 0 ], [ 0, 979, 120, 82 ]
2607 / 10000: [ 0, 0, 0, 1, 1 ], [ 0, 979, 120, 83 ]
2608 / 10000: [ 0, 0, 0, 1, 0 ], [ 0, 979, 120, 83 ]
2609 / 10000: [ 0, 0, 0, 0, 0 ], [ 0, 979, 120, 83 ]
2610 / 10000: [ 0, 0, 0, 0, 0 ], [ 0, 979, 120, 83 ]
2611 / 10000: [ 0, 0, 0, 2, 0 ], [ 0, 979, 120, 84 ]
2612 / 10000: [ 0, 0, 0, 1, 0 ], [ 0, 979, 120, 84 ]
2613 / 10000: [ 0, 0, 0, 0, 0 ], [ 0, 979, 120, 84 ]
2614 / 10000: [ 0, 0, 0, 0, 0 ], [ 0, 979, 120, 84 ]
2615 / 10000: [ 0, 1, 0, 1, 0 ], [ 0, 979, 120, 85 ]
2616 / 10000: [ 0, 2, 0, 0, 0 ], [ 0, 980, 120, 85 ]
2617 / 10000: [ 0, 0, 0, 0, 0 ], [ 0, 980, 120, 85 ]
2618 / 10000: [ 0, 0, 0, 0, 0 ], [ 0, 980, 120, 85 ]
2619 / 10000: [ 0, 1, 0, 1, 0 ], [ 0, 980, 120, 86 ]
2620 / 10000: [ 0, 0, 0, 0, 0 ], [ 0, 980, 120, 86 ]
2621 / 10000: [ 0, 1, 0, 1, 0 ], [ 0, 980, 120, 87 ]
2622 / 10000: [ 0, 2, 0, 0, 0 ], [ 0, 981, 120, 87 ]
2623 / 10000: [ 0, 0, 0, 0, 0 ], [ 0, 981, 120, 87 ]
2624 / 10000: [ 0, 0, 0, 0, 0 ], [ 0, 981, 120, 87 ]
2625 / 10000: [ 0, 0, 0, 2, 0 ], [ 0, 981, 120, 88 ]
2626 / 10000: [ 0, 0, 0, 2, 0 ], [ 0, 981, 120, 89 ]
2627 / 10000: [ 0, 0, 0, 0, 0 ], [ 0, 981, 120, 89 ]
2628 / 10000: [ 0, 1, 0, 1, 0 ], [ 0, 981, 120, 90 ]
2629 / 10000: [ 0, 0, 0, 1, 0 ], [ 0, 981, 120, 90 ]
2630 / 10000: [ 0, 0, 0, 0, 0 ], [ 0, 981, 120, 90 ]
2631 / 10000: [ 0, 0, 0, 0, 0 ], [ 0, 981, 120, 90 ]
2632 / 10000: [ 0, 1, 0, 1, 0 ], [ 0, 981, 120, 91 ]
2633 / 10000: [ 0, 1, 0, 1, 0 ], [ 0, 981, 120, 92 ]
2634 / 10000: [ 0, 0, 0, 0, 0 ], [ 0, 981, 120, 92 ]
2635 / 10000: [ 0, 0, 0, 0, 0 ], [ 0, 981, 120, 92 ]
2636 / 10000: [ 0, 0, 0, 0, 0 ], [ 0, 981, 120, 92 ]
2637 / 10000: [ 0, 0, 0, 0, 0 ], [ 0, 981, 120, 92 ]
2638 / 10000: [ 0, 0, 0, 0, 0 ], [ 0, 981, 120, 92 ]
2639 / 10000: [ 0, 0, 0, 0, 0 ], [ 0, 981, 120, 92 ]
2640 / 10000: [ 0, 0, 0, 0, 0 ], [ 0, 981, 120, 92 ]
2641 / 10000: [ 0, 0, 0, 0, 0 ], [ 0, 981, 120, 92 ]
2642 / 10000: [ 0, 0, 0, 1, 0 ], [ 0, 981, 120, 92 ]
2643 / 10000: [ 0, 0, 0, 0, 0 ], [ 0, 981, 120, 92 ]
2644 / 10000: [ 0, 0, 0, 0, 0 ], [ 0, 981, 120, 92 ]
2645 / 10000: [ 0, 0, 0, 1, 0 ], [ 0, 981, 120, 92 ]
2646 / 10000: [ 0, 0, 0, 2, 0 ], [ 0, 981, 120, 93 ]
2647 / 10000: [ 0, 0, 0, 0, 0 ], [ 0, 981, 120, 93 ]
2648 / 10000: [ 0, 0, 0, 0, 0 ], [ 0, 981, 120, 93 ]
2649 / 10000: [ 0, 0, 0, 0, 1 ], [ 0, 981, 120, 93 ]
2650 / 10000: [ 0, 0, 0, 1, 0 ], [ 0, 981, 120, 93 ]
2651 / 10000: [ 0, 0, 0, 1, 0 ], [ 0, 981, 120, 93 ]
2652 / 10000: [ 0, 0, 0, 1, 0 ], [ 0, 981, 120, 93 ]
2653 / 10000: [ 0, 0, 0, 0, 0 ], [ 0, 981, 120, 93 ]
2654 / 10000: [ 0, 0, 0, 0, 0 ], [ 0, 981, 120, 93 ]
2655 / 10000: [ 0, 0, 0, 0, 0 ], [ 0, 981, 120, 93 ]
2656 / 10000: [ 0, 0, 0, 0, 0 ], [ 0, 981, 120, 93 ]
2657 / 10000: [ 0, 0, 0, 0, 0 ], [ 0, 981, 120, 93 ]
2658 / 10000: [ 0, 0, 0, 0, 0 ], [ 0, 981, 120, 93 ]
2659 / 10000: [ 0, 0, 0, 1, 0 ], [ 0, 981, 120, 93 ]
2660 / 10000: [ 0, 1, 0, 1, 0 ], [ 0, 981, 120, 94 ]
2661 / 10000: [ 0, 0, 0, 1, 0 ], [ 0, 981, 120, 94 ]
2662 / 10000: [ 0, 0, 0, 0, 0 ], [ 0, 981, 120, 94 ]
2663 / 10000: [ 0, 0, 0, 0, 0 ], [ 0, 981, 120, 94 ]
2664 / 10000: [ 0, 0, 0, 0, 0 ], [ 0, 981, 120, 94 ]
2665 / 10000: [ 0, 0, 0, 0, 0 ], [ 0, 981, 120, 94 ]
2666 / 10000: [ 0, 0, 0, 1, 0 ], [ 0, 981, 120, 94 ]
2667 / 10000: [ 0, 1, 0, 1, 0 ], [ 0, 981, 120, 95 ]
2668 / 10000: [ 0, 0, 0, 0, 0 ], [ 0, 981, 120, 95 ]
2669 / 10000: [ 0, 0, 0, 0, 0 ], [ 0, 981, 120, 95 ]
2670 / 10000: [ 0, 1, 0, 0, 0 ], [ 0, 981, 120, 95 ]
2671 / 10000: [ 0, 0, 0, 1, 0 ], [ 0, 981, 120, 95 ]
2672 / 10000: [ 0, 0, 0, 0, 0 ], [ 0, 981, 120, 95 ]
2673 / 10000: [ 0, 1, 0, 1, 0 ], [ 0, 981, 120, 96 ]
2674 / 10000: [ 0, 0, 0, 0, 0 ], [ 0, 981, 120, 96 ]
2675 / 10000: [ 0, 0, 0, 0, 0 ], [ 0, 981, 120, 96 ]
2676 / 10000: [ 0, 0, 0, 2, 0 ], [ 0, 981, 120, 97 ]
2677 / 10000: [ 0, 1, 0, 1, 0 ], [ 0, 981, 120, 98 ]
2678 / 10000: [ 0, 0, 0, 0, 0 ], [ 0, 981, 120, 98 ]
2679 / 10000: [ 0, 0, 0, 0, 0 ], [ 0, 981, 120, 98 ]
2680 / 10000: [ 0, 0, 0, 1, 0 ], [ 0, 981, 120, 98 ]
2681 / 10000: [ 0, 0, 0, 0, 0 ], [ 0, 981, 120, 98 ]
2682 / 10000: [ 0, 0, 0, 0, 0 ], [ 0, 981, 120, 98 ]
2683 / 10000: [ 0, 0, 0, 0, 0 ], [ 0, 981, 120, 98 ]
2684 / 10000: [ 0, 1, 0, 0, 0 ], [ 0, 981, 120, 98 ]
2685 / 10000: [ 0, 0, 0, 0, 0 ], [ 0, 981, 120, 98 ]
2686 / 10000: [ 0, 0, 0, 0, 0 ], [ 0, 981, 120, 98 ]
2687 / 10000: [ 0, 1, 0, 1, 0 ], [ 0, 981, 120, 99 ]
2688 / 10000: [ 0, 0, 0, 0, 0 ], [ 0, 981, 120, 99 ]
2689 / 10000: [ 0, 0, 0, 0, 0 ], [ 0, 981, 120, 99 ]
2690 / 10000: [ 0, 0, 0, 0, 0 ], [ 0, 981, 120, 99 ]
2691 / 10000: [ 0, 0, 0, 1, 0 ], [ 0, 981, 120, 99 ]
2692 / 10000: [ 0, 0, 0, 0, 0 ], [ 0, 981, 120, 99 ]
2693 / 10000: [ 0, 0, 0, 2, 0 ], [ 0, 981, 120, 100 ]
2694 / 10000: [ 0, 0, 0, 0, 0 ], [ 0, 981, 120, 100 ]
2695 / 10000: [ 0, 0, 0, 0, 0 ], [ 0, 981, 120, 100 ]
2696 / 10000: [ 0, 0, 0, 0, 0 ], [ 0, 981, 120, 100 ]
2697 / 10000: [ 0, 0, 0, 0, 0 ], [ 0, 981, 120, 100 ]
2698 / 10000: [ 0, 0, 0, 2, 0 ], [ 0, 981, 120, 101 ]
2699 / 10000: [ 0, 0, 0, 0, 0 ], [ 0, 981, 120, 101 ]
2700 / 10000: [ 0, 0, 0, 1, 1 ], [ 0, 981, 120, 102 ]
2701 / 10000: [ 0, 0, 0, 0, 0 ], [ 0, 981, 120, 102 ]
2702 / 10000: [ 0, 0, 1, 0, 0 ], [ 0, 981, 120, 102 ]
2703 / 10000: [ 0, 1, 0, 0, 0 ], [ 0, 981, 120, 102 ]
2704 / 10000: [ 0, 1, 0, 0, 0 ], [ 0, 981, 120, 102 ]
2705 / 10000: [ 0, 0, 0, 0, 0 ], [ 0, 981, 120, 102 ]
2706 / 10000: [ 0, 0, 0, 0, 0 ], [ 0, 981, 120, 102 ]
2707 / 10000: [ 0, 1, 1, 0, 0 ], [ 0, 981, 121, 102 ]
2708 / 10000: [ 0, 1, 0, 0, 0 ], [ 0, 981, 121, 102 ]
2709 / 10000: [ 0, 0, 0, 0, 0 ], [ 0, 981, 121, 102 ]
2710 / 10000: [ 0, 0, 0, 0, 0 ], [ 0, 981, 121, 102 ]
2711 / 10000: [ 0, 2, 0, 0, 0 ], [ 0, 982, 121, 102 ]
2712 / 10000: [ 0, 1, 0, 0, 0 ], [ 0, 982, 121, 102 ]
2713 / 10000: [ 0, 0, 0, 0, 0 ], [ 0, 982, 121, 102 ]
2714 / 10000: [ 0, 0, 0, 0, 0 ], [ 0, 982, 121, 102 ]
2715 / 10000: [ 0, 1, 0, 1, 0 ], [ 0, 982, 121, 103 ]
2716 / 10000: [ 0, 2, 0, 0, 0 ], [ 0, 983, 121, 103 ]
2717 / 10000: [ 0, 0, 0, 0, 0 ], [ 0, 983, 121, 103 ]
2718 / 10000: [ 0, 0, 0, 0, 0 ], [ 0, 983, 121, 103 ]
2719 / 10000: [ 0, 2, 0, 0, 0 ], [ 0, 984, 121, 103 ]
2720 / 10000: [ 0, 0, 0, 0, 0 ], [ 0, 984, 121, 103 ]
2721 / 10000: [ 0, 2, 0, 0, 0 ], [ 0, 985, 121, 103 ]
2722 / 10000: [ 0, 1, 0, 1, 0 ], [ 0, 985, 121, 104 ]
2723 / 10000: [ 0, 0, 0, 0, 0 ], [ 0, 985, 121, 104 ]
2724 / 10000: [ 0, 0, 0, 0, 0 ], [ 0, 985, 121, 104 ]
2725 / 10000: [ 0, 1, 1, 0, 0 ], [ 0, 985, 122, 104 ]
2726 / 10000: [ 0, 2, 0, 0, 0 ], [ 0, 986, 122, 104 ]
2727 / 10000: [ 0, 0, 0, 0, 0 ], [ 0, 986, 122, 104 ]
2728 / 10000: [ 0, 2, 0, 0, 0 ], [ 0, 987, 122, 104 ]
2729 / 10000: [ 0, 1, 0, 0, 0 ], [ 0, 987, 122, 104 ]
2730 / 10000: [ 0, 0, 0, 0, 0 ], [ 0, 987, 122, 104 ]
2731 / 10000: [ 0, 0, 0, 0, 0 ], [ 0, 987, 122, 104 ]
2732 / 10000: [ 0, 2, 0, 0, 0 ], [ 0, 988, 122, 104 ]
2733 / 10000: [ 0, 2, 0, 0, 0 ], [ 0, 989, 122, 104 ]
2734 / 10000: [ 0, 0, 0, 0, 0 ], [ 0, 989, 122, 104 ]
2735 / 10000: [ 0, 0, 0, 0, 0 ], [ 0, 989, 122, 104 ]
2736 / 10000: [ 0, 0, 0, 0, 0 ], [ 0, 989, 122, 104 ]
2737 / 10000: [ 0, 0, 0, 0, 0 ], [ 0, 989, 122, 104 ]
2738 / 10000: [ 0, 0, 0, 0, 0 ], [ 0, 989, 122, 104 ]
2739 / 10000: [ 0, 0, 0, 0, 0 ], [ 0, 989, 122, 104 ]
2740 / 10000: [ 0, 0, 0, 0, 0 ], [ 0, 989, 122, 104 ]
2741 / 10000: [ 0, 0, 0, 0, 0 ], [ 0, 989, 122, 104 ]
2742 / 10000: [ 0, 1, 0, 0, 0 ], [ 0, 989, 122, 104 ]
2743 / 10000: [ 0, 0, 0, 0, 0 ], [ 0, 989, 122, 104 ]
2744 / 10000: [ 0, 0, 0, 0, 0 ], [ 0, 989, 122, 104 ]
2745 / 10000: [ 0, 1, 0, 0, 0 ], [ 0, 989, 122, 104 ]
2746 / 10000: [ 0, 2, 0, 0, 0 ], [ 0, 990, 122, 104 ]
2747 / 10000: [ 0, 0, 0, 0, 0 ], [ 0, 990, 122, 104 ]
2748 / 10000: [ 0, 0, 0, 0, 0 ], [ 0, 990, 122, 104 ]
2749 / 10000: [ 0, 0, 1, 0, 0 ], [ 0, 990, 122, 104 ]
2750 / 10000: [ 0, 1, 0, 0, 0 ], [ 0, 990, 122, 104 ]
2751 / 10000: [ 0, 1, 0, 0, 0 ], [ 0, 990, 122, 104 ]
2752 / 10000: [ 0, 1, 0, 0, 0 ], [ 0, 990, 122, 104 ]
2753 / 10000: [ 0, 0, 0, 0, 0 ], [ 0, 990, 122, 104 ]
2754 / 10000: [ 0, 0, 0, 0, 0 ], [ 0, 990, 122, 104 ]
2755 / 10000: [ 0, 0, 0, 0, 0 ], [ 0, 990, 122, 104 ]
2756 / 10000: [ 0, 0, 0, 0, 0 ], [ 0, 990, 122, 104 ]
2757 / 10000: [ 0, 0, 0, 0, 0 ], [ 0, 990, 122, 104 ]
2758 / 10000: [ 0, 0, 0, 0, 0 ], [ 0, 990, 122, 104 ]
2759 / 10000: [ 0, 1, 0, 0, 0 ], [ 0, 990, 122, 104 ]
2760 / 10000: [ 0, 0, 0, 2, 0 ], [ 0, 990, 122, 105 ]
2761 / 10000: [ 0, 1, 0, 0, 0 ], [ 0, 990, 122, 105 ]
2762 / 10000: [ 0, 0, 0, 0, 0 ], [ 0, 990, 122, 105 ]
2763 / 10000: [ 0, 0, 0, 0, 0 ], [ 0, 990, 122, 105 ]
2764 / 10000: [ 0, 0, 0, 0, 0 ], [ 0, 990, 122, 105 ]
2765 / 10000: [ 0, 0, 0, 0, 0 ], [ 0, 990, 122, 105 ]
2766 / 10000: [ 0, 1, 0, 0, 0 ], [ 0, 990, 122, 105 ]
2767 / 10000: [ 0, 2, 0, 0, 0 ], [ 0, 991, 122, 105 ]
2768 / 10000: [ 0, 0, 0, 0, 0 ], [ 0, 991, 122, 105 ]
2769 / 10000: [ 0, 0, 0, 0, 0 ], [ 0, 991, 122, 105 ]
2770 / 10000: [ 0, 0, 0, 1, 0 ], [ 0, 991, 122, 105 ]
2771 / 10000: [ 0, 1, 0, 0, 0 ], [ 0, 991, 122, 105 ]
2772 / 10000: [ 0, 0, 0, 0, 0 ], [ 0, 991, 122, 105 ]
2773 / 10000: [ 0, 2, 0, 0, 0 ], [ 0, 992, 122, 105 ]
2774 / 10000: [ 0, 0, 0, 0, 0 ], [ 0, 992, 122, 105 ]
2775 / 10000: [ 0, 0, 0, 0, 0 ], [ 0, 992, 122, 105 ]
2776 / 10000: [ 0, 2, 0, 0, 0 ], [ 0, 993, 122, 105 ]
2777 / 10000: [ 0, 2, 0, 0, 0 ], [ 0, 994, 122, 105 ]
2778 / 10000: [ 0, 0, 0, 0, 0 ], [ 0, 994, 122, 105 ]
2779 / 10000: [ 0, 0, 0, 0, 0 ], [ 0, 994, 122, 105 ]
2780 / 10000: [ 0, 1, 0, 0, 0 ], [ 0, 994, 122, 105 ]
2781 / 10000: [ 0, 0, 0, 0, 0 ], [ 0, 994, 122, 105 ]
2782 / 10000: [ 0, 0, 0, 0, 0 ], [ 0, 994, 122, 105 ]
2783 / 10000: [ 0, 0, 0, 0, 0 ], [ 0, 994, 122, 105 ]
2784 / 10000: [ 0, 0, 0, 1, 0 ], [ 0, 994, 122, 105 ]
2785 / 10000: [ 0, 0, 0, 0, 0 ], [ 0, 994, 122, 105 ]
2786 / 10000: [ 0, 0, 0, 0, 0 ], [ 0, 994, 122, 105 ]
2787 / 10000: [ 0, 2, 0, 0, 0 ], [ 0, 995, 122, 105 ]
2788 / 10000: [ 0, 0, 0, 0, 0 ], [ 0, 995, 122, 105 ]
2789 / 10000: [ 0, 0, 0, 0, 0 ], [ 0, 995, 122, 105 ]
2790 / 10000: [ 0, 0, 0, 0, 0 ], [ 0, 995, 122, 105 ]
2791 / 10000: [ 0, 1, 0, 0, 0 ], [ 0, 995, 122, 105 ]
2792 / 10000: [ 0, 0, 0, 0, 0 ], [ 0, 995, 122, 105 ]
2793 / 10000: [ 0, 2, 0, 0, 0 ], [ 0, 996, 122, 105 ]
2794 / 10000: [ 0, 0, 0, 0, 0 ], [ 0, 996, 122, 105 ]
2795 / 10000: [ 0, 0, 0, 0, 0 ], [ 0, 996, 122, 105 ]
2796 / 10000: [ 0, 0, 0, 0, 0 ], [ 0, 996, 122, 105 ]
2797 / 10000: [ 0, 0, 0, 0, 0 ], [ 0, 996, 122, 105 ]
2798 / 10000: [ 0, 2, 0, 0, 0 ], [ 0, 997, 122, 105 ]
2799 / 10000: [ 0, 0, 0, 0, 0 ], [ 0, 997, 122, 105 ]
2800 / 10000: [ 0, 1, 1, 0, 0 ], [ 0, 997, 123, 105 ]
2801 / 10000: [ 0, 0, 0, 0, 0 ], [ 0, 997, 123, 105 ]
2802 / 10000: [ 0, 2, 0, 0, 0 ], [ 0, 998, 123, 105 ]
2803 / 10000: [ 0, 0, 0, 0, 0 ], [ 0, 998, 123, 105 ]
2804 / 10000: [ 0, 0, 0, 0, 0 ], [ 0, 998, 123, 105 ]
2805 / 10000: [ 0, 0, 0, 0, 0 ], [ 0, 998, 123, 105 ]
2806 / 10000: [ 0, 0, 0, 0, 0 ], [ 0, 998, 123, 105 ]
2807 / 10000: [ 0, 1, 0, 0, 0 ], [ 0, 998, 123, 105 ]
2808 / 10000: [ 0, 0, 0, 0, 0 ], [ 0, 998, 123, 105 ]
2809 / 10000: [ 0, 2, 0, 0, 0 ], [ 0, 999, 123, 105 ]
2810 / 10000: [ 0, 1, 1, 0, 0 ], [ 0, 999, 124, 105 ]
2811 / 10000: [ 0, 0, 1, 0, 0 ], [ 0, 999, 124, 105 ]
2812 / 10000: [ 0, 1, 0, 0, 0 ], [ 0, 999, 124, 105 ]
2813 / 10000: [ 0, 2, 0, 0, 0 ], [ 0, 1000, 124, 105 ]
2814 / 10000: [ 0, 0, 0, 0, 0 ], [ 0, 1000, 124, 105 ]
2815 / 10000: [ 0, 2, 0, 0, 0 ], [ 0, 1001, 124, 105 ]
2816 / 10000: [ 0, 1, 0, 0, 0 ], [ 0, 1001, 124, 105 ]
2817 / 10000: [ 0, 0, 0, 0, 0 ], [ 0, 1001, 124, 105 ]
2818 / 10000: [ 0, 1, 0, 0, 0 ], [ 0, 1001, 124, 105 ]
2819 / 10000: [ 0, 1, 0, 0, 0 ], [ 0, 1001, 124, 105 ]
2820 / 10000: [ 0, 2, 0, 0, 0 ], [ 0, 1002, 124, 105 ]
2821 / 10000: [ 0, 1, 0, 0, 0 ], [ 0, 1002, 124, 105 ]
2822 / 10000: [ 0, 1, 0, 0, 0 ], [ 0, 1002, 124, 105 ]
2823 / 10000: [ 0, 2, 0, 0, 0 ], [ 0, 1003, 124, 105 ]
2824 / 10000: [ 0, 2, 0, 0, 0 ], [ 0, 1004, 124, 105 ]
2825 / 10000: [ 0, 2, 0, 0, 0 ], [ 0, 1005, 124, 105 ]
2826 / 10000: [ 0, 2, 0, 0, 0 ], [ 0, 1006, 124, 105 ]
2827 / 10000: [ 0, 0, 0, 0, 0 ], [ 0, 1006, 124, 105 ]
2828 / 10000: [ 0, 1, 0, 0, 0 ], [ 0, 1006, 124, 105 ]
2829 / 10000: [ 0, 2, 0, 0, 0 ], [ 0, 1007, 124, 105 ]
2830 / 10000: [ 0, 2, 0, 0, 0 ], [ 0, 1008, 124, 105 ]
2831 / 10000: [ 0, 2, 0, 0, 0 ], [ 0, 1009, 124, 105 ]
2832 / 10000: [ 0, 2, 0, 0, 0 ], [ 0, 1010, 124, 105 ]
2833 / 10000: [ 0, 1, 1, 0, 0 ], [ 0, 1010, 125, 105 ]
2834 / 10000: [ 0, 0, 0, 0, 0 ], [ 0, 1010, 125, 105 ]
2835 / 10000: [ 0, 0, 0, 0, 0 ], [ 0, 1010, 125, 105 ]
2836 / 10000: [ 0, 2, 0, 0, 0 ], [ 0, 1011, 125, 105 ]
2837 / 10000: [ 0, 1, 0, 0, 0 ], [ 0, 1011, 125, 105 ]
2838 / 10000: [ 0, 2, 0, 0, 0 ], [ 0, 1012, 125, 105 ]
2839 / 10000: [ 0, 0, 0, 0, 0 ], [ 0, 1012, 125, 105 ]
2840 / 10000: [ 0, 0, 0, 0, 0 ], [ 0, 1012, 125, 105 ]
2841 / 10000: [ 0, 2, 0, 0, 0 ], [ 0, 1013, 125, 105 ]
2842 / 10000: [ 0, 2, 0, 0, 0 ], [ 0, 1014, 125, 105 ]
2843 / 10000: [ 0, 0, 0, 0, 0 ], [ 0, 1014, 125, 105 ]
2844 / 10000: [ 0, 0, 0, 0, 0 ], [ 0, 1014, 125, 105 ]
2845 / 10000: [ 0, 1, 0, 0, 0 ], [ 0, 1014, 125, 105 ]
2846 / 10000: [ 0, 1, 0, 0, 0 ], [ 0, 1014, 125, 105 ]
2847 / 10000: [ 0, 2, 0, 0, 0 ], [ 0, 1015, 125, 105 ]
2848 / 10000: [ 0, 2, 0, 0, 0 ], [ 0, 1016, 125, 105 ]
2849 / 10000: [ 0, 0, 0, 0, 0 ], [ 0, 1016, 125, 105 ]
2850 / 10000: [ 0, 0, 0, 0, 0 ], [ 0, 1016, 125, 105 ]
2851 / 10000: [ 0, 0, 0, 0, 0 ], [ 0, 1016, 125, 105 ]
2852 / 10000: [ 0, 1, 0, 0, 0 ], [ 0, 1016, 125, 105 ]
2853 / 10000: [ 0, 2, 0, 0, 0 ], [ 0, 1017, 125, 105 ]
2854 / 10000: [ 0, 1, 0, 0, 0 ], [ 0, 1017, 125, 105 ]
2855 / 10000: [ 0, 1, 1, 0, 0 ], [ 0, 1017, 126, 105 ]
2856 / 10000: [ 0, 0, 0, 0, 0 ], [ 0, 1017, 126, 105 ]
2857 / 10000: [ 0, 2, 0, 0, 0 ], [ 0, 1018, 126, 105 ]
2858 / 10000: [ 0, 0, 0, 0, 0 ], [ 0, 1018, 126, 105 ]
2859 / 10000: [ 0, 1, 0, 0, 0 ], [ 0, 1018, 126, 105 ]
2860 / 10000: [ 0, 0, 0, 1, 0 ], [ 0, 1018, 126, 105 ]
2861 / 10000: [ 0, 2, 0, 0, 0 ], [ 0, 1019, 126, 105 ]
2862 / 10000: [ 0, 1, 1, 0, 0 ], [ 0, 1019, 127, 105 ]
2863 / 10000: [ 0, 0, 0, 0, 0 ], [ 0, 1019, 127, 105 ]
2864 / 10000: [ 0, 1, 0, 0, 0 ], [ 0, 1019, 127, 105 ]
2865 / 10000: [ 0, 1, 0, 0, 0 ], [ 0, 1019, 127, 105 ]
2866 / 10000: [ 0, 0, 0, 0, 0 ], [ 0, 1019, 127, 105 ]
2867 / 10000: [ 0, 2, 0, 0, 0 ], [ 0, 1020, 127, 105 ]
2868 / 10000: [ 0, 2, 0, 0, 0 ], [ 0, 1021, 127, 105 ]
2869 / 10000: [ 0, 0, 0, 0, 0 ], [ 0, 1021, 127, 105 ]
2870 / 10000: [ 0, 0, 0, 0, 0 ], [ 0, 1021, 127, 105 ]
2871 / 10000: [ 0, 2, 0, 0, 0 ], [ 0, 1022, 127, 105 ]
2872 / 10000: [ 0, 2, 0, 0, 0 ], [ 0, 1023, 127, 105 ]
2873 / 10000: [ 0, 2, 0, 0, 0 ], [ 0, 1024, 127, 105 ]
2874 / 10000: [ 0, 0, 0, 0, 0 ], [ 0, 1024, 127, 105 ]
2875 / 10000: [ 0, 0, 0, 0, 0 ], [ 0, 1024, 127, 105 ]
2876 / 10000: [ 0, 1, 0, 0, 0 ], [ 0, 1024, 127, 105 ]
2877 / 10000: [ 0, 1, 0, 0, 0 ], [ 0, 1024, 127, 105 ]
2878 / 10000: [ 0, 2, 0, 0, 0 ], [ 0, 1025, 127, 105 ]
2879 / 10000: [ 0, 0, 0, 0, 0 ], [ 0, 1025, 127, 105 ]
2880 / 10000: [ 0, 1, 0, 0, 0 ], [ 0, 1025, 127, 105 ]
2881 / 10000: [ 0, 0, 0, 0, 0 ], [ 0, 1025, 127, 105 ]
2882 / 10000: [ 0, 0, 0, 0, 0 ], [ 0, 1025, 127, 105 ]
2883 / 10000: [ 0, 2, 0, 0, 0 ], [ 0, 1026, 127, 105 ]
2884 / 10000: [ 0, 2, 0, 0, 0 ], [ 0, 1027, 127, 105 ]
2885 / 10000: [ 0, 0, 0, 1, 0 ], [ 0, 1027, 127, 105 ]
2886 / 10000: [ 0, 0, 0, 0, 0 ], [ 0, 1027, 127, 105 ]
2887 / 10000: [ 0, 0, 0, 0, 0 ], [ 0, 1027, 127, 105 ]
2888 / 10000: [ 0, 2, 0, 0, 0 ], [ 0, 1028, 127, 105 ]
2889 / 10000: [ 0, 2, 0, 0, 0 ], [ 0, 1029, 127, 105 ]
2890 / 10000: [ 0, 0, 0, 0, 0 ], [ 0, 1029, 127, 105 ]
2891 / 10000: [ 0, 1, 0, 0, 0 ], [ 0, 1029, 127, 105 ]
2892 / 10000: [ 0, 1, 0, 0, 0 ], [ 0, 1029, 127, 105 ]
2893 / 10000: [ 0, 1, 0, 0, 0 ], [ 0, 1029, 127, 105 ]
2894 / 10000: [ 0, 1, 0, 0, 0 ], [ 0, 1029, 127, 105 ]
2895 / 10000: [ 0, 0, 0, 0, 0 ], [ 0, 1029, 127, 105 ]
2896 / 10000: [ 0, 2, 0, 0, 0 ], [ 0, 1030, 127, 105 ]
2897 / 10000: [ 0, 0, 0, 0, 0 ], [ 0, 1030, 127, 105 ]
2898 / 10000: [ 0, 2, 0, 0, 0 ], [ 0, 1031, 127, 105 ]
2899 / 10000: [ 0, 1, 0, 0, 0 ], [ 0, 1031, 127, 105 ]
2900 / 10000: [ 0, 0, 0, 0, 0 ], [ 0, 1031, 127, 105 ]
2901 / 10000: [ 0, 0, 0, 0, 0 ], [ 0, 1031, 127, 105 ]
2902 / 10000: [ 0, 2, 0, 0, 0 ], [ 0, 1032, 127, 105 ]
2903 / 10000: [ 0, 0, 0, 0, 0 ], [ 0, 1032, 127, 105 ]
2904 / 10000: [ 0, 0, 0, 0, 0 ], [ 0, 1032, 127, 105 ]
2905 / 10000: [ 0, 0, 0, 0, 0 ], [ 0, 1032, 127, 105 ]
2906 / 10000: [ 0, 0, 0, 0, 0 ], [ 0, 1032, 127, 105 ]
2907 / 10000: [ 0, 0, 0, 0, 0 ], [ 0, 1032, 127, 105 ]
2908 / 10000: [ 0, 0, 0, 0, 0 ], [ 0, 1032, 127, 105 ]
2909 / 10000: [ 0, 2, 0, 0, 0 ], [ 0, 1033, 127, 105 ]
2910 / 10000: [ 0, 1, 0, 0, 0 ], [ 0, 1033, 127, 105 ]
2911 / 10000: [ 0, 0, 0, 0, 0 ], [ 0, 1033, 127, 105 ]
2912 / 10000: [ 0, 0, 0, 0, 0 ], [ 0, 1033, 127, 105 ]
2913 / 10000: [ 0, 2, 0, 0, 0 ], [ 0, 1034, 127, 105 ]
2914 / 10000: [ 0, 0, 0, 0, 0 ], [ 0, 1034, 127, 105 ]
2915 / 10000: [ 0, 2, 0, 0, 0 ], [ 0, 1035, 127, 105 ]
2916 / 10000: [ 0, 0, 1, 0, 0 ], [ 0, 1035, 127, 105 ]
2917 / 10000: [ 0, 1, 0, 0, 0 ], [ 0, 1035, 127, 105 ]
2918 / 10000: [ 0, 1, 0, 0, 0 ], [ 0, 1035, 127, 105 ]
2919 / 10000: [ 0, 1, 0, 0, 0 ], [ 0, 1035, 127, 105 ]
2920 / 10000: [ 0, 2, 0, 0, 0 ], [ 0, 1036, 127, 105 ]
2921 / 10000: [ 0, 2, 0, 0, 0 ], [ 0, 1037, 127, 105 ]
2922 / 10000: [ 0, 0, 0, 0, 0 ], [ 0, 1037, 127, 105 ]
2923 / 10000: [ 0, 1, 0, 0, 0 ], [ 0, 1037, 127, 105 ]
2924 / 10000: [ 0, 1, 0, 0, 0 ], [ 0, 1037, 127, 105 ]
2925 / 10000: [ 0, 2, 0, 0, 0 ], [ 0, 1038, 127, 105 ]
2926 / 10000: [ 0, 2, 0, 0, 0 ], [ 0, 1039, 127, 105 ]
2927 / 10000: [ 0, 0, 0, 0, 0 ], [ 0, 1039, 127, 105 ]
2928 / 10000: [ 0, 0, 0, 0, 0 ], [ 0, 1039, 127, 105 ]
2929 / 10000: [ 0, 1, 1, 0, 0 ], [ 0, 1039, 128, 105 ]
2930 / 10000: [ 0, 1, 1, 0, 0 ], [ 0, 1039, 129, 105 ]
2931 / 10000: [ 0, 0, 0, 0, 0 ], [ 0, 1039, 129, 105 ]
2932 / 10000: [ 0, 1, 0, 0, 0 ], [ 0, 1039, 129, 105 ]
2933 / 10000: [ 0, 1, 0, 0, 0 ], [ 0, 1039, 129, 105 ]
2934 / 10000: [ 0, 0, 0, 0, 0 ], [ 0, 1039, 129, 105 ]
2935 / 10000: [ 0, 0, 0, 0, 0 ], [ 0, 1039, 129, 105 ]
2936 / 10000: [ 0, 1, 0, 0, 0 ], [ 0, 1039, 129, 105 ]
2937 / 10000: [ 0, 0, 0, 0, 0 ], [ 0, 1039, 129, 105 ]
2938 / 10000: [ 0, 1, 0, 0, 0 ], [ 0, 1039, 129, 105 ]
2939 / 10000: [ 0, 0, 0, 0, 0 ], [ 0, 1039, 129, 105 ]
2940 / 10000: [ 0, 0, 0, 0, 0 ], [ 0, 1039, 129, 105 ]
2941 / 10000: [ 0, 1, 0, 0, 0 ], [ 0, 1039, 129, 105 ]
2942 / 10000: [ 0, 1, 0, 0, 0 ], [ 0, 1039, 129, 105 ]
2943 / 10000: [ 0, 0, 0, 0, 0 ], [ 0, 1039, 129, 105 ]
2944 / 10000: [ 0, 0, 0, 0, 0 ], [ 0, 1039, 129, 105 ]
2945 / 10000: [ 0, 2, 0, 0, 0 ], [ 0, 1040, 129, 105 ]
2946 / 10000: [ 0, 2, 0, 0, 0 ], [ 0, 1041, 129, 105 ]
2947 / 10000: [ 0, 1, 0, 0, 0 ], [ 0, 1041, 129, 105 ]
2948 / 10000: [ 0, 1, 0, 0, 0 ], [ 0, 1041, 129, 105 ]
2949 / 10000: [ 0, 0, 0, 0, 0 ], [ 0, 1041, 129, 105 ]
2950 / 10000: [ 0, 1, 0, 0, 0 ], [ 0, 1041, 129, 105 ]
2951 / 10000: [ 0, 0, 0, 0, 0 ], [ 0, 1041, 129, 105 ]
2952 / 10000: [ 0, 1, 0, 0, 0 ], [ 0, 1041, 129, 105 ]
2953 / 10000: [ 0, 2, 0, 0, 0 ], [ 0, 1042, 129, 105 ]
2954 / 10000: [ 0, 1, 0, 0, 0 ], [ 0, 1042, 129, 105 ]
2955 / 10000: [ 0, 1, 1, 0, 0 ], [ 0, 1042, 130, 105 ]
2956 / 10000: [ 0, 0, 1, 0, 0 ], [ 0, 1042, 130, 105 ]
2957 / 10000: [ 0, 2, 0, 0, 0 ], [ 0, 1043, 130, 105 ]
2958 / 10000: [ 0, 0, 0, 0, 0 ], [ 0, 1043, 130, 105 ]
2959 / 10000: [ 0, 1, 0, 0, 0 ], [ 0, 1043, 130, 105 ]
2960 / 10000: [ 0, 0, 0, 1, 0 ], [ 0, 1043, 130, 105 ]
2961 / 10000: [ 0, 2, 0, 0, 0 ], [ 0, 1044, 130, 105 ]
2962 / 10000: [ 0, 0, 0, 0, 0 ], [ 0, 1044, 130, 105 ]
2963 / 10000: [ 0, 0, 0, 0, 0 ], [ 0, 1044, 130, 105 ]
2964 / 10000: [ 0, 0, 0, 0, 0 ], [ 0, 1044, 130, 105 ]
2965 / 10000: [ 0, 1, 0, 0, 0 ], [ 0, 1044, 130, 105 ]
2966 / 10000: [ 0, 0, 0, 0, 0 ], [ 0, 1044, 130, 105 ]
2967 / 10000: [ 0, 2, 0, 0, 0 ], [ 0, 1045, 130, 105 ]
2968 / 10000: [ 0, 1, 0, 0, 0 ], [ 0, 1045, 130, 105 ]
2969 / 10000: [ 0, 0, 0, 0, 0 ], [ 0, 1045, 130, 105 ]
2970 / 10000: [ 0, 0, 0, 0, 0 ], [ 0, 1045, 130, 105 ]
2971 / 10000: [ 0, 2, 0, 0, 0 ], [ 0, 1046, 130, 105 ]
2972 / 10000: [ 0, 1, 1, 0, 0 ], [ 0, 1046, 131, 105 ]
2973 / 10000: [ 0, 0, 0, 0, 0 ], [ 0, 1046, 131, 105 ]
2974 / 10000: [ 0, 0, 0, 0, 0 ], [ 0, 1046, 131, 105 ]
2975 / 10000: [ 0, 0, 0, 0, 0 ], [ 0, 1046, 131, 105 ]
2976 / 10000: [ 0, 0, 0, 0, 0 ], [ 0, 1046, 131, 105 ]
2977 / 10000: [ 0, 1, 0, 0, 0 ], [ 0, 1046, 131, 105 ]
2978 / 10000: [ 0, 0, 0, 0, 0 ], [ 0, 1046, 131, 105 ]
2979 / 10000: [ 0, 0, 1, 0, 0 ], [ 0, 1046, 131, 105 ]
2980 / 10000: [ 0, 1, 0, 0, 0 ], [ 0, 1046, 131, 105 ]
2981 / 10000: [ 0, 1, 0, 0, 0 ], [ 0, 1046, 131, 105 ]
2982 / 10000: [ 0, 0, 0, 0, 0 ], [ 0, 1046, 131, 105 ]
2983 / 10000: [ 0, 2, 0, 0, 0 ], [ 0, 1047, 131, 105 ]
2984 / 10000: [ 0, 2, 0, 0, 0 ], [ 0, 1048, 131, 105 ]
2985 / 10000: [ 0, 0, 0, 1, 0 ], [ 0, 1048, 131, 105 ]
2986 / 10000: [ 0, 0, 0, 0, 0 ], [ 0, 1048, 131, 105 ]
2987 / 10000: [ 0, 0, 0, 0, 0 ], [ 0, 1048, 131, 105 ]
2988 / 10000: [ 0, 1, 1, 0, 0 ], [ 0, 1048, 132, 105 ]
2989 / 10000: [ 0, 1, 0, 0, 0 ], [ 0, 1048, 132, 105 ]
2990 / 10000: [ 0, 0, 0, 0, 0 ], [ 0, 1048, 132, 105 ]
2991 / 10000: [ 0, 2, 0, 0, 0 ], [ 0, 1049, 132, 105 ]
2992 / 10000: [ 0, 1, 0, 0, 0 ], [ 0, 1049, 132, 105 ]
2993 / 10000: [ 0, 0, 0, 0, 0 ], [ 0, 1049, 132, 105 ]
2994 / 10000: [ 0, 0, 0, 0, 0 ], [ 0, 1049, 132, 105 ]
2995 / 10000: [ 0, 0, 0, 0, 0 ], [ 0, 1049, 132, 105 ]
2996 / 10000: [ 0, 1, 1, 0, 0 ], [ 0, 1049, 133, 105 ]
2997 / 10000: [ 0, 0, 0, 0, 0 ], [ 0, 1049, 133, 105 ]
2998 / 10000: [ 0, 1, 0, 0, 0 ], [ 0, 1049, 133, 105 ]
2999 / 10000: [ 0, 0, 0, 0, 0 ], [ 0, 1049, 133, 105 ]
3000 / 10000: [ 0, 0, 0, 0, 0 ], [ 0, 1049, 133, 105 ]
3001 / 10000: [ 0, 2, 0, 0, 0 ], [ 0, 1050, 133, 105 ]
3002 / 10000: [ 0, 2, 0, 0, 0 ], [ 0, 1051, 133, 105 ]
3003 / 10000: [ 0, 2, 0, 0, 0 ], [ 0, 1052, 133, 105 ]
3004 / 10000: [ 0, 1, 0, 0, 0 ], [ 0, 1052, 133, 105 ]
3005 / 10000: [ 0, 1, 0, 0, 0 ], [ 0, 1052, 133, 105 ]
3006 / 10000: [ 0, 2, 0, 0, 0 ], [ 0, 1053, 133, 105 ]
3007 / 10000: [ 0, 2, 0, 0, 0 ], [ 0, 1054, 133, 105 ]
3008 / 10000: [ 0, 1, 0, 0, 0 ], [ 0, 1054, 133, 105 ]
3009 / 10000: [ 0, 2, 0, 0, 0 ], [ 0, 1055, 133, 105 ]
3010 / 10000: [ 0, 0, 0, 0, 0 ], [ 0, 1055, 133, 105 ]
3011 / 10000: [ 0, 2, 0, 0, 0 ], [ 0, 1056, 133, 105 ]
3012 / 10000: [ 0, 2, 0, 0, 0 ], [ 0, 1057, 133, 105 ]
3013 / 10000: [ 0, 2, 0, 0, 0 ], [ 0, 1058, 133, 105 ]
3014 / 10000: [ 0, 2, 0, 0, 0 ], [ 0, 1059, 133, 105 ]
3015 / 10000: [ 0, 1, 1, 0, 0 ], [ 0, 1059, 134, 105 ]
3016 / 10000: [ 0, 0, 0, 0, 0 ], [ 0, 1059, 134, 105 ]
3017 / 10000: [ 0, 1, 0, 0, 0 ], [ 0, 1059, 134, 105 ]
3018 / 10000: [ 0, 1, 1, 0, 0 ], [ 0, 1059, 135, 105 ]
3019 / 10000: [ 0, 0, 2, 0, 0 ], [ 0, 1059, 136, 105 ]
3020 / 10000: [ 0, 1, 0, 0, 0 ], [ 0, 1059, 136, 105 ]
3021 / 10000: [ 0, 0, 0, 0, 0 ], [ 0, 1059, 136, 105 ]
3022 / 10000: [ 0, 1, 0, 0, 0 ], [ 0, 1059, 136, 105 ]
3023 / 10000: [ 0, 1, 0, 0, 0 ], [ 0, 1059, 136, 105 ]
3024 / 10000: [ 0, 2, 0, 0, 0 ], [ 0, 1060, 136, 105 ]
3025 / 10000: [ 0, 1, 0, 0, 0 ], [ 0, 1060, 136, 105 ]
3026 / 10000: [ 0, 0, 0, 1, 0 ], [ 0, 1060, 136, 105 ]
3027 / 10000: [ 0, 2, 0, 0, 0 ], [ 0, 1061, 136, 105 ]
3028 / 10000: [ 0, 1, 0, 0, 0 ], [ 0, 1061, 136, 105 ]
3029 / 10000: [ 0, 0, 0, 0, 0 ], [ 0, 1061, 136, 105 ]
3030 / 10000: [ 0, 1, 0, 0, 0 ], [ 0, 1061, 136, 105 ]
3031 / 10000: [ 0, 1, 0, 0, 0 ], [ 0, 1061, 136, 105 ]
3032 / 10000: [ 0, 1, 0, 0, 0 ], [ 0, 1061, 136, 105 ]
3033 / 10000: [ 0, 2, 0, 0, 0 ], [ 0, 1062, 136, 105 ]
3034 / 10000: [ 0, 2, 0, 0, 0 ], [ 0, 1063, 136, 105 ]
3035 / 10000: [ 0, 0, 1, 0, 0 ], [ 0, 1063, 136, 105 ]
3036 / 10000: [ 0, 1, 0, 0, 0 ], [ 0, 1063, 136, 105 ]
3037 / 10000: [ 0, 2, 0, 0, 0 ], [ 0, 1064, 136, 105 ]
3038 / 10000: [ 0, 0, 0, 0, 0 ], [ 0, 1064, 136, 105 ]
3039 / 10000: [ 0, 1, 0, 0, 0 ], [ 0, 1064, 136, 105 ]
3040 / 10000: [ 0, 1, 0, 0, 0 ], [ 0, 1064, 136, 105 ]
3041 / 10000: [ 0, 2, 0, 0, 0 ], [ 0, 1065, 136, 105 ]
3042 / 10000: [ 0, 0, 0, 0, 0 ], [ 0, 1065, 136, 105 ]
3043 / 10000: [ 0, 0, 0, 0, 0 ], [ 0, 1065, 136, 105 ]
3044 / 10000: [ 0, 0, 0, 0, 0 ], [ 0, 1065, 136, 105 ]
3045 / 10000: [ 0, 0, 0, 0, 0 ], [ 0, 1065, 136, 105 ]
3046 / 10000: [ 0, 1, 0, 0, 0 ], [ 0, 1065, 136, 105 ]
3047 / 10000: [ 0, 1, 0, 0, 0 ], [ 0, 1065, 136, 105 ]
3048 / 10000: [ 0, 0, 0, 0, 0 ], [ 0, 1065, 136, 105 ]
3049 / 10000: [ 0, 2, 0, 0, 0 ], [ 0, 1066, 136, 105 ]
3050 / 10000: [ 0, 2, 0, 0, 0 ], [ 0, 1067, 136, 105 ]
3051 / 10000: [ 0, 0, 1, 0, 0 ], [ 0, 1067, 136, 105 ]
3052 / 10000: [ 0, 0, 0, 0, 0 ], [ 0, 1067, 136, 105 ]
3053 / 10000: [ 0, 2, 0, 0, 0 ], [ 0, 1068, 136, 105 ]
3054 / 10000: [ 0, 2, 0, 0, 0 ], [ 0, 1069, 136, 105 ]
3055 / 10000: [ 0, 0, 0, 0, 0 ], [ 0, 1069, 136, 105 ]
3056 / 10000: [ 0, 1, 0, 0, 0 ], [ 0, 1069, 136, 105 ]
3057 / 10000: [ 0, 0, 0, 0, 0 ], [ 0, 1069, 136, 105 ]
3058 / 10000: [ 0, 2, 0, 0, 0 ], [ 0, 1070, 136, 105 ]
3059 / 10000: [ 0, 2, 0, 0, 0 ], [ 0, 1071, 136, 105 ]
3060 / 10000: [ 0, 1, 0, 0, 0 ], [ 0, 1071, 136, 105 ]
3061 / 10000: [ 0, 0, 0, 0, 0 ], [ 0, 1071, 136, 105 ]
3062 / 10000: [ 0, 1, 0, 0, 0 ], [ 0, 1071, 136, 105 ]
3063 / 10000: [ 0, 1, 0, 0, 0 ], [ 0, 1071, 136, 105 ]
3064 / 10000: [ 0, 1, 0, 0, 0 ], [ 0, 1071, 136, 105 ]
3065 / 10000: [ 0, 0, 0, 0, 0 ], [ 0, 1071, 136, 105 ]
3066 / 10000: [ 0, 1, 0, 0, 0 ], [ 0, 1071, 136, 105 ]
3067 / 10000: [ 0, 0, 0, 0, 0 ], [ 0, 1071, 136, 105 ]
3068 / 10000: [ 0, 2, 0, 0, 0 ], [ 0, 1072, 136, 105 ]
3069 / 10000: [ 0, 1, 0, 0, 0 ], [ 0, 1072, 136, 105 ]
3070 / 10000: [ 0, 1, 0, 0, 0 ], [ 0, 1072, 136, 105 ]
3071 / 10000: [ 0, 0, 0, 0, 0 ], [ 0, 1072, 136, 105 ]
3072 / 10000: [ 0, 1, 0, 0, 0 ], [ 0, 1072, 136, 105 ]
3073 / 10000: [ 0, 2, 0, 0, 0 ], [ 0, 1073, 136, 105 ]
3074 / 10000: [ 0, 1, 0, 0, 0 ], [ 0, 1073, 136, 105 ]
3075 / 10000: [ 0, 0, 0, 0, 0 ], [ 0, 1073, 136, 105 ]
3076 / 10000: [ 0, 1, 0, 0, 0 ], [ 0, 1073, 136, 105 ]
3077 / 10000: [ 0, 0, 0, 0, 0 ], [ 0, 1073, 136, 105 ]
3078 / 10000: [ 0, 0, 0, 0, 0 ], [ 0, 1073, 136, 105 ]
3079 / 10000: [ 0, 1, 0, 0, 0 ], [ 0, 1073, 136, 105 ]
3080 / 10000: [ 0, 0, 0, 0, 0 ], [ 0, 1073, 136, 105 ]
3081 / 10000: [ 0, 0, 0, 0, 0 ], [ 0, 1073, 136, 105 ]
3082 / 10000: [ 0, 0, 0, 0, 0 ], [ 0, 1073, 136, 105 ]
3083 / 10000: [ 0, 0, 0, 0, 0 ], [ 0, 1073, 136, 105 ]
3084 / 10000: [ 0, 0, 0, 0, 0 ], [ 0, 1073, 136, 105 ]
3085 / 10000: [ 0, 1, 0, 0, 0 ], [ 0, 1073, 136, 105 ]
3086 / 10000: [ 0, 1, 0, 0, 0 ], [ 0, 1073, 136, 105 ]
3087 / 10000: [ 0, 1, 1, 0, 0 ], [ 0, 1073, 137, 105 ]
3088 / 10000: [ 0, 1, 1, 0, 0 ], [ 0, 1073, 138, 105 ]
3089 / 10000: [ 0, 0, 0, 0, 0 ], [ 0, 1073, 138, 105 ]
3090 / 10000: [ 0, 2, 0, 0, 0 ], [ 0, 1074, 138, 105 ]
3091 / 10000: [ 0, 2, 0, 0, 0 ], [ 0, 1075, 138, 105 ]
3092 / 10000: [ 0, 1, 0, 0, 0 ], [ 0, 1075, 138, 105 ]
3093 / 10000: [ 0, 2, 0, 0, 0 ], [ 0, 1076, 138, 105 ]
3094 / 10000: [ 0, 2, 0, 0, 0 ], [ 0, 1077, 138, 105 ]
3095 / 10000: [ 0, 2, 0, 0, 0 ], [ 0, 1078, 138, 105 ]
3096 / 10000: [ 0, 1, 0, 0, 0 ], [ 0, 1078, 138, 105 ]
3097 / 10000: [ 0, 0, 0, 0, 0 ], [ 0, 1078, 138, 105 ]
3098 / 10000: [ 0, 0, 0, 0, 0 ], [ 0, 1078, 138, 105 ]
3099 / 10000: [ 0, 0, 0, 0, 0 ], [ 0, 1078, 138, 105 ]
3100 / 10000: [ 0, 1, 1, 0, 0 ], [ 0, 1078, 139, 105 ]
3101 / 10000: [ 0, 1, 0, 0, 0 ], [ 0, 1078, 139, 105 ]
3102 / 10000: [ 0, 0, 0, 0, 0 ], [ 0, 1078, 139, 105 ]
3103 / 10000: [ 0, 0, 0, 0, 0 ], [ 0, 1078, 139, 105 ]
3104 / 10000: [ 0, 0, 0, 0, 0 ], [ 0, 1078, 139, 105 ]
3105 / 10000: [ 0, 2, 0, 0, 0 ], [ 0, 1079, 139, 105 ]
3106 / 10000: [ 0, 1, 0, 0, 0 ], [ 0, 1079, 139, 105 ]
3107 / 10000: [ 0, 0, 0, 0, 0 ], [ 0, 1079, 139, 105 ]
3108 / 10000: [ 0, 1, 0, 0, 0 ], [ 0, 1079, 139, 105 ]
3109 / 10000: [ 0, 1, 0, 0, 0 ], [ 0, 1079, 139, 105 ]
3110 / 10000: [ 0, 0, 0, 0, 0 ], [ 0, 1079, 139, 105 ]
3111 / 10000: [ 0, 0, 0, 0, 0 ], [ 0, 1079, 139, 105 ]
3112 / 10000: [ 0, 1, 0, 0, 0 ], [ 0, 1079, 139, 105 ]
3113 / 10000: [ 0, 2, 0, 0, 0 ], [ 0, 1080, 139, 105 ]
3114 / 10000: [ 0, 1, 0, 0, 0 ], [ 0, 1080, 139, 105 ]
3115 / 10000: [ 0, 2, 0, 0, 0 ], [ 0, 1081, 139, 105 ]
3116 / 10000: [ 0, 1, 0, 0, 0 ], [ 0, 1081, 139, 105 ]
3117 / 10000: [ 0, 0, 0, 0, 0 ], [ 0, 1081, 139, 105 ]
3118 / 10000: [ 0, 0, 0, 0, 0 ], [ 0, 1081, 139, 105 ]
3119 / 10000: [ 0, 1, 0, 0, 0 ], [ 0, 1081, 139, 105 ]
3120 / 10000: [ 0, 1, 0, 0, 0 ], [ 0, 1081, 139, 105 ]
3121 / 10000: [ 0, 0, 0, 0, 0 ], [ 0, 1081, 139, 105 ]
3122 / 10000: [ 0, 2, 0, 0, 0 ], [ 0, 1082, 139, 105 ]
3123 / 10000: [ 0, 0, 0, 0, 0 ], [ 0, 1082, 139, 105 ]
3124 / 10000: [ 0, 0, 0, 0, 0 ], [ 0, 1082, 139, 105 ]
3125 / 10000: [ 0, 0, 0, 0, 0 ], [ 0, 1082, 139, 105 ]
3126 / 10000: [ 0, 0, 0, 0, 0 ], [ 0, 1082, 139, 105 ]
3127 / 10000: [ 0, 1, 0, 0, 0 ], [ 0, 1082, 139, 105 ]
3128 / 10000: [ 0, 0, 0, 0, 0 ], [ 0, 1082, 139, 105 ]
3129 / 10000: [ 0, 0, 0, 0, 0 ], [ 0, 1082, 139, 105 ]
3130 / 10000: [ 0, 0, 0, 0, 0 ], [ 0, 1082, 139, 105 ]
3131 / 10000: [ 0, 0, 0, 0, 0 ], [ 0, 1082, 139, 105 ]
3132 / 10000: [ 0, 1, 0, 0, 0 ], [ 0, 1082, 139, 105 ]
3133 / 10000: [ 0, 0, 0, 0, 0 ], [ 0, 1082, 139, 105 ]
3134 / 10000: [ 0, 1, 0, 0, 0 ], [ 0, 1082, 139, 105 ]
3135 / 10000: [ 0, 0, 0, 0, 0 ], [ 0, 1082, 139, 105 ]
3136 / 10000: [ 0, 0, 0, 0, 0 ], [ 0, 1082, 139, 105 ]
3137 / 10000: [ 0, 1, 0, 0, 0 ], [ 0, 1082, 139, 105 ]
3138 / 10000: [ 0, 0, 0, 0, 0 ], [ 0, 1082, 139, 105 ]
3139 / 10000: [ 0, 0, 0, 0, 0 ], [ 0, 1082, 139, 105 ]
3140 / 10000: [ 0, 1, 0, 0, 0 ], [ 0, 1082, 139, 105 ]
3141 / 10000: [ 0, 0, 0, 0, 0 ], [ 0, 1082, 139, 105 ]
3142 / 10000: [ 0, 1, 0, 0, 0 ], [ 0, 1082, 139, 105 ]
3143 / 10000: [ 0, 1, 0, 0, 0 ], [ 0, 1082, 139, 105 ]
3144 / 10000: [ 0, 0, 0, 0, 0 ], [ 0, 1082, 139, 105 ]
3145 / 10000: [ 0, 0, 0, 0, 0 ], [ 0, 1082, 139, 105 ]
3146 / 10000: [ 0, 1, 0, 0, 0 ], [ 0, 1082, 139, 105 ]
3147 / 10000: [ 0, 0, 0, 0, 0 ], [ 0, 1082, 139, 105 ]
3148 / 10000: [ 0, 0, 0, 0, 0 ], [ 0, 1082, 139, 105 ]
3149 / 10000: [ 0, 0, 0, 0, 0 ], [ 0, 1082, 139, 105 ]
3150 / 10000: [ 0, 2, 0, 0, 0 ], [ 0, 1083, 139, 105 ]
3151 / 10000: [ 0, 0, 0, 0, 0 ], [ 0, 1083, 139, 105 ]
3152 / 10000: [ 0, 0, 0, 0, 0 ], [ 0, 1083, 139, 105 ]
3153 / 10000: [ 0, 1, 0, 0, 0 ], [ 0, 1083, 139, 105 ]
3154 / 10000: [ 0, 2, 0, 0, 0 ], [ 0, 1084, 139, 105 ]
3155 / 10000: [ 0, 0, 0, 0, 0 ], [ 0, 1084, 139, 105 ]
3156 / 10000: [ 0, 0, 0, 0, 0 ], [ 0, 1084, 139, 105 ]
3157 / 10000: [ 0, 0, 0, 0, 0 ], [ 0, 1084, 139, 105 ]
3158 / 10000: [ 0, 1, 0, 0, 0 ], [ 0, 1084, 139, 105 ]
3159 / 10000: [ 0, 0, 0, 0, 0 ], [ 0, 1084, 139, 105 ]
3160 / 10000: [ 0, 0, 0, 1, 0 ], [ 0, 1084, 139, 105 ]
3161 / 10000: [ 0, 0, 0, 0, 0 ], [ 0, 1084, 139, 105 ]
3162 / 10000: [ 0, 1, 0, 0, 0 ], [ 0, 1084, 139, 105 ]
3163 / 10000: [ 0, 2, 0, 0, 0 ], [ 0, 1085, 139, 105 ]
3164 / 10000: [ 0, 0, 0, 0, 0 ], [ 0, 1085, 139, 105 ]
3165 / 10000: [ 0, 0, 0, 0, 0 ], [ 0, 1085, 139, 105 ]
3166 / 10000: [ 0, 0, 0, 0, 0 ], [ 0, 1085, 139, 105 ]
3167 / 10000: [ 0, 0, 0, 0, 0 ], [ 0, 1085, 139, 105 ]
3168 / 10000: [ 0, 0, 0, 0, 0 ], [ 0, 1085, 139, 105 ]
3169 / 10000: [ 0, 1, 0, 0, 0 ], [ 0, 1085, 139, 105 ]
3170 / 10000: [ 0, 1, 0, 0, 0 ], [ 0, 1085, 139, 105 ]
3171 / 10000: [ 0, 0, 0, 0, 0 ], [ 0, 1085, 139, 105 ]
3172 / 10000: [ 0, 0, 0, 0, 0 ], [ 0, 1085, 139, 105 ]
3173 / 10000: [ 0, 0, 0, 0, 0 ], [ 0, 1085, 139, 105 ]
3174 / 10000: [ 0, 0, 1, 0, 0 ], [ 0, 1085, 139, 105 ]
3175 / 10000: [ 0, 0, 0, 0, 0 ], [ 0, 1085, 139, 105 ]
3176 / 10000: [ 0, 0, 0, 0, 0 ], [ 0, 1085, 139, 105 ]
3177 / 10000: [ 0, 0, 0, 0, 0 ], [ 0, 1085, 139, 105 ]
3178 / 10000: [ 0, 0, 0, 0, 0 ], [ 0, 1085, 139, 105 ]
3179 / 10000: [ 0, 0, 0, 0, 0 ], [ 0, 1085, 139, 105 ]
3180 / 10000: [ 0, 0, 0, 0, 0 ], [ 0, 1085, 139, 105 ]
3181 / 10000: [ 0, 0, 0, 0, 0 ], [ 0, 1085, 139, 105 ]
3182 / 10000: [ 0, 0, 0, 0, 0 ], [ 0, 1085, 139, 105 ]
3183 / 10000: [ 0, 0, 0, 0, 0 ], [ 0, 1085, 139, 105 ]
3184 / 10000: [ 0, 0, 0, 0, 0 ], [ 0, 1085, 139, 105 ]
3185 / 10000: [ 0, 0, 0, 0, 0 ], [ 0, 1085, 139, 105 ]
3186 / 10000: [ 0, 0, 0, 0, 0 ], [ 0, 1085, 139, 105 ]
3187 / 10000: [ 0, 0, 0, 0, 0 ], [ 0, 1085, 139, 105 ]
3188 / 10000: [ 0, 0, 0, 0, 0 ], [ 0, 1085, 139, 105 ]
3189 / 10000: [ 0, 0, 0, 0, 0 ], [ 0, 1085, 139, 105 ]
3190 / 10000: [ 0, 0, 0, 0, 0 ], [ 0, 1085, 139, 105 ]
3191 / 10000: [ 0, 0, 1, 0, 0 ], [ 0, 1085, 139, 105 ]
3192 / 10000: [ 0, 0, 0, 0, 0 ], [ 0, 1085, 139, 105 ]
3193 / 10000: [ 0, 0, 0, 0, 0 ], [ 0, 1085, 139, 105 ]
3194 / 10000: [ 0, 0, 0, 0, 0 ], [ 0, 1085, 139, 105 ]
3195 / 10000: [ 0, 1, 0, 0, 0 ], [ 0, 1085, 139, 105 ]
3196 / 10000: [ 0, 0, 0, 0, 0 ], [ 0, 1085, 139, 105 ]
3197 / 10000: [ 0, 1, 0, 0, 0 ], [ 0, 1085, 139, 105 ]
3198 / 10000: [ 0, 0, 0, 0, 0 ], [ 0, 1085, 139, 105 ]
3199 / 10000: [ 0, 0, 0, 0, 0 ], [ 0, 1085, 139, 105 ]
3200 / 10000: [ 0, 0, 0, 0, 0 ], [ 0, 1085, 139, 105 ]
3201 / 10000: [ 0, 0, 1, 0, 0 ], [ 0, 1085, 139, 105 ]
3202 / 10000: [ 0, 2, 0, 0, 0 ], [ 0, 1086, 139, 105 ]
3203 / 10000: [ 0, 2, 0, 0, 0 ], [ 0, 1087, 139, 105 ]
3204 / 10000: [ 0, 2, 0, 0, 0 ], [ 0, 1088, 139, 105 ]
3205 / 10000: [ 0, 0, 0, 0, 0 ], [ 0, 1088, 139, 105 ]
3206 / 10000: [ 0, 2, 0, 0, 0 ], [ 0, 1089, 139, 105 ]
3207 / 10000: [ 0, 2, 0, 0, 0 ], [ 0, 1090, 139, 105 ]
3208 / 10000: [ 0, 2, 0, 0, 0 ], [ 0, 1091, 139, 105 ]
3209 / 10000: [ 0, 2, 0, 0, 0 ], [ 0, 1092, 139, 105 ]
3210 / 10000: [ 0, 2, 0, 0, 0 ], [ 0, 1093, 139, 105 ]
3211 / 10000: [ 0, 2, 0, 0, 0 ], [ 0, 1094, 139, 105 ]
3212 / 10000: [ 0, 2, 0, 0, 0 ], [ 0, 1095, 139, 105 ]
3213 / 10000: [ 0, 2, 0, 0, 0 ], [ 0, 1096, 139, 105 ]
3214 / 10000: [ 0, 0, 0, 0, 0 ], [ 0, 1096, 139, 105 ]
3215 / 10000: [ 0, 2, 0, 0, 0 ], [ 0, 1097, 139, 105 ]
3216 / 10000: [ 0, 2, 0, 0, 0 ], [ 0, 1098, 139, 105 ]
3217 / 10000: [ 0, 2, 0, 0, 0 ], [ 0, 1099, 139, 105 ]
3218 / 10000: [ 0, 2, 0, 0, 0 ], [ 0, 1100, 139, 105 ]
3219 / 10000: [ 0, 2, 0, 0, 0 ], [ 0, 1101, 139, 105 ]
3220 / 10000: [ 0, 2, 0, 0, 0 ], [ 0, 1102, 139, 105 ]
3221 / 10000: [ 0, 2, 0, 0, 0 ], [ 0, 1103, 139, 105 ]
3222 / 10000: [ 0, 1, 0, 0, 0 ], [ 0, 1103, 139, 105 ]
3223 / 10000: [ 0, 1, 0, 0, 0 ], [ 0, 1103, 139, 105 ]
3224 / 10000: [ 0, 1, 0, 0, 0 ], [ 0, 1103, 139, 105 ]
3225 / 10000: [ 0, 2, 0, 0, 0 ], [ 0, 1104, 139, 105 ]
3226 / 10000: [ 0, 2, 0, 0, 0 ], [ 0, 1105, 139, 105 ]
3227 / 10000: [ 0, 0, 0, 0, 0 ], [ 0, 1105, 139, 105 ]
3228 / 10000: [ 0, 2, 0, 0, 0 ], [ 0, 1106, 139, 105 ]
3229 / 10000: [ 0, 2, 0, 0, 0 ], [ 0, 1107, 139, 105 ]
3230 / 10000: [ 0, 2, 0, 0, 0 ], [ 0, 1108, 139, 105 ]
3231 / 10000: [ 0, 1, 1, 0, 0 ], [ 0, 1108, 140, 105 ]
3232 / 10000: [ 0, 1, 0, 0, 0 ], [ 0, 1108, 140, 105 ]
3233 / 10000: [ 0, 0, 2, 0, 0 ], [ 0, 1108, 141, 105 ]
3234 / 10000: [ 0, 0, 0, 0, 0 ], [ 0, 1108, 141, 105 ]
3235 / 10000: [ 0, 2, 0, 0, 0 ], [ 0, 1109, 141, 105 ]
3236 / 10000: [ 0, 2, 0, 0, 0 ], [ 0, 1110, 141, 105 ]
3237 / 10000: [ 0, 1, 0, 0, 0 ], [ 0, 1110, 141, 105 ]
3238 / 10000: [ 0, 1, 0, 0, 0 ], [ 0, 1110, 141, 105 ]
3239 / 10000: [ 0, 0, 0, 0, 0 ], [ 0, 1110, 141, 105 ]
3240 / 10000: [ 0, 2, 0, 0, 0 ], [ 0, 1111, 141, 105 ]
3241 / 10000: [ 0, 1, 0, 0, 0 ], [ 0, 1111, 141, 105 ]
3242 / 10000: [ 0, 0, 0, 0, 0 ], [ 0, 1111, 141, 105 ]
3243 / 10000: [ 0, 2, 0, 0, 0 ], [ 0, 1112, 141, 105 ]
3244 / 10000: [ 0, 2, 0, 0, 0 ], [ 0, 1113, 141, 105 ]
3245 / 10000: [ 0, 2, 0, 0, 0 ], [ 0, 1114, 141, 105 ]
3246 / 10000: [ 0, 2, 0, 0, 0 ], [ 0, 1115, 141, 105 ]
3247 / 10000: [ 0, 2, 0, 0, 0 ], [ 0, 1116, 141, 105 ]
3248 / 10000: [ 0, 1, 0, 0, 0 ], [ 0, 1116, 141, 105 ]
3249 / 10000: [ 0, 1, 0, 0, 0 ], [ 0, 1116, 141, 105 ]
3250 / 10000: [ 0, 2, 0, 0, 0 ], [ 0, 1117, 141, 105 ]
3251 / 10000: [ 0, 2, 0, 0, 0 ], [ 0, 1118, 141, 105 ]
3252 / 10000: [ 0, 2, 0, 0, 0 ], [ 0, 1119, 141, 105 ]
3253 / 10000: [ 0, 2, 0, 0, 0 ], [ 0, 1120, 141, 105 ]
3254 / 10000: [ 0, 2, 0, 0, 0 ], [ 0, 1121, 141, 105 ]
3255 / 10000: [ 0, 2, 0, 0, 0 ], [ 0, 1122, 141, 105 ]
3256 / 10000: [ 0, 0, 0, 0, 0 ], [ 0, 1122, 141, 105 ]
3257 / 10000: [ 0, 2, 0, 0, 0 ], [ 0, 1123, 141, 105 ]
3258 / 10000: [ 0, 1, 0, 0, 0 ], [ 0, 1123, 141, 105 ]
3259 / 10000: [ 0, 2, 0, 0, 0 ], [ 0, 1124, 141, 105 ]
3260 / 10000: [ 0, 2, 0, 0, 0 ], [ 0, 1125, 141, 105 ]
3261 / 10000: [ 0, 2, 0, 0, 0 ], [ 0, 1126, 141, 105 ]
3262 / 10000: [ 0, 1, 0, 0, 0 ], [ 0, 1126, 141, 105 ]
3263 / 10000: [ 0, 0, 0, 0, 0 ], [ 0, 1126, 141, 105 ]
3264 / 10000: [ 0, 0, 0, 0, 0 ], [ 0, 1126, 141, 105 ]
3265 / 10000: [ 0, 2, 0, 0, 0 ], [ 0, 1127, 141, 105 ]
3266 / 10000: [ 0, 2, 0, 0, 0 ], [ 0, 1128, 141, 105 ]
3267 / 10000: [ 0, 2, 0, 0, 0 ], [ 0, 1129, 141, 105 ]
3268 / 10000: [ 0, 1, 1, 0, 0 ], [ 0, 1129, 142, 105 ]
3269 / 10000: [ 0, 0, 0, 0, 0 ], [ 0, 1129, 142, 105 ]
3270 / 10000: [ 0, 1, 1, 0, 0 ], [ 0, 1129, 143, 105 ]
3271 / 10000: [ 0, 1, 0, 0, 0 ], [ 0, 1129, 143, 105 ]
3272 / 10000: [ 0, 1, 0, 0, 0 ], [ 0, 1129, 143, 105 ]
3273 / 10000: [ 0, 1, 0, 0, 0 ], [ 0, 1129, 143, 105 ]
3274 / 10000: [ 0, 0, 0, 0, 0 ], [ 0, 1129, 143, 105 ]
3275 / 10000: [ 0, 1, 0, 0, 0 ], [ 0, 1129, 143, 105 ]
3276 / 10000: [ 0, 2, 0, 0, 0 ], [ 0, 1130, 143, 105 ]
3277 / 10000: [ 0, 1, 0, 0, 0 ], [ 0, 1130, 143, 105 ]
3278 / 10000: [ 0, 1, 1, 0, 0 ], [ 0, 1130, 144, 105 ]
3279 / 10000: [ 0, 0, 0, 0, 0 ], [ 0, 1130, 144, 105 ]
3280 / 10000: [ 0, 2, 0, 0, 0 ], [ 0, 1131, 144, 105 ]
3281 / 10000: [ 0, 1, 1, 0, 0 ], [ 0, 1131, 145, 105 ]
3282 / 10000: [ 0, 2, 0, 0, 0 ], [ 0, 1132, 145, 105 ]
3283 / 10000: [ 0, 2, 0, 0, 0 ], [ 0, 1133, 145, 105 ]
3284 / 10000: [ 0, 2, 0, 0, 0 ], [ 0, 1134, 145, 105 ]
3285 / 10000: [ 0, 0, 0, 1, 0 ], [ 0, 1134, 145, 105 ]
3286 / 10000: [ 0, 0, 0, 0, 0 ], [ 0, 1134, 145, 105 ]
3287 / 10000: [ 0, 2, 0, 0, 0 ], [ 0, 1135, 145, 105 ]
3288 / 10000: [ 0, 1, 0, 0, 0 ], [ 0, 1135, 145, 105 ]
3289 / 10000: [ 0, 2, 0, 0, 0 ], [ 0, 1136, 145, 105 ]
3290 / 10000: [ 0, 2, 0, 0, 0 ], [ 0, 1137, 145, 105 ]
3291 / 10000: [ 0, 2, 0, 0, 0 ], [ 0, 1138, 145, 105 ]
3292 / 10000: [ 0, 1, 0, 0, 0 ], [ 0, 1138, 145, 105 ]
3293 / 10000: [ 0, 2, 0, 0, 0 ], [ 0, 1139, 145, 105 ]
3294 / 10000: [ 0, 0, 0, 0, 0 ], [ 0, 1139, 145, 105 ]
3295 / 10000: [ 0, 1, 0, 0, 0 ], [ 0, 1139, 145, 105 ]
3296 / 10000: [ 0, 1, 0, 0, 0 ], [ 0, 1139, 145, 105 ]
3297 / 10000: [ 0, 0, 0, 0, 0 ], [ 0, 1139, 145, 105 ]
3298 / 10000: [ 0, 2, 0, 0, 0 ], [ 0, 1140, 145, 105 ]
3299 / 10000: [ 0, 1, 0, 0, 0 ], [ 0, 1140, 145, 105 ]
3300 / 10000: [ 0, 2, 0, 0, 0 ], [ 0, 1141, 145, 105 ]
3301 / 10000: [ 0, 2, 0, 0, 0 ], [ 0, 1142, 145, 105 ]
3302 / 10000: [ 0, 1, 1, 0, 0 ], [ 0, 1142, 146, 105 ]
3303 / 10000: [ 0, 2, 0, 0, 0 ], [ 0, 1143, 146, 105 ]
3304 / 10000: [ 0, 2, 0, 0, 0 ], [ 0, 1144, 146, 105 ]
3305 / 10000: [ 0, 2, 0, 0, 0 ], [ 0, 1145, 146, 105 ]
3306 / 10000: [ 0, 2, 0, 0, 0 ], [ 0, 1146, 146, 105 ]
3307 / 10000: [ 0, 2, 0, 0, 0 ], [ 0, 1147, 146, 105 ]
3308 / 10000: [ 0, 2, 0, 0, 0 ], [ 0, 1148, 146, 105 ]
3309 / 10000: [ 0, 1, 0, 0, 0 ], [ 0, 1148, 146, 105 ]
3310 / 10000: [ 0, 2, 0, 0, 0 ], [ 0, 1149, 146, 105 ]
3311 / 10000: [ 0, 2, 0, 0, 0 ], [ 0, 1150, 146, 105 ]
3312 / 10000: [ 0, 2, 0, 0, 0 ], [ 0, 1151, 146, 105 ]
3313 / 10000: [ 0, 1, 0, 0, 0 ], [ 0, 1151, 146, 105 ]
3314 / 10000: [ 0, 1, 0, 0, 0 ], [ 0, 1151, 146, 105 ]
3315 / 10000: [ 0, 0, 0, 0, 0 ], [ 0, 1151, 146, 105 ]
3316 / 10000: [ 0, 2, 0, 0, 0 ], [ 0, 1152, 146, 105 ]
3317 / 10000: [ 0, 2, 0, 0, 0 ], [ 0, 1153, 146, 105 ]
3318 / 10000: [ 0, 1, 0, 0, 0 ], [ 0, 1153, 146, 105 ]
3319 / 10000: [ 0, 2, 0, 0, 0 ], [ 0, 1154, 146, 105 ]
3320 / 10000: [ 0, 0, 1, 0, 0 ], [ 0, 1154, 146, 105 ]
3321 / 10000: [ 0, 1, 0, 0, 0 ], [ 0, 1154, 146, 105 ]
3322 / 10000: [ 0, 0, 0, 0, 0 ], [ 0, 1154, 146, 105 ]
3323 / 10000: [ 0, 1, 0, 0, 0 ], [ 0, 1154, 146, 105 ]
3324 / 10000: [ 0, 2, 0, 0, 0 ], [ 0, 1155, 146, 105 ]
3325 / 10000: [ 0, 1, 0, 0, 1 ], [ 0, 1155, 146, 106 ]
3326 / 10000: [ 0, 0, 2, 0, 0 ], [ 0, 1155, 147, 106 ]
3327 / 10000: [ 0, 2, 0, 0, 0 ], [ 0, 1156, 147, 106 ]
3328 / 10000: [ 0, 2, 0, 0, 0 ], [ 0, 1157, 147, 106 ]
3329 / 10000: [ 0, 2, 0, 0, 0 ], [ 0, 1158, 147, 106 ]
3330 / 10000: [ 0, 1, 0, 0, 0 ], [ 0, 1158, 147, 106 ]
3331 / 10000: [ 0, 1, 1, 0, 0 ], [ 0, 1158, 148, 106 ]
3332 / 10000: [ 0, 2, 0, 0, 0 ], [ 0, 1159, 148, 106 ]
3333 / 10000: [ 0, 1, 0, 0, 0 ], [ 0, 1159, 148, 106 ]
3334 / 10000: [ 0, 2, 0, 0, 0 ], [ 0, 1160, 148, 106 ]
3335 / 10000: [ 0, 2, 0, 0, 0 ], [ 0, 1161, 148, 106 ]
3336 / 10000: [ 0, 2, 0, 0, 0 ], [ 0, 1162, 148, 106 ]
3337 / 10000: [ 0, 2, 0, 0, 0 ], [ 0, 1163, 148, 106 ]
3338 / 10000: [ 0, 0, 0, 0, 0 ], [ 0, 1163, 148, 106 ]
3339 / 10000: [ 0, 0, 0, 0, 0 ], [ 0, 1163, 148, 106 ]
3340 / 10000: [ 0, 2, 0, 0, 0 ], [ 0, 1164, 148, 106 ]
3341 / 10000: [ 0, 1, 1, 0, 0 ], [ 0, 1164, 149, 106 ]
3342 / 10000: [ 0, 0, 0, 0, 0 ], [ 0, 1164, 149, 106 ]
3343 / 10000: [ 0, 0, 1, 0, 0 ], [ 0, 1164, 149, 106 ]
3344 / 10000: [ 0, 2, 0, 0, 0 ], [ 0, 1165, 149, 106 ]
3345 / 10000: [ 0, 0, 0, 0, 0 ], [ 0, 1165, 149, 106 ]
3346 / 10000: [ 0, 0, 0, 0, 0 ], [ 0, 1165, 149, 106 ]
3347 / 10000: [ 0, 1, 0, 0, 0 ], [ 0, 1165, 149, 106 ]
3348 / 10000: [ 0, 0, 0, 0, 0 ], [ 0, 1165, 149, 106 ]
3349 / 10000: [ 0, 2, 0, 0, 0 ], [ 0, 1166, 149, 106 ]
3350 / 10000: [ 0, 1, 1, 0, 0 ], [ 0, 1166, 150, 106 ]
3351 / 10000: [ 0, 2, 0, 0, 0 ], [ 0, 1167, 150, 106 ]
3352 / 10000: [ 0, 0, 1, 0, 0 ], [ 0, 1167, 150, 106 ]
3353 / 10000: [ 0, 0, 0, 0, 0 ], [ 0, 1167, 150, 106 ]
3354 / 10000: [ 0, 2, 0, 0, 0 ], [ 0, 1168, 150, 106 ]
3355 / 10000: [ 0, 2, 0, 0, 0 ], [ 0, 1169, 150, 106 ]
3356 / 10000: [ 0, 2, 0, 0, 0 ], [ 0, 1170, 150, 106 ]
3357 / 10000: [ 0, 0, 0, 0, 0 ], [ 0, 1170, 150, 106 ]
3358 / 10000: [ 0, 2, 0, 0, 0 ], [ 0, 1171, 150, 106 ]
3359 / 10000: [ 0, 2, 0, 0, 0 ], [ 0, 1172, 150, 106 ]
3360 / 10000: [ 0, 2, 0, 0, 0 ], [ 0, 1173, 150, 106 ]
3361 / 10000: [ 0, 0, 0, 0, 0 ], [ 0, 1173, 150, 106 ]
3362 / 10000: [ 0, 1, 0, 0, 0 ], [ 0, 1173, 150, 106 ]
3363 / 10000: [ 0, 0, 0, 0, 0 ], [ 0, 1173, 150, 106 ]
3364 / 10000: [ 0, 1, 0, 0, 0 ], [ 0, 1173, 150, 106 ]
3365 / 10000: [ 0, 2, 0, 0, 0 ], [ 0, 1174, 150, 106 ]
3366 / 10000: [ 0, 2, 0, 0, 0 ], [ 0, 1175, 150, 106 ]
3367 / 10000: [ 0, 0, 0, 0, 0 ], [ 0, 1175, 150, 106 ]
3368 / 10000: [ 0, 1, 0, 0, 0 ], [ 0, 1175, 150, 106 ]
3369 / 10000: [ 0, 2, 0, 0, 0 ], [ 0, 1176, 150, 106 ]
3370 / 10000: [ 0, 2, 0, 0, 0 ], [ 0, 1177, 150, 106 ]
3371 / 10000: [ 0, 0, 1, 0, 0 ], [ 0, 1177, 150, 106 ]
3372 / 10000: [ 0, 0, 0, 0, 0 ], [ 0, 1177, 150, 106 ]
3373 / 10000: [ 0, 1, 0, 0, 0 ], [ 0, 1177, 150, 106 ]
3374 / 10000: [ 0, 0, 0, 0, 0 ], [ 0, 1177, 150, 106 ]
3375 / 10000: [ 0, 1, 0, 0, 0 ], [ 0, 1177, 150, 106 ]
3376 / 10000: [ 0, 0, 0, 0, 0 ], [ 0, 1177, 150, 106 ]
3377 / 10000: [ 0, 0, 0, 0, 0 ], [ 0, 1177, 150, 106 ]
3378 / 10000: [ 0, 1, 0, 0, 0 ], [ 0, 1177, 150, 106 ]
3379 / 10000: [ 0, 2, 0, 0, 0 ], [ 0, 1178, 150, 106 ]
3380 / 10000: [ 0, 1, 0, 0, 0 ], [ 0, 1178, 150, 106 ]
3381 / 10000: [ 0, 2, 0, 0, 0 ], [ 0, 1179, 150, 106 ]
3382 / 10000: [ 0, 2, 0, 0, 0 ], [ 0, 1180, 150, 106 ]
3383 / 10000: [ 0, 0, 0, 0, 0 ], [ 0, 1180, 150, 106 ]
3384 / 10000: [ 0, 1, 0, 0, 0 ], [ 0, 1180, 150, 106 ]
3385 / 10000: [ 0, 1, 0, 0, 0 ], [ 0, 1180, 150, 106 ]
3386 / 10000: [ 0, 2, 0, 0, 0 ], [ 0, 1181, 150, 106 ]
3387 / 10000: [ 0, 1, 0, 0, 0 ], [ 0, 1181, 150, 106 ]
3388 / 10000: [ 0, 0, 1, 0, 0 ], [ 0, 1181, 150, 106 ]
3389 / 10000: [ 0, 2, 0, 0, 0 ], [ 0, 1182, 150, 106 ]
3390 / 10000: [ 0, 2, 0, 0, 0 ], [ 0, 1183, 150, 106 ]
3391 / 10000: [ 0, 1, 0, 0, 0 ], [ 0, 1183, 150, 106 ]
3392 / 10000: [ 0, 1, 0, 0, 0 ], [ 0, 1183, 150, 106 ]
3393 / 10000: [ 0, 2, 0, 0, 0 ], [ 0, 1184, 150, 106 ]
3394 / 10000: [ 0, 1, 0, 0, 0 ], [ 0, 1184, 150, 106 ]
3395 / 10000: [ 0, 2, 0, 0, 0 ], [ 0, 1185, 150, 106 ]
3396 / 10000: [ 0, 1, 0, 0, 0 ], [ 0, 1185, 150, 106 ]
3397 / 10000: [ 0, 1, 0, 0, 0 ], [ 0, 1185, 150, 106 ]
3398 / 10000: [ 0, 2, 0, 0, 0 ], [ 0, 1186, 150, 106 ]
3399 / 10000: [ 0, 1, 0, 0, 0 ], [ 0, 1186, 150, 106 ]
3400 / 10000: [ 0, 2, 0, 0, 0 ], [ 0, 1187, 150, 106 ]
3401 / 10000: [ 0, 2, 0, 0, 0 ], [ 0, 1188, 150, 106 ]
3402 / 10000: [ 0, 2, 0, 0, 0 ], [ 0, 1189, 150, 106 ]
3403 / 10000: [ 0, 2, 0, 0, 0 ], [ 0, 1190, 150, 106 ]
3404 / 10000: [ 0, 2, 0, 0, 0 ], [ 0, 1191, 150, 106 ]
3405 / 10000: [ 0, 2, 0, 0, 0 ], [ 0, 1192, 150, 106 ]
3406 / 10000: [ 0, 2, 0, 0, 0 ], [ 0, 1193, 150, 106 ]
3407 / 10000: [ 0, 2, 0, 0, 0 ], [ 0, 1194, 150, 106 ]
3408 / 10000: [ 0, 2, 0, 0, 0 ], [ 0, 1195, 150, 106 ]
3409 / 10000: [ 0, 2, 0, 0, 0 ], [ 0, 1196, 150, 106 ]
3410 / 10000: [ 0, 2, 0, 0, 0 ], [ 0, 1197, 150, 106 ]
3411 / 10000: [ 0, 2, 0, 0, 0 ], [ 0, 1198, 150, 106 ]
3412 / 10000: [ 0, 2, 0, 0, 0 ], [ 0, 1199, 150, 106 ]
3413 / 10000: [ 0, 2, 0, 0, 0 ], [ 0, 1200, 150, 106 ]
3414 / 10000: [ 0, 2, 0, 0, 0 ], [ 0, 1201, 150, 106 ]
3415 / 10000: [ 0, 2, 0, 0, 0 ], [ 0, 1202, 150, 106 ]
3416 / 10000: [ 0, 2, 0, 0, 0 ], [ 0, 1203, 150, 106 ]
3417 / 10000: [ 0, 2, 0, 0, 0 ], [ 0, 1204, 150, 106 ]
3418 / 10000: [ 0, 0, 0, 0, 0 ], [ 0, 1204, 150, 106 ]
3419 / 10000: [ 0, 2, 0, 0, 0 ], [ 0, 1205, 150, 106 ]
3420 / 10000: [ 0, 1, 0, 0, 0 ], [ 0, 1205, 150, 106 ]
3421 / 10000: [ 0, 1, 1, 0, 0 ], [ 0, 1205, 151, 106 ]
3422 / 10000: [ 0, 0, 1, 0, 0 ], [ 0, 1205, 151, 106 ]
3423 / 10000: [ 0, 2, 0, 0, 0 ], [ 0, 1206, 151, 106 ]
3424 / 10000: [ 0, 0, 0, 0, 0 ], [ 0, 1206, 151, 106 ]
3425 / 10000: [ 0, 1, 1, 0, 0 ], [ 0, 1206, 152, 106 ]
3426 / 10000: [ 0, 2, 0, 0, 0 ], [ 0, 1207, 152, 106 ]
3427 / 10000: [ 0, 2, 0, 0, 0 ], [ 0, 1208, 152, 106 ]
3428 / 10000: [ 0, 2, 0, 0, 0 ], [ 0, 1209, 152, 106 ]
3429 / 10000: [ 0, 2, 0, 0, 0 ], [ 0, 1210, 152, 106 ]
3430 / 10000: [ 0, 2, 0, 0, 0 ], [ 0, 1211, 152, 106 ]
3431 / 10000: [ 0, 2, 0, 0, 0 ], [ 0, 1212, 152, 106 ]
3432 / 10000: [ 0, 1, 1, 0, 0 ], [ 0, 1212, 153, 106 ]
3433 / 10000: [ 0, 2, 0, 0, 0 ], [ 0, 1213, 153, 106 ]
3434 / 10000: [ 0, 2, 0, 0, 0 ], [ 0, 1214, 153, 106 ]
3435 / 10000: [ 0, 2, 0, 0, 0 ], [ 0, 1215, 153, 106 ]
3436 / 10000: [ 0, 2, 0, 0, 0 ], [ 0, 1216, 153, 106 ]
3437 / 10000: [ 0, 2, 0, 0, 0 ], [ 0, 1217, 153, 106 ]
3438 / 10000: [ 0, 0, 0, 0, 0 ], [ 0, 1217, 153, 106 ]
3439 / 10000: [ 0, 0, 0, 0, 0 ], [ 0, 1217, 153, 106 ]
3440 / 10000: [ 0, 2, 0, 0, 0 ], [ 0, 1218, 153, 106 ]
3441 / 10000: [ 0, 2, 0, 0, 0 ], [ 0, 1219, 153, 106 ]
3442 / 10000: [ 0, 1, 0, 0, 0 ], [ 0, 1219, 153, 106 ]
3443 / 10000: [ 0, 0, 1, 0, 0 ], [ 0, 1219, 153, 106 ]
3444 / 10000: [ 0, 2, 0, 0, 0 ], [ 0, 1220, 153, 106 ]
3445 / 10000: [ 0, 1, 0, 0, 0 ], [ 0, 1220, 153, 106 ]
3446 / 10000: [ 0, 1, 1, 0, 0 ], [ 0, 1220, 154, 106 ]
3447 / 10000: [ 0, 2, 0, 0, 0 ], [ 0, 1221, 154, 106 ]
3448 / 10000: [ 0, 1, 0, 0, 0 ], [ 0, 1221, 154, 106 ]
3449 / 10000: [ 0, 2, 0, 0, 0 ], [ 0, 1222, 154, 106 ]
3450 / 10000: [ 0, 2, 0, 0, 0 ], [ 0, 1223, 154, 106 ]
3451 / 10000: [ 0, 2, 0, 0, 0 ], [ 0, 1224, 154, 106 ]
3452 / 10000: [ 0, 1, 0, 0, 0 ], [ 0, 1224, 154, 106 ]
3453 / 10000: [ 0, 2, 0, 0, 0 ], [ 0, 1225, 154, 106 ]
3454 / 10000: [ 0, 2, 0, 0, 0 ], [ 0, 1226, 154, 106 ]
3455 / 10000: [ 0, 2, 0, 0, 0 ], [ 0, 1227, 154, 106 ]
3456 / 10000: [ 0, 2, 0, 0, 0 ], [ 0, 1228, 154, 106 ]
3457 / 10000: [ 0, 0, 0, 0, 0 ], [ 0, 1228, 154, 106 ]
3458 / 10000: [ 0, 1, 0, 0, 0 ], [ 0, 1228, 154, 106 ]
3459 / 10000: [ 0, 2, 0, 0, 0 ], [ 0, 1229, 154, 106 ]
3460 / 10000: [ 0, 1, 0, 1, 0 ], [ 0, 1229, 154, 107 ]
3461 / 10000: [ 0, 2, 0, 0, 0 ], [ 0, 1230, 154, 107 ]
3462 / 10000: [ 0, 2, 0, 0, 0 ], [ 0, 1231, 154, 107 ]
3463 / 10000: [ 0, 0, 0, 0, 0 ], [ 0, 1231, 154, 107 ]
3464 / 10000: [ 0, 2, 0, 0, 0 ], [ 0, 1232, 154, 107 ]
3465 / 10000: [ 0, 1, 0, 0, 0 ], [ 0, 1232, 154, 107 ]
3466 / 10000: [ 0, 2, 0, 0, 0 ], [ 0, 1233, 154, 107 ]
3467 / 10000: [ 0, 1, 0, 0, 0 ], [ 0, 1233, 154, 107 ]
3468 / 10000: [ 0, 2, 0, 0, 0 ], [ 0, 1234, 154, 107 ]
3469 / 10000: [ 0, 1, 0, 0, 0 ], [ 0, 1234, 154, 107 ]
3470 / 10000: [ 0, 2, 0, 0, 0 ], [ 0, 1235, 154, 107 ]
3471 / 10000: [ 0, 1, 0, 0, 0 ], [ 0, 1235, 154, 107 ]
3472 / 10000: [ 0, 0, 2, 0, 0 ], [ 0, 1235, 155, 107 ]
3473 / 10000: [ 0, 1, 0, 0, 0 ], [ 0, 1235, 155, 107 ]
3474 / 10000: [ 0, 1, 0, 0, 0 ], [ 0, 1235, 155, 107 ]
3475 / 10000: [ 0, 1, 0, 0, 0 ], [ 0, 1235, 155, 107 ]
3476 / 10000: [ 0, 1, 0, 0, 0 ], [ 0, 1235, 155, 107 ]
3477 / 10000: [ 0, 1, 0, 0, 0 ], [ 0, 1235, 155, 107 ]
3478 / 10000: [ 0, 2, 0, 0, 0 ], [ 0, 1236, 155, 107 ]
3479 / 10000: [ 0, 2, 0, 0, 0 ], [ 0, 1237, 155, 107 ]
3480 / 10000: [ 0, 2, 0, 0, 0 ], [ 0, 1238, 155, 107 ]
3481 / 10000: [ 0, 2, 0, 0, 0 ], [ 0, 1239, 155, 107 ]
3482 / 10000: [ 0, 2, 0, 0, 0 ], [ 0, 1240, 155, 107 ]
3483 / 10000: [ 0, 0, 0, 0, 0 ], [ 0, 1240, 155, 107 ]
3484 / 10000: [ 0, 1, 1, 0, 0 ], [ 0, 1240, 156, 107 ]
3485 / 10000: [ 0, 0, 0, 1, 0 ], [ 0, 1240, 156, 107 ]
3486 / 10000: [ 0, 1, 0, 0, 0 ], [ 0, 1240, 156, 107 ]
3487 / 10000: [ 0, 2, 0, 0, 0 ], [ 0, 1241, 156, 107 ]
3488 / 10000: [ 0, 0, 0, 0, 0 ], [ 0, 1241, 156, 107 ]
3489 / 10000: [ 0, 1, 0, 0, 0 ], [ 0, 1241, 156, 107 ]
3490 / 10000: [ 0, 2, 0, 0, 0 ], [ 0, 1242, 156, 107 ]
3491 / 10000: [ 0, 2, 0, 0, 0 ], [ 0, 1243, 156, 107 ]
3492 / 10000: [ 0, 1, 0, 0, 0 ], [ 0, 1243, 156, 107 ]
3493 / 10000: [ 0, 2, 0, 0, 0 ], [ 0, 1244, 156, 107 ]
3494 / 10000: [ 0, 2, 0, 0, 0 ], [ 0, 1245, 156, 107 ]
3495 / 10000: [ 0, 1, 0, 0, 0 ], [ 0, 1245, 156, 107 ]
3496 / 10000: [ 0, 1, 1, 0, 0 ], [ 0, 1245, 157, 107 ]
3497 / 10000: [ 0, 0, 0, 0, 0 ], [ 0, 1245, 157, 107 ]
3498 / 10000: [ 0, 2, 0, 0, 0 ], [ 0, 1246, 157, 107 ]
3499 / 10000: [ 0, 2, 0, 0, 0 ], [ 0, 1247, 157, 107 ]
3500 / 10000: [ 0, 2, 0, 0, 0 ], [ 0, 1248, 157, 107 ]
3501 / 10000: [ 0, 2, 0, 0, 0 ], [ 0, 1249, 157, 107 ]
3502 / 10000: [ 0, 2, 0, 0, 0 ], [ 0, 1250, 157, 107 ]
3503 / 10000: [ 0, 2, 0, 0, 0 ], [ 0, 1251, 157, 107 ]
3504 / 10000: [ 0, 1, 0, 0, 0 ], [ 0, 1251, 157, 107 ]
3505 / 10000: [ 0, 2, 0, 0, 0 ], [ 0, 1252, 157, 107 ]
3506 / 10000: [ 0, 2, 0, 0, 0 ], [ 0, 1253, 157, 107 ]
3507 / 10000: [ 0, 2, 0, 0, 0 ], [ 0, 1254, 157, 107 ]
3508 / 10000: [ 0, 1, 0, 0, 0 ], [ 0, 1254, 157, 107 ]
3509 / 10000: [ 0, 2, 0, 0, 0 ], [ 0, 1255, 157, 107 ]
3510 / 10000: [ 0, 1, 1, 0, 0 ], [ 0, 1255, 158, 107 ]
3511 / 10000: [ 0, 2, 0, 0, 0 ], [ 0, 1256, 158, 107 ]
3512 / 10000: [ 0, 2, 0, 0, 0 ], [ 0, 1257, 158, 107 ]
3513 / 10000: [ 0, 2, 0, 0, 0 ], [ 0, 1258, 158, 107 ]
3514 / 10000: [ 0, 2, 0, 0, 0 ], [ 0, 1259, 158, 107 ]
3515 / 10000: [ 0, 2, 0, 0, 0 ], [ 0, 1260, 158, 107 ]
3516 / 10000: [ 0, 0, 0, 0, 0 ], [ 0, 1260, 158, 107 ]
3517 / 10000: [ 0, 0, 0, 0, 0 ], [ 0, 1260, 158, 107 ]
3518 / 10000: [ 0, 2, 0, 0, 0 ], [ 0, 1261, 158, 107 ]
3519 / 10000: [ 0, 0, 1, 0, 0 ], [ 0, 1261, 158, 107 ]
3520 / 10000: [ 0, 2, 0, 0, 0 ], [ 0, 1262, 158, 107 ]
3521 / 10000: [ 0, 1, 0, 0, 0 ], [ 0, 1262, 158, 107 ]
3522 / 10000: [ 0, 0, 0, 0, 0 ], [ 0, 1262, 158, 107 ]
3523 / 10000: [ 0, 2, 0, 0, 0 ], [ 0, 1263, 158, 107 ]
3524 / 10000: [ 0, 2, 0, 0, 0 ], [ 0, 1264, 158, 107 ]
3525 / 10000: [ 0, 2, 0, 0, 0 ], [ 0, 1265, 158, 107 ]
3526 / 10000: [ 0, 2, 0, 0, 0 ], [ 0, 1266, 158, 107 ]
3527 / 10000: [ 0, 2, 0, 0, 0 ], [ 0, 1267, 158, 107 ]
3528 / 10000: [ 0, 1, 1, 0, 0 ], [ 0, 1267, 159, 107 ]
3529 / 10000: [ 0, 1, 0, 0, 0 ], [ 0, 1267, 159, 107 ]
3530 / 10000: [ 0, 2, 0, 0, 0 ], [ 0, 1268, 159, 107 ]
3531 / 10000: [ 0, 2, 0, 0, 0 ], [ 0, 1269, 159, 107 ]
3532 / 10000: [ 0, 2, 0, 0, 0 ], [ 0, 1270, 159, 107 ]
3533 / 10000: [ 0, 2, 0, 0, 0 ], [ 0, 1271, 159, 107 ]
3534 / 10000: [ 0, 2, 0, 0, 0 ], [ 0, 1272, 159, 107 ]
3535 / 10000: [ 0, 1, 0, 0, 0 ], [ 0, 1272, 159, 107 ]
3536 / 10000: [ 0, 1, 0, 0, 0 ], [ 0, 1272, 159, 107 ]
3537 / 10000: [ 0, 2, 0, 0, 0 ], [ 0, 1273, 159, 107 ]
3538 / 10000: [ 0, 1, 0, 0, 0 ], [ 0, 1273, 159, 107 ]
3539 / 10000: [ 0, 1, 0, 0, 0 ], [ 0, 1273, 159, 107 ]
3540 / 10000: [ 0, 1, 0, 0, 0 ], [ 0, 1273, 159, 107 ]
3541 / 10000: [ 0, 2, 0, 0, 0 ], [ 0, 1274, 159, 107 ]
3542 / 10000: [ 0, 1, 0, 0, 0 ], [ 0, 1274, 159, 107 ]
3543 / 10000: [ 0, 0, 0, 0, 0 ], [ 0, 1274, 159, 107 ]
3544 / 10000: [ 0, 1, 0, 0, 0 ], [ 0, 1274, 159, 107 ]
3545 / 10000: [ 0, 0, 0, 0, 0 ], [ 0, 1274, 159, 107 ]
3546 / 10000: [ 0, 1, 1, 0, 0 ], [ 0, 1274, 160, 107 ]
3547 / 10000: [ 0, 2, 0, 0, 0 ], [ 0, 1275, 160, 107 ]
3548 / 10000: [ 0, 2, 0, 0, 0 ], [ 0, 1276, 160, 107 ]
3549 / 10000: [ 0, 2, 0, 0, 0 ], [ 0, 1277, 160, 107 ]
3550 / 10000: [ 0, 2, 0, 0, 0 ], [ 0, 1278, 160, 107 ]
3551 / 10000: [ 0, 1, 0, 0, 0 ], [ 0, 1278, 160, 107 ]
3552 / 10000: [ 0, 1, 0, 0, 0 ], [ 0, 1278, 160, 107 ]
3553 / 10000: [ 0, 2, 0, 0, 0 ], [ 0, 1279, 160, 107 ]
3554 / 10000: [ 0, 2, 0, 0, 0 ], [ 0, 1280, 160, 107 ]
3555 / 10000: [ 0, 2, 0, 0, 0 ], [ 0, 1281, 160, 107 ]
3556 / 10000: [ 0, 1, 1, 0, 0 ], [ 0, 1281, 161, 107 ]
3557 / 10000: [ 0, 2, 0, 0, 0 ], [ 0, 1282, 161, 107 ]
3558 / 10000: [ 0, 2, 0, 0, 0 ], [ 0, 1283, 161, 107 ]
3559 / 10000: [ 0, 2, 0, 0, 0 ], [ 0, 1284, 161, 107 ]
3560 / 10000: [ 0, 1, 0, 1, 0 ], [ 0, 1284, 161, 108 ]
3561 / 10000: [ 0, 2, 0, 0, 0 ], [ 0, 1285, 161, 108 ]
3562 / 10000: [ 0, 2, 0, 0, 0 ], [ 0, 1286, 161, 108 ]
3563 / 10000: [ 0, 1, 0, 0, 0 ], [ 0, 1286, 161, 108 ]
3564 / 10000: [ 0, 2, 0, 0, 0 ], [ 0, 1287, 161, 108 ]
3565 / 10000: [ 0, 2, 0, 0, 0 ], [ 0, 1288, 161, 108 ]
3566 / 10000: [ 0, 2, 0, 0, 0 ], [ 0, 1289, 161, 108 ]
3567 / 10000: [ 0, 0, 1, 0, 0 ], [ 0, 1289, 161, 108 ]
3568 / 10000: [ 0, 2, 0, 0, 0 ], [ 0, 1290, 161, 108 ]
3569 / 10000: [ 0, 2, 0, 0, 0 ], [ 0, 1291, 161, 108 ]
3570 / 10000: [ 0, 2, 0, 0, 0 ], [ 0, 1292, 161, 108 ]
3571 / 10000: [ 0, 0, 0, 0, 0 ], [ 0, 1292, 161, 108 ]
3572 / 10000: [ 0, 0, 0, 0, 0 ], [ 0, 1292, 161, 108 ]
3573 / 10000: [ 0, 2, 0, 0, 0 ], [ 0, 1293, 161, 108 ]
3574 / 10000: [ 0, 1, 0, 0, 0 ], [ 0, 1293, 161, 108 ]
3575 / 10000: [ 0, 0, 0, 0, 0 ], [ 0, 1293, 161, 108 ]
3576 / 10000: [ 0, 0, 0, 0, 0 ], [ 0, 1293, 161, 108 ]
3577 / 10000: [ 0, 0, 0, 0, 0 ], [ 0, 1293, 161, 108 ]
3578 / 10000: [ 0, 1, 0, 0, 0 ], [ 0, 1293, 161, 108 ]
3579 / 10000: [ 0, 2, 0, 0, 0 ], [ 0, 1294, 161, 108 ]
3580 / 10000: [ 0, 0, 0, 0, 0 ], [ 0, 1294, 161, 108 ]
3581 / 10000: [ 0, 2, 0, 0, 0 ], [ 0, 1295, 161, 108 ]
3582 / 10000: [ 0, 0, 0, 0, 0 ], [ 0, 1295, 161, 108 ]
3583 / 10000: [ 0, 1, 0, 0, 0 ], [ 0, 1295, 161, 108 ]
3584 / 10000: [ 0, 2, 0, 0, 0 ], [ 0, 1296, 161, 108 ]
3585 / 10000: [ 0, 1, 0, 1, 0 ], [ 0, 1296, 161, 109 ]
3586 / 10000: [ 0, 2, 0, 0, 0 ], [ 0, 1297, 161, 109 ]
3587 / 10000: [ 0, 1, 0, 0, 0 ], [ 0, 1297, 161, 109 ]
3588 / 10000: [ 0, 0, 0, 0, 0 ], [ 0, 1297, 161, 109 ]
3589 / 10000: [ 0, 2, 0, 0, 0 ], [ 0, 1298, 161, 109 ]
3590 / 10000: [ 0, 2, 0, 0, 0 ], [ 0, 1299, 161, 109 ]
3591 / 10000: [ 0, 2, 0, 0, 0 ], [ 0, 1300, 161, 109 ]
3592 / 10000: [ 0, 2, 0, 0, 0 ], [ 0, 1301, 161, 109 ]
3593 / 10000: [ 0, 1, 0, 0, 0 ], [ 0, 1301, 161, 109 ]
3594 / 10000: [ 0, 2, 0, 0, 0 ], [ 0, 1302, 161, 109 ]
3595 / 10000: [ 0, 2, 0, 0, 0 ], [ 0, 1303, 161, 109 ]
3596 / 10000: [ 0, 2, 0, 0, 0 ], [ 0, 1304, 161, 109 ]
3597 / 10000: [ 0, 1, 0, 0, 0 ], [ 0, 1304, 161, 109 ]
3598 / 10000: [ 0, 1, 0, 0, 0 ], [ 0, 1304, 161, 109 ]
3599 / 10000: [ 0, 1, 0, 0, 0 ], [ 0, 1304, 161, 109 ]
3600 / 10000: [ 0, 1, 0, 0, 0 ], [ 0, 1304, 161, 109 ]
3601 / 10000: [ 0, 2, 0, 0, 0 ], [ 0, 1305, 161, 109 ]
3602 / 10000: [ 0, 0, 0, 0, 0 ], [ 0, 1305, 161, 109 ]
3603 / 10000: [ 0, 2, 0, 0, 0 ], [ 0, 1306, 161, 109 ]
3604 / 10000: [ 0, 2, 0, 0, 0 ], [ 0, 1307, 161, 109 ]
3605 / 10000: [ 0, 1, 0, 0, 0 ], [ 0, 1307, 161, 109 ]
3606 / 10000: [ 0, 2, 0, 0, 0 ], [ 0, 1308, 161, 109 ]
3607 / 10000: [ 0, 1, 0, 0, 0 ], [ 0, 1308, 161, 109 ]
3608 / 10000: [ 0, 2, 0, 0, 0 ], [ 0, 1309, 161, 109 ]
3609 / 10000: [ 0, 2, 0, 0, 0 ], [ 0, 1310, 161, 109 ]
3610 / 10000: [ 0, 2, 0, 0, 0 ], [ 0, 1311, 161, 109 ]
3611 / 10000: [ 0, 2, 0, 0, 0 ], [ 0, 1312, 161, 109 ]
3612 / 10000: [ 0, 2, 0, 0, 0 ], [ 0, 1313, 161, 109 ]
3613 / 10000: [ 0, 2, 0, 0, 0 ], [ 0, 1314, 161, 109 ]
3614 / 10000: [ 0, 2, 0, 0, 0 ], [ 0, 1315, 161, 109 ]
3615 / 10000: [ 0, 2, 0, 0, 0 ], [ 0, 1316, 161, 109 ]
3616 / 10000: [ 0, 2, 0, 0, 0 ], [ 0, 1317, 161, 109 ]
3617 / 10000: [ 0, 2, 0, 0, 0 ], [ 0, 1318, 161, 109 ]
3618 / 10000: [ 0, 0, 0, 0, 0 ], [ 0, 1318, 161, 109 ]
3619 / 10000: [ 0, 2, 0, 0, 0 ], [ 0, 1319, 161, 109 ]
3620 / 10000: [ 0, 0, 0, 0, 0 ], [ 0, 1319, 161, 109 ]
3621 / 10000: [ 0, 1, 1, 0, 0 ], [ 0, 1319, 162, 109 ]
3622 / 10000: [ 0, 2, 0, 0, 0 ], [ 0, 1320, 162, 109 ]
3623 / 10000: [ 0, 1, 1, 0, 0 ], [ 0, 1320, 163, 109 ]
3624 / 10000: [ 0, 0, 0, 0, 0 ], [ 0, 1320, 163, 109 ]
3625 / 10000: [ 0, 0, 1, 1, 0 ], [ 0, 1320, 163, 110 ]
3626 / 10000: [ 0, 1, 0, 0, 1 ], [ 0, 1320, 163, 111 ]
3627 / 10000: [ 0, 1, 0, 0, 0 ], [ 0, 1320, 163, 111 ]
3628 / 10000: [ 0, 1, 0, 0, 0 ], [ 0, 1320, 163, 111 ]
3629 / 10000: [ 0, 2, 0, 0, 0 ], [ 0, 1321, 163, 111 ]
3630 / 10000: [ 0, 0, 0, 0, 0 ], [ 0, 1321, 163, 111 ]
3631 / 10000: [ 0, 1, 0, 0, 0 ], [ 0, 1321, 163, 111 ]
3632 / 10000: [ 0, 1, 0, 0, 0 ], [ 0, 1321, 163, 111 ]
3633 / 10000: [ 0, 2, 0, 0, 0 ], [ 0, 1322, 163, 111 ]
3634 / 10000: [ 0, 2, 0, 0, 0 ], [ 0, 1323, 163, 111 ]
3635 / 10000: [ 0, 2, 0, 0, 0 ], [ 0, 1324, 163, 111 ]
3636 / 10000: [ 0, 2, 0, 0, 0 ], [ 0, 1325, 163, 111 ]
3637 / 10000: [ 0, 2, 0, 0, 0 ], [ 0, 1326, 163, 111 ]
3638 / 10000: [ 0, 0, 0, 0, 0 ], [ 0, 1326, 163, 111 ]
3639 / 10000: [ 0, 0, 0, 0, 0 ], [ 0, 1326, 163, 111 ]
3640 / 10000: [ 0, 2, 0, 0, 0 ], [ 0, 1327, 163, 111 ]
3641 / 10000: [ 0, 1, 0, 0, 0 ], [ 0, 1327, 163, 111 ]
3642 / 10000: [ 0, 0, 0, 0, 0 ], [ 0, 1327, 163, 111 ]
3643 / 10000: [ 0, 2, 0, 0, 0 ], [ 0, 1328, 163, 111 ]
3644 / 10000: [ 0, 2, 0, 0, 0 ], [ 0, 1329, 163, 111 ]
3645 / 10000: [ 0, 0, 0, 0, 0 ], [ 0, 1329, 163, 111 ]
3646 / 10000: [ 0, 0, 1, 0, 0 ], [ 0, 1329, 163, 111 ]
3647 / 10000: [ 0, 0, 0, 0, 0 ], [ 0, 1329, 163, 111 ]
3648 / 10000: [ 0, 0, 0, 0, 0 ], [ 0, 1329, 163, 111 ]
3649 / 10000: [ 0, 2, 0, 0, 0 ], [ 0, 1330, 163, 111 ]
3650 / 10000: [ 0, 2, 0, 0, 0 ], [ 0, 1331, 163, 111 ]
3651 / 10000: [ 0, 1, 0, 0, 0 ], [ 0, 1331, 163, 111 ]
3652 / 10000: [ 0, 0, 0, 0, 0 ], [ 0, 1331, 163, 111 ]
3653 / 10000: [ 0, 0, 0, 0, 0 ], [ 0, 1331, 163, 111 ]
3654 / 10000: [ 0, 1, 1, 0, 0 ], [ 0, 1331, 164, 111 ]
3655 / 10000: [ 0, 2, 0, 0, 0 ], [ 0, 1332, 164, 111 ]
3656 / 10000: [ 0, 1, 0, 0, 0 ], [ 0, 1332, 164, 111 ]
3657 / 10000: [ 0, 0, 0, 0, 0 ], [ 0, 1332, 164, 111 ]
3658 / 10000: [ 0, 2, 0, 0, 0 ], [ 0, 1333, 164, 111 ]
3659 / 10000: [ 0, 1, 0, 0, 0 ], [ 0, 1333, 164, 111 ]
3660 / 10000: [ 0, 1, 0, 1, 0 ], [ 0, 1333, 164, 112 ]
3661 / 10000: [ 0, 0, 0, 0, 0 ], [ 0, 1333, 164, 112 ]
3662 / 10000: [ 0, 2, 0, 0, 0 ], [ 0, 1334, 164, 112 ]
3663 / 10000: [ 0, 0, 0, 0, 0 ], [ 0, 1334, 164, 112 ]
3664 / 10000: [ 0, 0, 0, 0, 0 ], [ 0, 1334, 164, 112 ]
3665 / 10000: [ 0, 1, 0, 0, 0 ], [ 0, 1334, 164, 112 ]
3666 / 10000: [ 0, 1, 0, 0, 0 ], [ 0, 1334, 164, 112 ]
3667 / 10000: [ 0, 0, 0, 0, 0 ], [ 0, 1334, 164, 112 ]
3668 / 10000: [ 0, 2, 0, 0, 0 ], [ 0, 1335, 164, 112 ]
3669 / 10000: [ 0, 2, 0, 0, 0 ], [ 0, 1336, 164, 112 ]
3670 / 10000: [ 0, 1, 0, 0, 0 ], [ 0, 1336, 164, 112 ]
3671 / 10000: [ 0, 0, 0, 0, 0 ], [ 0, 1336, 164, 112 ]
3672 / 10000: [ 0, 0, 0, 0, 0 ], [ 0, 1336, 164, 112 ]
3673 / 10000: [ 0, 0, 0, 0, 0 ], [ 0, 1336, 164, 112 ]
3674 / 10000: [ 0, 1, 0, 0, 0 ], [ 0, 1336, 164, 112 ]
3675 / 10000: [ 0, 2, 0, 0, 0 ], [ 0, 1337, 164, 112 ]
3676 / 10000: [ 0, 0, 1, 0, 0 ], [ 0, 1337, 164, 112 ]
3677 / 10000: [ 0, 1, 0, 0, 0 ], [ 0, 1337, 164, 112 ]
3678 / 10000: [ 0, 2, 0, 0, 0 ], [ 0, 1338, 164, 112 ]
3679 / 10000: [ 0, 1, 0, 0, 0 ], [ 0, 1338, 164, 112 ]
3680 / 10000: [ 0, 1, 0, 0, 0 ], [ 0, 1338, 164, 112 ]
3681 / 10000: [ 0, 1, 1, 0, 0 ], [ 0, 1338, 165, 112 ]
3682 / 10000: [ 0, 2, 0, 0, 0 ], [ 0, 1339, 165, 112 ]
3683 / 10000: [ 0, 0, 0, 0, 0 ], [ 0, 1339, 165, 112 ]
3684 / 10000: [ 0, 0, 0, 0, 0 ], [ 0, 1339, 165, 112 ]
3685 / 10000: [ 0, 0, 0, 0, 0 ], [ 0, 1339, 165, 112 ]
3686 / 10000: [ 0, 1, 0, 0, 0 ], [ 0, 1339, 165, 112 ]
3687 / 10000: [ 0, 2, 0, 0, 0 ], [ 0, 1340, 165, 112 ]
3688 / 10000: [ 0, 0, 0, 0, 0 ], [ 0, 1340, 165, 112 ]
3689 / 10000: [ 0, 2, 0, 0, 0 ], [ 0, 1341, 165, 112 ]
3690 / 10000: [ 0, 2, 0, 0, 0 ], [ 0, 1342, 165, 112 ]
3691 / 10000: [ 0, 2, 0, 0, 0 ], [ 0, 1343, 165, 112 ]
3692 / 10000: [ 0, 0, 0, 0, 0 ], [ 0, 1343, 165, 112 ]
3693 / 10000: [ 0, 2, 0, 0, 0 ], [ 0, 1344, 165, 112 ]
3694 / 10000: [ 0, 1, 0, 0, 0 ], [ 0, 1344, 165, 112 ]
3695 / 10000: [ 0, 2, 0, 0, 0 ], [ 0, 1345, 165, 112 ]
3696 / 10000: [ 0, 1, 0, 0, 0 ], [ 0, 1345, 165, 112 ]
3697 / 10000: [ 0, 0, 0, 1, 0 ], [ 0, 1345, 165, 112 ]
3698 / 10000: [ 0, 2, 0, 0, 0 ], [ 0, 1346, 165, 112 ]
3699 / 10000: [ 0, 1, 1, 0, 0 ], [ 0, 1346, 166, 112 ]
3700 / 10000: [ 0, 2, 0, 0, 0 ], [ 0, 1347, 166, 112 ]
3701 / 10000: [ 0, 2, 0, 0, 0 ], [ 0, 1348, 166, 112 ]
3702 / 10000: [ 0, 2, 0, 0, 0 ], [ 0, 1349, 166, 112 ]
3703 / 10000: [ 0, 0, 0, 0, 0 ], [ 0, 1349, 166, 112 ]
3704 / 10000: [ 0, 1, 0, 0, 0 ], [ 0, 1349, 166, 112 ]
3705 / 10000: [ 0, 1, 0, 0, 0 ], [ 0, 1349, 166, 112 ]
3706 / 10000: [ 0, 2, 0, 0, 0 ], [ 0, 1350, 166, 112 ]
3707 / 10000: [ 0, 2, 0, 0, 0 ], [ 0, 1351, 166, 112 ]
3708 / 10000: [ 0, 0, 0, 0, 0 ], [ 0, 1351, 166, 112 ]
3709 / 10000: [ 0, 0, 0, 0, 0 ], [ 0, 1351, 166, 112 ]
3710 / 10000: [ 0, 0, 1, 0, 0 ], [ 0, 1351, 166, 112 ]
3711 / 10000: [ 0, 0, 0, 0, 0 ], [ 0, 1351, 166, 112 ]
3712 / 10000: [ 0, 0, 0, 0, 0 ], [ 0, 1351, 166, 112 ]
3713 / 10000: [ 0, 0, 0, 0, 0 ], [ 0, 1351, 166, 112 ]
3714 / 10000: [ 0, 0, 0, 0, 0 ], [ 0, 1351, 166, 112 ]
3715 / 10000: [ 0, 1, 0, 0, 0 ], [ 0, 1351, 166, 112 ]
3716 / 10000: [ 0, 0, 0, 0, 0 ], [ 0, 1351, 166, 112 ]
3717 / 10000: [ 0, 0, 0, 0, 0 ], [ 0, 1351, 166, 112 ]
3718 / 10000: [ 0, 1, 0, 0, 0 ], [ 0, 1351, 166, 112 ]
3719 / 10000: [ 0, 0, 0, 0, 0 ], [ 0, 1351, 166, 112 ]
3720 / 10000: [ 0, 0, 0, 0, 0 ], [ 0, 1351, 166, 112 ]
3721 / 10000: [ 0, 0, 0, 0, 0 ], [ 0, 1351, 166, 112 ]
3722 / 10000: [ 0, 0, 0, 0, 0 ], [ 0, 1351, 166, 112 ]
3723 / 10000: [ 0, 0, 0, 0, 0 ], [ 0, 1351, 166, 112 ]
3724 / 10000: [ 0, 2, 0, 0, 0 ], [ 0, 1352, 166, 112 ]
3725 / 10000: [ 0, 1, 0, 0, 0 ], [ 0, 1352, 166, 112 ]
3726 / 10000: [ 0, 0, 0, 1, 0 ], [ 0, 1352, 166, 112 ]
3727 / 10000: [ 0, 0, 0, 0, 0 ], [ 0, 1352, 166, 112 ]
3728 / 10000: [ 0, 1, 1, 0, 0 ], [ 0, 1352, 167, 112 ]
3729 / 10000: [ 0, 1, 0, 0, 0 ], [ 0, 1352, 167, 112 ]
3730 / 10000: [ 0, 1, 0, 0, 0 ], [ 0, 1352, 167, 112 ]
3731 / 10000: [ 0, 2, 0, 0, 0 ], [ 0, 1353, 167, 112 ]
3732 / 10000: [ 0, 1, 0, 0, 0 ], [ 0, 1353, 167, 112 ]
3733 / 10000: [ 0, 1, 0, 0, 0 ], [ 0, 1353, 167, 112 ]
3734 / 10000: [ 0, 1, 0, 0, 0 ], [ 0, 1353, 167, 112 ]
3735 / 10000: [ 0, 0, 0, 0, 0 ], [ 0, 1353, 167, 112 ]
3736 / 10000: [ 0, 1, 0, 0, 0 ], [ 0, 1353, 167, 112 ]
3737 / 10000: [ 0, 1, 0, 0, 0 ], [ 0, 1353, 167, 112 ]
3738 / 10000: [ 0, 0, 0, 0, 0 ], [ 0, 1353, 167, 112 ]
3739 / 10000: [ 0, 0, 0, 0, 0 ], [ 0, 1353, 167, 112 ]
3740 / 10000: [ 0, 0, 0, 0, 0 ], [ 0, 1353, 167, 112 ]
3741 / 10000: [ 0, 1, 0, 0, 0 ], [ 0, 1353, 167, 112 ]
3742 / 10000: [ 0, 0, 1, 0, 0 ], [ 0, 1353, 167, 112 ]
3743 / 10000: [ 0, 0, 0, 0, 0 ], [ 0, 1353, 167, 112 ]
3744 / 10000: [ 0, 0, 0, 0, 0 ], [ 0, 1353, 167, 112 ]
3745 / 10000: [ 0, 0, 0, 0, 0 ], [ 0, 1353, 167, 112 ]
3746 / 10000: [ 0, 0, 0, 0, 0 ], [ 0, 1353, 167, 112 ]
3747 / 10000: [ 0, 2, 0, 0, 0 ], [ 0, 1354, 167, 112 ]
3748 / 10000: [ 0, 1, 0, 0, 0 ], [ 0, 1354, 167, 112 ]
3749 / 10000: [ 0, 1, 0, 0, 0 ], [ 0, 1354, 167, 112 ]
3750 / 10000: [ 0, 0, 0, 0, 0 ], [ 0, 1354, 167, 112 ]
3751 / 10000: [ 0, 0, 0, 0, 0 ], [ 0, 1354, 167, 112 ]
3752 / 10000: [ 0, 0, 0, 0, 0 ], [ 0, 1354, 167, 112 ]
3753 / 10000: [ 0, 0, 0, 0, 0 ], [ 0, 1354, 167, 112 ]
3754 / 10000: [ 0, 2, 0, 0, 0 ], [ 0, 1355, 167, 112 ]
3755 / 10000: [ 0, 0, 0, 0, 0 ], [ 0, 1355, 167, 112 ]
3756 / 10000: [ 0, 1, 0, 0, 0 ], [ 0, 1355, 167, 112 ]
3757 / 10000: [ 0, 0, 0, 0, 0 ], [ 0, 1355, 167, 112 ]
3758 / 10000: [ 0, 1, 0, 0, 0 ], [ 0, 1355, 167, 112 ]
3759 / 10000: [ 0, 1, 0, 0, 0 ], [ 0, 1355, 167, 112 ]
3760 / 10000: [ 0, 1, 0, 0, 0 ], [ 0, 1355, 167, 112 ]
3761 / 10000: [ 0, 1, 0, 0, 0 ], [ 0, 1355, 167, 112 ]
3762 / 10000: [ 0, 0, 0, 0, 0 ], [ 0, 1355, 167, 112 ]
3763 / 10000: [ 0, 0, 0, 0, 0 ], [ 0, 1355, 167, 112 ]
3764 / 10000: [ 0, 1, 0, 0, 0 ], [ 0, 1355, 167, 112 ]
3765 / 10000: [ 0, 0, 0, 0, 0 ], [ 0, 1355, 167, 112 ]
3766 / 10000: [ 0, 1, 0, 0, 0 ], [ 0, 1355, 167, 112 ]
3767 / 10000: [ 0, 0, 0, 0, 0 ], [ 0, 1355, 167, 112 ]
3768 / 10000: [ 0, 0, 0, 0, 0 ], [ 0, 1355, 167, 112 ]
3769 / 10000: [ 0, 0, 0, 0, 0 ], [ 0, 1355, 167, 112 ]
3770 / 10000: [ 0, 0, 0, 0, 0 ], [ 0, 1355, 167, 112 ]
3771 / 10000: [ 0, 1, 0, 0, 0 ], [ 0, 1355, 167, 112 ]
3772 / 10000: [ 0, 1, 0, 0, 0 ], [ 0, 1355, 167, 112 ]
3773 / 10000: [ 0, 1, 0, 0, 0 ], [ 0, 1355, 167, 112 ]
3774 / 10000: [ 0, 0, 0, 0, 0 ], [ 0, 1355, 167, 112 ]
3775 / 10000: [ 0, 0, 0, 0, 0 ], [ 0, 1355, 167, 112 ]
3776 / 10000: [ 0, 0, 0, 0, 0 ], [ 0, 1355, 167, 112 ]
3777 / 10000: [ 0, 0, 0, 0, 0 ], [ 0, 1355, 167, 112 ]
3778 / 10000: [ 0, 2, 0, 0, 0 ], [ 0, 1356, 167, 112 ]
3779 / 10000: [ 0, 1, 0, 0, 0 ], [ 0, 1356, 167, 112 ]
3780 / 10000: [ 0, 0, 0, 0, 0 ], [ 0, 1356, 167, 112 ]
3781 / 10000: [ 0, 0, 0, 0, 0 ], [ 0, 1356, 167, 112 ]
3782 / 10000: [ 0, 0, 0, 0, 0 ], [ 0, 1356, 167, 112 ]
3783 / 10000: [ 0, 0, 0, 0, 0 ], [ 0, 1356, 167, 112 ]
3784 / 10000: [ 0, 0, 2, 0, 0 ], [ 0, 1356, 168, 112 ]
3785 / 10000: [ 0, 1, 0, 0, 0 ], [ 0, 1356, 168, 112 ]
3786 / 10000: [ 0, 1, 0, 0, 0 ], [ 0, 1356, 168, 112 ]
3787 / 10000: [ 0, 0, 0, 0, 0 ], [ 0, 1356, 168, 112 ]
3788 / 10000: [ 0, 1, 0, 0, 0 ], [ 0, 1356, 168, 112 ]
3789 / 10000: [ 0, 0, 0, 0, 0 ], [ 0, 1356, 168, 112 ]
3790 / 10000: [ 0, 1, 0, 0, 0 ], [ 0, 1356, 168, 112 ]
3791 / 10000: [ 0, 0, 0, 0, 0 ], [ 0, 1356, 168, 112 ]
3792 / 10000: [ 0, 1, 0, 0, 0 ], [ 0, 1356, 168, 112 ]
3793 / 10000: [ 0, 1, 0, 0, 0 ], [ 0, 1356, 168, 112 ]
3794 / 10000: [ 0, 1, 0, 0, 0 ], [ 0, 1356, 168, 112 ]
3795 / 10000: [ 0, 2, 0, 0, 0 ], [ 0, 1357, 168, 112 ]
3796 / 10000: [ 0, 0, 0, 0, 0 ], [ 0, 1357, 168, 112 ]
3797 / 10000: [ 0, 0, 0, 1, 0 ], [ 0, 1357, 168, 112 ]
3798 / 10000: [ 0, 0, 0, 0, 0 ], [ 0, 1357, 168, 112 ]
3799 / 10000: [ 0, 0, 0, 0, 0 ], [ 0, 1357, 168, 112 ]
3800 / 10000: [ 0, 1, 0, 0, 0 ], [ 0, 1357, 168, 112 ]
3801 / 10000: [ 0, 2, 0, 0, 0 ], [ 0, 1358, 168, 112 ]
3802 / 10000: [ 0, 1, 1, 0, 0 ], [ 0, 1358, 169, 112 ]
3803 / 10000: [ 0, 2, 0, 0, 0 ], [ 0, 1359, 169, 112 ]
3804 / 10000: [ 0, 2, 0, 0, 0 ], [ 0, 1360, 169, 112 ]
3805 / 10000: [ 0, 1, 0, 0, 0 ], [ 0, 1360, 169, 112 ]
3806 / 10000: [ 0, 2, 0, 0, 0 ], [ 0, 1361, 169, 112 ]
3807 / 10000: [ 0, 2, 0, 0, 0 ], [ 0, 1362, 169, 112 ]
3808 / 10000: [ 0, 2, 0, 0, 0 ], [ 0, 1363, 169, 112 ]
3809 / 10000: [ 0, 0, 0, 0, 0 ], [ 0, 1363, 169, 112 ]
3810 / 10000: [ 0, 2, 0, 0, 0 ], [ 0, 1364, 169, 112 ]
3811 / 10000: [ 0, 1, 0, 0, 0 ], [ 0, 1364, 169, 112 ]
3812 / 10000: [ 0, 1, 1, 0, 0 ], [ 0, 1364, 170, 112 ]
3813 / 10000: [ 0, 0, 0, 0, 0 ], [ 0, 1364, 170, 112 ]
3814 / 10000: [ 0, 0, 0, 0, 0 ], [ 0, 1364, 170, 112 ]
3815 / 10000: [ 0, 2, 0, 0, 0 ], [ 0, 1365, 170, 112 ]
3816 / 10000: [ 0, 2, 0, 0, 0 ], [ 0, 1366, 170, 112 ]
3817 / 10000: [ 0, 2, 0, 0, 0 ], [ 0, 1367, 170, 112 ]
3818 / 10000: [ 0, 1, 0, 0, 0 ], [ 0, 1367, 170, 112 ]
3819 / 10000: [ 0, 2, 0, 0, 0 ], [ 0, 1368, 170, 112 ]
3820 / 10000: [ 0, 0, 0, 0, 0 ], [ 0, 1368, 170, 112 ]
3821 / 10000: [ 0, 2, 0, 0, 0 ], [ 0, 1369, 170, 112 ]
3822 / 10000: [ 0, 2, 0, 0, 0 ], [ 0, 1370, 170, 112 ]
3823 / 10000: [ 0, 0, 0, 0, 0 ], [ 0, 1370, 170, 112 ]
3824 / 10000: [ 0, 2, 0, 0, 0 ], [ 0, 1371, 170, 112 ]
3825 / 10000: [ 0, 2, 0, 0, 0 ], [ 0, 1372, 170, 112 ]
3826 / 10000: [ 0, 2, 0, 0, 0 ], [ 0, 1373, 170, 112 ]
3827 / 10000: [ 0, 0, 0, 0, 0 ], [ 0, 1373, 170, 112 ]
3828 / 10000: [ 0, 2, 0, 0, 0 ], [ 0, 1374, 170, 112 ]
3829 / 10000: [ 0, 2, 0, 0, 0 ], [ 0, 1375, 170, 112 ]
3830 / 10000: [ 0, 1, 0, 0, 0 ], [ 0, 1375, 170, 112 ]
3831 / 10000: [ 0, 1, 0, 0, 0 ], [ 0, 1375, 170, 112 ]
3832 / 10000: [ 0, 2, 0, 0, 0 ], [ 0, 1376, 170, 112 ]
3833 / 10000: [ 0, 2, 0, 0, 0 ], [ 0, 1377, 170, 112 ]
3834 / 10000: [ 0, 1, 0, 0, 0 ], [ 0, 1377, 170, 112 ]
3835 / 10000: [ 0, 2, 0, 0, 0 ], [ 0, 1378, 170, 112 ]
3836 / 10000: [ 0, 2, 0, 0, 0 ], [ 0, 1379, 170, 112 ]
3837 / 10000: [ 0, 2, 0, 0, 0 ], [ 0, 1380, 170, 112 ]
3838 / 10000: [ 0, 0, 0, 0, 0 ], [ 0, 1380, 170, 112 ]
3839 / 10000: [ 0, 0, 1, 0, 0 ], [ 0, 1380, 170, 112 ]
3840 / 10000: [ 0, 2, 0, 0, 0 ], [ 0, 1381, 170, 112 ]
3841 / 10000: [ 0, 0, 0, 0, 0 ], [ 0, 1381, 170, 112 ]
3842 / 10000: [ 0, 1, 0, 0, 0 ], [ 0, 1381, 170, 112 ]
3843 / 10000: [ 0, 0, 0, 0, 0 ], [ 0, 1381, 170, 112 ]
3844 / 10000: [ 0, 2, 0, 0, 0 ], [ 0, 1382, 170, 112 ]
3845 / 10000: [ 0, 0, 0, 0, 0 ], [ 0, 1382, 170, 112 ]
3846 / 10000: [ 0, 2, 0, 0, 0 ], [ 0, 1383, 170, 112 ]
3847 / 10000: [ 0, 1, 0, 0, 0 ], [ 0, 1383, 170, 112 ]
3848 / 10000: [ 0, 0, 0, 0, 0 ], [ 0, 1383, 170, 112 ]
3849 / 10000: [ 0, 1, 0, 0, 0 ], [ 0, 1383, 170, 112 ]
3850 / 10000: [ 0, 1, 1, 0, 0 ], [ 0, 1383, 171, 112 ]
3851 / 10000: [ 0, 2, 0, 0, 0 ], [ 0, 1384, 171, 112 ]
3852 / 10000: [ 0, 2, 0, 0, 0 ], [ 0, 1385, 171, 112 ]
3853 / 10000: [ 0, 0, 0, 0, 0 ], [ 0, 1385, 171, 112 ]
3854 / 10000: [ 0, 2, 0, 0, 0 ], [ 0, 1386, 171, 112 ]
3855 / 10000: [ 0, 2, 0, 0, 0 ], [ 0, 1387, 171, 112 ]
3856 / 10000: [ 0, 1, 1, 0, 0 ], [ 0, 1387, 172, 112 ]
3857 / 10000: [ 0, 0, 0, 0, 0 ], [ 0, 1387, 172, 112 ]
3858 / 10000: [ 0, 1, 0, 0, 0 ], [ 0, 1387, 172, 112 ]
3859 / 10000: [ 0, 2, 0, 0, 0 ], [ 0, 1388, 172, 112 ]
3860 / 10000: [ 0, 2, 0, 0, 0 ], [ 0, 1389, 172, 112 ]
3861 / 10000: [ 0, 1, 0, 0, 0 ], [ 0, 1389, 172, 112 ]
3862 / 10000: [ 0, 1, 0, 0, 0 ], [ 0, 1389, 172, 112 ]
3863 / 10000: [ 0, 0, 0, 0, 0 ], [ 0, 1389, 172, 112 ]
3864 / 10000: [ 0, 1, 0, 0, 0 ], [ 0, 1389, 172, 112 ]
3865 / 10000: [ 0, 1, 0, 0, 0 ], [ 0, 1389, 172, 112 ]
3866 / 10000: [ 0, 2, 0, 0, 0 ], [ 0, 1390, 172, 112 ]
3867 / 10000: [ 0, 1, 0, 0, 0 ], [ 0, 1390, 172, 112 ]
3868 / 10000: [ 0, 0, 0, 0, 0 ], [ 0, 1390, 172, 112 ]
3869 / 10000: [ 0, 0, 0, 0, 0 ], [ 0, 1390, 172, 112 ]
3870 / 10000: [ 0, 0, 0, 0, 0 ], [ 0, 1390, 172, 112 ]
3871 / 10000: [ 0, 1, 0, 0, 0 ], [ 0, 1390, 172, 112 ]
3872 / 10000: [ 0, 1, 1, 0, 0 ], [ 0, 1390, 173, 112 ]
3873 / 10000: [ 0, 2, 0, 0, 0 ], [ 0, 1391, 173, 112 ]
3874 / 10000: [ 0, 0, 0, 0, 0 ], [ 0, 1391, 173, 112 ]
3875 / 10000: [ 0, 1, 0, 0, 0 ], [ 0, 1391, 173, 112 ]
3876 / 10000: [ 0, 2, 0, 0, 0 ], [ 0, 1392, 173, 112 ]
3877 / 10000: [ 0, 1, 0, 0, 0 ], [ 0, 1392, 173, 112 ]
3878 / 10000: [ 0, 2, 0, 0, 0 ], [ 0, 1393, 173, 112 ]
3879 / 10000: [ 0, 0, 1, 0, 0 ], [ 0, 1393, 173, 112 ]
3880 / 10000: [ 0, 1, 0, 0, 0 ], [ 0, 1393, 173, 112 ]
3881 / 10000: [ 0, 2, 0, 0, 0 ], [ 0, 1394, 173, 112 ]
3882 / 10000: [ 0, 2, 0, 0, 0 ], [ 0, 1395, 173, 112 ]
3883 / 10000: [ 0, 1, 0, 0, 0 ], [ 0, 1395, 173, 112 ]
3884 / 10000: [ 0, 0, 0, 0, 0 ], [ 0, 1395, 173, 112 ]
3885 / 10000: [ 0, 1, 0, 0, 0 ], [ 0, 1395, 173, 112 ]
3886 / 10000: [ 0, 1, 0, 0, 0 ], [ 0, 1395, 173, 112 ]
3887 / 10000: [ 0, 1, 0, 0, 0 ], [ 0, 1395, 173, 112 ]
3888 / 10000: [ 0, 1, 0, 0, 0 ], [ 0, 1395, 173, 112 ]
3889 / 10000: [ 0, 2, 0, 0, 0 ], [ 0, 1396, 173, 112 ]
3890 / 10000: [ 0, 2, 0, 0, 0 ], [ 0, 1397, 173, 112 ]
3891 / 10000: [ 0, 2, 0, 0, 0 ], [ 0, 1398, 173, 112 ]
3892 / 10000: [ 0, 1, 0, 0, 0 ], [ 0, 1398, 173, 112 ]
3893 / 10000: [ 0, 2, 0, 0, 0 ], [ 0, 1399, 173, 112 ]
3894 / 10000: [ 0, 1, 0, 0, 0 ], [ 0, 1399, 173, 112 ]
3895 / 10000: [ 0, 2, 0, 0, 0 ], [ 0, 1400, 173, 112 ]
3896 / 10000: [ 0, 1, 0, 0, 0 ], [ 0, 1400, 173, 112 ]
3897 / 10000: [ 0, 0, 0, 0, 0 ], [ 0, 1400, 173, 112 ]
3898 / 10000: [ 0, 2, 0, 0, 0 ], [ 0, 1401, 173, 112 ]
3899 / 10000: [ 0, 2, 0, 0, 0 ], [ 0, 1402, 173, 112 ]
3900 / 10000: [ 0, 2, 0, 0, 0 ], [ 0, 1403, 173, 112 ]
3901 / 10000: [ 0, 0, 0, 0, 0 ], [ 0, 1403, 173, 112 ]
3902 / 10000: [ 0, 0, 0, 0, 0 ], [ 0, 1403, 173, 112 ]
3903 / 10000: [ 0, 0, 0, 0, 0 ], [ 0, 1403, 173, 112 ]
3904 / 10000: [ 0, 0, 0, 0, 0 ], [ 0, 1403, 173, 112 ]
3905 / 10000: [ 0, 0, 0, 0, 0 ], [ 0, 1403, 173, 112 ]
3906 / 10000: [ 0, 0, 0, 0, 0 ], [ 0, 1403, 173, 112 ]
3907 / 10000: [ 0, 1, 0, 0, 0 ], [ 0, 1403, 173, 112 ]
3908 / 10000: [ 0, 2, 0, 0, 0 ], [ 0, 1404, 173, 112 ]
3909 / 10000: [ 0, 0, 0, 0, 0 ], [ 0, 1404, 173, 112 ]
3910 / 10000: [ 0, 1, 0, 0, 0 ], [ 0, 1404, 173, 112 ]
3911 / 10000: [ 0, 0, 0, 0, 0 ], [ 0, 1404, 173, 112 ]
3912 / 10000: [ 0, 0, 0, 0, 0 ], [ 0, 1404, 173, 112 ]
3913 / 10000: [ 0, 2, 0, 0, 0 ], [ 0, 1405, 173, 112 ]
3914 / 10000: [ 0, 1, 0, 0, 0 ], [ 0, 1405, 173, 112 ]
3915 / 10000: [ 0, 0, 0, 0, 0 ], [ 0, 1405, 173, 112 ]
3916 / 10000: [ 0, 0, 0, 0, 0 ], [ 0, 1405, 173, 112 ]
3917 / 10000: [ 0, 2, 0, 0, 0 ], [ 0, 1406, 173, 112 ]
3918 / 10000: [ 0, 0, 0, 0, 0 ], [ 0, 1406, 173, 112 ]
3919 / 10000: [ 0, 0, 0, 0, 0 ], [ 0, 1406, 173, 112 ]
3920 / 10000: [ 0, 1, 0, 0, 0 ], [ 0, 1406, 173, 112 ]
3921 / 10000: [ 0, 0, 0, 0, 0 ], [ 0, 1406, 173, 112 ]
3922 / 10000: [ 0, 1, 0, 0, 0 ], [ 0, 1406, 173, 112 ]
3923 / 10000: [ 0, 0, 0, 0, 0 ], [ 0, 1406, 173, 112 ]
3924 / 10000: [ 0, 0, 0, 0, 0 ], [ 0, 1406, 173, 112 ]
3925 / 10000: [ 0, 0, 0, 0, 1 ], [ 0, 1406, 173, 112 ]
3926 / 10000: [ 0, 0, 1, 0, 0 ], [ 0, 1406, 173, 112 ]
3927 / 10000: [ 0, 2, 0, 0, 0 ], [ 0, 1407, 173, 112 ]
3928 / 10000: [ 0, 0, 0, 0, 0 ], [ 0, 1407, 173, 112 ]
3929 / 10000: [ 0, 1, 0, 0, 0 ], [ 0, 1407, 173, 112 ]
3930 / 10000: [ 0, 0, 0, 0, 0 ], [ 0, 1407, 173, 112 ]
3931 / 10000: [ 0, 0, 0, 0, 0 ], [ 0, 1407, 173, 112 ]
3932 / 10000: [ 0, 0, 0, 0, 0 ], [ 0, 1407, 173, 112 ]
3933 / 10000: [ 0, 1, 0, 0, 0 ], [ 0, 1407, 173, 112 ]
3934 / 10000: [ 0, 1, 0, 0, 0 ], [ 0, 1407, 173, 112 ]
3935 / 10000: [ 0, 1, 0, 0, 0 ], [ 0, 1407, 173, 112 ]
3936 / 10000: [ 0, 0, 0, 0, 0 ], [ 0, 1407, 173, 112 ]
3937 / 10000: [ 0, 1, 0, 0, 0 ], [ 0, 1407, 173, 112 ]
3938 / 10000: [ 0, 0, 0, 0, 0 ], [ 0, 1407, 173, 112 ]
3939 / 10000: [ 0, 1, 0, 0, 0 ], [ 0, 1407, 173, 112 ]
3940 / 10000: [ 0, 1, 0, 0, 0 ], [ 0, 1407, 173, 112 ]
3941 / 10000: [ 0, 0, 0, 0, 0 ], [ 0, 1407, 173, 112 ]
3942 / 10000: [ 0, 0, 0, 0, 0 ], [ 0, 1407, 173, 112 ]
3943 / 10000: [ 0, 0, 0, 0, 0 ], [ 0, 1407, 173, 112 ]
3944 / 10000: [ 0, 0, 0, 0, 0 ], [ 0, 1407, 173, 112 ]
3945 / 10000: [ 0, 0, 0, 0, 0 ], [ 0, 1407, 173, 112 ]
3946 / 10000: [ 0, 2, 0, 0, 0 ], [ 0, 1408, 173, 112 ]
3947 / 10000: [ 0, 0, 0, 0, 0 ], [ 0, 1408, 173, 112 ]
3948 / 10000: [ 0, 0, 0, 0, 0 ], [ 0, 1408, 173, 112 ]
3949 / 10000: [ 0, 0, 0, 0, 0 ], [ 0, 1408, 173, 112 ]
3950 / 10000: [ 0, 2, 0, 0, 0 ], [ 0, 1409, 173, 112 ]
3951 / 10000: [ 0, 0, 0, 0, 0 ], [ 0, 1409, 173, 112 ]
3952 / 10000: [ 0, 0, 0, 0, 0 ], [ 0, 1409, 173, 112 ]
3953 / 10000: [ 0, 2, 0, 0, 0 ], [ 0, 1410, 173, 112 ]
3954 / 10000: [ 0, 2, 0, 0, 0 ], [ 0, 1411, 173, 112 ]
3955 / 10000: [ 0, 1, 0, 0, 0 ], [ 0, 1411, 173, 112 ]
3956 / 10000: [ 0, 0, 0, 0, 0 ], [ 0, 1411, 173, 112 ]
3957 / 10000: [ 0, 0, 0, 0, 0 ], [ 0, 1411, 173, 112 ]
3958 / 10000: [ 0, 0, 0, 0, 0 ], [ 0, 1411, 173, 112 ]
3959 / 10000: [ 0, 0, 0, 0, 0 ], [ 0, 1411, 173, 112 ]
3960 / 10000: [ 0, 0, 0, 1, 0 ], [ 0, 1411, 173, 112 ]
3961 / 10000: [ 0, 0, 0, 0, 0 ], [ 0, 1411, 173, 112 ]
3962 / 10000: [ 0, 1, 0, 0, 0 ], [ 0, 1411, 173, 112 ]
3963 / 10000: [ 0, 1, 0, 0, 0 ], [ 0, 1411, 173, 112 ]
3964 / 10000: [ 0, 0, 0, 0, 0 ], [ 0, 1411, 173, 112 ]
3965 / 10000: [ 0, 1, 0, 0, 0 ], [ 0, 1411, 173, 112 ]
3966 / 10000: [ 0, 0, 0, 0, 0 ], [ 0, 1411, 173, 112 ]
3967 / 10000: [ 0, 0, 0, 0, 0 ], [ 0, 1411, 173, 112 ]
3968 / 10000: [ 0, 1, 0, 0, 0 ], [ 0, 1411, 173, 112 ]
3969 / 10000: [ 0, 0, 0, 0, 0 ], [ 0, 1411, 173, 112 ]
3970 / 10000: [ 0, 0, 1, 0, 0 ], [ 0, 1411, 173, 112 ]
3971 / 10000: [ 0, 0, 0, 0, 0 ], [ 0, 1411, 173, 112 ]
3972 / 10000: [ 0, 0, 0, 0, 0 ], [ 0, 1411, 173, 112 ]
3973 / 10000: [ 0, 0, 0, 0, 0 ], [ 0, 1411, 173, 112 ]
3974 / 10000: [ 0, 0, 0, 0, 0 ], [ 0, 1411, 173, 112 ]
3975 / 10000: [ 0, 1, 0, 0, 0 ], [ 0, 1411, 173, 112 ]
3976 / 10000: [ 0, 1, 0, 0, 0 ], [ 0, 1411, 173, 112 ]
3977 / 10000: [ 0, 0, 0, 0, 0 ], [ 0, 1411, 173, 112 ]
3978 / 10000: [ 0, 0, 0, 0, 0 ], [ 0, 1411, 173, 112 ]
3979 / 10000: [ 0, 0, 0, 0, 0 ], [ 0, 1411, 173, 112 ]
3980 / 10000: [ 0, 0, 0, 0, 0 ], [ 0, 1411, 173, 112 ]
3981 / 10000: [ 0, 0, 0, 0, 0 ], [ 0, 1411, 173, 112 ]
3982 / 10000: [ 0, 0, 0, 0, 0 ], [ 0, 1411, 173, 112 ]
3983 / 10000: [ 0, 0, 0, 0, 0 ], [ 0, 1411, 173, 112 ]
3984 / 10000: [ 0, 0, 0, 0, 0 ], [ 0, 1411, 173, 112 ]
3985 / 10000: [ 0, 0, 0, 0, 0 ], [ 0, 1411, 173, 112 ]
3986 / 10000: [ 0, 0, 0, 0, 0 ], [ 0, 1411, 173, 112 ]
3987 / 10000: [ 0, 1, 0, 0, 0 ], [ 0, 1411, 173, 112 ]
3988 / 10000: [ 0, 0, 0, 0, 0 ], [ 0, 1411, 173, 112 ]
3989 / 10000: [ 0, 1, 0, 0, 0 ], [ 0, 1411, 173, 112 ]
3990 / 10000: [ 0, 1, 0, 0, 0 ], [ 0, 1411, 173, 112 ]
3991 / 10000: [ 0, 0, 0, 0, 0 ], [ 0, 1411, 173, 112 ]
3992 / 10000: [ 0, 0, 0, 0, 0 ], [ 0, 1411, 173, 112 ]
3993 / 10000: [ 0, 1, 0, 0, 0 ], [ 0, 1411, 173, 112 ]
3994 / 10000: [ 0, 0, 0, 0, 0 ], [ 0, 1411, 173, 112 ]
3995 / 10000: [ 0, 2, 0, 0, 0 ], [ 0, 1412, 173, 112 ]
3996 / 10000: [ 0, 0, 0, 0, 0 ], [ 0, 1412, 173, 112 ]
3997 / 10000: [ 0, 0, 0, 0, 0 ], [ 0, 1412, 173, 112 ]
3998 / 10000: [ 0, 0, 0, 0, 0 ], [ 0, 1412, 173, 112 ]
3999 / 10000: [ 0, 0, 0, 0, 0 ], [ 0, 1412, 173, 112 ]
4000 / 10000: [ 0, 0, 0, 0, 0 ], [ 0, 1412, 173, 112 ]
4001 / 10000: [ 0, 2, 0, 0, 0 ], [ 0, 1413, 173, 112 ]
4002 / 10000: [ 0, 2, 0, 0, 0 ], [ 0, 1414, 173, 112 ]
4003 / 10000: [ 0, 2, 0, 0, 0 ], [ 0, 1415, 173, 112 ]
4004 / 10000: [ 0, 1, 0, 0, 0 ], [ 0, 1415, 173, 112 ]
4005 / 10000: [ 0, 2, 0, 0, 0 ], [ 0, 1416, 173, 112 ]
4006 / 10000: [ 0, 2, 0, 0, 0 ], [ 0, 1417, 173, 112 ]
4007 / 10000: [ 0, 2, 0, 0, 0 ], [ 0, 1418, 173, 112 ]
4008 / 10000: [ 0, 1, 0, 0, 0 ], [ 0, 1418, 173, 112 ]
4009 / 10000: [ 0, 2, 0, 0, 0 ], [ 0, 1419, 173, 112 ]
4010 / 10000: [ 0, 1, 0, 0, 0 ], [ 0, 1419, 173, 112 ]
4011 / 10000: [ 0, 0, 0, 0, 0 ], [ 0, 1419, 173, 112 ]
4012 / 10000: [ 0, 0, 1, 0, 0 ], [ 0, 1419, 173, 112 ]
4013 / 10000: [ 0, 2, 0, 0, 0 ], [ 0, 1420, 173, 112 ]
4014 / 10000: [ 0, 2, 0, 0, 0 ], [ 0, 1421, 173, 112 ]
4015 / 10000: [ 0, 1, 0, 0, 0 ], [ 0, 1421, 173, 112 ]
4016 / 10000: [ 0, 0, 0, 0, 0 ], [ 0, 1421, 173, 112 ]
4017 / 10000: [ 0, 0, 0, 0, 0 ], [ 0, 1421, 173, 112 ]
4018 / 10000: [ 0, 2, 0, 0, 0 ], [ 0, 1422, 173, 112 ]
4019 / 10000: [ 0, 0, 0, 0, 0 ], [ 0, 1422, 173, 112 ]
4020 / 10000: [ 0, 2, 0, 0, 0 ], [ 0, 1423, 173, 112 ]
4021 / 10000: [ 0, 1, 0, 0, 0 ], [ 0, 1423, 173, 112 ]
4022 / 10000: [ 0, 0, 0, 0, 0 ], [ 0, 1423, 173, 112 ]
4023 / 10000: [ 0, 2, 0, 0, 0 ], [ 0, 1424, 173, 112 ]
4024 / 10000: [ 0, 2, 0, 0, 0 ], [ 0, 1425, 173, 112 ]
4025 / 10000: [ 0, 2, 0, 0, 0 ], [ 0, 1426, 173, 112 ]
4026 / 10000: [ 0, 1, 0, 1, 0 ], [ 0, 1426, 173, 113 ]
4027 / 10000: [ 0, 0, 0, 0, 0 ], [ 0, 1426, 173, 113 ]
4028 / 10000: [ 0, 2, 0, 0, 0 ], [ 0, 1427, 173, 113 ]
4029 / 10000: [ 0, 0, 0, 0, 0 ], [ 0, 1427, 173, 113 ]
4030 / 10000: [ 0, 2, 0, 0, 0 ], [ 0, 1428, 173, 113 ]
4031 / 10000: [ 0, 0, 0, 0, 0 ], [ 0, 1428, 173, 113 ]
4032 / 10000: [ 0, 2, 0, 0, 0 ], [ 0, 1429, 173, 113 ]
4033 / 10000: [ 0, 0, 0, 0, 0 ], [ 0, 1429, 173, 113 ]
4034 / 10000: [ 0, 2, 0, 0, 0 ], [ 0, 1430, 173, 113 ]
4035 / 10000: [ 0, 0, 0, 0, 0 ], [ 0, 1430, 173, 113 ]
4036 / 10000: [ 0, 2, 0, 0, 0 ], [ 0, 1431, 173, 113 ]
4037 / 10000: [ 0, 2, 0, 0, 0 ], [ 0, 1432, 173, 113 ]
4038 / 10000: [ 0, 2, 0, 0, 0 ], [ 0, 1433, 173, 113 ]
4039 / 10000: [ 0, 1, 0, 0, 0 ], [ 0, 1433, 173, 113 ]
4040 / 10000: [ 0, 1, 0, 0, 0 ], [ 0, 1433, 173, 113 ]
4041 / 10000: [ 0, 1, 0, 0, 0 ], [ 0, 1433, 173, 113 ]
4042 / 10000: [ 0, 0, 0, 0, 0 ], [ 0, 1433, 173, 113 ]
4043 / 10000: [ 0, 0, 0, 0, 0 ], [ 0, 1433, 173, 113 ]
4044 / 10000: [ 0, 0, 0, 0, 0 ], [ 0, 1433, 173, 113 ]
4045 / 10000: [ 0, 0, 0, 0, 0 ], [ 0, 1433, 173, 113 ]
4046 / 10000: [ 0, 1, 0, 0, 0 ], [ 0, 1433, 173, 113 ]
4047 / 10000: [ 0, 2, 0, 0, 0 ], [ 0, 1434, 173, 113 ]
4048 / 10000: [ 0, 1, 0, 0, 0 ], [ 0, 1434, 173, 113 ]
4049 / 10000: [ 0, 1, 1, 0, 0 ], [ 0, 1434, 174, 113 ]
4050 / 10000: [ 0, 0, 0, 0, 0 ], [ 0, 1434, 174, 113 ]
4051 / 10000: [ 0, 0, 0, 0, 0 ], [ 0, 1434, 174, 113 ]
4052 / 10000: [ 0, 1, 0, 0, 0 ], [ 0, 1434, 174, 113 ]
4053 / 10000: [ 0, 2, 0, 0, 0 ], [ 0, 1435, 174, 113 ]
4054 / 10000: [ 0, 2, 0, 0, 0 ], [ 0, 1436, 174, 113 ]
4055 / 10000: [ 0, 1, 0, 0, 0 ], [ 0, 1436, 174, 113 ]
4056 / 10000: [ 0, 1, 0, 0, 0 ], [ 0, 1436, 174, 113 ]
4057 / 10000: [ 0, 2, 0, 0, 0 ], [ 0, 1437, 174, 113 ]
4058 / 10000: [ 0, 2, 0, 0, 0 ], [ 0, 1438, 174, 113 ]
4059 / 10000: [ 0, 2, 0, 0, 0 ], [ 0, 1439, 174, 113 ]
4060 / 10000: [ 0, 1, 0, 1, 0 ], [ 0, 1439, 174, 114 ]
4061 / 10000: [ 0, 2, 0, 0, 0 ], [ 0, 1440, 174, 114 ]
4062 / 10000: [ 0, 1, 0, 0, 0 ], [ 0, 1440, 174, 114 ]
4063 / 10000: [ 0, 1, 0, 0, 0 ], [ 0, 1440, 174, 114 ]
4064 / 10000: [ 0, 2, 0, 0, 0 ], [ 0, 1441, 174, 114 ]
4065 / 10000: [ 0, 1, 0, 0, 0 ], [ 0, 1441, 174, 114 ]
4066 / 10000: [ 0, 2, 0, 0, 0 ], [ 0, 1442, 174, 114 ]
4067 / 10000: [ 0, 0, 0, 0, 0 ], [ 0, 1442, 174, 114 ]
4068 / 10000: [ 0, 1, 0, 0, 0 ], [ 0, 1442, 174, 114 ]
4069 / 10000: [ 0, 1, 0, 0, 0 ], [ 0, 1442, 174, 114 ]
4070 / 10000: [ 0, 1, 0, 0, 0 ], [ 0, 1442, 174, 114 ]
4071 / 10000: [ 0, 1, 0, 0, 0 ], [ 0, 1442, 174, 114 ]
4072 / 10000: [ 0, 0, 0, 0, 0 ], [ 0, 1442, 174, 114 ]
4073 / 10000: [ 0, 2, 0, 0, 0 ], [ 0, 1443, 174, 114 ]
4074 / 10000: [ 0, 0, 0, 0, 0 ], [ 0, 1443, 174, 114 ]
4075 / 10000: [ 0, 0, 0, 0, 0 ], [ 0, 1443, 174, 114 ]
4076 / 10000: [ 0, 0, 0, 0, 0 ], [ 0, 1443, 174, 114 ]
4077 / 10000: [ 0, 0, 0, 0, 0 ], [ 0, 1443, 174, 114 ]
4078 / 10000: [ 0, 2, 0, 0, 0 ], [ 0, 1444, 174, 114 ]
4079 / 10000: [ 0, 0, 0, 0, 0 ], [ 0, 1444, 174, 114 ]
4080 / 10000: [ 0, 2, 0, 0, 0 ], [ 0, 1445, 174, 114 ]
4081 / 10000: [ 0, 1, 0, 0, 0 ], [ 0, 1445, 174, 114 ]
4082 / 10000: [ 0, 2, 0, 0, 0 ], [ 0, 1446, 174, 114 ]
4083 / 10000: [ 0, 1, 0, 0, 0 ], [ 0, 1446, 174, 114 ]
4084 / 10000: [ 0, 2, 0, 0, 0 ], [ 0, 1447, 174, 114 ]
4085 / 10000: [ 0, 2, 0, 0, 0 ], [ 0, 1448, 174, 114 ]
4086 / 10000: [ 0, 1, 0, 0, 0 ], [ 0, 1448, 174, 114 ]
4087 / 10000: [ 0, 1, 0, 0, 0 ], [ 0, 1448, 174, 114 ]
4088 / 10000: [ 0, 0, 0, 0, 0 ], [ 0, 1448, 174, 114 ]
4089 / 10000: [ 0, 1, 0, 0, 0 ], [ 0, 1448, 174, 114 ]
4090 / 10000: [ 0, 2, 0, 0, 0 ], [ 0, 1449, 174, 114 ]
4091 / 10000: [ 0, 0, 0, 0, 0 ], [ 0, 1449, 174, 114 ]
4092 / 10000: [ 0, 2, 0, 0, 0 ], [ 0, 1450, 174, 114 ]
4093 / 10000: [ 0, 1, 0, 0, 0 ], [ 0, 1450, 174, 114 ]
4094 / 10000: [ 0, 2, 0, 0, 0 ], [ 0, 1451, 174, 114 ]
4095 / 10000: [ 0, 2, 0, 0, 0 ], [ 0, 1452, 174, 114 ]
4096 / 10000: [ 0, 1, 0, 0, 0 ], [ 0, 1452, 174, 114 ]
4097 / 10000: [ 0, 1, 0, 0, 0 ], [ 0, 1452, 174, 114 ]
4098 / 10000: [ 0, 1, 0, 0, 0 ], [ 0, 1452, 174, 114 ]
4099 / 10000: [ 0, 2, 0, 0, 0 ], [ 0, 1453, 174, 114 ]
4100 / 10000: [ 0, 1, 0, 0, 0 ], [ 0, 1453, 174, 114 ]
4101 / 10000: [ 0, 0, 0, 0, 0 ], [ 0, 1453, 174, 114 ]
4102 / 10000: [ 0, 2, 0, 0, 0 ], [ 0, 1454, 174, 114 ]
4103 / 10000: [ 0, 0, 0, 0, 0 ], [ 0, 1454, 174, 114 ]
4104 / 10000: [ 0, 0, 0, 0, 0 ], [ 0, 1454, 174, 114 ]
4105 / 10000: [ 0, 0, 0, 0, 0 ], [ 0, 1454, 174, 114 ]
4106 / 10000: [ 0, 0, 0, 0, 0 ], [ 0, 1454, 174, 114 ]
4107 / 10000: [ 0, 0, 0, 0, 0 ], [ 0, 1454, 174, 114 ]
4108 / 10000: [ 0, 0, 0, 0, 0 ], [ 0, 1454, 174, 114 ]
4109 / 10000: [ 0, 2, 0, 0, 0 ], [ 0, 1455, 174, 114 ]
4110 / 10000: [ 0, 2, 0, 0, 0 ], [ 0, 1456, 174, 114 ]
4111 / 10000: [ 0, 1, 0, 0, 0 ], [ 0, 1456, 174, 114 ]
4112 / 10000: [ 0, 0, 0, 0, 0 ], [ 0, 1456, 174, 114 ]
4113 / 10000: [ 0, 2, 0, 0, 0 ], [ 0, 1457, 174, 114 ]
4114 / 10000: [ 0, 0, 0, 0, 0 ], [ 0, 1457, 174, 114 ]
4115 / 10000: [ 0, 1, 0, 0, 0 ], [ 0, 1457, 174, 114 ]
4116 / 10000: [ 0, 0, 0, 0, 0 ], [ 0, 1457, 174, 114 ]
4117 / 10000: [ 0, 0, 0, 0, 0 ], [ 0, 1457, 174, 114 ]
4118 / 10000: [ 0, 2, 0, 0, 0 ], [ 0, 1458, 174, 114 ]
4119 / 10000: [ 0, 0, 0, 0, 0 ], [ 0, 1458, 174, 114 ]
4120 / 10000: [ 0, 2, 0, 0, 0 ], [ 0, 1459, 174, 114 ]
4121 / 10000: [ 0, 2, 0, 0, 0 ], [ 0, 1460, 174, 114 ]
4122 / 10000: [ 0, 0, 0, 0, 0 ], [ 0, 1460, 174, 114 ]
4123 / 10000: [ 0, 1, 0, 0, 0 ], [ 0, 1460, 174, 114 ]
4124 / 10000: [ 0, 2, 0, 0, 0 ], [ 0, 1461, 174, 114 ]
4125 / 10000: [ 0, 1, 0, 1, 0 ], [ 0, 1461, 174, 115 ]
4126 / 10000: [ 0, 1, 0, 1, 0 ], [ 0, 1461, 174, 116 ]
4127 / 10000: [ 0, 0, 0, 0, 0 ], [ 0, 1461, 174, 116 ]
4128 / 10000: [ 0, 0, 0, 0, 0 ], [ 0, 1461, 174, 116 ]
4129 / 10000: [ 0, 0, 0, 0, 0 ], [ 0, 1461, 174, 116 ]
4130 / 10000: [ 0, 1, 0, 0, 0 ], [ 0, 1461, 174, 116 ]
4131 / 10000: [ 0, 0, 0, 0, 0 ], [ 0, 1461, 174, 116 ]
4132 / 10000: [ 0, 0, 0, 0, 0 ], [ 0, 1461, 174, 116 ]
4133 / 10000: [ 0, 0, 0, 0, 0 ], [ 0, 1461, 174, 116 ]
4134 / 10000: [ 0, 0, 0, 0, 0 ], [ 0, 1461, 174, 116 ]
4135 / 10000: [ 0, 0, 0, 0, 0 ], [ 0, 1461, 174, 116 ]
4136 / 10000: [ 0, 1, 0, 0, 0 ], [ 0, 1461, 174, 116 ]
4137 / 10000: [ 0, 0, 0, 0, 0 ], [ 0, 1461, 174, 116 ]
4138 / 10000: [ 0, 1, 0, 0, 0 ], [ 0, 1461, 174, 116 ]
4139 / 10000: [ 0, 0, 0, 0, 0 ], [ 0, 1461, 174, 116 ]
4140 / 10000: [ 0, 0, 0, 0, 0 ], [ 0, 1461, 174, 116 ]
4141 / 10000: [ 0, 2, 0, 0, 0 ], [ 0, 1462, 174, 116 ]
4142 / 10000: [ 0, 0, 0, 0, 0 ], [ 0, 1462, 174, 116 ]
4143 / 10000: [ 0, 0, 0, 0, 0 ], [ 0, 1462, 174, 116 ]
4144 / 10000: [ 0, 0, 0, 0, 0 ], [ 0, 1462, 174, 116 ]
4145 / 10000: [ 0, 0, 0, 0, 0 ], [ 0, 1462, 174, 116 ]
4146 / 10000: [ 0, 1, 0, 0, 0 ], [ 0, 1462, 174, 116 ]
4147 / 10000: [ 0, 1, 0, 0, 0 ], [ 0, 1462, 174, 116 ]
4148 / 10000: [ 0, 1, 0, 0, 0 ], [ 0, 1462, 174, 116 ]
4149 / 10000: [ 0, 0, 0, 0, 0 ], [ 0, 1462, 174, 116 ]
4150 / 10000: [ 0, 0, 0, 0, 0 ], [ 0, 1462, 174, 116 ]
4151 / 10000: [ 0, 1, 0, 0, 0 ], [ 0, 1462, 174, 116 ]
4152 / 10000: [ 0, 2, 0, 0, 0 ], [ 0, 1463, 174, 116 ]
4153 / 10000: [ 0, 2, 0, 0, 0 ], [ 0, 1464, 174, 116 ]
4154 / 10000: [ 0, 2, 0, 0, 0 ], [ 0, 1465, 174, 116 ]
4155 / 10000: [ 0, 1, 0, 0, 0 ], [ 0, 1465, 174, 116 ]
4156 / 10000: [ 0, 0, 0, 0, 0 ], [ 0, 1465, 174, 116 ]
4157 / 10000: [ 0, 2, 0, 0, 0 ], [ 0, 1466, 174, 116 ]
4158 / 10000: [ 0, 0, 0, 0, 0 ], [ 0, 1466, 174, 116 ]
4159 / 10000: [ 0, 1, 0, 0, 0 ], [ 0, 1466, 174, 116 ]
4160 / 10000: [ 0, 0, 0, 0, 0 ], [ 0, 1466, 174, 116 ]
4161 / 10000: [ 0, 1, 0, 0, 0 ], [ 0, 1466, 174, 116 ]
4162 / 10000: [ 0, 0, 0, 0, 0 ], [ 0, 1466, 174, 116 ]
4163 / 10000: [ 0, 0, 0, 0, 0 ], [ 0, 1466, 174, 116 ]
4164 / 10000: [ 0, 0, 0, 0, 0 ], [ 0, 1466, 174, 116 ]
4165 / 10000: [ 0, 1, 0, 0, 0 ], [ 0, 1466, 174, 116 ]
4166 / 10000: [ 0, 0, 0, 0, 0 ], [ 0, 1466, 174, 116 ]
4167 / 10000: [ 0, 0, 0, 0, 0 ], [ 0, 1466, 174, 116 ]
4168 / 10000: [ 0, 1, 0, 0, 0 ], [ 0, 1466, 174, 116 ]
4169 / 10000: [ 0, 0, 0, 0, 0 ], [ 0, 1466, 174, 116 ]
4170 / 10000: [ 0, 0, 0, 0, 0 ], [ 0, 1466, 174, 116 ]
4171 / 10000: [ 0, 0, 0, 0, 0 ], [ 0, 1466, 174, 116 ]
4172 / 10000: [ 0, 0, 0, 0, 0 ], [ 0, 1466, 174, 116 ]
4173 / 10000: [ 0, 0, 0, 0, 0 ], [ 0, 1466, 174, 116 ]
4174 / 10000: [ 0, 0, 0, 0, 0 ], [ 0, 1466, 174, 116 ]
4175 / 10000: [ 0, 0, 0, 0, 0 ], [ 0, 1466, 174, 116 ]
4176 / 10000: [ 0, 0, 0, 0, 0 ], [ 0, 1466, 174, 116 ]
4177 / 10000: [ 0, 0, 0, 0, 0 ], [ 0, 1466, 174, 116 ]
4178 / 10000: [ 0, 0, 0, 0, 0 ], [ 0, 1466, 174, 116 ]
4179 / 10000: [ 0, 0, 0, 0, 0 ], [ 0, 1466, 174, 116 ]
4180 / 10000: [ 0, 0, 0, 0, 0 ], [ 0, 1466, 174, 116 ]
4181 / 10000: [ 0, 0, 0, 0, 0 ], [ 0, 1466, 174, 116 ]
4182 / 10000: [ 0, 0, 0, 0, 0 ], [ 0, 1466, 174, 116 ]
4183 / 10000: [ 0, 1, 0, 0, 0 ], [ 0, 1466, 174, 116 ]
4184 / 10000: [ 0, 1, 0, 0, 0 ], [ 0, 1466, 174, 116 ]
4185 / 10000: [ 0, 0, 0, 1, 0 ], [ 0, 1466, 174, 116 ]
4186 / 10000: [ 0, 0, 0, 0, 0 ], [ 0, 1466, 174, 116 ]
4187 / 10000: [ 0, 0, 0, 0, 0 ], [ 0, 1466, 174, 116 ]
4188 / 10000: [ 0, 0, 0, 0, 0 ], [ 0, 1466, 174, 116 ]
4189 / 10000: [ 0, 2, 0, 0, 0 ], [ 0, 1467, 174, 116 ]
4190 / 10000: [ 0, 0, 0, 0, 0 ], [ 0, 1467, 174, 116 ]
4191 / 10000: [ 0, 0, 0, 0, 0 ], [ 0, 1467, 174, 116 ]
4192 / 10000: [ 0, 1, 0, 0, 0 ], [ 0, 1467, 174, 116 ]
4193 / 10000: [ 0, 0, 0, 0, 0 ], [ 0, 1467, 174, 116 ]
4194 / 10000: [ 0, 0, 0, 0, 0 ], [ 0, 1467, 174, 116 ]
4195 / 10000: [ 0, 0, 0, 0, 0 ], [ 0, 1467, 174, 116 ]
4196 / 10000: [ 0, 0, 0, 0, 0 ], [ 0, 1467, 174, 116 ]
4197 / 10000: [ 0, 0, 0, 0, 0 ], [ 0, 1467, 174, 116 ]
4198 / 10000: [ 0, 1, 0, 0, 0 ], [ 0, 1467, 174, 116 ]
4199 / 10000: [ 0, 0, 0, 0, 0 ], [ 0, 1467, 174, 116 ]
4200 / 10000: [ 0, 0, 0, 0, 0 ], [ 0, 1467, 174, 116 ]
4201 / 10000: [ 0, 2, 0, 0, 0 ], [ 0, 1468, 174, 116 ]
4202 / 10000: [ 0, 2, 0, 0, 0 ], [ 0, 1469, 174, 116 ]
4203 / 10000: [ 0, 1, 1, 0, 0 ], [ 0, 1469, 175, 116 ]
4204 / 10000: [ 0, 0, 0, 0, 0 ], [ 0, 1469, 175, 116 ]
4205 / 10000: [ 0, 1, 0, 0, 0 ], [ 0, 1469, 175, 116 ]
4206 / 10000: [ 0, 1, 0, 0, 0 ], [ 0, 1469, 175, 116 ]
4207 / 10000: [ 0, 0, 0, 0, 0 ], [ 0, 1469, 175, 116 ]
4208 / 10000: [ 0, 1, 0, 0, 0 ], [ 0, 1469, 175, 116 ]
4209 / 10000: [ 0, 2, 0, 0, 0 ], [ 0, 1470, 175, 116 ]
4210 / 10000: [ 0, 1, 0, 0, 0 ], [ 0, 1470, 175, 116 ]
4211 / 10000: [ 0, 2, 0, 0, 0 ], [ 0, 1471, 175, 116 ]
4212 / 10000: [ 0, 2, 0, 0, 0 ], [ 0, 1472, 175, 116 ]
4213 / 10000: [ 0, 2, 0, 0, 0 ], [ 0, 1473, 175, 116 ]
4214 / 10000: [ 0, 2, 0, 0, 0 ], [ 0, 1474, 175, 116 ]
4215 / 10000: [ 0, 1, 0, 0, 0 ], [ 0, 1474, 175, 116 ]
4216 / 10000: [ 0, 0, 0, 0, 0 ], [ 0, 1474, 175, 116 ]
4217 / 10000: [ 0, 0, 0, 0, 0 ], [ 0, 1474, 175, 116 ]
4218 / 10000: [ 0, 1, 0, 0, 0 ], [ 0, 1474, 175, 116 ]
4219 / 10000: [ 0, 0, 0, 0, 0 ], [ 0, 1474, 175, 116 ]
4220 / 10000: [ 0, 2, 0, 0, 0 ], [ 0, 1475, 175, 116 ]
4221 / 10000: [ 0, 1, 0, 0, 0 ], [ 0, 1475, 175, 116 ]
4222 / 10000: [ 0, 1, 0, 0, 0 ], [ 0, 1475, 175, 116 ]
4223 / 10000: [ 0, 2, 0, 0, 0 ], [ 0, 1476, 175, 116 ]
4224 / 10000: [ 0, 1, 0, 0, 0 ], [ 0, 1476, 175, 116 ]
4225 / 10000: [ 0, 1, 0, 1, 0 ], [ 0, 1476, 175, 117 ]
4226 / 10000: [ 0, 1, 0, 1, 0 ], [ 0, 1476, 175, 118 ]
4227 / 10000: [ 0, 1, 0, 0, 0 ], [ 0, 1476, 175, 118 ]
4228 / 10000: [ 0, 0, 0, 0, 0 ], [ 0, 1476, 175, 118 ]
4229 / 10000: [ 0, 0, 1, 0, 0 ], [ 0, 1476, 175, 118 ]
4230 / 10000: [ 0, 2, 0, 0, 0 ], [ 0, 1477, 175, 118 ]
4231 / 10000: [ 0, 0, 0, 0, 0 ], [ 0, 1477, 175, 118 ]
4232 / 10000: [ 0, 0, 0, 0, 0 ], [ 0, 1477, 175, 118 ]
4233 / 10000: [ 0, 2, 0, 0, 0 ], [ 0, 1478, 175, 118 ]
4234 / 10000: [ 0, 2, 0, 0, 0 ], [ 0, 1479, 175, 118 ]
4235 / 10000: [ 0, 0, 0, 0, 0 ], [ 0, 1479, 175, 118 ]
4236 / 10000: [ 0, 1, 0, 0, 0 ], [ 0, 1479, 175, 118 ]
4237 / 10000: [ 0, 2, 0, 0, 0 ], [ 0, 1480, 175, 118 ]
4238 / 10000: [ 0, 1, 0, 0, 0 ], [ 0, 1480, 175, 118 ]
4239 / 10000: [ 0, 0, 0, 0, 0 ], [ 0, 1480, 175, 118 ]
4240 / 10000: [ 0, 1, 0, 0, 0 ], [ 0, 1480, 175, 118 ]
4241 / 10000: [ 0, 2, 0, 0, 0 ], [ 0, 1481, 175, 118 ]
4242 / 10000: [ 0, 0, 0, 0, 0 ], [ 0, 1481, 175, 118 ]
4243 / 10000: [ 0, 0, 0, 0, 0 ], [ 0, 1481, 175, 118 ]
4244 / 10000: [ 0, 0, 0, 0, 0 ], [ 0, 1481, 175, 118 ]
4245 / 10000: [ 0, 0, 0, 0, 0 ], [ 0, 1481, 175, 118 ]
4246 / 10000: [ 0, 2, 0, 0, 0 ], [ 0, 1482, 175, 118 ]
4247 / 10000: [ 0, 2, 0, 0, 0 ], [ 0, 1483, 175, 118 ]
4248 / 10000: [ 0, 1, 0, 0, 0 ], [ 0, 1483, 175, 118 ]
4249 / 10000: [ 0, 2, 0, 0, 0 ], [ 0, 1484, 175, 118 ]
4250 / 10000: [ 0, 2, 0, 0, 0 ], [ 0, 1485, 175, 118 ]
4251 / 10000: [ 0, 0, 0, 0, 0 ], [ 0, 1485, 175, 118 ]
4252 / 10000: [ 0, 1, 0, 0, 0 ], [ 0, 1485, 175, 118 ]
4253 / 10000: [ 0, 2, 0, 0, 0 ], [ 0, 1486, 175, 118 ]
4254 / 10000: [ 0, 2, 0, 0, 0 ], [ 0, 1487, 175, 118 ]
4255 / 10000: [ 0, 1, 0, 0, 0 ], [ 0, 1487, 175, 118 ]
4256 / 10000: [ 0, 0, 0, 0, 0 ], [ 0, 1487, 175, 118 ]
4257 / 10000: [ 0, 2, 0, 0, 0 ], [ 0, 1488, 175, 118 ]
4258 / 10000: [ 0, 1, 0, 0, 0 ], [ 0, 1488, 175, 118 ]
4259 / 10000: [ 0, 1, 0, 0, 0 ], [ 0, 1488, 175, 118 ]
4260 / 10000: [ 0, 0, 0, 0, 0 ], [ 0, 1488, 175, 118 ]
4261 / 10000: [ 0, 1, 0, 0, 0 ], [ 0, 1488, 175, 118 ]
4262 / 10000: [ 0, 1, 1, 0, 0 ], [ 0, 1488, 176, 118 ]
4263 / 10000: [ 0, 1, 0, 0, 0 ], [ 0, 1488, 176, 118 ]
4264 / 10000: [ 0, 0, 0, 0, 0 ], [ 0, 1488, 176, 118 ]
4265 / 10000: [ 0, 1, 0, 0, 0 ], [ 0, 1488, 176, 118 ]
4266 / 10000: [ 0, 0, 0, 0, 0 ], [ 0, 1488, 176, 118 ]
4267 / 10000: [ 0, 0, 0, 0, 0 ], [ 0, 1488, 176, 118 ]
4268 / 10000: [ 0, 2, 0, 0, 0 ], [ 0, 1489, 176, 118 ]
4269 / 10000: [ 0, 1, 0, 0, 0 ], [ 0, 1489, 176, 118 ]
4270 / 10000: [ 0, 1, 0, 0, 0 ], [ 0, 1489, 176, 118 ]
4271 / 10000: [ 0, 0, 0, 0, 0 ], [ 0, 1489, 176, 118 ]
4272 / 10000: [ 0, 0, 0, 0, 0 ], [ 0, 1489, 176, 118 ]
4273 / 10000: [ 0, 0, 0, 0, 0 ], [ 0, 1489, 176, 118 ]
4274 / 10000: [ 0, 1, 0, 0, 0 ], [ 0, 1489, 176, 118 ]
4275 / 10000: [ 0, 0, 0, 0, 0 ], [ 0, 1489, 176, 118 ]
4276 / 10000: [ 0, 0, 0, 0, 0 ], [ 0, 1489, 176, 118 ]
4277 / 10000: [ 0, 0, 0, 0, 0 ], [ 0, 1489, 176, 118 ]
4278 / 10000: [ 0, 0, 1, 0, 0 ], [ 0, 1489, 176, 118 ]
4279 / 10000: [ 0, 1, 1, 0, 0 ], [ 0, 1489, 177, 118 ]
4280 / 10000: [ 0, 0, 0, 0, 0 ], [ 0, 1489, 177, 118 ]
4281 / 10000: [ 0, 0, 0, 0, 0 ], [ 0, 1489, 177, 118 ]
4282 / 10000: [ 0, 0, 0, 0, 0 ], [ 0, 1489, 177, 118 ]
4283 / 10000: [ 0, 1, 0, 0, 0 ], [ 0, 1489, 177, 118 ]
4284 / 10000: [ 0, 1, 0, 0, 0 ], [ 0, 1489, 177, 118 ]
4285 / 10000: [ 0, 0, 0, 1, 0 ], [ 0, 1489, 177, 118 ]
4286 / 10000: [ 0, 0, 0, 0, 0 ], [ 0, 1489, 177, 118 ]
4287 / 10000: [ 0, 0, 0, 0, 0 ], [ 0, 1489, 177, 118 ]
4288 / 10000: [ 0, 0, 0, 0, 0 ], [ 0, 1489, 177, 118 ]
4289 / 10000: [ 0, 1, 0, 0, 0 ], [ 0, 1489, 177, 118 ]
4290 / 10000: [ 0, 0, 0, 0, 0 ], [ 0, 1489, 177, 118 ]
4291 / 10000: [ 0, 2, 0, 0, 0 ], [ 0, 1490, 177, 118 ]
4292 / 10000: [ 0, 1, 0, 0, 0 ], [ 0, 1490, 177, 118 ]
4293 / 10000: [ 0, 0, 1, 0, 0 ], [ 0, 1490, 177, 118 ]
4294 / 10000: [ 0, 1, 0, 0, 0 ], [ 0, 1490, 177, 118 ]
4295 / 10000: [ 0, 1, 0, 0, 0 ], [ 0, 1490, 177, 118 ]
4296 / 10000: [ 0, 1, 1, 0, 0 ], [ 0, 1490, 178, 118 ]
4297 / 10000: [ 0, 0, 0, 0, 0 ], [ 0, 1490, 178, 118 ]
4298 / 10000: [ 0, 1, 0, 0, 0 ], [ 0, 1490, 178, 118 ]
4299 / 10000: [ 0, 0, 0, 0, 0 ], [ 0, 1490, 178, 118 ]
4300 / 10000: [ 0, 0, 0, 0, 0 ], [ 0, 1490, 178, 118 ]
4301 / 10000: [ 0, 2, 0, 0, 0 ], [ 0, 1491, 178, 118 ]
4302 / 10000: [ 0, 0, 0, 0, 0 ], [ 0, 1491, 178, 118 ]
4303 / 10000: [ 0, 2, 0, 0, 0 ], [ 0, 1492, 178, 118 ]
4304 / 10000: [ 0, 0, 0, 0, 0 ], [ 0, 1492, 178, 118 ]
4305 / 10000: [ 0, 2, 0, 0, 0 ], [ 0, 1493, 178, 118 ]
4306 / 10000: [ 0, 2, 0, 0, 0 ], [ 0, 1494, 178, 118 ]
4307 / 10000: [ 0, 1, 0, 0, 0 ], [ 0, 1494, 178, 118 ]
4308 / 10000: [ 0, 1, 0, 0, 0 ], [ 0, 1494, 178, 118 ]
4309 / 10000: [ 0, 2, 0, 0, 0 ], [ 0, 1495, 178, 118 ]
4310 / 10000: [ 0, 0, 1, 0, 0 ], [ 0, 1495, 178, 118 ]
4311 / 10000: [ 0, 2, 0, 0, 0 ], [ 0, 1496, 178, 118 ]
4312 / 10000: [ 0, 2, 0, 0, 0 ], [ 0, 1497, 178, 118 ]
4313 / 10000: [ 0, 2, 0, 0, 0 ], [ 0, 1498, 178, 118 ]
4314 / 10000: [ 0, 2, 0, 0, 0 ], [ 0, 1499, 178, 118 ]
4315 / 10000: [ 0, 1, 1, 0, 0 ], [ 0, 1499, 179, 118 ]
4316 / 10000: [ 0, 0, 0, 0, 0 ], [ 0, 1499, 179, 118 ]
4317 / 10000: [ 0, 0, 0, 0, 0 ], [ 0, 1499, 179, 118 ]
4318 / 10000: [ 0, 0, 0, 0, 0 ], [ 0, 1499, 179, 118 ]
4319 / 10000: [ 0, 2, 0, 0, 0 ], [ 0, 1500, 179, 118 ]
4320 / 10000: [ 0, 0, 0, 0, 0 ], [ 0, 1500, 179, 118 ]
4321 / 10000: [ 0, 0, 0, 0, 0 ], [ 0, 1500, 179, 118 ]
4322 / 10000: [ 0, 1, 1, 0, 0 ], [ 0, 1500, 180, 118 ]
4323 / 10000: [ 0, 2, 0, 0, 0 ], [ 0, 1501, 180, 118 ]
4324 / 10000: [ 0, 0, 0, 0, 0 ], [ 0, 1501, 180, 118 ]
4325 / 10000: [ 0, 1, 1, 0, 0 ], [ 0, 1501, 181, 118 ]
4326 / 10000: [ 0, 1, 0, 1, 0 ], [ 0, 1501, 181, 119 ]
4327 / 10000: [ 0, 2, 0, 0, 0 ], [ 0, 1502, 181, 119 ]
4328 / 10000: [ 0, 0, 0, 0, 0 ], [ 0, 1502, 181, 119 ]
4329 / 10000: [ 0, 1, 0, 0, 0 ], [ 0, 1502, 181, 119 ]
4330 / 10000: [ 0, 0, 0, 0, 0 ], [ 0, 1502, 181, 119 ]
4331 / 10000: [ 0, 1, 0, 0, 0 ], [ 0, 1502, 181, 119 ]
4332 / 10000: [ 0, 2, 0, 0, 0 ], [ 0, 1503, 181, 119 ]
4333 / 10000: [ 0, 2, 0, 0, 0 ], [ 0, 1504, 181, 119 ]
4334 / 10000: [ 0, 2, 0, 0, 0 ], [ 0, 1505, 181, 119 ]
4335 / 10000: [ 0, 1, 0, 0, 0 ], [ 0, 1505, 181, 119 ]
4336 / 10000: [ 0, 0, 0, 0, 0 ], [ 0, 1505, 181, 119 ]
4337 / 10000: [ 0, 2, 0, 0, 0 ], [ 0, 1506, 181, 119 ]
4338 / 10000: [ 0, 0, 0, 0, 0 ], [ 0, 1506, 181, 119 ]
4339 / 10000: [ 0, 1, 0, 0, 0 ], [ 0, 1506, 181, 119 ]
4340 / 10000: [ 0, 1, 0, 0, 0 ], [ 0, 1506, 181, 119 ]
4341 / 10000: [ 0, 2, 0, 0, 0 ], [ 0, 1507, 181, 119 ]
4342 / 10000: [ 0, 0, 0, 0, 0 ], [ 0, 1507, 181, 119 ]
4343 / 10000: [ 0, 0, 1, 0, 0 ], [ 0, 1507, 181, 119 ]
4344 / 10000: [ 0, 0, 0, 0, 0 ], [ 0, 1507, 181, 119 ]
4345 / 10000: [ 0, 0, 0, 0, 0 ], [ 0, 1507, 181, 119 ]
4346 / 10000: [ 0, 1, 0, 0, 0 ], [ 0, 1507, 181, 119 ]
4347 / 10000: [ 0, 1, 0, 0, 0 ], [ 0, 1507, 181, 119 ]
4348 / 10000: [ 0, 0, 0, 0, 0 ], [ 0, 1507, 181, 119 ]
4349 / 10000: [ 0, 2, 0, 0, 0 ], [ 0, 1508, 181, 119 ]
4350 / 10000: [ 0, 2, 0, 0, 0 ], [ 0, 1509, 181, 119 ]
4351 / 10000: [ 0, 1, 0, 0, 0 ], [ 0, 1509, 181, 119 ]
4352 / 10000: [ 0, 0, 1, 0, 0 ], [ 0, 1509, 181, 119 ]
4353 / 10000: [ 0, 0, 0, 0, 0 ], [ 0, 1509, 181, 119 ]
4354 / 10000: [ 0, 0, 0, 0, 0 ], [ 0, 1509, 181, 119 ]
4355 / 10000: [ 0, 1, 1, 0, 0 ], [ 0, 1509, 182, 119 ]
4356 / 10000: [ 0, 0, 2, 0, 0 ], [ 0, 1509, 183, 119 ]
4357 / 10000: [ 0, 0, 0, 0, 0 ], [ 0, 1509, 183, 119 ]
4358 / 10000: [ 0, 2, 0, 0, 0 ], [ 0, 1510, 183, 119 ]
4359 / 10000: [ 0, 1, 0, 0, 0 ], [ 0, 1510, 183, 119 ]
4360 / 10000: [ 0, 1, 0, 1, 0 ], [ 0, 1510, 183, 120 ]
4361 / 10000: [ 0, 1, 0, 0, 0 ], [ 0, 1510, 183, 120 ]
4362 / 10000: [ 0, 2, 0, 0, 0 ], [ 0, 1511, 183, 120 ]
4363 / 10000: [ 0, 1, 0, 0, 0 ], [ 0, 1511, 183, 120 ]
4364 / 10000: [ 0, 1, 0, 0, 0 ], [ 0, 1511, 183, 120 ]
4365 / 10000: [ 0, 1, 0, 0, 0 ], [ 0, 1511, 183, 120 ]
4366 / 10000: [ 0, 1, 0, 0, 0 ], [ 0, 1511, 183, 120 ]
4367 / 10000: [ 0, 1, 0, 0, 0 ], [ 0, 1511, 183, 120 ]
4368 / 10000: [ 0, 2, 0, 0, 0 ], [ 0, 1512, 183, 120 ]
4369 / 10000: [ 0, 2, 0, 0, 0 ], [ 0, 1513, 183, 120 ]
4370 / 10000: [ 0, 2, 0, 0, 0 ], [ 0, 1514, 183, 120 ]
4371 / 10000: [ 0, 0, 0, 0, 0 ], [ 0, 1514, 183, 120 ]
4372 / 10000: [ 0, 0, 0, 0, 0 ], [ 0, 1514, 183, 120 ]
4373 / 10000: [ 0, 0, 0, 0, 0 ], [ 0, 1514, 183, 120 ]
4374 / 10000: [ 0, 1, 0, 0, 0 ], [ 0, 1514, 183, 120 ]
4375 / 10000: [ 0, 0, 0, 0, 0 ], [ 0, 1514, 183, 120 ]
4376 / 10000: [ 0, 2, 0, 0, 0 ], [ 0, 1515, 183, 120 ]
4377 / 10000: [ 0, 0, 0, 0, 0 ], [ 0, 1515, 183, 120 ]
4378 / 10000: [ 0, 0, 0, 0, 0 ], [ 0, 1515, 183, 120 ]
4379 / 10000: [ 0, 2, 0, 0, 0 ], [ 0, 1516, 183, 120 ]
4380 / 10000: [ 0, 0, 0, 0, 0 ], [ 0, 1516, 183, 120 ]
4381 / 10000: [ 0, 2, 0, 0, 0 ], [ 0, 1517, 183, 120 ]
4382 / 10000: [ 0, 0, 0, 0, 0 ], [ 0, 1517, 183, 120 ]
4383 / 10000: [ 0, 1, 0, 0, 0 ], [ 0, 1517, 183, 120 ]
4384 / 10000: [ 0, 1, 0, 0, 0 ], [ 0, 1517, 183, 120 ]
4385 / 10000: [ 0, 0, 0, 0, 0 ], [ 0, 1517, 183, 120 ]
4386 / 10000: [ 0, 1, 0, 0, 0 ], [ 0, 1517, 183, 120 ]
4387 / 10000: [ 0, 1, 0, 0, 0 ], [ 0, 1517, 183, 120 ]
4388 / 10000: [ 0, 0, 0, 0, 0 ], [ 0, 1517, 183, 120 ]
4389 / 10000: [ 0, 1, 0, 0, 0 ], [ 0, 1517, 183, 120 ]
4390 / 10000: [ 0, 1, 0, 0, 0 ], [ 0, 1517, 183, 120 ]
4391 / 10000: [ 0, 2, 0, 0, 0 ], [ 0, 1518, 183, 120 ]
4392 / 10000: [ 0, 0, 0, 0, 0 ], [ 0, 1518, 183, 120 ]
4393 / 10000: [ 0, 0, 0, 0, 0 ], [ 0, 1518, 183, 120 ]
4394 / 10000: [ 0, 2, 0, 0, 0 ], [ 0, 1519, 183, 120 ]
4395 / 10000: [ 0, 1, 0, 0, 0 ], [ 0, 1519, 183, 120 ]
4396 / 10000: [ 0, 2, 0, 0, 0 ], [ 0, 1520, 183, 120 ]
4397 / 10000: [ 0, 1, 0, 0, 0 ], [ 0, 1520, 183, 120 ]
4398 / 10000: [ 0, 1, 0, 0, 0 ], [ 0, 1520, 183, 120 ]
4399 / 10000: [ 0, 0, 1, 0, 0 ], [ 0, 1520, 183, 120 ]
4400 / 10000: [ 0, 0, 0, 0, 0 ], [ 0, 1520, 183, 120 ]
4401 / 10000: [ 0, 2, 0, 0, 0 ], [ 0, 1521, 183, 120 ]
4402 / 10000: [ 0, 2, 0, 0, 0 ], [ 0, 1522, 183, 120 ]
4403 / 10000: [ 0, 2, 0, 0, 0 ], [ 0, 1523, 183, 120 ]
4404 / 10000: [ 0, 2, 0, 0, 0 ], [ 0, 1524, 183, 120 ]
4405 / 10000: [ 0, 1, 0, 0, 0 ], [ 0, 1524, 183, 120 ]
4406 / 10000: [ 0, 2, 0, 0, 0 ], [ 0, 1525, 183, 120 ]
4407 / 10000: [ 0, 2, 0, 0, 0 ], [ 0, 1526, 183, 120 ]
4408 / 10000: [ 0, 2, 0, 0, 0 ], [ 0, 1527, 183, 120 ]
4409 / 10000: [ 0, 2, 0, 0, 0 ], [ 0, 1528, 183, 120 ]
4410 / 10000: [ 0, 2, 0, 0, 0 ], [ 0, 1529, 183, 120 ]
4411 / 10000: [ 0, 1, 0, 0, 0 ], [ 0, 1529, 183, 120 ]
4412 / 10000: [ 0, 2, 0, 0, 0 ], [ 0, 1530, 183, 120 ]
4413 / 10000: [ 0, 2, 0, 0, 0 ], [ 0, 1531, 183, 120 ]
4414 / 10000: [ 0, 0, 0, 0, 0 ], [ 0, 1531, 183, 120 ]
4415 / 10000: [ 0, 2, 0, 0, 0 ], [ 0, 1532, 183, 120 ]
4416 / 10000: [ 0, 2, 0, 0, 0 ], [ 0, 1533, 183, 120 ]
4417 / 10000: [ 0, 2, 0, 0, 0 ], [ 0, 1534, 183, 120 ]
4418 / 10000: [ 0, 2, 0, 0, 0 ], [ 0, 1535, 183, 120 ]
4419 / 10000: [ 0, 2, 0, 0, 0 ], [ 0, 1536, 183, 120 ]
4420 / 10000: [ 0, 2, 0, 0, 0 ], [ 0, 1537, 183, 120 ]
4421 / 10000: [ 0, 2, 0, 0, 0 ], [ 0, 1538, 183, 120 ]
4422 / 10000: [ 0, 0, 0, 0, 0 ], [ 0, 1538, 183, 120 ]
4423 / 10000: [ 0, 2, 0, 0, 0 ], [ 0, 1539, 183, 120 ]
4424 / 10000: [ 0, 2, 0, 0, 0 ], [ 0, 1540, 183, 120 ]
4425 / 10000: [ 0, 2, 0, 0, 0 ], [ 0, 1541, 183, 120 ]
4426 / 10000: [ 0, 1, 1, 0, 0 ], [ 0, 1541, 184, 120 ]
4427 / 10000: [ 0, 0, 0, 0, 0 ], [ 0, 1541, 184, 120 ]
4428 / 10000: [ 0, 2, 0, 0, 0 ], [ 0, 1542, 184, 120 ]
4429 / 10000: [ 0, 2, 0, 0, 0 ], [ 0, 1543, 184, 120 ]
4430 / 10000: [ 0, 2, 0, 0, 0 ], [ 0, 1544, 184, 120 ]
4431 / 10000: [ 0, 2, 0, 0, 0 ], [ 0, 1545, 184, 120 ]
4432 / 10000: [ 0, 2, 0, 0, 0 ], [ 0, 1546, 184, 120 ]
4433 / 10000: [ 0, 2, 0, 0, 0 ], [ 0, 1547, 184, 120 ]
4434 / 10000: [ 0, 1, 0, 0, 0 ], [ 0, 1547, 184, 120 ]
4435 / 10000: [ 0, 2, 0, 0, 0 ], [ 0, 1548, 184, 120 ]
4436 / 10000: [ 0, 2, 0, 0, 0 ], [ 0, 1549, 184, 120 ]
4437 / 10000: [ 0, 2, 0, 0, 0 ], [ 0, 1550, 184, 120 ]
4438 / 10000: [ 0, 2, 0, 0, 0 ], [ 0, 1551, 184, 120 ]
4439 / 10000: [ 0, 0, 0, 0, 0 ], [ 0, 1551, 184, 120 ]
4440 / 10000: [ 0, 2, 0, 0, 0 ], [ 0, 1552, 184, 120 ]
4441 / 10000: [ 0, 1, 1, 0, 0 ], [ 0, 1552, 185, 120 ]
4442 / 10000: [ 0, 0, 0, 0, 0 ], [ 0, 1552, 185, 120 ]
4443 / 10000: [ 0, 0, 0, 0, 0 ], [ 0, 1552, 185, 120 ]
4444 / 10000: [ 0, 2, 0, 0, 0 ], [ 0, 1553, 185, 120 ]
4445 / 10000: [ 0, 0, 0, 0, 0 ], [ 0, 1553, 185, 120 ]
4446 / 10000: [ 0, 2, 0, 0, 0 ], [ 0, 1554, 185, 120 ]
4447 / 10000: [ 0, 2, 0, 0, 0 ], [ 0, 1555, 185, 120 ]
4448 / 10000: [ 0, 1, 0, 0, 0 ], [ 0, 1555, 185, 120 ]
4449 / 10000: [ 0, 2, 0, 0, 0 ], [ 0, 1556, 185, 120 ]
4450 / 10000: [ 0, 1, 0, 0, 0 ], [ 0, 1556, 185, 120 ]
4451 / 10000: [ 0, 2, 0, 0, 0 ], [ 0, 1557, 185, 120 ]
4452 / 10000: [ 0, 2, 0, 0, 0 ], [ 0, 1558, 185, 120 ]
4453 / 10000: [ 0, 2, 0, 0, 0 ], [ 0, 1559, 185, 120 ]
4454 / 10000: [ 0, 2, 0, 0, 0 ], [ 0, 1560, 185, 120 ]
4455 / 10000: [ 0, 2, 0, 0, 0 ], [ 0, 1561, 185, 120 ]
4456 / 10000: [ 0, 1, 0, 0, 0 ], [ 0, 1561, 185, 120 ]
4457 / 10000: [ 0, 2, 0, 0, 0 ], [ 0, 1562, 185, 120 ]
4458 / 10000: [ 0, 1, 0, 0, 0 ], [ 0, 1562, 185, 120 ]
4459 / 10000: [ 0, 2, 0, 0, 0 ], [ 0, 1563, 185, 120 ]
4460 / 10000: [ 0, 2, 0, 0, 0 ], [ 0, 1564, 185, 120 ]
4461 / 10000: [ 0, 2, 0, 0, 0 ], [ 0, 1565, 185, 120 ]
4462 / 10000: [ 0, 1, 1, 0, 0 ], [ 0, 1565, 186, 120 ]
4463 / 10000: [ 0, 0, 0, 0, 0 ], [ 0, 1565, 186, 120 ]
4464 / 10000: [ 0, 1, 0, 0, 0 ], [ 0, 1565, 186, 120 ]
4465 / 10000: [ 0, 2, 0, 0, 0 ], [ 0, 1566, 186, 120 ]
4466 / 10000: [ 0, 2, 0, 0, 0 ], [ 0, 1567, 186, 120 ]
4467 / 10000: [ 0, 1, 0, 0, 0 ], [ 0, 1567, 186, 120 ]
4468 / 10000: [ 0, 2, 0, 0, 0 ], [ 0, 1568, 186, 120 ]
4469 / 10000: [ 0, 1, 0, 0, 0 ], [ 0, 1568, 186, 120 ]
4470 / 10000: [ 0, 1, 0, 0, 0 ], [ 0, 1568, 186, 120 ]
4471 / 10000: [ 0, 0, 0, 0, 0 ], [ 0, 1568, 186, 120 ]
4472 / 10000: [ 0, 0, 0, 0, 0 ], [ 0, 1568, 186, 120 ]
4473 / 10000: [ 0, 1, 0, 0, 0 ], [ 0, 1568, 186, 120 ]
4474 / 10000: [ 0, 0, 0, 0, 0 ], [ 0, 1568, 186, 120 ]
4475 / 10000: [ 0, 1, 0, 0, 0 ], [ 0, 1568, 186, 120 ]
4476 / 10000: [ 0, 0, 0, 0, 0 ], [ 0, 1568, 186, 120 ]
4477 / 10000: [ 0, 0, 0, 0, 0 ], [ 0, 1568, 186, 120 ]
4478 / 10000: [ 0, 2, 0, 0, 0 ], [ 0, 1569, 186, 120 ]
4479 / 10000: [ 0, 0, 0, 0, 0 ], [ 0, 1569, 186, 120 ]
4480 / 10000: [ 0, 1, 0, 0, 0 ], [ 0, 1569, 186, 120 ]
4481 / 10000: [ 0, 2, 0, 0, 0 ], [ 0, 1570, 186, 120 ]
4482 / 10000: [ 0, 2, 0, 0, 0 ], [ 0, 1571, 186, 120 ]
4483 / 10000: [ 0, 2, 0, 0, 0 ], [ 0, 1572, 186, 120 ]
4484 / 10000: [ 0, 1, 0, 0, 0 ], [ 0, 1572, 186, 120 ]
4485 / 10000: [ 0, 1, 0, 1, 0 ], [ 0, 1572, 186, 121 ]
4486 / 10000: [ 0, 1, 0, 0, 0 ], [ 0, 1572, 186, 121 ]
4487 / 10000: [ 0, 2, 0, 0, 0 ], [ 0, 1573, 186, 121 ]
4488 / 10000: [ 0, 0, 0, 0, 0 ], [ 0, 1573, 186, 121 ]
4489 / 10000: [ 0, 2, 0, 0, 0 ], [ 0, 1574, 186, 121 ]
4490 / 10000: [ 0, 2, 0, 0, 0 ], [ 0, 1575, 186, 121 ]
4491 / 10000: [ 0, 2, 0, 0, 0 ], [ 0, 1576, 186, 121 ]
4492 / 10000: [ 0, 2, 0, 0, 0 ], [ 0, 1577, 186, 121 ]
4493 / 10000: [ 0, 2, 0, 0, 0 ], [ 0, 1578, 186, 121 ]
4494 / 10000: [ 0, 1, 0, 0, 0 ], [ 0, 1578, 186, 121 ]
4495 / 10000: [ 0, 2, 0, 0, 0 ], [ 0, 1579, 186, 121 ]
4496 / 10000: [ 0, 0, 0, 0, 0 ], [ 0, 1579, 186, 121 ]
4497 / 10000: [ 0, 0, 0, 0, 0 ], [ 0, 1579, 186, 121 ]
4498 / 10000: [ 0, 2, 0, 0, 0 ], [ 0, 1580, 186, 121 ]
4499 / 10000: [ 0, 1, 0, 0, 0 ], [ 0, 1580, 186, 121 ]
4500 / 10000: [ 0, 2, 0, 0, 0 ], [ 0, 1581, 186, 121 ]
4501 / 10000: [ 0, 2, 0, 0, 0 ], [ 0, 1582, 186, 121 ]
4502 / 10000: [ 0, 2, 0, 0, 0 ], [ 0, 1583, 186, 121 ]
4503 / 10000: [ 0, 1, 0, 0, 0 ], [ 0, 1583, 186, 121 ]
4504 / 10000: [ 0, 1, 0, 0, 0 ], [ 0, 1583, 186, 121 ]
4505 / 10000: [ 0, 1, 0, 0, 0 ], [ 0, 1583, 186, 121 ]
4506 / 10000: [ 0, 2, 0, 0, 0 ], [ 0, 1584, 186, 121 ]
4507 / 10000: [ 0, 2, 0, 0, 0 ], [ 0, 1585, 186, 121 ]
4508 / 10000: [ 0, 0, 0, 0, 0 ], [ 0, 1585, 186, 121 ]
4509 / 10000: [ 0, 2, 0, 0, 0 ], [ 0, 1586, 186, 121 ]
4510 / 10000: [ 0, 0, 0, 0, 0 ], [ 0, 1586, 186, 121 ]
4511 / 10000: [ 0, 2, 0, 0, 0 ], [ 0, 1587, 186, 121 ]
4512 / 10000: [ 0, 2, 0, 0, 0 ], [ 0, 1588, 186, 121 ]
4513 / 10000: [ 0, 2, 0, 0, 0 ], [ 0, 1589, 186, 121 ]
4514 / 10000: [ 0, 2, 0, 0, 0 ], [ 0, 1590, 186, 121 ]
4515 / 10000: [ 0, 1, 1, 0, 0 ], [ 0, 1590, 187, 121 ]
4516 / 10000: [ 0, 1, 0, 0, 0 ], [ 0, 1590, 187, 121 ]
4517 / 10000: [ 0, 1, 0, 0, 0 ], [ 0, 1590, 187, 121 ]
4518 / 10000: [ 0, 1, 0, 0, 0 ], [ 0, 1590, 187, 121 ]
4519 / 10000: [ 0, 0, 0, 0, 0 ], [ 0, 1590, 187, 121 ]
4520 / 10000: [ 0, 1, 0, 0, 0 ], [ 0, 1590, 187, 121 ]
4521 / 10000: [ 0, 0, 0, 0, 0 ], [ 0, 1590, 187, 121 ]
4522 / 10000: [ 0, 0, 0, 0, 0 ], [ 0, 1590, 187, 121 ]
4523 / 10000: [ 0, 1, 0, 0, 0 ], [ 0, 1590, 187, 121 ]
4524 / 10000: [ 0, 2, 0, 0, 0 ], [ 0, 1591, 187, 121 ]
4525 / 10000: [ 0, 1, 0, 0, 0 ], [ 0, 1591, 187, 121 ]
4526 / 10000: [ 0, 0, 0, 1, 0 ], [ 0, 1591, 187, 121 ]
4527 / 10000: [ 0, 1, 0, 0, 0 ], [ 0, 1591, 187, 121 ]
4528 / 10000: [ 0, 1, 0, 0, 0 ], [ 0, 1591, 187, 121 ]
4529 / 10000: [ 0, 0, 0, 0, 0 ], [ 0, 1591, 187, 121 ]
4530 / 10000: [ 0, 1, 0, 0, 0 ], [ 0, 1591, 187, 121 ]
4531 / 10000: [ 0, 0, 0, 0, 0 ], [ 0, 1591, 187, 121 ]
4532 / 10000: [ 0, 1, 0, 0, 0 ], [ 0, 1591, 187, 121 ]
4533 / 10000: [ 0, 2, 0, 0, 0 ], [ 0, 1592, 187, 121 ]
4534 / 10000: [ 0, 2, 0, 0, 0 ], [ 0, 1593, 187, 121 ]
4535 / 10000: [ 0, 0, 0, 0, 0 ], [ 0, 1593, 187, 121 ]
4536 / 10000: [ 0, 1, 1, 0, 0 ], [ 0, 1593, 188, 121 ]
4537 / 10000: [ 0, 2, 0, 0, 0 ], [ 0, 1594, 188, 121 ]
4538 / 10000: [ 0, 0, 1, 0, 0 ], [ 0, 1594, 188, 121 ]
4539 / 10000: [ 0, 0, 0, 0, 0 ], [ 0, 1594, 188, 121 ]
4540 / 10000: [ 0, 0, 0, 0, 0 ], [ 0, 1594, 188, 121 ]
4541 / 10000: [ 0, 1, 0, 0, 0 ], [ 0, 1594, 188, 121 ]
4542 / 10000: [ 0, 0, 0, 0, 0 ], [ 0, 1594, 188, 121 ]
4543 / 10000: [ 0, 0, 0, 0, 0 ], [ 0, 1594, 188, 121 ]
4544 / 10000: [ 0, 0, 0, 0, 0 ], [ 0, 1594, 188, 121 ]
4545 / 10000: [ 0, 0, 0, 0, 0 ], [ 0, 1594, 188, 121 ]
4546 / 10000: [ 0, 0, 0, 0, 0 ], [ 0, 1594, 188, 121 ]
4547 / 10000: [ 0, 1, 0, 0, 0 ], [ 0, 1594, 188, 121 ]
4548 / 10000: [ 0, 0, 1, 0, 0 ], [ 0, 1594, 188, 121 ]
4549 / 10000: [ 0, 2, 0, 0, 0 ], [ 0, 1595, 188, 121 ]
4550 / 10000: [ 0, 2, 0, 0, 0 ], [ 0, 1596, 188, 121 ]
4551 / 10000: [ 0, 0, 1, 0, 0 ], [ 0, 1596, 188, 121 ]
4552 / 10000: [ 0, 0, 0, 0, 0 ], [ 0, 1596, 188, 121 ]
4553 / 10000: [ 0, 0, 0, 0, 0 ], [ 0, 1596, 188, 121 ]
4554 / 10000: [ 0, 2, 0, 0, 0 ], [ 0, 1597, 188, 121 ]
4555 / 10000: [ 0, 0, 0, 0, 0 ], [ 0, 1597, 188, 121 ]
4556 / 10000: [ 0, 1, 0, 0, 0 ], [ 0, 1597, 188, 121 ]
4557 / 10000: [ 0, 0, 0, 0, 0 ], [ 0, 1597, 188, 121 ]
4558 / 10000: [ 0, 2, 0, 0, 0 ], [ 0, 1598, 188, 121 ]
4559 / 10000: [ 0, 1, 0, 0, 0 ], [ 0, 1598, 188, 121 ]
4560 / 10000: [ 0, 1, 0, 0, 0 ], [ 0, 1598, 188, 121 ]
4561 / 10000: [ 0, 0, 0, 0, 0 ], [ 0, 1598, 188, 121 ]
4562 / 10000: [ 0, 1, 1, 0, 0 ], [ 0, 1598, 189, 121 ]
4563 / 10000: [ 0, 1, 0, 0, 0 ], [ 0, 1598, 189, 121 ]
4564 / 10000: [ 0, 1, 0, 0, 0 ], [ 0, 1598, 189, 121 ]
4565 / 10000: [ 0, 0, 1, 0, 0 ], [ 0, 1598, 189, 121 ]
4566 / 10000: [ 0, 1, 0, 0, 0 ], [ 0, 1598, 189, 121 ]
4567 / 10000: [ 0, 0, 0, 0, 0 ], [ 0, 1598, 189, 121 ]
4568 / 10000: [ 0, 2, 0, 0, 0 ], [ 0, 1599, 189, 121 ]
4569 / 10000: [ 0, 1, 1, 0, 0 ], [ 0, 1599, 190, 121 ]
4570 / 10000: [ 0, 1, 0, 0, 0 ], [ 0, 1599, 190, 121 ]
4571 / 10000: [ 0, 0, 0, 0, 0 ], [ 0, 1599, 190, 121 ]
4572 / 10000: [ 0, 0, 0, 0, 0 ], [ 0, 1599, 190, 121 ]
4573 / 10000: [ 0, 1, 0, 0, 0 ], [ 0, 1599, 190, 121 ]
4574 / 10000: [ 0, 1, 0, 0, 0 ], [ 0, 1599, 190, 121 ]
4575 / 10000: [ 0, 0, 0, 0, 0 ], [ 0, 1599, 190, 121 ]
4576 / 10000: [ 0, 0, 0, 0, 0 ], [ 0, 1599, 190, 121 ]
4577 / 10000: [ 0, 0, 0, 0, 0 ], [ 0, 1599, 190, 121 ]
4578 / 10000: [ 0, 0, 0, 0, 0 ], [ 0, 1599, 190, 121 ]
4579 / 10000: [ 0, 1, 0, 0, 0 ], [ 0, 1599, 190, 121 ]
4580 / 10000: [ 0, 0, 0, 0, 0 ], [ 0, 1599, 190, 121 ]
4581 / 10000: [ 0, 1, 0, 0, 0 ], [ 0, 1599, 190, 121 ]
4582 / 10000: [ 0, 0, 0, 0, 0 ], [ 0, 1599, 190, 121 ]
4583 / 10000: [ 0, 0, 0, 0, 0 ], [ 0, 1599, 190, 121 ]
4584 / 10000: [ 0, 0, 0, 0, 0 ], [ 0, 1599, 190, 121 ]
4585 / 10000: [ 0, 1, 0, 0, 0 ], [ 0, 1599, 190, 121 ]
4586 / 10000: [ 0, 1, 0, 0, 0 ], [ 0, 1599, 190, 121 ]
4587 / 10000: [ 0, 0, 0, 0, 0 ], [ 0, 1599, 190, 121 ]
4588 / 10000: [ 0, 0, 0, 0, 0 ], [ 0, 1599, 190, 121 ]
4589 / 10000: [ 0, 0, 0, 0, 0 ], [ 0, 1599, 190, 121 ]
4590 / 10000: [ 0, 1, 0, 0, 0 ], [ 0, 1599, 190, 121 ]
4591 / 10000: [ 0, 2, 0, 0, 0 ], [ 0, 1600, 190, 121 ]
4592 / 10000: [ 0, 1, 0, 0, 0 ], [ 0, 1600, 190, 121 ]
4593 / 10000: [ 0, 1, 0, 0, 0 ], [ 0, 1600, 190, 121 ]
4594 / 10000: [ 0, 2, 0, 0, 0 ], [ 0, 1601, 190, 121 ]
4595 / 10000: [ 0, 2, 0, 0, 0 ], [ 0, 1602, 190, 121 ]
4596 / 10000: [ 0, 1, 0, 0, 0 ], [ 0, 1602, 190, 121 ]
4597 / 10000: [ 0, 0, 0, 0, 0 ], [ 0, 1602, 190, 121 ]
4598 / 10000: [ 0, 0, 0, 0, 0 ], [ 0, 1602, 190, 121 ]
4599 / 10000: [ 0, 0, 0, 0, 0 ], [ 0, 1602, 190, 121 ]
4600 / 10000: [ 0, 1, 0, 0, 0 ], [ 0, 1602, 190, 121 ]
4601 / 10000: [ 0, 2, 0, 0, 0 ], [ 0, 1603, 190, 121 ]
4602 / 10000: [ 0, 2, 0, 0, 0 ], [ 0, 1604, 190, 121 ]
4603 / 10000: [ 0, 2, 0, 0, 0 ], [ 0, 1605, 190, 121 ]
4604 / 10000: [ 0, 2, 0, 0, 0 ], [ 0, 1606, 190, 121 ]
4605 / 10000: [ 0, 1, 0, 0, 0 ], [ 0, 1606, 190, 121 ]
4606 / 10000: [ 0, 2, 0, 0, 0 ], [ 0, 1607, 190, 121 ]
4607 / 10000: [ 0, 2, 0, 0, 0 ], [ 0, 1608, 190, 121 ]
4608 / 10000: [ 0, 2, 0, 0, 0 ], [ 0, 1609, 190, 121 ]
4609 / 10000: [ 0, 0, 1, 0, 0 ], [ 0, 1609, 190, 121 ]
4610 / 10000: [ 0, 2, 0, 0, 0 ], [ 0, 1610, 190, 121 ]
4611 / 10000: [ 0, 2, 0, 0, 0 ], [ 0, 1611, 190, 121 ]
4612 / 10000: [ 0, 1, 0, 0, 0 ], [ 0, 1611, 190, 121 ]
4613 / 10000: [ 0, 2, 0, 0, 0 ], [ 0, 1612, 190, 121 ]
4614 / 10000: [ 0, 1, 0, 0, 0 ], [ 0, 1612, 190, 121 ]
4615 / 10000: [ 0, 1, 0, 0, 0 ], [ 0, 1612, 190, 121 ]
4616 / 10000: [ 0, 2, 0, 0, 0 ], [ 0, 1613, 190, 121 ]
4617 / 10000: [ 0, 2, 0, 0, 0 ], [ 0, 1614, 190, 121 ]
4618 / 10000: [ 0, 1, 0, 0, 0 ], [ 0, 1614, 190, 121 ]
4619 / 10000: [ 0, 2, 0, 0, 0 ], [ 0, 1615, 190, 121 ]
4620 / 10000: [ 0, 2, 0, 0, 0 ], [ 0, 1616, 190, 121 ]
4621 / 10000: [ 0, 2, 0, 0, 0 ], [ 0, 1617, 190, 121 ]
4622 / 10000: [ 0, 2, 0, 0, 0 ], [ 0, 1618, 190, 121 ]
4623 / 10000: [ 0, 0, 0, 0, 0 ], [ 0, 1618, 190, 121 ]
4624 / 10000: [ 0, 2, 0, 0, 0 ], [ 0, 1619, 190, 121 ]
4625 / 10000: [ 0, 2, 0, 0, 0 ], [ 0, 1620, 190, 121 ]
4626 / 10000: [ 0, 2, 0, 0, 0 ], [ 0, 1621, 190, 121 ]
4627 / 10000: [ 0, 1, 0, 0, 0 ], [ 0, 1621, 190, 121 ]
4628 / 10000: [ 0, 2, 0, 0, 0 ], [ 0, 1622, 190, 121 ]
4629 / 10000: [ 0, 2, 0, 0, 0 ], [ 0, 1623, 190, 121 ]
4630 / 10000: [ 0, 2, 0, 0, 0 ], [ 0, 1624, 190, 121 ]
4631 / 10000: [ 0, 0, 1, 0, 0 ], [ 0, 1624, 190, 121 ]
4632 / 10000: [ 0, 2, 0, 0, 0 ], [ 0, 1625, 190, 121 ]
4633 / 10000: [ 0, 2, 0, 0, 0 ], [ 0, 1626, 190, 121 ]
4634 / 10000: [ 0, 2, 0, 0, 0 ], [ 0, 1627, 190, 121 ]
4635 / 10000: [ 0, 2, 0, 0, 0 ], [ 0, 1628, 190, 121 ]
4636 / 10000: [ 0, 2, 0, 0, 0 ], [ 0, 1629, 190, 121 ]
4637 / 10000: [ 0, 2, 0, 0, 0 ], [ 0, 1630, 190, 121 ]
4638 / 10000: [ 0, 0, 1, 0, 0 ], [ 0, 1630, 190, 121 ]
4639 / 10000: [ 0, 2, 0, 0, 0 ], [ 0, 1631, 190, 121 ]
4640 / 10000: [ 0, 2, 0, 0, 0 ], [ 0, 1632, 190, 121 ]
4641 / 10000: [ 0, 0, 0, 0, 0 ], [ 0, 1632, 190, 121 ]
4642 / 10000: [ 0, 1, 0, 0, 0 ], [ 0, 1632, 190, 121 ]
4643 / 10000: [ 0, 1, 0, 0, 0 ], [ 0, 1632, 190, 121 ]
4644 / 10000: [ 0, 2, 0, 0, 0 ], [ 0, 1633, 190, 121 ]
4645 / 10000: [ 0, 2, 0, 0, 0 ], [ 0, 1634, 190, 121 ]
4646 / 10000: [ 0, 2, 0, 0, 0 ], [ 0, 1635, 190, 121 ]
4647 / 10000: [ 0, 1, 0, 0, 0 ], [ 0, 1635, 190, 121 ]
4648 / 10000: [ 0, 0, 0, 0, 0 ], [ 0, 1635, 190, 121 ]
4649 / 10000: [ 0, 1, 1, 0, 0 ], [ 0, 1635, 191, 121 ]
4650 / 10000: [ 0, 2, 0, 0, 0 ], [ 0, 1636, 191, 121 ]
4651 / 10000: [ 0, 1, 0, 0, 0 ], [ 0, 1636, 191, 121 ]
4652 / 10000: [ 0, 0, 1, 0, 0 ], [ 0, 1636, 191, 121 ]
4653 / 10000: [ 0, 1, 1, 0, 0 ], [ 0, 1636, 192, 121 ]
4654 / 10000: [ 0, 2, 0, 0, 0 ], [ 0, 1637, 192, 121 ]
4655 / 10000: [ 0, 1, 0, 0, 0 ], [ 0, 1637, 192, 121 ]
4656 / 10000: [ 0, 1, 0, 0, 0 ], [ 0, 1637, 192, 121 ]
4657 / 10000: [ 0, 1, 0, 0, 0 ], [ 0, 1637, 192, 121 ]
4658 / 10000: [ 0, 1, 0, 0, 0 ], [ 0, 1637, 192, 121 ]
4659 / 10000: [ 0, 2, 0, 0, 0 ], [ 0, 1638, 192, 121 ]
4660 / 10000: [ 0, 2, 0, 0, 0 ], [ 0, 1639, 192, 121 ]
4661 / 10000: [ 0, 2, 0, 0, 0 ], [ 0, 1640, 192, 121 ]
4662 / 10000: [ 0, 1, 0, 0, 0 ], [ 0, 1640, 192, 121 ]
4663 / 10000: [ 0, 1, 0, 0, 0 ], [ 0, 1640, 192, 121 ]
4664 / 10000: [ 0, 1, 0, 0, 0 ], [ 0, 1640, 192, 121 ]
4665 / 10000: [ 0, 1, 0, 0, 0 ], [ 0, 1640, 192, 121 ]
4666 / 10000: [ 0, 2, 0, 0, 0 ], [ 0, 1641, 192, 121 ]
4667 / 10000: [ 0, 2, 0, 0, 0 ], [ 0, 1642, 192, 121 ]
4668 / 10000: [ 0, 1, 0, 0, 0 ], [ 0, 1642, 192, 121 ]
4669 / 10000: [ 0, 0, 0, 0, 0 ], [ 0, 1642, 192, 121 ]
4670 / 10000: [ 0, 0, 0, 0, 0 ], [ 0, 1642, 192, 121 ]
4671 / 10000: [ 0, 1, 0, 0, 0 ], [ 0, 1642, 192, 121 ]
4672 / 10000: [ 0, 1, 0, 0, 0 ], [ 0, 1642, 192, 121 ]
4673 / 10000: [ 0, 2, 0, 0, 0 ], [ 0, 1643, 192, 121 ]
4674 / 10000: [ 0, 0, 0, 0, 0 ], [ 0, 1643, 192, 121 ]
4675 / 10000: [ 0, 1, 0, 0, 0 ], [ 0, 1643, 192, 121 ]
4676 / 10000: [ 0, 2, 0, 0, 0 ], [ 0, 1644, 192, 121 ]
4677 / 10000: [ 0, 2, 0, 0, 0 ], [ 0, 1645, 192, 121 ]
4678 / 10000: [ 0, 1, 0, 0, 0 ], [ 0, 1645, 192, 121 ]
4679 / 10000: [ 0, 0, 0, 0, 0 ], [ 0, 1645, 192, 121 ]
4680 / 10000: [ 0, 2, 0, 0, 0 ], [ 0, 1646, 192, 121 ]
4681 / 10000: [ 0, 1, 0, 0, 0 ], [ 0, 1646, 192, 121 ]
4682 / 10000: [ 0, 2, 0, 0, 0 ], [ 0, 1647, 192, 121 ]
4683 / 10000: [ 0, 1, 0, 0, 0 ], [ 0, 1647, 192, 121 ]
4684 / 10000: [ 0, 1, 0, 0, 0 ], [ 0, 1647, 192, 121 ]
4685 / 10000: [ 0, 1, 0, 0, 0 ], [ 0, 1647, 192, 121 ]
4686 / 10000: [ 0, 1, 0, 0, 0 ], [ 0, 1647, 192, 121 ]
4687 / 10000: [ 0, 2, 0, 0, 0 ], [ 0, 1648, 192, 121 ]
4688 / 10000: [ 0, 2, 0, 0, 0 ], [ 0, 1649, 192, 121 ]
4689 / 10000: [ 0, 1, 1, 0, 0 ], [ 0, 1649, 193, 121 ]
4690 / 10000: [ 0, 2, 0, 0, 0 ], [ 0, 1650, 193, 121 ]
4691 / 10000: [ 0, 2, 0, 0, 0 ], [ 0, 1651, 193, 121 ]
4692 / 10000: [ 0, 1, 0, 0, 0 ], [ 0, 1651, 193, 121 ]
4693 / 10000: [ 0, 2, 0, 0, 0 ], [ 0, 1652, 193, 121 ]
4694 / 10000: [ 0, 1, 0, 0, 0 ], [ 0, 1652, 193, 121 ]
4695 / 10000: [ 0, 2, 0, 0, 0 ], [ 0, 1653, 193, 121 ]
4696 / 10000: [ 0, 1, 0, 0, 0 ], [ 0, 1653, 193, 121 ]
4697 / 10000: [ 0, 0, 0, 0, 0 ], [ 0, 1653, 193, 121 ]
4698 / 10000: [ 0, 2, 0, 0, 0 ], [ 0, 1654, 193, 121 ]
4699 / 10000: [ 0, 1, 0, 0, 0 ], [ 0, 1654, 193, 121 ]
4700 / 10000: [ 0, 2, 0, 0, 0 ], [ 0, 1655, 193, 121 ]
4701 / 10000: [ 0, 0, 0, 0, 0 ], [ 0, 1655, 193, 121 ]
4702 / 10000: [ 0, 2, 0, 0, 0 ], [ 0, 1656, 193, 121 ]
4703 / 10000: [ 0, 1, 0, 0, 0 ], [ 0, 1656, 193, 121 ]
4704 / 10000: [ 0, 1, 0, 0, 0 ], [ 0, 1656, 193, 121 ]
4705 / 10000: [ 0, 1, 0, 0, 0 ], [ 0, 1656, 193, 121 ]
4706 / 10000: [ 0, 0, 0, 0, 0 ], [ 0, 1656, 193, 121 ]
4707 / 10000: [ 0, 1, 1, 0, 0 ], [ 0, 1656, 194, 121 ]
4708 / 10000: [ 0, 1, 1, 0, 0 ], [ 0, 1656, 195, 121 ]
4709 / 10000: [ 0, 0, 0, 0, 0 ], [ 0, 1656, 195, 121 ]
4710 / 10000: [ 0, 1, 1, 0, 0 ], [ 0, 1656, 196, 121 ]
4711 / 10000: [ 0, 0, 0, 0, 0 ], [ 0, 1656, 196, 121 ]
4712 / 10000: [ 0, 1, 1, 0, 0 ], [ 0, 1656, 197, 121 ]
4713 / 10000: [ 0, 0, 0, 0, 0 ], [ 0, 1656, 197, 121 ]
4714 / 10000: [ 0, 0, 0, 0, 0 ], [ 0, 1656, 197, 121 ]
4715 / 10000: [ 0, 2, 0, 0, 0 ], [ 0, 1657, 197, 121 ]
4716 / 10000: [ 0, 0, 0, 0, 0 ], [ 0, 1657, 197, 121 ]
4717 / 10000: [ 0, 1, 0, 0, 0 ], [ 0, 1657, 197, 121 ]
4718 / 10000: [ 0, 0, 0, 0, 0 ], [ 0, 1657, 197, 121 ]
4719 / 10000: [ 0, 0, 0, 0, 0 ], [ 0, 1657, 197, 121 ]
4720 / 10000: [ 0, 0, 0, 0, 0 ], [ 0, 1657, 197, 121 ]
4721 / 10000: [ 0, 0, 0, 0, 0 ], [ 0, 1657, 197, 121 ]
4722 / 10000: [ 0, 0, 0, 0, 0 ], [ 0, 1657, 197, 121 ]
4723 / 10000: [ 0, 0, 0, 0, 0 ], [ 0, 1657, 197, 121 ]
4724 / 10000: [ 0, 0, 0, 0, 0 ], [ 0, 1657, 197, 121 ]
4725 / 10000: [ 0, 2, 0, 0, 0 ], [ 0, 1658, 197, 121 ]
4726 / 10000: [ 0, 1, 0, 1, 0 ], [ 0, 1658, 197, 122 ]
4727 / 10000: [ 0, 0, 0, 0, 0 ], [ 0, 1658, 197, 122 ]
4728 / 10000: [ 0, 1, 1, 0, 0 ], [ 0, 1658, 198, 122 ]
4729 / 10000: [ 0, 1, 0, 0, 0 ], [ 0, 1658, 198, 122 ]
4730 / 10000: [ 0, 2, 0, 0, 0 ], [ 0, 1659, 198, 122 ]
4731 / 10000: [ 0, 2, 0, 0, 0 ], [ 0, 1660, 198, 122 ]
4732 / 10000: [ 0, 1, 0, 0, 0 ], [ 0, 1660, 198, 122 ]
4733 / 10000: [ 0, 2, 0, 0, 0 ], [ 0, 1661, 198, 122 ]
4734 / 10000: [ 0, 1, 0, 0, 0 ], [ 0, 1661, 198, 122 ]
4735 / 10000: [ 0, 0, 0, 0, 0 ], [ 0, 1661, 198, 122 ]
4736 / 10000: [ 0, 0, 0, 0, 0 ], [ 0, 1661, 198, 122 ]
4737 / 10000: [ 0, 1, 0, 0, 0 ], [ 0, 1661, 198, 122 ]
4738 / 10000: [ 0, 0, 0, 0, 0 ], [ 0, 1661, 198, 122 ]
4739 / 10000: [ 0, 1, 0, 0, 0 ], [ 0, 1661, 198, 122 ]
4740 / 10000: [ 0, 1, 0, 0, 0 ], [ 0, 1661, 198, 122 ]
4741 / 10000: [ 0, 1, 1, 0, 0 ], [ 0, 1661, 199, 122 ]
4742 / 10000: [ 0, 1, 0, 0, 0 ], [ 0, 1661, 199, 122 ]
4743 / 10000: [ 0, 0, 0, 0, 0 ], [ 0, 1661, 199, 122 ]
4744 / 10000: [ 0, 0, 0, 0, 0 ], [ 0, 1661, 199, 122 ]
4745 / 10000: [ 0, 0, 0, 0, 0 ], [ 0, 1661, 199, 122 ]
4746 / 10000: [ 0, 1, 0, 0, 0 ], [ 0, 1661, 199, 122 ]
4747 / 10000: [ 0, 2, 0, 0, 0 ], [ 0, 1662, 199, 122 ]
4748 / 10000: [ 0, 1, 0, 0, 0 ], [ 0, 1662, 199, 122 ]
4749 / 10000: [ 0, 0, 1, 0, 0 ], [ 0, 1662, 199, 122 ]
4750 / 10000: [ 0, 0, 0, 0, 0 ], [ 0, 1662, 199, 122 ]
4751 / 10000: [ 0, 0, 2, 0, 0 ], [ 0, 1662, 200, 122 ]
4752 / 10000: [ 0, 0, 0, 0, 0 ], [ 0, 1662, 200, 122 ]
4753 / 10000: [ 0, 1, 0, 0, 0 ], [ 0, 1662, 200, 122 ]
4754 / 10000: [ 0, 2, 0, 0, 0 ], [ 0, 1663, 200, 122 ]
4755 / 10000: [ 0, 0, 1, 0, 0 ], [ 0, 1663, 200, 122 ]
4756 / 10000: [ 0, 0, 1, 0, 0 ], [ 0, 1663, 200, 122 ]
4757 / 10000: [ 0, 0, 0, 0, 0 ], [ 0, 1663, 200, 122 ]
4758 / 10000: [ 0, 1, 0, 0, 0 ], [ 0, 1663, 200, 122 ]
4759 / 10000: [ 0, 1, 0, 0, 0 ], [ 0, 1663, 200, 122 ]
4760 / 10000: [ 0, 0, 0, 1, 0 ], [ 0, 1663, 200, 122 ]
4761 / 10000: [ 0, 2, 0, 0, 0 ], [ 0, 1664, 200, 122 ]
4762 / 10000: [ 0, 2, 0, 0, 0 ], [ 0, 1665, 200, 122 ]
4763 / 10000: [ 0, 1, 0, 0, 0 ], [ 0, 1665, 200, 122 ]
4764 / 10000: [ 0, 2, 0, 0, 0 ], [ 0, 1666, 200, 122 ]
4765 / 10000: [ 0, 0, 1, 0, 0 ], [ 0, 1666, 200, 122 ]
4766 / 10000: [ 0, 1, 0, 0, 0 ], [ 0, 1666, 200, 122 ]
4767 / 10000: [ 0, 0, 0, 0, 0 ], [ 0, 1666, 200, 122 ]
4768 / 10000: [ 0, 1, 0, 0, 0 ], [ 0, 1666, 200, 122 ]
4769 / 10000: [ 0, 1, 1, 0, 0 ], [ 0, 1666, 201, 122 ]
4770 / 10000: [ 0, 1, 0, 0, 0 ], [ 0, 1666, 201, 122 ]
4771 / 10000: [ 0, 0, 0, 0, 0 ], [ 0, 1666, 201, 122 ]
4772 / 10000: [ 0, 0, 0, 0, 0 ], [ 0, 1666, 201, 122 ]
4773 / 10000: [ 0, 1, 0, 0, 0 ], [ 0, 1666, 201, 122 ]
4774 / 10000: [ 0, 0, 0, 0, 0 ], [ 0, 1666, 201, 122 ]
4775 / 10000: [ 0, 1, 0, 0, 0 ], [ 0, 1666, 201, 122 ]
4776 / 10000: [ 0, 0, 0, 0, 0 ], [ 0, 1666, 201, 122 ]
4777 / 10000: [ 0, 0, 0, 0, 0 ], [ 0, 1666, 201, 122 ]
4778 / 10000: [ 0, 2, 0, 0, 0 ], [ 0, 1667, 201, 122 ]
4779 / 10000: [ 0, 0, 0, 0, 0 ], [ 0, 1667, 201, 122 ]
4780 / 10000: [ 0, 1, 0, 0, 0 ], [ 0, 1667, 201, 122 ]
4781 / 10000: [ 0, 2, 0, 0, 0 ], [ 0, 1668, 201, 122 ]
4782 / 10000: [ 0, 0, 0, 0, 0 ], [ 0, 1668, 201, 122 ]
4783 / 10000: [ 0, 0, 0, 0, 0 ], [ 0, 1668, 201, 122 ]
4784 / 10000: [ 0, 1, 0, 0, 0 ], [ 0, 1668, 201, 122 ]
4785 / 10000: [ 0, 0, 0, 0, 0 ], [ 0, 1668, 201, 122 ]
4786 / 10000: [ 0, 1, 0, 0, 0 ], [ 0, 1668, 201, 122 ]
4787 / 10000: [ 0, 1, 0, 0, 0 ], [ 0, 1668, 201, 122 ]
4788 / 10000: [ 0, 0, 0, 0, 0 ], [ 0, 1668, 201, 122 ]
4789 / 10000: [ 0, 2, 0, 0, 0 ], [ 0, 1669, 201, 122 ]
4790 / 10000: [ 0, 1, 0, 0, 0 ], [ 0, 1669, 201, 122 ]
4791 / 10000: [ 0, 1, 1, 0, 0 ], [ 0, 1669, 202, 122 ]
4792 / 10000: [ 0, 0, 0, 0, 0 ], [ 0, 1669, 202, 122 ]
4793 / 10000: [ 0, 0, 0, 0, 0 ], [ 0, 1669, 202, 122 ]
4794 / 10000: [ 0, 2, 0, 0, 0 ], [ 0, 1670, 202, 122 ]
4795 / 10000: [ 0, 2, 0, 0, 0 ], [ 0, 1671, 202, 122 ]
4796 / 10000: [ 0, 0, 0, 0, 0 ], [ 0, 1671, 202, 122 ]
4797 / 10000: [ 0, 0, 0, 1, 0 ], [ 0, 1671, 202, 122 ]
4798 / 10000: [ 0, 0, 0, 0, 0 ], [ 0, 1671, 202, 122 ]
4799 / 10000: [ 0, 2, 0, 0, 0 ], [ 0, 1672, 202, 122 ]
4800 / 10000: [ 0, 0, 0, 0, 0 ], [ 0, 1672, 202, 122 ]
4801 / 10000: [ 0, 0, 0, 0, 0 ], [ 0, 1672, 202, 122 ]
4802 / 10000: [ 0, 2, 0, 0, 0 ], [ 0, 1673, 202, 122 ]
4803 / 10000: [ 0, 2, 0, 0, 0 ], [ 0, 1674, 202, 122 ]
4804 / 10000: [ 0, 2, 0, 0, 0 ], [ 0, 1675, 202, 122 ]
4805 / 10000: [ 0, 1, 0, 0, 0 ], [ 0, 1675, 202, 122 ]
4806 / 10000: [ 0, 1, 0, 0, 0 ], [ 0, 1675, 202, 122 ]
4807 / 10000: [ 0, 2, 0, 0, 0 ], [ 0, 1676, 202, 122 ]
4808 / 10000: [ 0, 2, 0, 0, 0 ], [ 0, 1677, 202, 122 ]
4809 / 10000: [ 0, 2, 0, 0, 0 ], [ 0, 1678, 202, 122 ]
4810 / 10000: [ 0, 2, 0, 0, 0 ], [ 0, 1679, 202, 122 ]
4811 / 10000: [ 0, 1, 0, 0, 0 ], [ 0, 1679, 202, 122 ]
4812 / 10000: [ 0, 1, 1, 0, 0 ], [ 0, 1679, 203, 122 ]
4813 / 10000: [ 0, 2, 0, 0, 0 ], [ 0, 1680, 203, 122 ]
4814 / 10000: [ 0, 0, 0, 0, 0 ], [ 0, 1680, 203, 122 ]
4815 / 10000: [ 0, 1, 0, 0, 0 ], [ 0, 1680, 203, 122 ]
4816 / 10000: [ 0, 2, 0, 0, 0 ], [ 0, 1681, 203, 122 ]
4817 / 10000: [ 0, 2, 0, 0, 0 ], [ 0, 1682, 203, 122 ]
4818 / 10000: [ 0, 1, 0, 0, 0 ], [ 0, 1682, 203, 122 ]
4819 / 10000: [ 0, 2, 0, 0, 0 ], [ 0, 1683, 203, 122 ]
4820 / 10000: [ 0, 2, 0, 0, 0 ], [ 0, 1684, 203, 122 ]
4821 / 10000: [ 0, 2, 0, 0, 0 ], [ 0, 1685, 203, 122 ]
4822 / 10000: [ 0, 0, 0, 0, 0 ], [ 0, 1685, 203, 122 ]
4823 / 10000: [ 0, 1, 0, 0, 0 ], [ 0, 1685, 203, 122 ]
4824 / 10000: [ 0, 1, 0, 0, 0 ], [ 0, 1685, 203, 122 ]
4825 / 10000: [ 0, 2, 0, 0, 0 ], [ 0, 1686, 203, 122 ]
4826 / 10000: [ 0, 1, 1, 0, 0 ], [ 0, 1686, 204, 122 ]
4827 / 10000: [ 0, 0, 0, 0, 0 ], [ 0, 1686, 204, 122 ]
4828 / 10000: [ 0, 1, 0, 0, 0 ], [ 0, 1686, 204, 122 ]
4829 / 10000: [ 0, 2, 0, 0, 0 ], [ 0, 1687, 204, 122 ]
4830 / 10000: [ 0, 2, 0, 0, 0 ], [ 0, 1688, 204, 122 ]
4831 / 10000: [ 0, 0, 0, 0, 0 ], [ 0, 1688, 204, 122 ]
4832 / 10000: [ 0, 2, 0, 0, 0 ], [ 0, 1689, 204, 122 ]
4833 / 10000: [ 0, 0, 0, 0, 0 ], [ 0, 1689, 204, 122 ]
4834 / 10000: [ 0, 1, 0, 0, 0 ], [ 0, 1689, 204, 122 ]
4835 / 10000: [ 0, 2, 0, 0, 0 ], [ 0, 1690, 204, 122 ]
4836 / 10000: [ 0, 2, 0, 0, 0 ], [ 0, 1691, 204, 122 ]
4837 / 10000: [ 0, 1, 0, 0, 0 ], [ 0, 1691, 204, 122 ]
4838 / 10000: [ 0, 1, 0, 0, 0 ], [ 0, 1691, 204, 122 ]
4839 / 10000: [ 0, 1, 0, 0, 0 ], [ 0, 1691, 204, 122 ]
4840 / 10000: [ 0, 2, 0, 0, 0 ], [ 0, 1692, 204, 122 ]
4841 / 10000: [ 0, 2, 0, 0, 0 ], [ 0, 1693, 204, 122 ]
4842 / 10000: [ 0, 0, 0, 0, 0 ], [ 0, 1693, 204, 122 ]
4843 / 10000: [ 0, 0, 0, 0, 0 ], [ 0, 1693, 204, 122 ]
4844 / 10000: [ 0, 2, 0, 0, 0 ], [ 0, 1694, 204, 122 ]
4845 / 10000: [ 0, 0, 0, 0, 0 ], [ 0, 1694, 204, 122 ]
4846 / 10000: [ 0, 1, 0, 0, 0 ], [ 0, 1694, 204, 122 ]
4847 / 10000: [ 0, 1, 0, 0, 0 ], [ 0, 1694, 204, 122 ]
4848 / 10000: [ 0, 1, 0, 0, 0 ], [ 0, 1694, 204, 122 ]
4849 / 10000: [ 0, 0, 0, 0, 0 ], [ 0, 1694, 204, 122 ]
4850 / 10000: [ 0, 1, 1, 0, 0 ], [ 0, 1694, 205, 122 ]
4851 / 10000: [ 0, 1, 0, 0, 0 ], [ 0, 1694, 205, 122 ]
4852 / 10000: [ 0, 1, 0, 0, 0 ], [ 0, 1694, 205, 122 ]
4853 / 10000: [ 0, 2, 0, 0, 0 ], [ 0, 1695, 205, 122 ]
4854 / 10000: [ 0, 2, 0, 0, 0 ], [ 0, 1696, 205, 122 ]
4855 / 10000: [ 0, 2, 0, 0, 0 ], [ 0, 1697, 205, 122 ]
4856 / 10000: [ 0, 0, 0, 0, 0 ], [ 0, 1697, 205, 122 ]
4857 / 10000: [ 0, 2, 0, 0, 0 ], [ 0, 1698, 205, 122 ]
4858 / 10000: [ 0, 1, 0, 0, 0 ], [ 0, 1698, 205, 122 ]
4859 / 10000: [ 0, 2, 0, 0, 0 ], [ 0, 1699, 205, 122 ]
4860 / 10000: [ 0, 1, 0, 1, 0 ], [ 0, 1699, 205, 123 ]
4861 / 10000: [ 0, 2, 0, 0, 0 ], [ 0, 1700, 205, 123 ]
4862 / 10000: [ 0, 1, 0, 0, 0 ], [ 0, 1700, 205, 123 ]
4863 / 10000: [ 0, 1, 0, 0, 0 ], [ 0, 1700, 205, 123 ]
4864 / 10000: [ 0, 2, 0, 0, 0 ], [ 0, 1701, 205, 123 ]
4865 / 10000: [ 0, 2, 0, 0, 0 ], [ 0, 1702, 205, 123 ]
4866 / 10000: [ 0, 2, 0, 0, 0 ], [ 0, 1703, 205, 123 ]
4867 / 10000: [ 0, 0, 0, 0, 0 ], [ 0, 1703, 205, 123 ]
4868 / 10000: [ 0, 1, 0, 0, 0 ], [ 0, 1703, 205, 123 ]
4869 / 10000: [ 0, 1, 0, 0, 0 ], [ 0, 1703, 205, 123 ]
4870 / 10000: [ 0, 1, 0, 0, 0 ], [ 0, 1703, 205, 123 ]
4871 / 10000: [ 0, 0, 0, 0, 0 ], [ 0, 1703, 205, 123 ]
4872 / 10000: [ 0, 0, 0, 0, 0 ], [ 0, 1703, 205, 123 ]
4873 / 10000: [ 0, 0, 0, 0, 0 ], [ 0, 1703, 205, 123 ]
4874 / 10000: [ 0, 0, 1, 0, 0 ], [ 0, 1703, 205, 123 ]
4875 / 10000: [ 0, 1, 0, 0, 0 ], [ 0, 1703, 205, 123 ]
4876 / 10000: [ 0, 0, 0, 0, 0 ], [ 0, 1703, 205, 123 ]
4877 / 10000: [ 0, 0, 0, 0, 0 ], [ 0, 1703, 205, 123 ]
4878 / 10000: [ 0, 1, 0, 0, 0 ], [ 0, 1703, 205, 123 ]
4879 / 10000: [ 0, 0, 1, 0, 0 ], [ 0, 1703, 205, 123 ]
4880 / 10000: [ 0, 2, 0, 0, 0 ], [ 0, 1704, 205, 123 ]
4881 / 10000: [ 0, 1, 0, 0, 0 ], [ 0, 1704, 205, 123 ]
4882 / 10000: [ 0, 2, 0, 0, 0 ], [ 0, 1705, 205, 123 ]
4883 / 10000: [ 0, 1, 0, 0, 0 ], [ 0, 1705, 205, 123 ]
4884 / 10000: [ 0, 2, 0, 0, 0 ], [ 0, 1706, 205, 123 ]
4885 / 10000: [ 0, 0, 0, 1, 0 ], [ 0, 1706, 205, 123 ]
4886 / 10000: [ 0, 0, 0, 0, 0 ], [ 0, 1706, 205, 123 ]
4887 / 10000: [ 0, 2, 0, 0, 0 ], [ 0, 1707, 205, 123 ]
4888 / 10000: [ 0, 0, 0, 0, 0 ], [ 0, 1707, 205, 123 ]
4889 / 10000: [ 0, 2, 0, 0, 0 ], [ 0, 1708, 205, 123 ]
4890 / 10000: [ 0, 2, 0, 0, 0 ], [ 0, 1709, 205, 123 ]
4891 / 10000: [ 0, 1, 1, 0, 0 ], [ 0, 1709, 206, 123 ]
4892 / 10000: [ 0, 1, 0, 0, 0 ], [ 0, 1709, 206, 123 ]
4893 / 10000: [ 0, 2, 0, 0, 0 ], [ 0, 1710, 206, 123 ]
4894 / 10000: [ 0, 1, 0, 0, 0 ], [ 0, 1710, 206, 123 ]
4895 / 10000: [ 0, 1, 0, 0, 0 ], [ 0, 1710, 206, 123 ]
4896 / 10000: [ 0, 0, 0, 0, 0 ], [ 0, 1710, 206, 123 ]
4897 / 10000: [ 0, 0, 0, 0, 0 ], [ 0, 1710, 206, 123 ]
4898 / 10000: [ 0, 2, 0, 0, 0 ], [ 0, 1711, 206, 123 ]
4899 / 10000: [ 0, 1, 0, 0, 0 ], [ 0, 1711, 206, 123 ]
4900 / 10000: [ 0, 2, 0, 0, 0 ], [ 0, 1712, 206, 123 ]
4901 / 10000: [ 0, 2, 0, 0, 0 ], [ 0, 1713, 206, 123 ]
4902 / 10000: [ 0, 2, 0, 0, 0 ], [ 0, 1714, 206, 123 ]
4903 / 10000: [ 0, 0, 0, 0, 0 ], [ 0, 1714, 206, 123 ]
4904 / 10000: [ 0, 2, 0, 0, 0 ], [ 0, 1715, 206, 123 ]
4905 / 10000: [ 0, 1, 0, 0, 0 ], [ 0, 1715, 206, 123 ]
4906 / 10000: [ 0, 2, 0, 0, 0 ], [ 0, 1716, 206, 123 ]
4907 / 10000: [ 0, 2, 0, 0, 0 ], [ 0, 1717, 206, 123 ]
4908 / 10000: [ 0, 0, 0, 0, 0 ], [ 0, 1717, 206, 123 ]
4909 / 10000: [ 0, 1, 0, 0, 0 ], [ 0, 1717, 206, 123 ]
4910 / 10000: [ 0, 1, 0, 0, 0 ], [ 0, 1717, 206, 123 ]
4911 / 10000: [ 0, 1, 0, 0, 0 ], [ 0, 1717, 206, 123 ]
4912 / 10000: [ 0, 1, 0, 0, 0 ], [ 0, 1717, 206, 123 ]
4913 / 10000: [ 0, 0, 0, 0, 0 ], [ 0, 1717, 206, 123 ]
4914 / 10000: [ 0, 0, 0, 0, 0 ], [ 0, 1717, 206, 123 ]
4915 / 10000: [ 0, 1, 0, 0, 0 ], [ 0, 1717, 206, 123 ]
4916 / 10000: [ 0, 2, 0, 0, 0 ], [ 0, 1718, 206, 123 ]
4917 / 10000: [ 0, 1, 0, 0, 0 ], [ 0, 1718, 206, 123 ]
4918 / 10000: [ 0, 2, 0, 0, 0 ], [ 0, 1719, 206, 123 ]
4919 / 10000: [ 0, 2, 0, 0, 0 ], [ 0, 1720, 206, 123 ]
4920 / 10000: [ 0, 0, 0, 0, 0 ], [ 0, 1720, 206, 123 ]
4921 / 10000: [ 0, 1, 0, 0, 0 ], [ 0, 1720, 206, 123 ]
4922 / 10000: [ 0, 1, 0, 0, 0 ], [ 0, 1720, 206, 123 ]
4923 / 10000: [ 0, 0, 0, 0, 0 ], [ 0, 1720, 206, 123 ]
4924 / 10000: [ 0, 2, 0, 0, 0 ], [ 0, 1721, 206, 123 ]
4925 / 10000: [ 0, 2, 0, 0, 0 ], [ 0, 1722, 206, 123 ]
4926 / 10000: [ 0, 1, 0, 1, 0 ], [ 0, 1722, 206, 124 ]
4927 / 10000: [ 0, 0, 0, 0, 0 ], [ 0, 1722, 206, 124 ]
4928 / 10000: [ 0, 2, 0, 0, 0 ], [ 0, 1723, 206, 124 ]
4929 / 10000: [ 0, 1, 0, 0, 0 ], [ 0, 1723, 206, 124 ]
4930 / 10000: [ 0, 2, 0, 0, 0 ], [ 0, 1724, 206, 124 ]
4931 / 10000: [ 0, 2, 0, 0, 0 ], [ 0, 1725, 206, 124 ]
4932 / 10000: [ 0, 2, 0, 0, 0 ], [ 0, 1726, 206, 124 ]
4933 / 10000: [ 0, 2, 0, 0, 0 ], [ 0, 1727, 206, 124 ]
4934 / 10000: [ 0, 2, 0, 0, 0 ], [ 0, 1728, 206, 124 ]
4935 / 10000: [ 0, 0, 0, 0, 0 ], [ 0, 1728, 206, 124 ]
4936 / 10000: [ 0, 1, 0, 0, 0 ], [ 0, 1728, 206, 124 ]
4937 / 10000: [ 0, 1, 0, 0, 0 ], [ 0, 1728, 206, 124 ]
4938 / 10000: [ 0, 1, 0, 0, 0 ], [ 0, 1728, 206, 124 ]
4939 / 10000: [ 0, 0, 0, 0, 0 ], [ 0, 1728, 206, 124 ]
4940 / 10000: [ 0, 0, 0, 0, 0 ], [ 0, 1728, 206, 124 ]
4941 / 10000: [ 0, 2, 0, 0, 0 ], [ 0, 1729, 206, 124 ]
4942 / 10000: [ 0, 2, 0, 0, 0 ], [ 0, 1730, 206, 124 ]
4943 / 10000: [ 0, 0, 0, 0, 0 ], [ 0, 1730, 206, 124 ]
4944 / 10000: [ 0, 0, 0, 0, 0 ], [ 0, 1730, 206, 124 ]
4945 / 10000: [ 0, 2, 0, 0, 0 ], [ 0, 1731, 206, 124 ]
4946 / 10000: [ 0, 1, 0, 0, 0 ], [ 0, 1731, 206, 124 ]
4947 / 10000: [ 0, 1, 0, 0, 0 ], [ 0, 1731, 206, 124 ]
4948 / 10000: [ 0, 1, 0, 0, 0 ], [ 0, 1731, 206, 124 ]
4949 / 10000: [ 0, 1, 0, 0, 0 ], [ 0, 1731, 206, 124 ]
4950 / 10000: [ 0, 0, 0, 0, 0 ], [ 0, 1731, 206, 124 ]
4951 / 10000: [ 0, 1, 0, 0, 0 ], [ 0, 1731, 206, 124 ]
4952 / 10000: [ 0, 2, 0, 0, 0 ], [ 0, 1732, 206, 124 ]
4953 / 10000: [ 0, 1, 1, 0, 0 ], [ 0, 1732, 207, 124 ]
4954 / 10000: [ 0, 2, 0, 0, 0 ], [ 0, 1733, 207, 124 ]
4955 / 10000: [ 0, 0, 0, 0, 0 ], [ 0, 1733, 207, 124 ]
4956 / 10000: [ 0, 1, 1, 0, 0 ], [ 0, 1733, 208, 124 ]
4957 / 10000: [ 0, 1, 0, 0, 0 ], [ 0, 1733, 208, 124 ]
4958 / 10000: [ 0, 2, 0, 0, 0 ], [ 0, 1734, 208, 124 ]
4959 / 10000: [ 0, 1, 0, 0, 0 ], [ 0, 1734, 208, 124 ]
4960 / 10000: [ 0, 1, 0, 1, 0 ], [ 0, 1734, 208, 125 ]
4961 / 10000: [ 0, 2, 0, 0, 0 ], [ 0, 1735, 208, 125 ]
4962 / 10000: [ 0, 1, 0, 0, 0 ], [ 0, 1735, 208, 125 ]
4963 / 10000: [ 0, 0, 0, 0, 0 ], [ 0, 1735, 208, 125 ]
4964 / 10000: [ 0, 2, 0, 0, 0 ], [ 0, 1736, 208, 125 ]
4965 / 10000: [ 0, 0, 0, 0, 0 ], [ 0, 1736, 208, 125 ]
4966 / 10000: [ 0, 1, 1, 0, 0 ], [ 0, 1736, 209, 125 ]
4967 / 10000: [ 0, 1, 0, 0, 0 ], [ 0, 1736, 209, 125 ]
4968 / 10000: [ 0, 1, 0, 0, 0 ], [ 0, 1736, 209, 125 ]
4969 / 10000: [ 0, 1, 0, 0, 0 ], [ 0, 1736, 209, 125 ]
4970 / 10000: [ 0, 0, 0, 0, 0 ], [ 0, 1736, 209, 125 ]
4971 / 10000: [ 0, 2, 0, 0, 0 ], [ 0, 1737, 209, 125 ]
4972 / 10000: [ 0, 2, 0, 0, 0 ], [ 0, 1738, 209, 125 ]
4973 / 10000: [ 0, 2, 0, 0, 0 ], [ 0, 1739, 209, 125 ]
4974 / 10000: [ 0, 0, 0, 0, 0 ], [ 0, 1739, 209, 125 ]
4975 / 10000: [ 0, 0, 0, 0, 0 ], [ 0, 1739, 209, 125 ]
4976 / 10000: [ 0, 1, 0, 0, 0 ], [ 0, 1739, 209, 125 ]
4977 / 10000: [ 0, 2, 0, 0, 0 ], [ 0, 1740, 209, 125 ]
4978 / 10000: [ 0, 1, 0, 0, 0 ], [ 0, 1740, 209, 125 ]
4979 / 10000: [ 0, 0, 1, 0, 0 ], [ 0, 1740, 209, 125 ]
4980 / 10000: [ 0, 1, 0, 0, 0 ], [ 0, 1740, 209, 125 ]
4981 / 10000: [ 0, 0, 0, 0, 0 ], [ 0, 1740, 209, 125 ]
4982 / 10000: [ 0, 0, 0, 0, 0 ], [ 0, 1740, 209, 125 ]
4983 / 10000: [ 0, 0, 0, 0, 0 ], [ 0, 1740, 209, 125 ]
4984 / 10000: [ 0, 1, 0, 0, 0 ], [ 0, 1740, 209, 125 ]
4985 / 10000: [ 0, 1, 0, 0, 0 ], [ 0, 1740, 209, 125 ]
4986 / 10000: [ 0, 1, 0, 0, 0 ], [ 0, 1740, 209, 125 ]
4987 / 10000: [ 0, 0, 0, 0, 0 ], [ 0, 1740, 209, 125 ]
4988 / 10000: [ 0, 1, 1, 0, 0 ], [ 0, 1740, 210, 125 ]
4989 / 10000: [ 0, 1, 0, 0, 0 ], [ 0, 1740, 210, 125 ]
4990 / 10000: [ 0, 1, 0, 0, 0 ], [ 0, 1740, 210, 125 ]
4991 / 10000: [ 0, 2, 0, 0, 0 ], [ 0, 1741, 210, 125 ]
4992 / 10000: [ 0, 2, 0, 0, 0 ], [ 0, 1742, 210, 125 ]
4993 / 10000: [ 0, 2, 0, 0, 0 ], [ 0, 1743, 210, 125 ]
4994 / 10000: [ 0, 2, 0, 0, 0 ], [ 0, 1744, 210, 125 ]
4995 / 10000: [ 0, 2, 0, 0, 0 ], [ 0, 1745, 210, 125 ]
4996 / 10000: [ 0, 1, 1, 0, 0 ], [ 0, 1745, 211, 125 ]
4997 / 10000: [ 0, 0, 0, 0, 0 ], [ 0, 1745, 211, 125 ]
4998 / 10000: [ 0, 0, 2, 0, 0 ], [ 0, 1745, 212, 125 ]
4999 / 10000: [ 0, 1, 0, 0, 0 ], [ 0, 1745, 212, 125 ]
5000 / 10000: [ 0, 2, 0, 0, 0 ], [ 0, 1746, 212, 125 ]
5001 / 10000: [ 0, 2, 0, 0, 0 ], [ 0, 1747, 212, 125 ]
5002 / 10000: [ 0, 1, 0, 0, 0 ], [ 0, 1747, 212, 125 ]
5003 / 10000: [ 0, 2, 0, 0, 0 ], [ 0, 1748, 212, 125 ]
5004 / 10000: [ 0, 2, 0, 0, 0 ], [ 0, 1749, 212, 125 ]
5005 / 10000: [ 0, 2, 0, 0, 0 ], [ 0, 1750, 212, 125 ]
5006 / 10000: [ 0, 2, 0, 0, 0 ], [ 0, 1751, 212, 125 ]
5007 / 10000: [ 0, 2, 0, 0, 0 ], [ 0, 1752, 212, 125 ]
5008 / 10000: [ 0, 2, 0, 0, 0 ], [ 0, 1753, 212, 125 ]
5009 / 10000: [ 0, 1, 0, 0, 0 ], [ 0, 1753, 212, 125 ]
5010 / 10000: [ 0, 2, 0, 0, 0 ], [ 0, 1754, 212, 125 ]
5011 / 10000: [ 0, 2, 0, 0, 0 ], [ 0, 1755, 212, 125 ]
5012 / 10000: [ 0, 2, 0, 0, 0 ], [ 0, 1756, 212, 125 ]
5013 / 10000: [ 0, 1, 0, 0, 0 ], [ 0, 1756, 212, 125 ]
5014 / 10000: [ 0, 1, 0, 0, 0 ], [ 0, 1756, 212, 125 ]
5015 / 10000: [ 0, 2, 0, 0, 0 ], [ 0, 1757, 212, 125 ]
5016 / 10000: [ 0, 2, 0, 0, 0 ], [ 0, 1758, 212, 125 ]
5017 / 10000: [ 0, 2, 0, 0, 0 ], [ 0, 1759, 212, 125 ]
5018 / 10000: [ 0, 1, 0, 0, 0 ], [ 0, 1759, 212, 125 ]
5019 / 10000: [ 0, 2, 0, 0, 0 ], [ 0, 1760, 212, 125 ]
5020 / 10000: [ 0, 0, 0, 0, 0 ], [ 0, 1760, 212, 125 ]
5021 / 10000: [ 0, 1, 0, 0, 0 ], [ 0, 1760, 212, 125 ]
5022 / 10000: [ 0, 0, 1, 0, 0 ], [ 0, 1760, 212, 125 ]
5023 / 10000: [ 0, 1, 0, 0, 0 ], [ 0, 1760, 212, 125 ]
5024 / 10000: [ 0, 2, 0, 0, 0 ], [ 0, 1761, 212, 125 ]
5025 / 10000: [ 0, 1, 0, 0, 0 ], [ 0, 1761, 212, 125 ]
5026 / 10000: [ 0, 0, 1, 0, 0 ], [ 0, 1761, 212, 125 ]
5027 / 10000: [ 0, 2, 0, 0, 0 ], [ 0, 1762, 212, 125 ]
5028 / 10000: [ 0, 2, 0, 0, 0 ], [ 0, 1763, 212, 125 ]
5029 / 10000: [ 0, 2, 0, 0, 0 ], [ 0, 1764, 212, 125 ]
5030 / 10000: [ 0, 1, 0, 0, 0 ], [ 0, 1764, 212, 125 ]
5031 / 10000: [ 0, 1, 0, 0, 0 ], [ 0, 1764, 212, 125 ]
5032 / 10000: [ 0, 2, 0, 0, 0 ], [ 0, 1765, 212, 125 ]
5033 / 10000: [ 0, 0, 0, 0, 0 ], [ 0, 1765, 212, 125 ]
5034 / 10000: [ 0, 2, 0, 0, 0 ], [ 0, 1766, 212, 125 ]
5035 / 10000: [ 0, 2, 0, 0, 0 ], [ 0, 1767, 212, 125 ]
5036 / 10000: [ 0, 2, 0, 0, 0 ], [ 0, 1768, 212, 125 ]
5037 / 10000: [ 0, 2, 0, 0, 0 ], [ 0, 1769, 212, 125 ]
5038 / 10000: [ 0, 0, 1, 0, 0 ], [ 0, 1769, 212, 125 ]
5039 / 10000: [ 0, 0, 0, 0, 0 ], [ 0, 1769, 212, 125 ]
5040 / 10000: [ 0, 2, 0, 0, 0 ], [ 0, 1770, 212, 125 ]
5041 / 10000: [ 0, 1, 1, 0, 0 ], [ 0, 1770, 213, 125 ]
5042 / 10000: [ 0, 0, 0, 0, 0 ], [ 0, 1770, 213, 125 ]
5043 / 10000: [ 0, 0, 0, 0, 0 ], [ 0, 1770, 213, 125 ]
5044 / 10000: [ 0, 2, 0, 0, 0 ], [ 0, 1771, 213, 125 ]
5045 / 10000: [ 0, 0, 0, 0, 0 ], [ 0, 1771, 213, 125 ]
5046 / 10000: [ 0, 0, 1, 0, 0 ], [ 0, 1771, 213, 125 ]
5047 / 10000: [ 0, 1, 0, 0, 0 ], [ 0, 1771, 213, 125 ]
5048 / 10000: [ 0, 0, 0, 0, 0 ], [ 0, 1771, 213, 125 ]
5049 / 10000: [ 0, 2, 0, 0, 0 ], [ 0, 1772, 213, 125 ]
5050 / 10000: [ 0, 2, 0, 0, 0 ], [ 0, 1773, 213, 125 ]
5051 / 10000: [ 0, 2, 0, 0, 0 ], [ 0, 1774, 213, 125 ]
5052 / 10000: [ 0, 1, 1, 0, 0 ], [ 0, 1774, 214, 125 ]
5053 / 10000: [ 0, 0, 0, 0, 0 ], [ 0, 1774, 214, 125 ]
5054 / 10000: [ 0, 2, 0, 0, 0 ], [ 0, 1775, 214, 125 ]
5055 / 10000: [ 0, 2, 0, 0, 0 ], [ 0, 1776, 214, 125 ]
5056 / 10000: [ 0, 2, 0, 0, 0 ], [ 0, 1777, 214, 125 ]
5057 / 10000: [ 0, 0, 0, 0, 0 ], [ 0, 1777, 214, 125 ]
5058 / 10000: [ 0, 2, 0, 0, 0 ], [ 0, 1778, 214, 125 ]
5059 / 10000: [ 0, 2, 0, 0, 0 ], [ 0, 1779, 214, 125 ]
5060 / 10000: [ 0, 2, 0, 0, 0 ], [ 0, 1780, 214, 125 ]
5061 / 10000: [ 0, 1, 0, 0, 0 ], [ 0, 1780, 214, 125 ]
5062 / 10000: [ 0, 2, 0, 0, 0 ], [ 0, 1781, 214, 125 ]
5063 / 10000: [ 0, 0, 0, 0, 0 ], [ 0, 1781, 214, 125 ]
5064 / 10000: [ 0, 1, 0, 0, 0 ], [ 0, 1781, 214, 125 ]
5065 / 10000: [ 0, 2, 0, 0, 0 ], [ 0, 1782, 214, 125 ]
5066 / 10000: [ 0, 2, 0, 0, 0 ], [ 0, 1783, 214, 125 ]
5067 / 10000: [ 0, 0, 0, 0, 0 ], [ 0, 1783, 214, 125 ]
5068 / 10000: [ 0, 2, 0, 0, 0 ], [ 0, 1784, 214, 125 ]
5069 / 10000: [ 0, 2, 0, 0, 0 ], [ 0, 1785, 214, 125 ]
5070 / 10000: [ 0, 2, 0, 0, 0 ], [ 0, 1786, 214, 125 ]
5071 / 10000: [ 0, 0, 1, 0, 0 ], [ 0, 1786, 214, 125 ]
5072 / 10000: [ 0, 0, 0, 0, 0 ], [ 0, 1786, 214, 125 ]
5073 / 10000: [ 0, 2, 0, 0, 0 ], [ 0, 1787, 214, 125 ]
5074 / 10000: [ 0, 1, 0, 0, 0 ], [ 0, 1787, 214, 125 ]
5075 / 10000: [ 0, 1, 0, 0, 0 ], [ 0, 1787, 214, 125 ]
5076 / 10000: [ 0, 1, 0, 0, 0 ], [ 0, 1787, 214, 125 ]
5077 / 10000: [ 0, 1, 0, 0, 0 ], [ 0, 1787, 214, 125 ]
5078 / 10000: [ 0, 1, 0, 0, 0 ], [ 0, 1787, 214, 125 ]
5079 / 10000: [ 0, 2, 0, 0, 0 ], [ 0, 1788, 214, 125 ]
5080 / 10000: [ 0, 2, 0, 0, 0 ], [ 0, 1789, 214, 125 ]
5081 / 10000: [ 0, 2, 0, 0, 0 ], [ 0, 1790, 214, 125 ]
5082 / 10000: [ 0, 2, 0, 0, 0 ], [ 0, 1791, 214, 125 ]
5083 / 10000: [ 0, 0, 0, 0, 0 ], [ 0, 1791, 214, 125 ]
5084 / 10000: [ 0, 0, 0, 0, 0 ], [ 0, 1791, 214, 125 ]
5085 / 10000: [ 0, 1, 0, 0, 0 ], [ 0, 1791, 214, 125 ]
5086 / 10000: [ 0, 2, 0, 0, 0 ], [ 0, 1792, 214, 125 ]
5087 / 10000: [ 0, 2, 0, 0, 0 ], [ 0, 1793, 214, 125 ]
5088 / 10000: [ 0, 0, 0, 0, 0 ], [ 0, 1793, 214, 125 ]
5089 / 10000: [ 0, 2, 0, 0, 0 ], [ 0, 1794, 214, 125 ]
5090 / 10000: [ 0, 2, 0, 0, 0 ], [ 0, 1795, 214, 125 ]
5091 / 10000: [ 0, 1, 0, 0, 0 ], [ 0, 1795, 214, 125 ]
5092 / 10000: [ 0, 1, 0, 0, 0 ], [ 0, 1795, 214, 125 ]
5093 / 10000: [ 0, 2, 0, 0, 0 ], [ 0, 1796, 214, 125 ]
5094 / 10000: [ 0, 1, 0, 0, 0 ], [ 0, 1796, 214, 125 ]
5095 / 10000: [ 0, 2, 0, 0, 0 ], [ 0, 1797, 214, 125 ]
5096 / 10000: [ 0, 1, 0, 0, 0 ], [ 0, 1797, 214, 125 ]
5097 / 10000: [ 0, 1, 0, 1, 0 ], [ 0, 1797, 214, 126 ]
5098 / 10000: [ 0, 2, 0, 0, 0 ], [ 0, 1798, 214, 126 ]
5099 / 10000: [ 0, 1, 0, 0, 0 ], [ 0, 1798, 214, 126 ]
5100 / 10000: [ 0, 2, 0, 0, 0 ], [ 0, 1799, 214, 126 ]
5101 / 10000: [ 0, 2, 0, 0, 0 ], [ 0, 1800, 214, 126 ]
5102 / 10000: [ 0, 1, 0, 1, 0 ], [ 0, 1800, 214, 127 ]
5103 / 10000: [ 0, 0, 0, 2, 0 ], [ 0, 1800, 214, 128 ]
5104 / 10000: [ 0, 1, 1, 0, 0 ], [ 0, 1800, 215, 128 ]
5105 / 10000: [ 0, 1, 0, 0, 0 ], [ 0, 1800, 215, 128 ]
5106 / 10000: [ 0, 2, 0, 0, 0 ], [ 0, 1801, 215, 128 ]
5107 / 10000: [ 0, 2, 0, 0, 0 ], [ 0, 1802, 215, 128 ]
5108 / 10000: [ 0, 0, 0, 2, 0 ], [ 0, 1802, 215, 129 ]
5109 / 10000: [ 0, 0, 0, 2, 0 ], [ 0, 1802, 215, 130 ]
5110 / 10000: [ 0, 2, 0, 0, 0 ], [ 0, 1803, 215, 130 ]
5111 / 10000: [ 0, 1, 0, 0, 0 ], [ 0, 1803, 215, 130 ]
5112 / 10000: [ 0, 0, 0, 1, 0 ], [ 0, 1803, 215, 130 ]
5113 / 10000: [ 0, 0, 0, 2, 0 ], [ 0, 1803, 215, 131 ]
5114 / 10000: [ 0, 2, 0, 0, 0 ], [ 0, 1804, 215, 131 ]
5115 / 10000: [ 0, 2, 0, 0, 0 ], [ 0, 1805, 215, 131 ]
5116 / 10000: [ 0, 0, 0, 2, 0 ], [ 0, 1805, 215, 132 ]
5117 / 10000: [ 0, 0, 0, 2, 0 ], [ 0, 1805, 215, 133 ]
5118 / 10000: [ 0, 1, 0, 1, 0 ], [ 0, 1805, 215, 134 ]
5119 / 10000: [ 0, 0, 0, 2, 0 ], [ 0, 1805, 215, 135 ]
5120 / 10000: [ 0, 1, 0, 1, 0 ], [ 0, 1805, 215, 136 ]
5121 / 10000: [ 0, 0, 0, 2, 0 ], [ 0, 1805, 215, 137 ]
5122 / 10000: [ 0, 0, 0, 0, 0 ], [ 0, 1805, 215, 137 ]
5123 / 10000: [ 0, 0, 0, 2, 0 ], [ 0, 1805, 215, 138 ]
5124 / 10000: [ 0, 2, 0, 0, 0 ], [ 0, 1806, 215, 138 ]
5125 / 10000: [ 0, 1, 0, 1, 0 ], [ 0, 1806, 215, 139 ]
5126 / 10000: [ 0, 1, 0, 1, 0 ], [ 0, 1806, 215, 140 ]
5127 / 10000: [ 0, 0, 1, 0, 0 ], [ 0, 1806, 215, 140 ]
5128 / 10000: [ 0, 2, 0, 0, 0 ], [ 0, 1807, 215, 140 ]
5129 / 10000: [ 0, 0, 1, 1, 0 ], [ 0, 1807, 215, 141 ]
5130 / 10000: [ 0, 1, 0, 1, 0 ], [ 0, 1807, 215, 142 ]
5131 / 10000: [ 0, 2, 0, 0, 0 ], [ 0, 1808, 215, 142 ]
5132 / 10000: [ 0, 1, 0, 1, 0 ], [ 0, 1808, 215, 143 ]
5133 / 10000: [ 0, 2, 0, 0, 0 ], [ 0, 1809, 215, 143 ]
5134 / 10000: [ 0, 1, 0, 0, 0 ], [ 0, 1809, 215, 143 ]
5135 / 10000: [ 0, 0, 0, 2, 0 ], [ 0, 1809, 215, 144 ]
5136 / 10000: [ 0, 2, 0, 0, 0 ], [ 0, 1810, 215, 144 ]
5137 / 10000: [ 0, 1, 0, 1, 0 ], [ 0, 1810, 215, 145 ]
5138 / 10000: [ 0, 0, 0, 2, 0 ], [ 0, 1810, 215, 146 ]
5139 / 10000: [ 0, 0, 0, 0, 0 ], [ 0, 1810, 215, 146 ]
5140 / 10000: [ 0, 0, 0, 2, 0 ], [ 0, 1810, 215, 147 ]
5141 / 10000: [ 0, 1, 0, 1, 0 ], [ 0, 1810, 215, 148 ]
5142 / 10000: [ 0, 0, 0, 0, 0 ], [ 0, 1810, 215, 148 ]
5143 / 10000: [ 0, 0, 0, 1, 0 ], [ 0, 1810, 215, 148 ]
5144 / 10000: [ 0, 0, 0, 2, 0 ], [ 0, 1810, 215, 149 ]
5145 / 10000: [ 0, 0, 0, 0, 0 ], [ 0, 1810, 215, 149 ]
5146 / 10000: [ 0, 2, 0, 0, 0 ], [ 0, 1811, 215, 149 ]
5147 / 10000: [ 0, 1, 0, 1, 0 ], [ 0, 1811, 215, 150 ]
5148 / 10000: [ 0, 0, 0, 1, 0 ], [ 0, 1811, 215, 150 ]
5149 / 10000: [ 0, 1, 0, 0, 0 ], [ 0, 1811, 215, 150 ]
5150 / 10000: [ 0, 0, 0, 1, 1 ], [ 0, 1811, 215, 151 ]
5151 / 10000: [ 0, 1, 0, 1, 0 ], [ 0, 1811, 215, 152 ]
5152 / 10000: [ 0, 2, 0, 0, 0 ], [ 0, 1812, 215, 152 ]
5153 / 10000: [ 0, 0, 0, 2, 0 ], [ 0, 1812, 215, 153 ]
5154 / 10000: [ 0, 2, 0, 0, 0 ], [ 0, 1813, 215, 153 ]
5155 / 10000: [ 0, 1, 1, 0, 0 ], [ 0, 1813, 216, 153 ]
5156 / 10000: [ 0, 2, 0, 0, 0 ], [ 0, 1814, 216, 153 ]
5157 / 10000: [ 0, 1, 0, 1, 0 ], [ 0, 1814, 216, 154 ]
5158 / 10000: [ 0, 1, 0, 0, 0 ], [ 0, 1814, 216, 154 ]
5159 / 10000: [ 0, 2, 0, 0, 0 ], [ 0, 1815, 216, 154 ]
5160 / 10000: [ 0, 1, 0, 1, 0 ], [ 0, 1815, 216, 155 ]
5161 / 10000: [ 0, 0, 0, 1, 1 ], [ 0, 1815, 216, 156 ]
5162 / 10000: [ 0, 1, 0, 1, 0 ], [ 0, 1815, 216, 157 ]
5163 / 10000: [ 0, 0, 0, 0, 0 ], [ 0, 1815, 216, 157 ]
5164 / 10000: [ 0, 1, 0, 0, 0 ], [ 0, 1815, 216, 157 ]
5165 / 10000: [ 0, 1, 0, 1, 0 ], [ 0, 1815, 216, 158 ]
5166 / 10000: [ 0, 2, 0, 0, 0 ], [ 0, 1816, 216, 158 ]
5167 / 10000: [ 0, 0, 0, 1, 0 ], [ 0, 1816, 216, 158 ]
5168 / 10000: [ 0, 0, 0, 2, 0 ], [ 0, 1816, 216, 159 ]
5169 / 10000: [ 0, 0, 0, 0, 0 ], [ 0, 1816, 216, 159 ]
5170 / 10000: [ 0, 0, 0, 0, 0 ], [ 0, 1816, 216, 159 ]
5171 / 10000: [ 0, 0, 0, 0, 1 ], [ 0, 1816, 216, 159 ]
5172 / 10000: [ 0, 0, 2, 0, 0 ], [ 0, 1816, 217, 159 ]
5173 / 10000: [ 0, 1, 0, 0, 0 ], [ 0, 1816, 217, 159 ]
5174 / 10000: [ 0, 0, 0, 0, 0 ], [ 0, 1816, 217, 159 ]
5175 / 10000: [ 0, 0, 0, 1, 0 ], [ 0, 1816, 217, 159 ]
5176 / 10000: [ 0, 0, 0, 0, 0 ], [ 0, 1816, 217, 159 ]
5177 / 10000: [ 0, 0, 1, 0, 0 ], [ 0, 1816, 217, 159 ]
5178 / 10000: [ 0, 2, 0, 0, 0 ], [ 0, 1817, 217, 159 ]
5179 / 10000: [ 0, 0, 0, 0, 1 ], [ 0, 1817, 217, 159 ]
5180 / 10000: [ 0, 1, 0, 1, 0 ], [ 0, 1817, 217, 160 ]
5181 / 10000: [ 0, 2, 0, 0, 0 ], [ 0, 1818, 217, 160 ]
5182 / 10000: [ 0, 1, 0, 1, 0 ], [ 0, 1818, 217, 161 ]
5183 / 10000: [ 0, 0, 0, 2, 0 ], [ 0, 1818, 217, 162 ]
5184 / 10000: [ 0, 0, 0, 1, 0 ], [ 0, 1818, 217, 162 ]
5185 / 10000: [ 0, 2, 0, 0, 0 ], [ 0, 1819, 217, 162 ]
5186 / 10000: [ 0, 1, 0, 0, 0 ], [ 0, 1819, 217, 162 ]
5187 / 10000: [ 0, 0, 0, 1, 0 ], [ 0, 1819, 217, 162 ]
5188 / 10000: [ 0, 0, 0, 0, 2 ], [ 0, 1819, 217, 163 ]
5189 / 10000: [ 0, 2, 0, 0, 0 ], [ 0, 1820, 217, 163 ]
5190 / 10000: [ 0, 1, 0, 1, 0 ], [ 0, 1820, 217, 164 ]
5191 / 10000: [ 0, 2, 0, 0, 0 ], [ 0, 1821, 217, 164 ]
5192 / 10000: [ 0, 1, 0, 1, 0 ], [ 0, 1821, 217, 165 ]
5193 / 10000: [ 0, 1, 0, 1, 0 ], [ 0, 1821, 217, 166 ]
5194 / 10000: [ 0, 1, 0, 0, 0 ], [ 0, 1821, 217, 166 ]
5195 / 10000: [ 0, 2, 0, 0, 0 ], [ 0, 1822, 217, 166 ]
5196 / 10000: [ 0, 0, 0, 0, 1 ], [ 0, 1822, 217, 166 ]
5197 / 10000: [ 0, 0, 0, 0, 0 ], [ 0, 1822, 217, 166 ]
5198 / 10000: [ 0, 1, 0, 1, 0 ], [ 0, 1822, 217, 167 ]
5199 / 10000: [ 0, 1, 0, 1, 0 ], [ 0, 1822, 217, 168 ]
5200 / 10000: [ 0, 1, 0, 1, 0 ], [ 0, 1822, 217, 169 ]
5201 / 10000: [ 0, 0, 1, 1, 0 ], [ 0, 1822, 217, 170 ]
5202 / 10000: [ 0, 2, 0, 0, 0 ], [ 0, 1823, 217, 170 ]
5203 / 10000: [ 0, 2, 0, 0, 0 ], [ 0, 1824, 217, 170 ]
5204 / 10000: [ 0, 2, 0, 0, 0 ], [ 0, 1825, 217, 170 ]
5205 / 10000: [ 0, 0, 0, 1, 0 ], [ 0, 1825, 217, 170 ]
5206 / 10000: [ 0, 2, 0, 0, 0 ], [ 0, 1826, 217, 170 ]
5207 / 10000: [ 0, 2, 0, 0, 0 ], [ 0, 1827, 217, 170 ]
5208 / 10000: [ 0, 2, 0, 0, 0 ], [ 0, 1828, 217, 170 ]
5209 / 10000: [ 0, 2, 0, 0, 0 ], [ 0, 1829, 217, 170 ]
5210 / 10000: [ 0, 2, 0, 0, 0 ], [ 0, 1830, 217, 170 ]
5211 / 10000: [ 0, 1, 0, 0, 0 ], [ 0, 1830, 217, 170 ]
5212 / 10000: [ 0, 1, 0, 0, 0 ], [ 0, 1830, 217, 170 ]
5213 / 10000: [ 0, 2, 0, 0, 0 ], [ 0, 1831, 217, 170 ]
5214 / 10000: [ 0, 2, 0, 0, 0 ], [ 0, 1832, 217, 170 ]
5215 / 10000: [ 0, 2, 0, 0, 0 ], [ 0, 1833, 217, 170 ]
5216 / 10000: [ 0, 2, 0, 0, 0 ], [ 0, 1834, 217, 170 ]
5217 / 10000: [ 0, 2, 0, 0, 0 ], [ 0, 1835, 217, 170 ]
5218 / 10000: [ 0, 1, 0, 1, 0 ], [ 0, 1835, 217, 171 ]
5219 / 10000: [ 0, 2, 0, 0, 0 ], [ 0, 1836, 217, 171 ]
5220 / 10000: [ 0, 2, 0, 0, 0 ], [ 0, 1837, 217, 171 ]
5221 / 10000: [ 0, 2, 0, 0, 0 ], [ 0, 1838, 217, 171 ]
5222 / 10000: [ 0, 0, 0, 0, 0 ], [ 0, 1838, 217, 171 ]
5223 / 10000: [ 0, 2, 0, 0, 0 ], [ 0, 1839, 217, 171 ]
5224 / 10000: [ 0, 1, 0, 1, 0 ], [ 0, 1839, 217, 172 ]
5225 / 10000: [ 0, 1, 0, 1, 0 ], [ 0, 1839, 217, 173 ]
5226 / 10000: [ 0, 2, 0, 0, 0 ], [ 0, 1840, 217, 173 ]
5227 / 10000: [ 0, 0, 0, 0, 1 ], [ 0, 1840, 217, 173 ]
5228 / 10000: [ 0, 2, 0, 0, 0 ], [ 0, 1841, 217, 173 ]
5229 / 10000: [ 0, 2, 0, 0, 0 ], [ 0, 1842, 217, 173 ]
5230 / 10000: [ 0, 1, 1, 0, 0 ], [ 0, 1842, 218, 173 ]
5231 / 10000: [ 0, 1, 1, 0, 0 ], [ 0, 1842, 219, 173 ]
5232 / 10000: [ 0, 1, 0, 1, 0 ], [ 0, 1842, 219, 174 ]
5233 / 10000: [ 0, 1, 0, 1, 0 ], [ 0, 1842, 219, 175 ]
5234 / 10000: [ 0, 0, 0, 1, 0 ], [ 0, 1842, 219, 175 ]
5235 / 10000: [ 0, 2, 0, 0, 0 ], [ 0, 1843, 219, 175 ]
5236 / 10000: [ 0, 2, 0, 0, 0 ], [ 0, 1844, 219, 175 ]
5237 / 10000: [ 0, 1, 0, 1, 0 ], [ 0, 1844, 219, 176 ]
5238 / 10000: [ 0, 2, 0, 0, 0 ], [ 0, 1845, 219, 176 ]
5239 / 10000: [ 0, 0, 0, 0, 0 ], [ 0, 1845, 219, 176 ]
5240 / 10000: [ 0, 2, 0, 0, 0 ], [ 0, 1846, 219, 176 ]
5241 / 10000: [ 0, 2, 0, 0, 0 ], [ 0, 1847, 219, 176 ]
5242 / 10000: [ 0, 0, 0, 0, 0 ], [ 0, 1847, 219, 176 ]
5243 / 10000: [ 0, 1, 0, 0, 0 ], [ 0, 1847, 219, 176 ]
5244 / 10000: [ 0, 2, 0, 0, 0 ], [ 0, 1848, 219, 176 ]
5245 / 10000: [ 0, 0, 0, 0, 0 ], [ 0, 1848, 219, 176 ]
5246 / 10000: [ 0, 2, 0, 0, 0 ], [ 0, 1849, 219, 176 ]
5247 / 10000: [ 0, 1, 0, 1, 0 ], [ 0, 1849, 219, 177 ]
5248 / 10000: [ 0, 1, 0, 0, 0 ], [ 0, 1849, 219, 177 ]
5249 / 10000: [ 0, 0, 0, 1, 0 ], [ 0, 1849, 219, 177 ]
5250 / 10000: [ 0, 1, 1, 0, 0 ], [ 0, 1849, 220, 177 ]
5251 / 10000: [ 0, 2, 0, 0, 0 ], [ 0, 1850, 220, 177 ]
5252 / 10000: [ 0, 2, 0, 0, 0 ], [ 0, 1851, 220, 177 ]
5253 / 10000: [ 0, 2, 0, 0, 0 ], [ 0, 1852, 220, 177 ]
5254 / 10000: [ 0, 2, 0, 0, 0 ], [ 0, 1853, 220, 177 ]
5255 / 10000: [ 0, 2, 0, 0, 0 ], [ 0, 1854, 220, 177 ]
5256 / 10000: [ 0, 2, 0, 0, 0 ], [ 0, 1855, 220, 177 ]
5257 / 10000: [ 0, 2, 0, 0, 0 ], [ 0, 1856, 220, 177 ]
5258 / 10000: [ 0, 0, 0, 1, 0 ], [ 0, 1856, 220, 177 ]
5259 / 10000: [ 0, 2, 0, 0, 0 ], [ 0, 1857, 220, 177 ]
5260 / 10000: [ 0, 1, 0, 1, 0 ], [ 0, 1857, 220, 178 ]
5261 / 10000: [ 0, 1, 1, 0, 0 ], [ 0, 1857, 221, 178 ]
5262 / 10000: [ 0, 2, 0, 0, 0 ], [ 0, 1858, 221, 178 ]
5263 / 10000: [ 0, 0, 0, 0, 0 ], [ 0, 1858, 221, 178 ]
5264 / 10000: [ 0, 0, 0, 1, 0 ], [ 0, 1858, 221, 178 ]
5265 / 10000: [ 0, 2, 0, 0, 0 ], [ 0, 1859, 221, 178 ]
5266 / 10000: [ 0, 2, 0, 0, 0 ], [ 0, 1860, 221, 178 ]
5267 / 10000: [ 0, 1, 0, 0, 0 ], [ 0, 1860, 221, 178 ]
5268 / 10000: [ 0, 2, 0, 0, 0 ], [ 0, 1861, 221, 178 ]
5269 / 10000: [ 0, 0, 0, 0, 0 ], [ 0, 1861, 221, 178 ]
5270 / 10000: [ 0, 0, 0, 0, 0 ], [ 0, 1861, 221, 178 ]
5271 / 10000: [ 0, 0, 1, 0, 0 ], [ 0, 1861, 221, 178 ]
5272 / 10000: [ 0, 0, 1, 0, 1 ], [ 0, 1861, 221, 179 ]
5273 / 10000: [ 0, 0, 0, 1, 0 ], [ 0, 1861, 221, 179 ]
5274 / 10000: [ 0, 0, 0, 0, 0 ], [ 0, 1861, 221, 179 ]
5275 / 10000: [ 0, 1, 0, 0, 0 ], [ 0, 1861, 221, 179 ]
5276 / 10000: [ 0, 0, 0, 0, 0 ], [ 0, 1861, 221, 179 ]
5277 / 10000: [ 0, 0, 0, 0, 1 ], [ 0, 1861, 221, 179 ]
5278 / 10000: [ 0, 2, 0, 0, 0 ], [ 0, 1862, 221, 179 ]
5279 / 10000: [ 0, 0, 1, 0, 0 ], [ 0, 1862, 221, 179 ]
5280 / 10000: [ 0, 1, 0, 1, 0 ], [ 0, 1862, 221, 180 ]
5281 / 10000: [ 0, 2, 0, 0, 0 ], [ 0, 1863, 221, 180 ]
5282 / 10000: [ 0, 2, 0, 0, 0 ], [ 0, 1864, 221, 180 ]
5283 / 10000: [ 0, 2, 0, 0, 0 ], [ 0, 1865, 221, 180 ]
5284 / 10000: [ 0, 1, 0, 0, 0 ], [ 0, 1865, 221, 180 ]
5285 / 10000: [ 0, 0, 0, 2, 0 ], [ 0, 1865, 221, 181 ]
5286 / 10000: [ 0, 0, 0, 1, 0 ], [ 0, 1865, 221, 181 ]
5287 / 10000: [ 0, 1, 0, 0, 0 ], [ 0, 1865, 221, 181 ]
5288 / 10000: [ 0, 0, 2, 0, 0 ], [ 0, 1865, 222, 181 ]
5289 / 10000: [ 0, 2, 0, 0, 0 ], [ 0, 1866, 222, 181 ]
5290 / 10000: [ 0, 2, 0, 0, 0 ], [ 0, 1867, 222, 181 ]
5291 / 10000: [ 0, 2, 0, 0, 0 ], [ 0, 1868, 222, 181 ]
5292 / 10000: [ 0, 1, 0, 1, 0 ], [ 0, 1868, 222, 182 ]
5293 / 10000: [ 0, 2, 0, 0, 0 ], [ 0, 1869, 222, 182 ]
5294 / 10000: [ 0, 0, 0, 1, 0 ], [ 0, 1869, 222, 182 ]
5295 / 10000: [ 0, 1, 0, 1, 0 ], [ 0, 1869, 222, 183 ]
5296 / 10000: [ 0, 0, 1, 0, 0 ], [ 0, 1869, 222, 183 ]
5297 / 10000: [ 0, 0, 0, 0, 0 ], [ 0, 1869, 222, 183 ]
5298 / 10000: [ 0, 2, 0, 0, 0 ], [ 0, 1870, 222, 183 ]
5299 / 10000: [ 0, 1, 0, 1, 0 ], [ 0, 1870, 222, 184 ]
5300 / 10000: [ 0, 2, 0, 0, 0 ], [ 0, 1871, 222, 184 ]
5301 / 10000: [ 0, 0, 0, 0, 0 ], [ 0, 1871, 222, 184 ]
5302 / 10000: [ 0, 2, 0, 0, 0 ], [ 0, 1872, 222, 184 ]
5303 / 10000: [ 0, 2, 0, 0, 0 ], [ 0, 1873, 222, 184 ]
5304 / 10000: [ 0, 2, 0, 0, 0 ], [ 0, 1874, 222, 184 ]
5305 / 10000: [ 0, 0, 0, 0, 0 ], [ 0, 1874, 222, 184 ]
5306 / 10000: [ 0, 1, 0, 0, 0 ], [ 0, 1874, 222, 184 ]
5307 / 10000: [ 0, 2, 0, 0, 0 ], [ 0, 1875, 222, 184 ]
5308 / 10000: [ 0, 2, 0, 0, 0 ], [ 0, 1876, 222, 184 ]
5309 / 10000: [ 0, 0, 0, 0, 0 ], [ 0, 1876, 222, 184 ]
5310 / 10000: [ 0, 2, 0, 0, 0 ], [ 0, 1877, 222, 184 ]
5311 / 10000: [ 0, 2, 0, 0, 0 ], [ 0, 1878, 222, 184 ]
5312 / 10000: [ 0, 2, 0, 0, 0 ], [ 0, 1879, 222, 184 ]
5313 / 10000: [ 0, 0, 0, 0, 0 ], [ 0, 1879, 222, 184 ]
5314 / 10000: [ 0, 2, 0, 0, 0 ], [ 0, 1880, 222, 184 ]
5315 / 10000: [ 0, 2, 0, 0, 0 ], [ 0, 1881, 222, 184 ]
5316 / 10000: [ 0, 2, 0, 0, 0 ], [ 0, 1882, 222, 184 ]
5317 / 10000: [ 0, 2, 0, 0, 0 ], [ 0, 1883, 222, 184 ]
5318 / 10000: [ 0, 0, 0, 0, 0 ], [ 0, 1883, 222, 184 ]
5319 / 10000: [ 0, 2, 0, 0, 0 ], [ 0, 1884, 222, 184 ]
5320 / 10000: [ 0, 1, 0, 0, 0 ], [ 0, 1884, 222, 184 ]
5321 / 10000: [ 0, 1, 0, 0, 0 ], [ 0, 1884, 222, 184 ]
5322 / 10000: [ 0, 0, 0, 0, 0 ], [ 0, 1884, 222, 184 ]
5323 / 10000: [ 0, 0, 1, 0, 0 ], [ 0, 1884, 222, 184 ]
5324 / 10000: [ 0, 0, 0, 0, 0 ], [ 0, 1884, 222, 184 ]
5325 / 10000: [ 0, 2, 0, 0, 0 ], [ 0, 1885, 222, 184 ]
5326 / 10000: [ 0, 2, 0, 0, 0 ], [ 0, 1886, 222, 184 ]
5327 / 10000: [ 0, 0, 0, 0, 0 ], [ 0, 1886, 222, 184 ]
5328 / 10000: [ 0, 2, 0, 0, 0 ], [ 0, 1887, 222, 184 ]
5329 / 10000: [ 0, 2, 0, 0, 0 ], [ 0, 1888, 222, 184 ]
5330 / 10000: [ 0, 1, 0, 0, 0 ], [ 0, 1888, 222, 184 ]
5331 / 10000: [ 0, 2, 0, 0, 0 ], [ 0, 1889, 222, 184 ]
5332 / 10000: [ 0, 2, 0, 0, 0 ], [ 0, 1890, 222, 184 ]
5333 / 10000: [ 0, 2, 0, 0, 0 ], [ 0, 1891, 222, 184 ]
5334 / 10000: [ 0, 0, 0, 0, 0 ], [ 0, 1891, 222, 184 ]
5335 / 10000: [ 0, 2, 0, 0, 0 ], [ 0, 1892, 222, 184 ]
5336 / 10000: [ 0, 2, 0, 0, 0 ], [ 0, 1893, 222, 184 ]
5337 / 10000: [ 0, 1, 0, 0, 0 ], [ 0, 1893, 222, 184 ]
5338 / 10000: [ 0, 0, 0, 0, 0 ], [ 0, 1893, 222, 184 ]
5339 / 10000: [ 0, 0, 0, 0, 0 ], [ 0, 1893, 222, 184 ]
5340 / 10000: [ 0, 2, 0, 0, 0 ], [ 0, 1894, 222, 184 ]
5341 / 10000: [ 0, 2, 0, 0, 0 ], [ 0, 1895, 222, 184 ]
5342 / 10000: [ 0, 1, 0, 0, 0 ], [ 0, 1895, 222, 184 ]
5343 / 10000: [ 0, 0, 0, 0, 0 ], [ 0, 1895, 222, 184 ]
5344 / 10000: [ 0, 2, 0, 0, 0 ], [ 0, 1896, 222, 184 ]
5345 / 10000: [ 0, 0, 0, 0, 0 ], [ 0, 1896, 222, 184 ]
5346 / 10000: [ 0, 2, 0, 0, 0 ], [ 0, 1897, 222, 184 ]
5347 / 10000: [ 0, 2, 0, 0, 0 ], [ 0, 1898, 222, 184 ]
5348 / 10000: [ 0, 2, 0, 0, 0 ], [ 0, 1899, 222, 184 ]
5349 / 10000: [ 0, 0, 0, 0, 0 ], [ 0, 1899, 222, 184 ]
5350 / 10000: [ 0, 2, 0, 0, 0 ], [ 0, 1900, 222, 184 ]
5351 / 10000: [ 0, 2, 0, 0, 0 ], [ 0, 1901, 222, 184 ]
5352 / 10000: [ 0, 2, 0, 0, 0 ], [ 0, 1902, 222, 184 ]
5353 / 10000: [ 0, 1, 0, 0, 0 ], [ 0, 1902, 222, 184 ]
5354 / 10000: [ 0, 2, 0, 0, 0 ], [ 0, 1903, 222, 184 ]
5355 / 10000: [ 0, 2, 0, 0, 0 ], [ 0, 1904, 222, 184 ]
5356 / 10000: [ 0, 2, 0, 0, 0 ], [ 0, 1905, 222, 184 ]
5357 / 10000: [ 0, 2, 0, 0, 0 ], [ 0, 1906, 222, 184 ]
5358 / 10000: [ 0, 0, 0, 0, 0 ], [ 0, 1906, 222, 184 ]
5359 / 10000: [ 0, 2, 0, 0, 0 ], [ 0, 1907, 222, 184 ]
5360 / 10000: [ 0, 1, 0, 1, 0 ], [ 0, 1907, 222, 185 ]
5361 / 10000: [ 0, 2, 0, 0, 0 ], [ 0, 1908, 222, 185 ]
5362 / 10000: [ 0, 2, 0, 0, 0 ], [ 0, 1909, 222, 185 ]
5363 / 10000: [ 0, 0, 0, 0, 0 ], [ 0, 1909, 222, 185 ]
5364 / 10000: [ 0, 1, 0, 0, 0 ], [ 0, 1909, 222, 185 ]
5365 / 10000: [ 0, 2, 0, 0, 0 ], [ 0, 1910, 222, 185 ]
5366 / 10000: [ 0, 2, 0, 0, 0 ], [ 0, 1911, 222, 185 ]
5367 / 10000: [ 0, 0, 0, 0, 0 ], [ 0, 1911, 222, 185 ]
5368 / 10000: [ 0, 2, 0, 0, 0 ], [ 0, 1912, 222, 185 ]
5369 / 10000: [ 0, 0, 0, 0, 0 ], [ 0, 1912, 222, 185 ]
5370 / 10000: [ 0, 0, 0, 0, 0 ], [ 0, 1912, 222, 185 ]
5371 / 10000: [ 0, 1, 1, 0, 0 ], [ 0, 1912, 223, 185 ]
5372 / 10000: [ 0, 1, 1, 0, 0 ], [ 0, 1912, 224, 185 ]
5373 / 10000: [ 0, 1, 0, 0, 0 ], [ 0, 1912, 224, 185 ]
5374 / 10000: [ 0, 0, 0, 0, 0 ], [ 0, 1912, 224, 185 ]
5375 / 10000: [ 0, 1, 0, 0, 0 ], [ 0, 1912, 224, 185 ]
5376 / 10000: [ 0, 1, 0, 0, 0 ], [ 0, 1912, 224, 185 ]
5377 / 10000: [ 0, 1, 0, 0, 0 ], [ 0, 1912, 224, 185 ]
5378 / 10000: [ 0, 2, 0, 0, 0 ], [ 0, 1913, 224, 185 ]
5379 / 10000: [ 0, 1, 0, 0, 0 ], [ 0, 1913, 224, 185 ]
5380 / 10000: [ 0, 2, 0, 0, 0 ], [ 0, 1914, 224, 185 ]
5381 / 10000: [ 0, 2, 0, 0, 0 ], [ 0, 1915, 224, 185 ]
5382 / 10000: [ 0, 2, 0, 0, 0 ], [ 0, 1916, 224, 185 ]
5383 / 10000: [ 0, 0, 0, 0, 0 ], [ 0, 1916, 224, 185 ]
5384 / 10000: [ 0, 0, 0, 0, 0 ], [ 0, 1916, 224, 185 ]
5385 / 10000: [ 0, 0, 0, 0, 0 ], [ 0, 1916, 224, 185 ]
5386 / 10000: [ 0, 0, 0, 0, 0 ], [ 0, 1916, 224, 185 ]
5387 / 10000: [ 0, 2, 0, 0, 0 ], [ 0, 1917, 224, 185 ]
5388 / 10000: [ 0, 1, 1, 0, 0 ], [ 0, 1917, 225, 185 ]
5389 / 10000: [ 0, 2, 0, 0, 0 ], [ 0, 1918, 225, 185 ]
5390 / 10000: [ 0, 2, 0, 0, 0 ], [ 0, 1919, 225, 185 ]
5391 / 10000: [ 0, 2, 0, 0, 0 ], [ 0, 1920, 225, 185 ]
5392 / 10000: [ 0, 0, 0, 0, 0 ], [ 0, 1920, 225, 185 ]
5393 / 10000: [ 0, 2, 0, 0, 0 ], [ 0, 1921, 225, 185 ]
5394 / 10000: [ 0, 1, 0, 0, 0 ], [ 0, 1921, 225, 185 ]
5395 / 10000: [ 0, 1, 0, 0, 0 ], [ 0, 1921, 225, 185 ]
5396 / 10000: [ 0, 0, 0, 0, 0 ], [ 0, 1921, 225, 185 ]
5397 / 10000: [ 0, 0, 0, 0, 0 ], [ 0, 1921, 225, 185 ]
5398 / 10000: [ 0, 2, 0, 0, 0 ], [ 0, 1922, 225, 185 ]
5399 / 10000: [ 0, 2, 0, 0, 0 ], [ 0, 1923, 225, 185 ]
5400 / 10000: [ 0, 2, 0, 0, 0 ], [ 0, 1924, 225, 185 ]
5401 / 10000: [ 0, 0, 0, 1, 0 ], [ 0, 1924, 225, 185 ]
5402 / 10000: [ 0, 0, 0, 0, 0 ], [ 0, 1924, 225, 185 ]
5403 / 10000: [ 0, 2, 0, 0, 0 ], [ 0, 1925, 225, 185 ]
5404 / 10000: [ 0, 1, 0, 0, 0 ], [ 0, 1925, 225, 185 ]
5405 / 10000: [ 0, 0, 0, 1, 0 ], [ 0, 1925, 225, 185 ]
5406 / 10000: [ 0, 0, 0, 0, 0 ], [ 0, 1925, 225, 185 ]
5407 / 10000: [ 0, 2, 0, 0, 0 ], [ 0, 1926, 225, 185 ]
5408 / 10000: [ 0, 2, 0, 0, 0 ], [ 0, 1927, 225, 185 ]
5409 / 10000: [ 0, 0, 0, 1, 0 ], [ 0, 1927, 225, 185 ]
5410 / 10000: [ 0, 0, 0, 0, 0 ], [ 0, 1927, 225, 185 ]
5411 / 10000: [ 0, 1, 0, 0, 0 ], [ 0, 1927, 225, 185 ]
5412 / 10000: [ 0, 1, 0, 1, 0 ], [ 0, 1927, 225, 186 ]
5413 / 10000: [ 0, 0, 0, 2, 0 ], [ 0, 1927, 225, 187 ]
5414 / 10000: [ 0, 1, 0, 1, 0 ], [ 0, 1927, 225, 188 ]
5415 / 10000: [ 0, 0, 1, 1, 0 ], [ 0, 1927, 225, 189 ]
5416 / 10000: [ 0, 1, 0, 0, 0 ], [ 0, 1927, 225, 189 ]
5417 / 10000: [ 0, 0, 0, 1, 1 ], [ 0, 1927, 225, 190 ]
5418 / 10000: [ 0, 0, 0, 0, 0 ], [ 0, 1927, 225, 190 ]
5419 / 10000: [ 0, 0, 0, 0, 0 ], [ 0, 1927, 225, 190 ]
5420 / 10000: [ 0, 1, 0, 1, 0 ], [ 0, 1927, 225, 191 ]
5421 / 10000: [ 0, 0, 0, 0, 0 ], [ 0, 1927, 225, 191 ]
5422 / 10000: [ 0, 2, 0, 0, 0 ], [ 0, 1928, 225, 191 ]
5423 / 10000: [ 0, 0, 0, 1, 0 ], [ 0, 1928, 225, 191 ]
5424 / 10000: [ 0, 1, 0, 0, 0 ], [ 0, 1928, 225, 191 ]
5425 / 10000: [ 0, 0, 0, 0, 1 ], [ 0, 1928, 225, 191 ]
5426 / 10000: [ 0, 0, 0, 0, 1 ], [ 0, 1928, 225, 191 ]
5427 / 10000: [ 0, 0, 0, 1, 1 ], [ 0, 1928, 225, 192 ]
5428 / 10000: [ 0, 2, 0, 0, 0 ], [ 0, 1929, 225, 192 ]
5429 / 10000: [ 0, 1, 0, 0, 0 ], [ 0, 1929, 225, 192 ]
5430 / 10000: [ 0, 0, 0, 0, 0 ], [ 0, 1929, 225, 192 ]
5431 / 10000: [ 0, 0, 0, 0, 0 ], [ 0, 1929, 225, 192 ]
5432 / 10000: [ 0, 0, 0, 0, 0 ], [ 0, 1929, 225, 192 ]
5433 / 10000: [ 0, 0, 0, 1, 0 ], [ 0, 1929, 225, 192 ]
5434 / 10000: [ 0, 0, 0, 2, 0 ], [ 0, 1929, 225, 193 ]
5435 / 10000: [ 0, 0, 0, 2, 0 ], [ 0, 1929, 225, 194 ]
5436 / 10000: [ 0, 1, 0, 0, 0 ], [ 0, 1929, 225, 194 ]
5437 / 10000: [ 0, 1, 0, 1, 0 ], [ 0, 1929, 225, 195 ]
5438 / 10000: [ 0, 0, 0, 0, 0 ], [ 0, 1929, 225, 195 ]
5439 / 10000: [ 0, 1, 0, 1, 0 ], [ 0, 1929, 225, 196 ]
5440 / 10000: [ 0, 1, 0, 1, 0 ], [ 0, 1929, 225, 197 ]
5441 / 10000: [ 0, 2, 0, 0, 0 ], [ 0, 1930, 225, 197 ]
5442 / 10000: [ 0, 0, 0, 0, 0 ], [ 0, 1930, 225, 197 ]
5443 / 10000: [ 0, 0, 0, 0, 0 ], [ 0, 1930, 225, 197 ]
5444 / 10000: [ 0, 0, 0, 1, 0 ], [ 0, 1930, 225, 197 ]
5445 / 10000: [ 0, 0, 0, 0, 0 ], [ 0, 1930, 225, 197 ]
5446 / 10000: [ 0, 1, 0, 1, 0 ], [ 0, 1930, 225, 198 ]
5447 / 10000: [ 0, 0, 0, 0, 0 ], [ 0, 1930, 225, 198 ]
5448 / 10000: [ 0, 0, 0, 1, 0 ], [ 0, 1930, 225, 198 ]
5449 / 10000: [ 0, 0, 0, 1, 0 ], [ 0, 1930, 225, 198 ]
5450 / 10000: [ 0, 1, 0, 1, 0 ], [ 0, 1930, 225, 199 ]
5451 / 10000: [ 0, 1, 0, 1, 0 ], [ 0, 1930, 225, 200 ]
5452 / 10000: [ 0, 1, 0, 0, 0 ], [ 0, 1930, 225, 200 ]
5453 / 10000: [ 0, 0, 0, 1, 0 ], [ 0, 1930, 225, 200 ]
5454 / 10000: [ 0, 0, 0, 2, 0 ], [ 0, 1930, 225, 201 ]
5455 / 10000: [ 0, 0, 0, 1, 0 ], [ 0, 1930, 225, 201 ]
5456 / 10000: [ 0, 0, 0, 1, 0 ], [ 0, 1930, 225, 201 ]
5457 / 10000: [ 0, 1, 0, 1, 0 ], [ 0, 1930, 225, 202 ]
5458 / 10000: [ 0, 1, 0, 0, 0 ], [ 0, 1930, 225, 202 ]
5459 / 10000: [ 0, 1, 0, 0, 0 ], [ 0, 1930, 225, 202 ]
5460 / 10000: [ 0, 0, 0, 1, 0 ], [ 0, 1930, 225, 202 ]
5461 / 10000: [ 0, 0, 0, 0, 0 ], [ 0, 1930, 225, 202 ]
5462 / 10000: [ 0, 0, 0, 1, 0 ], [ 0, 1930, 225, 202 ]
5463 / 10000: [ 0, 0, 0, 1, 0 ], [ 0, 1930, 225, 202 ]
5464 / 10000: [ 0, 1, 0, 0, 0 ], [ 0, 1930, 225, 202 ]
5465 / 10000: [ 0, 0, 0, 1, 0 ], [ 0, 1930, 225, 202 ]
5466 / 10000: [ 0, 1, 0, 0, 0 ], [ 0, 1930, 225, 202 ]
5467 / 10000: [ 0, 0, 0, 0, 0 ], [ 0, 1930, 225, 202 ]
5468 / 10000: [ 0, 1, 0, 1, 0 ], [ 0, 1930, 225, 203 ]
5469 / 10000: [ 0, 0, 0, 0, 0 ], [ 0, 1930, 225, 203 ]
5470 / 10000: [ 0, 0, 0, 2, 0 ], [ 0, 1930, 225, 204 ]
5471 / 10000: [ 0, 1, 0, 0, 0 ], [ 0, 1930, 225, 204 ]
5472 / 10000: [ 0, 0, 0, 0, 0 ], [ 0, 1930, 225, 204 ]
5473 / 10000: [ 0, 1, 0, 0, 0 ], [ 0, 1930, 225, 204 ]
5474 / 10000: [ 0, 0, 0, 1, 0 ], [ 0, 1930, 225, 204 ]
5475 / 10000: [ 0, 1, 0, 0, 0 ], [ 0, 1930, 225, 204 ]
5476 / 10000: [ 0, 1, 0, 0, 1 ], [ 0, 1930, 225, 205 ]
5477 / 10000: [ 0, 1, 0, 0, 0 ], [ 0, 1930, 225, 205 ]
5478 / 10000: [ 0, 0, 1, 0, 0 ], [ 0, 1930, 225, 205 ]
5479 / 10000: [ 0, 0, 0, 1, 0 ], [ 0, 1930, 225, 205 ]
5480 / 10000: [ 0, 1, 0, 0, 0 ], [ 0, 1930, 225, 205 ]
5481 / 10000: [ 0, 0, 0, 2, 0 ], [ 0, 1930, 225, 206 ]
5482 / 10000: [ 0, 0, 0, 0, 0 ], [ 0, 1930, 225, 206 ]
5483 / 10000: [ 0, 0, 0, 0, 0 ], [ 0, 1930, 225, 206 ]
5484 / 10000: [ 0, 0, 0, 1, 0 ], [ 0, 1930, 225, 206 ]
5485 / 10000: [ 0, 0, 0, 0, 0 ], [ 0, 1930, 225, 206 ]
5486 / 10000: [ 0, 0, 0, 1, 0 ], [ 0, 1930, 225, 206 ]
5487 / 10000: [ 0, 2, 0, 0, 0 ], [ 0, 1931, 225, 206 ]
5488 / 10000: [ 0, 0, 0, 0, 0 ], [ 0, 1931, 225, 206 ]
5489 / 10000: [ 0, 0, 0, 0, 0 ], [ 0, 1931, 225, 206 ]
5490 / 10000: [ 0, 0, 0, 1, 0 ], [ 0, 1931, 225, 206 ]
5491 / 10000: [ 0, 0, 0, 0, 0 ], [ 0, 1931, 225, 206 ]
5492 / 10000: [ 0, 0, 0, 0, 0 ], [ 0, 1931, 225, 206 ]
5493 / 10000: [ 0, 0, 0, 0, 0 ], [ 0, 1931, 225, 206 ]
5494 / 10000: [ 0, 0, 0, 1, 0 ], [ 0, 1931, 225, 206 ]
5495 / 10000: [ 0, 1, 0, 1, 0 ], [ 0, 1931, 225, 207 ]
5496 / 10000: [ 0, 0, 0, 0, 0 ], [ 0, 1931, 225, 207 ]
5497 / 10000: [ 0, 1, 0, 0, 0 ], [ 0, 1931, 225, 207 ]
5498 / 10000: [ 0, 1, 0, 0, 0 ], [ 0, 1931, 225, 207 ]
5499 / 10000: [ 0, 1, 0, 0, 0 ], [ 0, 1931, 225, 207 ]
5500 / 10000: [ 0, 1, 0, 0, 0 ], [ 0, 1931, 225, 207 ]
5501 / 10000: [ 0, 0, 0, 1, 0 ], [ 0, 1931, 225, 207 ]
5502 / 10000: [ 0, 0, 0, 0, 0 ], [ 0, 1931, 225, 207 ]
5503 / 10000: [ 0, 2, 0, 0, 0 ], [ 0, 1932, 225, 207 ]
5504 / 10000: [ 0, 1, 0, 0, 0 ], [ 0, 1932, 225, 207 ]
5505 / 10000: [ 0, 0, 0, 1, 0 ], [ 0, 1932, 225, 207 ]
5506 / 10000: [ 0, 0, 0, 0, 0 ], [ 0, 1932, 225, 207 ]
5507 / 10000: [ 0, 1, 1, 0, 0 ], [ 0, 1932, 226, 207 ]
5508 / 10000: [ 0, 2, 0, 0, 0 ], [ 0, 1933, 226, 207 ]
5509 / 10000: [ 0, 0, 0, 1, 0 ], [ 0, 1933, 226, 207 ]
5510 / 10000: [ 0, 0, 0, 0, 0 ], [ 0, 1933, 226, 207 ]
5511 / 10000: [ 0, 1, 0, 0, 0 ], [ 0, 1933, 226, 207 ]
5512 / 10000: [ 0, 1, 0, 1, 0 ], [ 0, 1933, 226, 208 ]
5513 / 10000: [ 0, 2, 0, 0, 0 ], [ 0, 1934, 226, 208 ]
5514 / 10000: [ 0, 2, 0, 0, 0 ], [ 0, 1935, 226, 208 ]
5515 / 10000: [ 0, 0, 0, 1, 1 ], [ 0, 1935, 226, 209 ]
5516 / 10000: [ 0, 1, 0, 0, 0 ], [ 0, 1935, 226, 209 ]
5517 / 10000: [ 0, 1, 1, 0, 0 ], [ 0, 1935, 227, 209 ]
5518 / 10000: [ 0, 0, 0, 0, 0 ], [ 0, 1935, 227, 209 ]
5519 / 10000: [ 0, 0, 0, 0, 0 ], [ 0, 1935, 227, 209 ]
5520 / 10000: [ 0, 1, 0, 1, 0 ], [ 0, 1935, 227, 210 ]
5521 / 10000: [ 0, 0, 0, 0, 0 ], [ 0, 1935, 227, 210 ]
5522 / 10000: [ 0, 1, 0, 1, 0 ], [ 0, 1935, 227, 211 ]
5523 / 10000: [ 0, 0, 0, 1, 0 ], [ 0, 1935, 227, 211 ]
5524 / 10000: [ 0, 0, 0, 1, 0 ], [ 0, 1935, 227, 211 ]
5525 / 10000: [ 0, 0, 0, 0, 1 ], [ 0, 1935, 227, 211 ]
5526 / 10000: [ 0, 0, 0, 0, 1 ], [ 0, 1935, 227, 211 ]
5527 / 10000: [ 0, 1, 0, 1, 0 ], [ 0, 1935, 227, 212 ]
5528 / 10000: [ 0, 1, 0, 1, 0 ], [ 0, 1935, 227, 213 ]
5529 / 10000: [ 0, 1, 0, 0, 0 ], [ 0, 1935, 227, 213 ]
5530 / 10000: [ 0, 0, 0, 0, 0 ], [ 0, 1935, 227, 213 ]
5531 / 10000: [ 0, 0, 0, 0, 0 ], [ 0, 1935, 227, 213 ]
5532 / 10000: [ 0, 0, 0, 0, 0 ], [ 0, 1935, 227, 213 ]
5533 / 10000: [ 0, 1, 0, 0, 0 ], [ 0, 1935, 227, 213 ]
5534 / 10000: [ 0, 1, 0, 1, 0 ], [ 0, 1935, 227, 214 ]
5535 / 10000: [ 0, 0, 0, 2, 0 ], [ 0, 1935, 227, 215 ]
5536 / 10000: [ 0, 0, 0, 1, 0 ], [ 0, 1935, 227, 215 ]
5537 / 10000: [ 0, 1, 0, 1, 0 ], [ 0, 1935, 227, 216 ]
5538 / 10000: [ 0, 0, 0, 0, 0 ], [ 0, 1935, 227, 216 ]
5539 / 10000: [ 0, 2, 0, 0, 0 ], [ 0, 1936, 227, 216 ]
5540 / 10000: [ 0, 1, 0, 1, 0 ], [ 0, 1936, 227, 217 ]
5541 / 10000: [ 0, 0, 0, 2, 0 ], [ 0, 1936, 227, 218 ]
5542 / 10000: [ 0, 0, 0, 0, 0 ], [ 0, 1936, 227, 218 ]
5543 / 10000: [ 0, 0, 0, 0, 0 ], [ 0, 1936, 227, 218 ]
5544 / 10000: [ 0, 1, 0, 0, 0 ], [ 0, 1936, 227, 218 ]
5545 / 10000: [ 0, 0, 0, 0, 0 ], [ 0, 1936, 227, 218 ]
5546 / 10000: [ 0, 1, 0, 1, 0 ], [ 0, 1936, 227, 219 ]
5547 / 10000: [ 0, 0, 0, 0, 0 ], [ 0, 1936, 227, 219 ]
5548 / 10000: [ 0, 0, 0, 1, 0 ], [ 0, 1936, 227, 219 ]
5549 / 10000: [ 0, 0, 0, 1, 0 ], [ 0, 1936, 227, 219 ]
5550 / 10000: [ 0, 2, 0, 0, 0 ], [ 0, 1937, 227, 219 ]
5551 / 10000: [ 0, 2, 0, 0, 0 ], [ 0, 1938, 227, 219 ]
5552 / 10000: [ 0, 1, 0, 0, 0 ], [ 0, 1938, 227, 219 ]
5553 / 10000: [ 0, 1, 0, 0, 0 ], [ 0, 1938, 227, 219 ]
5554 / 10000: [ 0, 2, 0, 0, 0 ], [ 0, 1939, 227, 219 ]
5555 / 10000: [ 0, 0, 0, 1, 0 ], [ 0, 1939, 227, 219 ]
5556 / 10000: [ 0, 0, 0, 1, 0 ], [ 0, 1939, 227, 219 ]
5557 / 10000: [ 0, 1, 0, 1, 0 ], [ 0, 1939, 227, 220 ]
5558 / 10000: [ 0, 0, 0, 1, 0 ], [ 0, 1939, 227, 220 ]
5559 / 10000: [ 0, 1, 0, 0, 0 ], [ 0, 1939, 227, 220 ]
5560 / 10000: [ 0, 1, 0, 0, 0 ], [ 0, 1939, 227, 220 ]
5561 / 10000: [ 0, 0, 0, 0, 0 ], [ 0, 1939, 227, 220 ]
5562 / 10000: [ 0, 0, 0, 1, 0 ], [ 0, 1939, 227, 220 ]
5563 / 10000: [ 0, 1, 0, 0, 0 ], [ 0, 1939, 227, 220 ]
5564 / 10000: [ 0, 0, 0, 1, 0 ], [ 0, 1939, 227, 220 ]
5565 / 10000: [ 0, 0, 0, 1, 0 ], [ 0, 1939, 227, 220 ]
5566 / 10000: [ 0, 1, 0, 0, 0 ], [ 0, 1939, 227, 220 ]
5567 / 10000: [ 0, 0, 0, 0, 0 ], [ 0, 1939, 227, 220 ]
5568 / 10000: [ 0, 0, 0, 2, 0 ], [ 0, 1939, 227, 221 ]
5569 / 10000: [ 0, 0, 0, 0, 0 ], [ 0, 1939, 227, 221 ]
5570 / 10000: [ 0, 1, 0, 1, 0 ], [ 0, 1939, 227, 222 ]
5571 / 10000: [ 0, 0, 0, 1, 0 ], [ 0, 1939, 227, 222 ]
5572 / 10000: [ 0, 0, 0, 0, 0 ], [ 0, 1939, 227, 222 ]
5573 / 10000: [ 0, 1, 0, 0, 0 ], [ 0, 1939, 227, 222 ]
5574 / 10000: [ 0, 0, 0, 1, 0 ], [ 0, 1939, 227, 222 ]
5575 / 10000: [ 0, 0, 0, 1, 0 ], [ 0, 1939, 227, 222 ]
5576 / 10000: [ 0, 1, 0, 0, 1 ], [ 0, 1939, 227, 223 ]
5577 / 10000: [ 0, 1, 0, 0, 0 ], [ 0, 1939, 227, 223 ]
5578 / 10000: [ 0, 0, 0, 0, 1 ], [ 0, 1939, 227, 223 ]
5579 / 10000: [ 0, 0, 0, 1, 0 ], [ 0, 1939, 227, 223 ]
5580 / 10000: [ 0, 1, 0, 0, 0 ], [ 0, 1939, 227, 223 ]
5581 / 10000: [ 0, 0, 0, 2, 0 ], [ 0, 1939, 227, 224 ]
5582 / 10000: [ 0, 0, 0, 0, 0 ], [ 0, 1939, 227, 224 ]
5583 / 10000: [ 0, 0, 0, 0, 0 ], [ 0, 1939, 227, 224 ]
5584 / 10000: [ 0, 1, 0, 0, 0 ], [ 0, 1939, 227, 224 ]
5585 / 10000: [ 0, 0, 0, 0, 0 ], [ 0, 1939, 227, 224 ]
5586 / 10000: [ 0, 0, 0, 1, 0 ], [ 0, 1939, 227, 224 ]
5587 / 10000: [ 0, 2, 0, 0, 0 ], [ 0, 1940, 227, 224 ]
5588 / 10000: [ 0, 0, 0, 0, 0 ], [ 0, 1940, 227, 224 ]
5589 / 10000: [ 0, 0, 0, 0, 0 ], [ 0, 1940, 227, 224 ]
5590 / 10000: [ 0, 0, 0, 1, 0 ], [ 0, 1940, 227, 224 ]
5591 / 10000: [ 0, 0, 0, 0, 0 ], [ 0, 1940, 227, 224 ]
5592 / 10000: [ 0, 0, 0, 0, 0 ], [ 0, 1940, 227, 224 ]
5593 / 10000: [ 0, 0, 0, 0, 0 ], [ 0, 1940, 227, 224 ]
5594 / 10000: [ 0, 0, 0, 1, 0 ], [ 0, 1940, 227, 224 ]
5595 / 10000: [ 0, 2, 0, 0, 0 ], [ 0, 1941, 227, 224 ]
5596 / 10000: [ 0, 0, 0, 0, 0 ], [ 0, 1941, 227, 224 ]
5597 / 10000: [ 0, 0, 0, 1, 0 ], [ 0, 1941, 227, 224 ]
5598 / 10000: [ 0, 1, 0, 0, 0 ], [ 0, 1941, 227, 224 ]
5599 / 10000: [ 0, 0, 0, 1, 0 ], [ 0, 1941, 227, 224 ]
5600 / 10000: [ 0, 1, 0, 0, 0 ], [ 0, 1941, 227, 224 ]
5601 / 10000: [ 0, 1, 0, 0, 0 ], [ 0, 1941, 227, 224 ]
5602 / 10000: [ 0, 0, 0, 0, 0 ], [ 0, 1941, 227, 224 ]
5603 / 10000: [ 0, 0, 0, 2, 0 ], [ 0, 1941, 227, 225 ]
5604 / 10000: [ 0, 0, 0, 1, 0 ], [ 0, 1941, 227, 225 ]
5605 / 10000: [ 0, 1, 0, 0, 0 ], [ 0, 1941, 227, 225 ]
5606 / 10000: [ 0, 0, 0, 0, 0 ], [ 0, 1941, 227, 225 ]
5607 / 10000: [ 0, 0, 0, 1, 1 ], [ 0, 1941, 227, 226 ]
5608 / 10000: [ 0, 1, 0, 1, 0 ], [ 0, 1941, 227, 227 ]
5609 / 10000: [ 0, 1, 0, 0, 0 ], [ 0, 1941, 227, 227 ]
5610 / 10000: [ 0, 0, 0, 0, 0 ], [ 0, 1941, 227, 227 ]
5611 / 10000: [ 0, 0, 0, 1, 0 ], [ 0, 1941, 227, 227 ]
5612 / 10000: [ 0, 2, 0, 0, 0 ], [ 0, 1942, 227, 227 ]
5613 / 10000: [ 0, 0, 0, 2, 0 ], [ 0, 1942, 227, 228 ]
5614 / 10000: [ 0, 1, 0, 1, 0 ], [ 0, 1942, 227, 229 ]
5615 / 10000: [ 0, 1, 0, 0, 1 ], [ 0, 1942, 227, 230 ]
5616 / 10000: [ 0, 0, 0, 1, 0 ], [ 0, 1942, 227, 230 ]
5617 / 10000: [ 0, 1, 0, 0, 1 ], [ 0, 1942, 227, 231 ]
5618 / 10000: [ 0, 0, 0, 0, 0 ], [ 0, 1942, 227, 231 ]
5619 / 10000: [ 0, 0, 0, 0, 0 ], [ 0, 1942, 227, 231 ]
5620 / 10000: [ 0, 1, 0, 1, 0 ], [ 0, 1942, 227, 232 ]
5621 / 10000: [ 0, 0, 0, 0, 0 ], [ 0, 1942, 227, 232 ]
5622 / 10000: [ 0, 1, 0, 1, 0 ], [ 0, 1942, 227, 233 ]
5623 / 10000: [ 0, 1, 0, 0, 0 ], [ 0, 1942, 227, 233 ]
5624 / 10000: [ 0, 0, 0, 1, 0 ], [ 0, 1942, 227, 233 ]
5625 / 10000: [ 0, 0, 1, 0, 0 ], [ 0, 1942, 227, 233 ]
5626 / 10000: [ 0, 0, 0, 0, 1 ], [ 0, 1942, 227, 233 ]
5627 / 10000: [ 0, 1, 1, 0, 0 ], [ 0, 1942, 228, 233 ]
5628 / 10000: [ 0, 0, 0, 2, 0 ], [ 0, 1942, 228, 234 ]
5629 / 10000: [ 0, 0, 0, 1, 0 ], [ 0, 1942, 228, 234 ]
5630 / 10000: [ 0, 0, 0, 0, 0 ], [ 0, 1942, 228, 234 ]
5631 / 10000: [ 0, 0, 0, 0, 0 ], [ 0, 1942, 228, 234 ]
5632 / 10000: [ 0, 0, 0, 0, 0 ], [ 0, 1942, 228, 234 ]
5633 / 10000: [ 0, 1, 0, 0, 0 ], [ 0, 1942, 228, 234 ]
5634 / 10000: [ 0, 1, 0, 1, 0 ], [ 0, 1942, 228, 235 ]
5635 / 10000: [ 0, 2, 0, 0, 0 ], [ 0, 1943, 228, 235 ]
5636 / 10000: [ 0, 0, 0, 1, 0 ], [ 0, 1943, 228, 235 ]
5637 / 10000: [ 0, 1, 0, 1, 0 ], [ 0, 1943, 228, 236 ]
5638 / 10000: [ 0, 0, 0, 0, 0 ], [ 0, 1943, 228, 236 ]
5639 / 10000: [ 0, 2, 0, 0, 0 ], [ 0, 1944, 228, 236 ]
5640 / 10000: [ 0, 0, 0, 2, 0 ], [ 0, 1944, 228, 237 ]
5641 / 10000: [ 0, 0, 0, 2, 0 ], [ 0, 1944, 228, 238 ]
5642 / 10000: [ 0, 0, 0, 0, 0 ], [ 0, 1944, 228, 238 ]
5643 / 10000: [ 0, 0, 0, 0, 0 ], [ 0, 1944, 228, 238 ]
5644 / 10000: [ 0, 1, 0, 0, 0 ], [ 0, 1944, 228, 238 ]
5645 / 10000: [ 0, 0, 0, 0, 0 ], [ 0, 1944, 228, 238 ]
5646 / 10000: [ 0, 0, 0, 2, 0 ], [ 0, 1944, 228, 239 ]
5647 / 10000: [ 0, 0, 0, 0, 0 ], [ 0, 1944, 228, 239 ]
5648 / 10000: [ 0, 1, 0, 0, 0 ], [ 0, 1944, 228, 239 ]
5649 / 10000: [ 0, 1, 0, 0, 0 ], [ 0, 1944, 228, 239 ]
5650 / 10000: [ 0, 0, 0, 2, 0 ], [ 0, 1944, 228, 240 ]
5651 / 10000: [ 0, 2, 0, 0, 0 ], [ 0, 1945, 228, 240 ]
5652 / 10000: [ 0, 0, 0, 1, 0 ], [ 0, 1945, 228, 240 ]
5653 / 10000: [ 0, 0, 0, 1, 0 ], [ 0, 1945, 228, 240 ]
5654 / 10000: [ 0, 0, 0, 2, 0 ], [ 0, 1945, 228, 241 ]
5655 / 10000: [ 0, 1, 0, 0, 0 ], [ 0, 1945, 228, 241 ]
5656 / 10000: [ 0, 1, 0, 0, 0 ], [ 0, 1945, 228, 241 ]
5657 / 10000: [ 0, 1, 0, 1, 0 ], [ 0, 1945, 228, 242 ]
5658 / 10000: [ 0, 0, 0, 1, 0 ], [ 0, 1945, 228, 242 ]
5659 / 10000: [ 0, 0, 0, 1, 0 ], [ 0, 1945, 228, 242 ]
5660 / 10000: [ 0, 0, 0, 1, 0 ], [ 0, 1945, 228, 242 ]
5661 / 10000: [ 0, 0, 0, 0, 0 ], [ 0, 1945, 228, 242 ]
5662 / 10000: [ 0, 1, 0, 0, 0 ], [ 0, 1945, 228, 242 ]
5663 / 10000: [ 0, 0, 0, 1, 0 ], [ 0, 1945, 228, 242 ]
5664 / 10000: [ 0, 0, 0, 1, 0 ], [ 0, 1945, 228, 242 ]
5665 / 10000: [ 0, 1, 0, 0, 0 ], [ 0, 1945, 228, 242 ]
5666 / 10000: [ 0, 0, 0, 1, 0 ], [ 0, 1945, 228, 242 ]
5667 / 10000: [ 0, 0, 0, 0, 0 ], [ 0, 1945, 228, 242 ]
5668 / 10000: [ 0, 2, 0, 0, 0 ], [ 0, 1946, 228, 242 ]
5669 / 10000: [ 0, 0, 0, 0, 0 ], [ 0, 1946, 228, 242 ]
5670 / 10000: [ 0, 1, 0, 1, 0 ], [ 0, 1946, 228, 243 ]
5671 / 10000: [ 0, 0, 0, 1, 0 ], [ 0, 1946, 228, 243 ]
5672 / 10000: [ 0, 0, 0, 0, 0 ], [ 0, 1946, 228, 243 ]
5673 / 10000: [ 0, 0, 0, 1, 0 ], [ 0, 1946, 228, 243 ]
5674 / 10000: [ 0, 1, 0, 0, 0 ], [ 0, 1946, 228, 243 ]
5675 / 10000: [ 0, 0, 0, 1, 0 ], [ 0, 1946, 228, 243 ]
5676 / 10000: [ 0, 0, 1, 1, 0 ], [ 0, 1946, 228, 244 ]
5677 / 10000: [ 0, 0, 0, 1, 0 ], [ 0, 1946, 228, 244 ]
5678 / 10000: [ 0, 0, 0, 0, 1 ], [ 0, 1946, 228, 244 ]
5679 / 10000: [ 0, 1, 0, 0, 0 ], [ 0, 1946, 228, 244 ]
5680 / 10000: [ 0, 0, 0, 1, 0 ], [ 0, 1946, 228, 244 ]
5681 / 10000: [ 0, 2, 0, 0, 0 ], [ 0, 1947, 228, 244 ]
5682 / 10000: [ 0, 0, 0, 0, 0 ], [ 0, 1947, 228, 244 ]
5683 / 10000: [ 0, 0, 0, 0, 0 ], [ 0, 1947, 228, 244 ]
5684 / 10000: [ 0, 0, 0, 1, 0 ], [ 0, 1947, 228, 244 ]
5685 / 10000: [ 0, 0, 0, 0, 0 ], [ 0, 1947, 228, 244 ]
5686 / 10000: [ 0, 1, 0, 0, 0 ], [ 0, 1947, 228, 244 ]
5687 / 10000: [ 0, 2, 0, 0, 0 ], [ 0, 1948, 228, 244 ]
5688 / 10000: [ 0, 0, 0, 0, 0 ], [ 0, 1948, 228, 244 ]
5689 / 10000: [ 0, 0, 0, 0, 0 ], [ 0, 1948, 228, 244 ]
5690 / 10000: [ 0, 1, 0, 0, 0 ], [ 0, 1948, 228, 244 ]
5691 / 10000: [ 0, 0, 0, 0, 0 ], [ 0, 1948, 228, 244 ]
5692 / 10000: [ 0, 0, 0, 0, 0 ], [ 0, 1948, 228, 244 ]
5693 / 10000: [ 0, 0, 0, 0, 0 ], [ 0, 1948, 228, 244 ]
5694 / 10000: [ 0, 1, 0, 0, 0 ], [ 0, 1948, 228, 244 ]
5695 / 10000: [ 0, 2, 0, 0, 0 ], [ 0, 1949, 228, 244 ]
5696 / 10000: [ 0, 0, 0, 0, 0 ], [ 0, 1949, 228, 244 ]
5697 / 10000: [ 0, 0, 0, 1, 0 ], [ 0, 1949, 228, 244 ]
5698 / 10000: [ 0, 0, 0, 1, 0 ], [ 0, 1949, 228, 244 ]
5699 / 10000: [ 0, 0, 0, 1, 0 ], [ 0, 1949, 228, 244 ]
5700 / 10000: [ 0, 0, 0, 1, 0 ], [ 0, 1949, 228, 244 ]
5701 / 10000: [ 0, 2, 0, 0, 0 ], [ 0, 1950, 228, 244 ]
5702 / 10000: [ 0, 0, 0, 2, 0 ], [ 0, 1950, 228, 245 ]
5703 / 10000: [ 0, 1, 0, 1, 0 ], [ 0, 1950, 228, 246 ]
5704 / 10000: [ 0, 0, 0, 1, 0 ], [ 0, 1950, 228, 246 ]
5705 / 10000: [ 0, 2, 0, 0, 0 ], [ 0, 1951, 228, 246 ]
5706 / 10000: [ 0, 2, 0, 0, 0 ], [ 0, 1952, 228, 246 ]
5707 / 10000: [ 0, 0, 0, 2, 0 ], [ 0, 1952, 228, 247 ]
5708 / 10000: [ 0, 0, 0, 0, 0 ], [ 0, 1952, 228, 247 ]
5709 / 10000: [ 0, 2, 0, 0, 0 ], [ 0, 1953, 228, 247 ]
5710 / 10000: [ 0, 0, 1, 0, 0 ], [ 0, 1953, 228, 247 ]
5711 / 10000: [ 0, 2, 0, 0, 0 ], [ 0, 1954, 228, 247 ]
5712 / 10000: [ 0, 2, 0, 0, 0 ], [ 0, 1955, 228, 247 ]
5713 / 10000: [ 0, 2, 0, 0, 0 ], [ 0, 1956, 228, 247 ]
5714 / 10000: [ 0, 2, 0, 0, 0 ], [ 0, 1957, 228, 247 ]
5715 / 10000: [ 0, 2, 0, 0, 0 ], [ 0, 1958, 228, 247 ]
5716 / 10000: [ 0, 0, 0, 0, 0 ], [ 0, 1958, 228, 247 ]
5717 / 10000: [ 0, 0, 0, 1, 0 ], [ 0, 1958, 228, 247 ]
5718 / 10000: [ 0, 0, 0, 1, 0 ], [ 0, 1958, 228, 247 ]
5719 / 10000: [ 0, 0, 0, 0, 0 ], [ 0, 1958, 228, 247 ]
5720 / 10000: [ 0, 0, 0, 0, 0 ], [ 0, 1958, 228, 247 ]
5721 / 10000: [ 0, 0, 0, 0, 0 ], [ 0, 1958, 228, 247 ]
5722 / 10000: [ 0, 0, 0, 0, 0 ], [ 0, 1958, 228, 247 ]
5723 / 10000: [ 0, 1, 0, 1, 0 ], [ 0, 1958, 228, 248 ]
5724 / 10000: [ 0, 0, 0, 2, 0 ], [ 0, 1958, 228, 249 ]
5725 / 10000: [ 0, 0, 0, 1, 1 ], [ 0, 1958, 228, 250 ]
5726 / 10000: [ 0, 1, 0, 1, 0 ], [ 0, 1958, 228, 251 ]
5727 / 10000: [ 0, 1, 0, 1, 0 ], [ 0, 1958, 228, 252 ]
5728 / 10000: [ 0, 0, 0, 1, 0 ], [ 0, 1958, 228, 252 ]
5729 / 10000: [ 0, 0, 0, 0, 0 ], [ 0, 1958, 228, 252 ]
5730 / 10000: [ 0, 0, 0, 1, 0 ], [ 0, 1958, 228, 252 ]
5731 / 10000: [ 0, 0, 0, 1, 1 ], [ 0, 1958, 228, 253 ]
5732 / 10000: [ 0, 0, 0, 1, 0 ], [ 0, 1958, 228, 253 ]
5733 / 10000: [ 0, 2, 0, 0, 0 ], [ 0, 1959, 228, 253 ]
5734 / 10000: [ 0, 2, 0, 0, 0 ], [ 0, 1960, 228, 253 ]
5735 / 10000: [ 0, 0, 0, 1, 0 ], [ 0, 1960, 228, 253 ]
5736 / 10000: [ 0, 1, 0, 1, 0 ], [ 0, 1960, 228, 254 ]
5737 / 10000: [ 0, 1, 0, 1, 0 ], [ 0, 1960, 228, 255 ]
5738 / 10000: [ 0, 0, 0, 0, 1 ], [ 0, 1960, 228, 255 ]
5739 / 10000: [ 0, 0, 0, 0, 0 ], [ 0, 1960, 228, 255 ]
5740 / 10000: [ 0, 0, 0, 1, 1 ], [ 0, 1960, 228, 256 ]
5741 / 10000: [ 0, 1, 0, 1, 0 ], [ 0, 1960, 228, 257 ]
5742 / 10000: [ 0, 0, 0, 0, 0 ], [ 0, 1960, 228, 257 ]
5743 / 10000: [ 0, 1, 0, 0, 0 ], [ 0, 1960, 228, 257 ]
5744 / 10000: [ 0, 1, 0, 0, 0 ], [ 0, 1960, 228, 257 ]
5745 / 10000: [ 0, 0, 0, 0, 0 ], [ 0, 1960, 228, 257 ]
5746 / 10000: [ 0, 0, 0, 0, 1 ], [ 0, 1960, 228, 257 ]
5747 / 10000: [ 0, 0, 0, 1, 0 ], [ 0, 1960, 228, 257 ]
5748 / 10000: [ 0, 0, 0, 0, 0 ], [ 0, 1960, 228, 257 ]
5749 / 10000: [ 0, 2, 0, 0, 0 ], [ 0, 1961, 228, 257 ]
5750 / 10000: [ 0, 2, 0, 0, 0 ], [ 0, 1962, 228, 257 ]
5751 / 10000: [ 0, 0, 0, 1, 0 ], [ 0, 1962, 228, 257 ]
5752 / 10000: [ 0, 0, 0, 0, 0 ], [ 0, 1962, 228, 257 ]
5753 / 10000: [ 0, 0, 0, 0, 0 ], [ 0, 1962, 228, 257 ]
5754 / 10000: [ 0, 0, 0, 2, 0 ], [ 0, 1962, 228, 258 ]
5755 / 10000: [ 0, 1, 0, 0, 1 ], [ 0, 1962, 228, 259 ]
5756 / 10000: [ 0, 1, 0, 1, 0 ], [ 0, 1962, 228, 260 ]
5757 / 10000: [ 0, 1, 0, 0, 0 ], [ 0, 1962, 228, 260 ]
5758 / 10000: [ 0, 2, 0, 0, 0 ], [ 0, 1963, 228, 260 ]
5759 / 10000: [ 0, 0, 0, 2, 0 ], [ 0, 1963, 228, 261 ]
5760 / 10000: [ 0, 0, 0, 1, 0 ], [ 0, 1963, 228, 261 ]
5761 / 10000: [ 0, 0, 0, 0, 0 ], [ 0, 1963, 228, 261 ]
5762 / 10000: [ 0, 2, 0, 0, 0 ], [ 0, 1964, 228, 261 ]
5763 / 10000: [ 0, 1, 0, 0, 0 ], [ 0, 1964, 228, 261 ]
5764 / 10000: [ 0, 0, 0, 1, 0 ], [ 0, 1964, 228, 261 ]
5765 / 10000: [ 0, 0, 0, 1, 0 ], [ 0, 1964, 228, 261 ]
5766 / 10000: [ 0, 0, 0, 1, 0 ], [ 0, 1964, 228, 261 ]
5767 / 10000: [ 0, 0, 0, 0, 1 ], [ 0, 1964, 228, 261 ]
5768 / 10000: [ 0, 2, 0, 0, 0 ], [ 0, 1965, 228, 261 ]
5769 / 10000: [ 0, 2, 0, 0, 0 ], [ 0, 1966, 228, 261 ]
5770 / 10000: [ 0, 2, 0, 0, 0 ], [ 0, 1967, 228, 261 ]
5771 / 10000: [ 0, 0, 0, 0, 1 ], [ 0, 1967, 228, 261 ]
5772 / 10000: [ 0, 0, 0, 0, 1 ], [ 0, 1967, 228, 261 ]
5773 / 10000: [ 0, 0, 0, 2, 0 ], [ 0, 1967, 228, 262 ]
5774 / 10000: [ 0, 1, 0, 0, 0 ], [ 0, 1967, 228, 262 ]
5775 / 10000: [ 0, 0, 0, 0, 0 ], [ 0, 1967, 228, 262 ]
5776 / 10000: [ 0, 0, 0, 1, 0 ], [ 0, 1967, 228, 262 ]
5777 / 10000: [ 0, 0, 0, 0, 0 ], [ 0, 1967, 228, 262 ]
5778 / 10000: [ 0, 0, 0, 0, 2 ], [ 0, 1967, 228, 263 ]
5779 / 10000: [ 0, 1, 0, 1, 0 ], [ 0, 1967, 228, 264 ]
5780 / 10000: [ 0, 0, 0, 0, 0 ], [ 0, 1967, 228, 264 ]
5781 / 10000: [ 0, 0, 0, 2, 0 ], [ 0, 1967, 228, 265 ]
5782 / 10000: [ 0, 0, 0, 0, 0 ], [ 0, 1967, 228, 265 ]
5783 / 10000: [ 0, 0, 0, 0, 0 ], [ 0, 1967, 228, 265 ]
5784 / 10000: [ 0, 0, 0, 0, 0 ], [ 0, 1967, 228, 265 ]
5785 / 10000: [ 0, 0, 0, 1, 0 ], [ 0, 1967, 228, 265 ]
5786 / 10000: [ 0, 0, 0, 2, 0 ], [ 0, 1967, 228, 266 ]
5787 / 10000: [ 0, 0, 0, 0, 0 ], [ 0, 1967, 228, 266 ]
5788 / 10000: [ 0, 0, 0, 1, 1 ], [ 0, 1967, 228, 267 ]
5789 / 10000: [ 0, 0, 0, 2, 0 ], [ 0, 1967, 228, 268 ]
5790 / 10000: [ 0, 0, 0, 1, 0 ], [ 0, 1967, 228, 268 ]
5791 / 10000: [ 0, 2, 0, 0, 0 ], [ 0, 1968, 228, 268 ]
5792 / 10000: [ 0, 0, 0, 1, 0 ], [ 0, 1968, 228, 268 ]
5793 / 10000: [ 0, 0, 0, 2, 0 ], [ 0, 1968, 228, 269 ]
5794 / 10000: [ 0, 1, 0, 1, 0 ], [ 0, 1968, 228, 270 ]
5795 / 10000: [ 0, 0, 0, 2, 0 ], [ 0, 1968, 228, 271 ]
5796 / 10000: [ 0, 1, 0, 1, 0 ], [ 0, 1968, 228, 272 ]
5797 / 10000: [ 0, 1, 0, 1, 0 ], [ 0, 1968, 228, 273 ]
5798 / 10000: [ 0, 0, 0, 0, 0 ], [ 0, 1968, 228, 273 ]
5799 / 10000: [ 0, 0, 0, 0, 0 ], [ 0, 1968, 228, 273 ]
5800 / 10000: [ 0, 0, 0, 1, 0 ], [ 0, 1968, 228, 273 ]
5801 / 10000: [ 0, 2, 0, 0, 0 ], [ 0, 1969, 228, 273 ]
5802 / 10000: [ 0, 2, 0, 0, 0 ], [ 0, 1970, 228, 273 ]
5803 / 10000: [ 0, 2, 0, 0, 0 ], [ 0, 1971, 228, 273 ]
5804 / 10000: [ 0, 1, 0, 0, 0 ], [ 0, 1971, 228, 273 ]
5805 / 10000: [ 0, 2, 0, 0, 0 ], [ 0, 1972, 228, 273 ]
5806 / 10000: [ 0, 2, 0, 0, 0 ], [ 0, 1973, 228, 273 ]
5807 / 10000: [ 0, 2, 0, 0, 0 ], [ 0, 1974, 228, 273 ]
5808 / 10000: [ 0, 0, 0, 0, 0 ], [ 0, 1974, 228, 273 ]
5809 / 10000: [ 0, 2, 0, 0, 0 ], [ 0, 1975, 228, 273 ]
5810 / 10000: [ 0, 0, 0, 0, 1 ], [ 0, 1975, 228, 273 ]
5811 / 10000: [ 0, 2, 0, 0, 0 ], [ 0, 1976, 228, 273 ]
5812 / 10000: [ 0, 2, 0, 0, 0 ], [ 0, 1977, 228, 273 ]
5813 / 10000: [ 0, 2, 0, 0, 0 ], [ 0, 1978, 228, 273 ]
5814 / 10000: [ 0, 2, 0, 0, 0 ], [ 0, 1979, 228, 273 ]
5815 / 10000: [ 0, 1, 1, 0, 0 ], [ 0, 1979, 229, 273 ]
5816 / 10000: [ 0, 0, 0, 0, 0 ], [ 0, 1979, 229, 273 ]
5817 / 10000: [ 0, 1, 0, 0, 0 ], [ 0, 1979, 229, 273 ]
5818 / 10000: [ 0, 1, 0, 0, 0 ], [ 0, 1979, 229, 273 ]
5819 / 10000: [ 0, 0, 0, 0, 0 ], [ 0, 1979, 229, 273 ]
5820 / 10000: [ 0, 0, 0, 0, 0 ], [ 0, 1979, 229, 273 ]
5821 / 10000: [ 0, 0, 0, 0, 0 ], [ 0, 1979, 229, 273 ]
5822 / 10000: [ 0, 0, 0, 0, 0 ], [ 0, 1979, 229, 273 ]
5823 / 10000: [ 0, 2, 0, 0, 0 ], [ 0, 1980, 229, 273 ]
5824 / 10000: [ 0, 2, 0, 0, 0 ], [ 0, 1981, 229, 273 ]
5825 / 10000: [ 0, 1, 1, 0, 0 ], [ 0, 1981, 230, 273 ]
5826 / 10000: [ 0, 0, 0, 1, 1 ], [ 0, 1981, 230, 274 ]
5827 / 10000: [ 0, 2, 0, 0, 0 ], [ 0, 1982, 230, 274 ]
5828 / 10000: [ 0, 1, 0, 0, 0 ], [ 0, 1982, 230, 274 ]
5829 / 10000: [ 0, 0, 0, 0, 0 ], [ 0, 1982, 230, 274 ]
5830 / 10000: [ 0, 1, 0, 0, 0 ], [ 0, 1982, 230, 274 ]
5831 / 10000: [ 0, 1, 1, 0, 0 ], [ 0, 1982, 231, 274 ]
5832 / 10000: [ 0, 1, 0, 0, 0 ], [ 0, 1982, 231, 274 ]
5833 / 10000: [ 0, 2, 0, 0, 0 ], [ 0, 1983, 231, 274 ]
5834 / 10000: [ 0, 2, 0, 0, 0 ], [ 0, 1984, 231, 274 ]
5835 / 10000: [ 0, 1, 0, 0, 0 ], [ 0, 1984, 231, 274 ]
5836 / 10000: [ 0, 1, 0, 1, 0 ], [ 0, 1984, 231, 275 ]
5837 / 10000: [ 0, 2, 0, 0, 0 ], [ 0, 1985, 231, 275 ]
5838 / 10000: [ 0, 0, 1, 0, 0 ], [ 0, 1985, 231, 275 ]
5839 / 10000: [ 0, 0, 0, 0, 0 ], [ 0, 1985, 231, 275 ]
5840 / 10000: [ 0, 1, 1, 0, 0 ], [ 0, 1985, 232, 275 ]
5841 / 10000: [ 0, 2, 0, 0, 0 ], [ 0, 1986, 232, 275 ]
5842 / 10000: [ 0, 0, 0, 0, 0 ], [ 0, 1986, 232, 275 ]
5843 / 10000: [ 0, 0, 0, 1, 0 ], [ 0, 1986, 232, 275 ]
5844 / 10000: [ 0, 0, 0, 1, 0 ], [ 0, 1986, 232, 275 ]
5845 / 10000: [ 0, 0, 0, 0, 0 ], [ 0, 1986, 232, 275 ]
5846 / 10000: [ 0, 0, 1, 0, 0 ], [ 0, 1986, 232, 275 ]
5847 / 10000: [ 0, 1, 0, 0, 0 ], [ 0, 1986, 232, 275 ]
5848 / 10000: [ 0, 0, 0, 0, 0 ], [ 0, 1986, 232, 275 ]
5849 / 10000: [ 0, 2, 0, 0, 0 ], [ 0, 1987, 232, 275 ]
5850 / 10000: [ 0, 2, 0, 0, 0 ], [ 0, 1988, 232, 275 ]
5851 / 10000: [ 0, 1, 0, 0, 0 ], [ 0, 1988, 232, 275 ]
5852 / 10000: [ 0, 0, 0, 0, 0 ], [ 0, 1988, 232, 275 ]
5853 / 10000: [ 0, 0, 0, 0, 0 ], [ 0, 1988, 232, 275 ]
5854 / 10000: [ 0, 2, 0, 0, 0 ], [ 0, 1989, 232, 275 ]
5855 / 10000: [ 0, 1, 1, 0, 0 ], [ 0, 1989, 233, 275 ]
5856 / 10000: [ 0, 1, 0, 1, 0 ], [ 0, 1989, 233, 276 ]
5857 / 10000: [ 0, 0, 0, 1, 0 ], [ 0, 1989, 233, 276 ]
5858 / 10000: [ 0, 2, 0, 0, 0 ], [ 0, 1990, 233, 276 ]
5859 / 10000: [ 0, 2, 0, 0, 0 ], [ 0, 1991, 233, 276 ]
5860 / 10000: [ 0, 1, 0, 0, 0 ], [ 0, 1991, 233, 276 ]
5861 / 10000: [ 0, 0, 0, 0, 0 ], [ 0, 1991, 233, 276 ]
5862 / 10000: [ 0, 1, 0, 1, 0 ], [ 0, 1991, 233, 277 ]
5863 / 10000: [ 0, 1, 0, 0, 0 ], [ 0, 1991, 233, 277 ]
5864 / 10000: [ 0, 1, 0, 0, 0 ], [ 0, 1991, 233, 277 ]
5865 / 10000: [ 0, 1, 0, 0, 0 ], [ 0, 1991, 233, 277 ]
5866 / 10000: [ 0, 1, 0, 0, 0 ], [ 0, 1991, 233, 277 ]
5867 / 10000: [ 0, 0, 1, 0, 0 ], [ 0, 1991, 233, 277 ]
5868 / 10000: [ 0, 2, 0, 0, 0 ], [ 0, 1992, 233, 277 ]
5869 / 10000: [ 0, 2, 0, 0, 0 ], [ 0, 1993, 233, 277 ]
5870 / 10000: [ 0, 2, 0, 0, 0 ], [ 0, 1994, 233, 277 ]
5871 / 10000: [ 0, 0, 1, 0, 0 ], [ 0, 1994, 233, 277 ]
5872 / 10000: [ 0, 0, 1, 0, 0 ], [ 0, 1994, 233, 277 ]
5873 / 10000: [ 0, 2, 0, 0, 0 ], [ 0, 1995, 233, 277 ]
5874 / 10000: [ 0, 1, 0, 0, 0 ], [ 0, 1995, 233, 277 ]
5875 / 10000: [ 0, 0, 0, 0, 0 ], [ 0, 1995, 233, 277 ]
5876 / 10000: [ 0, 1, 0, 0, 0 ], [ 0, 1995, 233, 277 ]
5877 / 10000: [ 0, 0, 0, 0, 0 ], [ 0, 1995, 233, 277 ]
5878 / 10000: [ 0, 0, 2, 0, 0 ], [ 0, 1995, 234, 277 ]
5879 / 10000: [ 0, 2, 0, 0, 0 ], [ 0, 1996, 234, 277 ]
5880 / 10000: [ 0, 0, 0, 0, 0 ], [ 0, 1996, 234, 277 ]
5881 / 10000: [ 0, 2, 0, 0, 0 ], [ 0, 1997, 234, 277 ]
5882 / 10000: [ 0, 0, 0, 0, 0 ], [ 0, 1997, 234, 277 ]
5883 / 10000: [ 0, 0, 0, 0, 0 ], [ 0, 1997, 234, 277 ]
5884 / 10000: [ 0, 0, 0, 0, 0 ], [ 0, 1997, 234, 277 ]
5885 / 10000: [ 0, 1, 0, 0, 0 ], [ 0, 1997, 234, 277 ]
5886 / 10000: [ 0, 2, 0, 0, 0 ], [ 0, 1998, 234, 277 ]
5887 / 10000: [ 0, 0, 0, 0, 0 ], [ 0, 1998, 234, 277 ]
5888 / 10000: [ 0, 1, 1, 0, 0 ], [ 0, 1998, 235, 277 ]
5889 / 10000: [ 0, 2, 0, 0, 0 ], [ 0, 1999, 235, 277 ]
5890 / 10000: [ 0, 1, 0, 0, 0 ], [ 0, 1999, 235, 277 ]
5891 / 10000: [ 0, 2, 0, 0, 0 ], [ 0, 2000, 235, 277 ]
5892 / 10000: [ 0, 1, 0, 0, 0 ], [ 0, 2000, 235, 277 ]
5893 / 10000: [ 0, 2, 0, 0, 0 ], [ 0, 2001, 235, 277 ]
5894 / 10000: [ 0, 2, 0, 0, 0 ], [ 0, 2002, 235, 277 ]
5895 / 10000: [ 0, 2, 0, 0, 0 ], [ 0, 2003, 235, 277 ]
5896 / 10000: [ 0, 2, 0, 0, 0 ], [ 0, 2004, 235, 277 ]
5897 / 10000: [ 0, 1, 0, 1, 0 ], [ 0, 2004, 235, 278 ]
5898 / 10000: [ 0, 0, 0, 0, 0 ], [ 0, 2004, 235, 278 ]
5899 / 10000: [ 0, 0, 0, 0, 0 ], [ 0, 2004, 235, 278 ]
5900 / 10000: [ 0, 1, 0, 0, 0 ], [ 0, 2004, 235, 278 ]
5901 / 10000: [ 0, 1, 0, 0, 0 ], [ 0, 2004, 235, 278 ]
5902 / 10000: [ 0, 0, 0, 0, 0 ], [ 0, 2004, 235, 278 ]
5903 / 10000: [ 0, 0, 0, 0, 0 ], [ 0, 2004, 235, 278 ]
5904 / 10000: [ 0, 1, 0, 0, 0 ], [ 0, 2004, 235, 278 ]
5905 / 10000: [ 0, 2, 0, 0, 0 ], [ 0, 2005, 235, 278 ]
5906 / 10000: [ 0, 2, 0, 0, 0 ], [ 0, 2006, 235, 278 ]
5907 / 10000: [ 0, 0, 0, 0, 0 ], [ 0, 2006, 235, 278 ]
5908 / 10000: [ 0, 0, 0, 0, 0 ], [ 0, 2006, 235, 278 ]
5909 / 10000: [ 0, 1, 0, 0, 0 ], [ 0, 2006, 235, 278 ]
5910 / 10000: [ 0, 1, 0, 0, 0 ], [ 0, 2006, 235, 278 ]
5911 / 10000: [ 0, 0, 0, 0, 0 ], [ 0, 2006, 235, 278 ]
5912 / 10000: [ 0, 1, 0, 0, 0 ], [ 0, 2006, 235, 278 ]
5913 / 10000: [ 0, 0, 0, 0, 0 ], [ 0, 2006, 235, 278 ]
5914 / 10000: [ 0, 1, 0, 0, 0 ], [ 0, 2006, 235, 278 ]
5915 / 10000: [ 0, 1, 0, 0, 0 ], [ 0, 2006, 235, 278 ]
5916 / 10000: [ 0, 0, 0, 0, 0 ], [ 0, 2006, 235, 278 ]
5917 / 10000: [ 0, 0, 0, 0, 0 ], [ 0, 2006, 235, 278 ]
5918 / 10000: [ 0, 2, 0, 0, 0 ], [ 0, 2007, 235, 278 ]
5919 / 10000: [ 0, 0, 0, 0, 0 ], [ 0, 2007, 235, 278 ]
5920 / 10000: [ 0, 0, 0, 0, 0 ], [ 0, 2007, 235, 278 ]
5921 / 10000: [ 0, 0, 0, 0, 0 ], [ 0, 2007, 235, 278 ]
5922 / 10000: [ 0, 1, 1, 0, 0 ], [ 0, 2007, 236, 278 ]
5923 / 10000: [ 0, 0, 0, 0, 0 ], [ 0, 2007, 236, 278 ]
5924 / 10000: [ 0, 0, 0, 0, 0 ], [ 0, 2007, 236, 278 ]
5925 / 10000: [ 0, 0, 0, 0, 0 ], [ 0, 2007, 236, 278 ]
5926 / 10000: [ 0, 0, 0, 0, 0 ], [ 0, 2007, 236, 278 ]
5927 / 10000: [ 0, 0, 1, 0, 0 ], [ 0, 2007, 236, 278 ]
5928 / 10000: [ 0, 0, 0, 0, 0 ], [ 0, 2007, 236, 278 ]
5929 / 10000: [ 0, 0, 0, 0, 0 ], [ 0, 2007, 236, 278 ]
5930 / 10000: [ 0, 0, 0, 0, 0 ], [ 0, 2007, 236, 278 ]
5931 / 10000: [ 0, 0, 0, 0, 0 ], [ 0, 2007, 236, 278 ]
5932 / 10000: [ 0, 0, 0, 0, 0 ], [ 0, 2007, 236, 278 ]
5933 / 10000: [ 0, 0, 0, 0, 0 ], [ 0, 2007, 236, 278 ]
5934 / 10000: [ 0, 0, 0, 0, 0 ], [ 0, 2007, 236, 278 ]
5935 / 10000: [ 0, 0, 0, 0, 0 ], [ 0, 2007, 236, 278 ]
5936 / 10000: [ 0, 0, 0, 0, 0 ], [ 0, 2007, 236, 278 ]
5937 / 10000: [ 0, 0, 0, 0, 0 ], [ 0, 2007, 236, 278 ]
5938 / 10000: [ 0, 0, 0, 0, 0 ], [ 0, 2007, 236, 278 ]
5939 / 10000: [ 0, 0, 0, 0, 0 ], [ 0, 2007, 236, 278 ]
5940 / 10000: [ 0, 0, 0, 0, 0 ], [ 0, 2007, 236, 278 ]
5941 / 10000: [ 0, 0, 0, 0, 0 ], [ 0, 2007, 236, 278 ]
5942 / 10000: [ 0, 0, 0, 0, 0 ], [ 0, 2007, 236, 278 ]
5943 / 10000: [ 0, 1, 0, 0, 0 ], [ 0, 2007, 236, 278 ]
5944 / 10000: [ 0, 0, 0, 0, 0 ], [ 0, 2007, 236, 278 ]
5945 / 10000: [ 0, 0, 0, 0, 0 ], [ 0, 2007, 236, 278 ]
5946 / 10000: [ 0, 0, 1, 0, 0 ], [ 0, 2007, 236, 278 ]
5947 / 10000: [ 0, 0, 0, 0, 0 ], [ 0, 2007, 236, 278 ]
5948 / 10000: [ 0, 0, 0, 0, 0 ], [ 0, 2007, 236, 278 ]
5949 / 10000: [ 0, 2, 0, 0, 0 ], [ 0, 2008, 236, 278 ]
5950 / 10000: [ 0, 1, 0, 0, 0 ], [ 0, 2008, 236, 278 ]
5951 / 10000: [ 0, 0, 0, 0, 0 ], [ 0, 2008, 236, 278 ]
5952 / 10000: [ 0, 0, 0, 0, 0 ], [ 0, 2008, 236, 278 ]
5953 / 10000: [ 0, 0, 0, 0, 0 ], [ 0, 2008, 236, 278 ]
5954 / 10000: [ 0, 0, 0, 0, 0 ], [ 0, 2008, 236, 278 ]
5955 / 10000: [ 0, 0, 0, 0, 0 ], [ 0, 2008, 236, 278 ]
5956 / 10000: [ 0, 0, 0, 0, 0 ], [ 0, 2008, 236, 278 ]
5957 / 10000: [ 0, 0, 0, 0, 0 ], [ 0, 2008, 236, 278 ]
5958 / 10000: [ 0, 2, 0, 0, 0 ], [ 0, 2009, 236, 278 ]
5959 / 10000: [ 0, 0, 0, 0, 0 ], [ 0, 2009, 236, 278 ]
5960 / 10000: [ 0, 0, 0, 0, 0 ], [ 0, 2009, 236, 278 ]
5961 / 10000: [ 0, 1, 0, 0, 0 ], [ 0, 2009, 236, 278 ]
5962 / 10000: [ 0, 1, 0, 0, 0 ], [ 0, 2009, 236, 278 ]
5963 / 10000: [ 0, 1, 0, 0, 0 ], [ 0, 2009, 236, 278 ]
5964 / 10000: [ 0, 0, 0, 0, 0 ], [ 0, 2009, 236, 278 ]
5965 / 10000: [ 0, 0, 0, 0, 0 ], [ 0, 2009, 236, 278 ]
5966 / 10000: [ 0, 0, 0, 0, 0 ], [ 0, 2009, 236, 278 ]
5967 / 10000: [ 0, 0, 0, 0, 0 ], [ 0, 2009, 236, 278 ]
5968 / 10000: [ 0, 0, 0, 0, 0 ], [ 0, 2009, 236, 278 ]
5969 / 10000: [ 0, 2, 0, 0, 0 ], [ 0, 2010, 236, 278 ]
5970 / 10000: [ 0, 2, 0, 0, 0 ], [ 0, 2011, 236, 278 ]
5971 / 10000: [ 0, 0, 0, 0, 0 ], [ 0, 2011, 236, 278 ]
5972 / 10000: [ 0, 0, 0, 0, 0 ], [ 0, 2011, 236, 278 ]
5973 / 10000: [ 0, 0, 0, 0, 0 ], [ 0, 2011, 236, 278 ]
5974 / 10000: [ 0, 2, 0, 0, 0 ], [ 0, 2012, 236, 278 ]
5975 / 10000: [ 0, 0, 0, 0, 0 ], [ 0, 2012, 236, 278 ]
5976 / 10000: [ 0, 0, 0, 0, 0 ], [ 0, 2012, 236, 278 ]
5977 / 10000: [ 0, 0, 0, 0, 0 ], [ 0, 2012, 236, 278 ]
5978 / 10000: [ 0, 0, 0, 0, 0 ], [ 0, 2012, 236, 278 ]
5979 / 10000: [ 0, 0, 0, 0, 0 ], [ 0, 2012, 236, 278 ]
5980 / 10000: [ 0, 0, 0, 0, 0 ], [ 0, 2012, 236, 278 ]
5981 / 10000: [ 0, 0, 0, 0, 0 ], [ 0, 2012, 236, 278 ]
5982 / 10000: [ 0, 0, 0, 0, 0 ], [ 0, 2012, 236, 278 ]
5983 / 10000: [ 0, 1, 0, 0, 0 ], [ 0, 2012, 236, 278 ]
5984 / 10000: [ 0, 0, 0, 0, 0 ], [ 0, 2012, 236, 278 ]
5985 / 10000: [ 0, 0, 0, 0, 0 ], [ 0, 2012, 236, 278 ]
5986 / 10000: [ 0, 1, 0, 0, 0 ], [ 0, 2012, 236, 278 ]
5987 / 10000: [ 0, 0, 0, 0, 0 ], [ 0, 2012, 236, 278 ]
5988 / 10000: [ 0, 0, 0, 0, 0 ], [ 0, 2012, 236, 278 ]
5989 / 10000: [ 0, 0, 0, 0, 0 ], [ 0, 2012, 236, 278 ]
5990 / 10000: [ 0, 0, 0, 0, 0 ], [ 0, 2012, 236, 278 ]
5991 / 10000: [ 0, 0, 0, 0, 0 ], [ 0, 2012, 236, 278 ]
5992 / 10000: [ 0, 0, 0, 0, 0 ], [ 0, 2012, 236, 278 ]
5993 / 10000: [ 0, 0, 0, 0, 0 ], [ 0, 2012, 236, 278 ]
5994 / 10000: [ 0, 0, 0, 0, 0 ], [ 0, 2012, 236, 278 ]
5995 / 10000: [ 0, 0, 0, 0, 0 ], [ 0, 2012, 236, 278 ]
5996 / 10000: [ 0, 0, 0, 0, 0 ], [ 0, 2012, 236, 278 ]
5997 / 10000: [ 0, 1, 0, 0, 0 ], [ 0, 2012, 236, 278 ]
5998 / 10000: [ 0, 0, 0, 0, 0 ], [ 0, 2012, 236, 278 ]
5999 / 10000: [ 0, 0, 0, 0, 0 ], [ 0, 2012, 236, 278 ]
6000 / 10000: [ 0, 1, 0, 0, 0 ], [ 0, 2012, 236, 278 ]
6001 / 10000: [ 0, 1, 0, 0, 0 ], [ 0, 2012, 236, 278 ]
6002 / 10000: [ 0, 0, 0, 0, 0 ], [ 0, 2012, 236, 278 ]
6003 / 10000: [ 0, 0, 0, 1, 0 ], [ 0, 2012, 236, 278 ]
6004 / 10000: [ 0, 0, 0, 1, 0 ], [ 0, 2012, 236, 278 ]
6005 / 10000: [ 0, 1, 0, 0, 0 ], [ 0, 2012, 236, 278 ]
6006 / 10000: [ 0, 0, 0, 0, 0 ], [ 0, 2012, 236, 278 ]
6007 / 10000: [ 0, 1, 0, 0, 0 ], [ 0, 2012, 236, 278 ]
6008 / 10000: [ 0, 1, 0, 1, 0 ], [ 0, 2012, 236, 279 ]
6009 / 10000: [ 0, 0, 0, 0, 0 ], [ 0, 2012, 236, 279 ]
6010 / 10000: [ 0, 0, 0, 1, 0 ], [ 0, 2012, 236, 279 ]
6011 / 10000: [ 0, 0, 0, 0, 1 ], [ 0, 2012, 236, 279 ]
6012 / 10000: [ 0, 0, 0, 0, 0 ], [ 0, 2012, 236, 279 ]
6013 / 10000: [ 0, 0, 0, 0, 0 ], [ 0, 2012, 236, 279 ]
6014 / 10000: [ 0, 0, 0, 0, 0 ], [ 0, 2012, 236, 279 ]
6015 / 10000: [ 0, 0, 0, 1, 0 ], [ 0, 2012, 236, 279 ]
6016 / 10000: [ 0, 0, 0, 1, 0 ], [ 0, 2012, 236, 279 ]
6017 / 10000: [ 0, 0, 0, 2, 0 ], [ 0, 2012, 236, 280 ]
6018 / 10000: [ 0, 0, 0, 0, 0 ], [ 0, 2012, 236, 280 ]
6019 / 10000: [ 0, 0, 0, 2, 0 ], [ 0, 2012, 236, 281 ]
6020 / 10000: [ 0, 0, 0, 0, 0 ], [ 0, 2012, 236, 281 ]
6021 / 10000: [ 0, 2, 0, 0, 0 ], [ 0, 2013, 236, 281 ]
6022 / 10000: [ 0, 0, 0, 1, 0 ], [ 0, 2013, 236, 281 ]
6023 / 10000: [ 0, 0, 0, 0, 0 ], [ 0, 2013, 236, 281 ]
6024 / 10000: [ 0, 0, 0, 0, 0 ], [ 0, 2013, 236, 281 ]
6025 / 10000: [ 0, 1, 0, 1, 0 ], [ 0, 2013, 236, 282 ]
6026 / 10000: [ 0, 0, 0, 2, 0 ], [ 0, 2013, 236, 283 ]
6027 / 10000: [ 0, 0, 0, 0, 0 ], [ 0, 2013, 236, 283 ]
6028 / 10000: [ 0, 0, 0, 0, 0 ], [ 0, 2013, 236, 283 ]
6029 / 10000: [ 0, 2, 0, 0, 0 ], [ 0, 2014, 236, 283 ]
6030 / 10000: [ 0, 0, 0, 0, 0 ], [ 0, 2014, 236, 283 ]
6031 / 10000: [ 0, 0, 0, 0, 0 ], [ 0, 2014, 236, 283 ]
6032 / 10000: [ 0, 1, 0, 1, 0 ], [ 0, 2014, 236, 284 ]
6033 / 10000: [ 0, 0, 0, 1, 0 ], [ 0, 2014, 236, 284 ]
6034 / 10000: [ 0, 2, 0, 0, 0 ], [ 0, 2015, 236, 284 ]
6035 / 10000: [ 0, 0, 0, 1, 0 ], [ 0, 2015, 236, 284 ]
6036 / 10000: [ 0, 0, 0, 0, 0 ], [ 0, 2015, 236, 284 ]
6037 / 10000: [ 0, 0, 0, 1, 0 ], [ 0, 2015, 236, 284 ]
6038 / 10000: [ 0, 0, 0, 0, 0 ], [ 0, 2015, 236, 284 ]
6039 / 10000: [ 0, 1, 0, 1, 0 ], [ 0, 2015, 236, 285 ]
6040 / 10000: [ 0, 1, 0, 0, 0 ], [ 0, 2015, 236, 285 ]
6041 / 10000: [ 0, 0, 0, 0, 0 ], [ 0, 2015, 236, 285 ]
6042 / 10000: [ 0, 0, 0, 2, 0 ], [ 0, 2015, 236, 286 ]
6043 / 10000: [ 0, 0, 0, 0, 0 ], [ 0, 2015, 236, 286 ]
6044 / 10000: [ 0, 0, 0, 0, 0 ], [ 0, 2015, 236, 286 ]
6045 / 10000: [ 0, 0, 0, 1, 0 ], [ 0, 2015, 236, 286 ]
6046 / 10000: [ 0, 0, 0, 1, 0 ], [ 0, 2015, 236, 286 ]
6047 / 10000: [ 0, 1, 0, 0, 0 ], [ 0, 2015, 236, 286 ]
6048 / 10000: [ 0, 0, 0, 0, 0 ], [ 0, 2015, 236, 286 ]
6049 / 10000: [ 0, 0, 0, 0, 0 ], [ 0, 2015, 236, 286 ]
6050 / 10000: [ 0, 0, 0, 0, 0 ], [ 0, 2015, 236, 286 ]
6051 / 10000: [ 0, 0, 0, 0, 0 ], [ 0, 2015, 236, 286 ]
6052 / 10000: [ 0, 0, 0, 0, 0 ], [ 0, 2015, 236, 286 ]
6053 / 10000: [ 0, 0, 0, 0, 0 ], [ 0, 2015, 236, 286 ]
6054 / 10000: [ 0, 0, 0, 1, 0 ], [ 0, 2015, 236, 286 ]
6055 / 10000: [ 0, 0, 0, 1, 0 ], [ 0, 2015, 236, 286 ]
6056 / 10000: [ 0, 0, 0, 0, 0 ], [ 0, 2015, 236, 286 ]
6057 / 10000: [ 0, 0, 0, 0, 0 ], [ 0, 2015, 236, 286 ]
6058 / 10000: [ 0, 1, 0, 0, 0 ], [ 0, 2015, 236, 286 ]
6059 / 10000: [ 0, 1, 0, 0, 0 ], [ 0, 2015, 236, 286 ]
6060 / 10000: [ 0, 0, 0, 2, 0 ], [ 0, 2015, 236, 287 ]
6061 / 10000: [ 0, 1, 0, 1, 0 ], [ 0, 2015, 236, 288 ]
6062 / 10000: [ 0, 1, 0, 1, 0 ], [ 0, 2015, 236, 289 ]
6063 / 10000: [ 0, 2, 0, 0, 0 ], [ 0, 2016, 236, 289 ]
6064 / 10000: [ 0, 0, 0, 0, 0 ], [ 0, 2016, 236, 289 ]
6065 / 10000: [ 0, 0, 0, 1, 0 ], [ 0, 2016, 236, 289 ]
6066 / 10000: [ 0, 1, 0, 0, 0 ], [ 0, 2016, 236, 289 ]
6067 / 10000: [ 0, 0, 0, 0, 0 ], [ 0, 2016, 236, 289 ]
6068 / 10000: [ 0, 0, 0, 0, 0 ], [ 0, 2016, 236, 289 ]
6069 / 10000: [ 0, 1, 0, 0, 0 ], [ 0, 2016, 236, 289 ]
6070 / 10000: [ 0, 1, 0, 0, 0 ], [ 0, 2016, 236, 289 ]
6071 / 10000: [ 0, 0, 0, 1, 0 ], [ 0, 2016, 236, 289 ]
6072 / 10000: [ 0, 1, 0, 0, 0 ], [ 0, 2016, 236, 289 ]
6073 / 10000: [ 0, 0, 0, 0, 0 ], [ 0, 2016, 236, 289 ]
6074 / 10000: [ 0, 1, 0, 1, 0 ], [ 0, 2016, 236, 290 ]
6075 / 10000: [ 0, 0, 0, 2, 0 ], [ 0, 2016, 236, 291 ]
6076 / 10000: [ 0, 0, 0, 1, 0 ], [ 0, 2016, 236, 291 ]
6077 / 10000: [ 0, 0, 0, 1, 0 ], [ 0, 2016, 236, 291 ]
6078 / 10000: [ 0, 0, 0, 1, 0 ], [ 0, 2016, 236, 291 ]
6079 / 10000: [ 0, 0, 0, 0, 0 ], [ 0, 2016, 236, 291 ]
6080 / 10000: [ 0, 0, 0, 0, 0 ], [ 0, 2016, 236, 291 ]
6081 / 10000: [ 0, 1, 0, 0, 0 ], [ 0, 2016, 236, 291 ]
6082 / 10000: [ 0, 0, 0, 0, 0 ], [ 0, 2016, 236, 291 ]
6083 / 10000: [ 0, 0, 0, 0, 0 ], [ 0, 2016, 236, 291 ]
6084 / 10000: [ 0, 1, 0, 0, 0 ], [ 0, 2016, 236, 291 ]
6085 / 10000: [ 0, 0, 0, 0, 0 ], [ 0, 2016, 236, 291 ]
6086 / 10000: [ 0, 0, 0, 1, 0 ], [ 0, 2016, 236, 291 ]
6087 / 10000: [ 0, 1, 0, 0, 0 ], [ 0, 2016, 236, 291 ]
6088 / 10000: [ 0, 0, 0, 0, 0 ], [ 0, 2016, 236, 291 ]
6089 / 10000: [ 0, 0, 0, 2, 0 ], [ 0, 2016, 236, 292 ]
6090 / 10000: [ 0, 1, 0, 0, 0 ], [ 0, 2016, 236, 292 ]
6091 / 10000: [ 0, 0, 0, 1, 0 ], [ 0, 2016, 236, 292 ]
6092 / 10000: [ 0, 0, 0, 0, 0 ], [ 0, 2016, 236, 292 ]
6093 / 10000: [ 0, 0, 0, 1, 0 ], [ 0, 2016, 236, 292 ]
6094 / 10000: [ 0, 1, 0, 0, 0 ], [ 0, 2016, 236, 292 ]
6095 / 10000: [ 0, 1, 0, 1, 0 ], [ 0, 2016, 236, 293 ]
6096 / 10000: [ 0, 0, 0, 0, 0 ], [ 0, 2016, 236, 293 ]
6097 / 10000: [ 0, 0, 0, 1, 0 ], [ 0, 2016, 236, 293 ]
6098 / 10000: [ 0, 0, 0, 0, 0 ], [ 0, 2016, 236, 293 ]
6099 / 10000: [ 0, 0, 0, 0, 0 ], [ 0, 2016, 236, 293 ]
6100 / 10000: [ 0, 0, 0, 0, 0 ], [ 0, 2016, 236, 293 ]
6101 / 10000: [ 0, 2, 0, 0, 0 ], [ 0, 2017, 236, 293 ]
6102 / 10000: [ 0, 1, 0, 0, 0 ], [ 0, 2017, 236, 293 ]
6103 / 10000: [ 0, 2, 0, 0, 0 ], [ 0, 2018, 236, 293 ]
6104 / 10000: [ 0, 1, 0, 0, 0 ], [ 0, 2018, 236, 293 ]
6105 / 10000: [ 0, 2, 0, 0, 0 ], [ 0, 2019, 236, 293 ]
6106 / 10000: [ 0, 2, 0, 0, 0 ], [ 0, 2020, 236, 293 ]
6107 / 10000: [ 0, 2, 0, 0, 0 ], [ 0, 2021, 236, 293 ]
6108 / 10000: [ 0, 1, 0, 0, 0 ], [ 0, 2021, 236, 293 ]
6109 / 10000: [ 0, 2, 0, 0, 0 ], [ 0, 2022, 236, 293 ]
6110 / 10000: [ 0, 0, 0, 0, 0 ], [ 0, 2022, 236, 293 ]
6111 / 10000: [ 0, 2, 0, 0, 0 ], [ 0, 2023, 236, 293 ]
6112 / 10000: [ 0, 2, 0, 0, 0 ], [ 0, 2024, 236, 293 ]
6113 / 10000: [ 0, 2, 0, 0, 0 ], [ 0, 2025, 236, 293 ]
6114 / 10000: [ 0, 2, 0, 0, 0 ], [ 0, 2026, 236, 293 ]
6115 / 10000: [ 0, 1, 0, 0, 0 ], [ 0, 2026, 236, 293 ]
6116 / 10000: [ 0, 1, 0, 0, 0 ], [ 0, 2026, 236, 293 ]
6117 / 10000: [ 0, 1, 0, 0, 0 ], [ 0, 2026, 236, 293 ]
6118 / 10000: [ 0, 1, 0, 0, 0 ], [ 0, 2026, 236, 293 ]
6119 / 10000: [ 0, 0, 0, 0, 0 ], [ 0, 2026, 236, 293 ]
6120 / 10000: [ 0, 0, 0, 0, 0 ], [ 0, 2026, 236, 293 ]
6121 / 10000: [ 0, 0, 0, 0, 0 ], [ 0, 2026, 236, 293 ]
6122 / 10000: [ 0, 0, 0, 0, 0 ], [ 0, 2026, 236, 293 ]
6123 / 10000: [ 0, 1, 0, 0, 0 ], [ 0, 2026, 236, 293 ]
6124 / 10000: [ 0, 2, 0, 0, 0 ], [ 0, 2027, 236, 293 ]
6125 / 10000: [ 0, 2, 0, 0, 0 ], [ 0, 2028, 236, 293 ]
6126 / 10000: [ 0, 0, 0, 2, 0 ], [ 0, 2028, 236, 294 ]
6127 / 10000: [ 0, 1, 0, 0, 0 ], [ 0, 2028, 236, 294 ]
6128 / 10000: [ 0, 1, 0, 0, 0 ], [ 0, 2028, 236, 294 ]
6129 / 10000: [ 0, 0, 0, 0, 0 ], [ 0, 2028, 236, 294 ]
6130 / 10000: [ 0, 1, 0, 0, 0 ], [ 0, 2028, 236, 294 ]
6131 / 10000: [ 0, 1, 0, 0, 0 ], [ 0, 2028, 236, 294 ]
6132 / 10000: [ 0, 2, 0, 0, 0 ], [ 0, 2029, 236, 294 ]
6133 / 10000: [ 0, 2, 0, 0, 0 ], [ 0, 2030, 236, 294 ]
6134 / 10000: [ 0, 2, 0, 0, 0 ], [ 0, 2031, 236, 294 ]
6135 / 10000: [ 0, 0, 0, 0, 0 ], [ 0, 2031, 236, 294 ]
6136 / 10000: [ 0, 1, 0, 0, 0 ], [ 0, 2031, 236, 294 ]
6137 / 10000: [ 0, 2, 0, 0, 0 ], [ 0, 2032, 236, 294 ]
6138 / 10000: [ 0, 0, 1, 0, 0 ], [ 0, 2032, 236, 294 ]
6139 / 10000: [ 0, 1, 0, 0, 0 ], [ 0, 2032, 236, 294 ]
6140 / 10000: [ 0, 1, 0, 0, 0 ], [ 0, 2032, 236, 294 ]
6141 / 10000: [ 0, 2, 0, 0, 0 ], [ 0, 2033, 236, 294 ]
6142 / 10000: [ 0, 0, 0, 0, 0 ], [ 0, 2033, 236, 294 ]
6143 / 10000: [ 0, 0, 0, 0, 0 ], [ 0, 2033, 236, 294 ]
6144 / 10000: [ 0, 0, 0, 0, 0 ], [ 0, 2033, 236, 294 ]
6145 / 10000: [ 0, 0, 0, 0, 0 ], [ 0, 2033, 236, 294 ]
6146 / 10000: [ 0, 0, 0, 0, 0 ], [ 0, 2033, 236, 294 ]
6147 / 10000: [ 0, 2, 0, 0, 0 ], [ 0, 2034, 236, 294 ]
6148 / 10000: [ 0, 0, 0, 0, 0 ], [ 0, 2034, 236, 294 ]
6149 / 10000: [ 0, 2, 0, 0, 0 ], [ 0, 2035, 236, 294 ]
6150 / 10000: [ 0, 2, 0, 0, 0 ], [ 0, 2036, 236, 294 ]
6151 / 10000: [ 0, 0, 0, 0, 0 ], [ 0, 2036, 236, 294 ]
6152 / 10000: [ 0, 1, 0, 0, 0 ], [ 0, 2036, 236, 294 ]
6153 / 10000: [ 0, 0, 1, 0, 0 ], [ 0, 2036, 236, 294 ]
6154 / 10000: [ 0, 2, 0, 0, 0 ], [ 0, 2037, 236, 294 ]
6155 / 10000: [ 0, 0, 0, 0, 0 ], [ 0, 2037, 236, 294 ]
6156 / 10000: [ 0, 1, 0, 0, 0 ], [ 0, 2037, 236, 294 ]
6157 / 10000: [ 0, 0, 1, 0, 0 ], [ 0, 2037, 236, 294 ]
6158 / 10000: [ 0, 2, 0, 0, 0 ], [ 0, 2038, 236, 294 ]
6159 / 10000: [ 0, 2, 0, 0, 0 ], [ 0, 2039, 236, 294 ]
6160 / 10000: [ 0, 1, 0, 1, 0 ], [ 0, 2039, 236, 295 ]
6161 / 10000: [ 0, 1, 0, 0, 0 ], [ 0, 2039, 236, 295 ]
6162 / 10000: [ 0, 2, 0, 0, 0 ], [ 0, 2040, 236, 295 ]
6163 / 10000: [ 0, 1, 0, 0, 0 ], [ 0, 2040, 236, 295 ]
6164 / 10000: [ 0, 2, 0, 0, 0 ], [ 0, 2041, 236, 295 ]
6165 / 10000: [ 0, 0, 0, 0, 0 ], [ 0, 2041, 236, 295 ]
6166 / 10000: [ 0, 2, 0, 0, 0 ], [ 0, 2042, 236, 295 ]
6167 / 10000: [ 0, 0, 0, 0, 0 ], [ 0, 2042, 236, 295 ]
6168 / 10000: [ 0, 2, 0, 0, 0 ], [ 0, 2043, 236, 295 ]
6169 / 10000: [ 0, 1, 0, 0, 0 ], [ 0, 2043, 236, 295 ]
6170 / 10000: [ 0, 2, 0, 0, 0 ], [ 0, 2044, 236, 295 ]
6171 / 10000: [ 0, 0, 0, 0, 0 ], [ 0, 2044, 236, 295 ]
6172 / 10000: [ 0, 1, 0, 0, 0 ], [ 0, 2044, 236, 295 ]
6173 / 10000: [ 0, 1, 0, 0, 0 ], [ 0, 2044, 236, 295 ]
6174 / 10000: [ 0, 2, 0, 0, 0 ], [ 0, 2045, 236, 295 ]
6175 / 10000: [ 0, 0, 0, 0, 0 ], [ 0, 2045, 236, 295 ]
6176 / 10000: [ 0, 0, 0, 0, 0 ], [ 0, 2045, 236, 295 ]
6177 / 10000: [ 0, 0, 0, 0, 0 ], [ 0, 2045, 236, 295 ]
6178 / 10000: [ 0, 1, 0, 0, 0 ], [ 0, 2045, 236, 295 ]
6179 / 10000: [ 0, 1, 0, 0, 0 ], [ 0, 2045, 236, 295 ]
6180 / 10000: [ 0, 0, 0, 0, 0 ], [ 0, 2045, 236, 295 ]
6181 / 10000: [ 0, 1, 0, 0, 0 ], [ 0, 2045, 236, 295 ]
6182 / 10000: [ 0, 0, 0, 0, 0 ], [ 0, 2045, 236, 295 ]
6183 / 10000: [ 0, 0, 0, 0, 0 ], [ 0, 2045, 236, 295 ]
6184 / 10000: [ 0, 1, 0, 0, 0 ], [ 0, 2045, 236, 295 ]
6185 / 10000: [ 0, 1, 0, 0, 0 ], [ 0, 2045, 236, 295 ]
6186 / 10000: [ 0, 1, 0, 0, 0 ], [ 0, 2045, 236, 295 ]
6187 / 10000: [ 0, 1, 0, 0, 0 ], [ 0, 2045, 236, 295 ]
6188 / 10000: [ 0, 0, 0, 0, 0 ], [ 0, 2045, 236, 295 ]
6189 / 10000: [ 0, 0, 0, 0, 0 ], [ 0, 2045, 236, 295 ]
6190 / 10000: [ 0, 2, 0, 0, 0 ], [ 0, 2046, 236, 295 ]
6191 / 10000: [ 0, 2, 0, 0, 0 ], [ 0, 2047, 236, 295 ]
6192 / 10000: [ 0, 1, 0, 0, 0 ], [ 0, 2047, 236, 295 ]
6193 / 10000: [ 0, 1, 0, 0, 0 ], [ 0, 2047, 236, 295 ]
6194 / 10000: [ 0, 2, 0, 0, 0 ], [ 0, 2048, 236, 295 ]
6195 / 10000: [ 0, 2, 0, 0, 0 ], [ 0, 2049, 236, 295 ]
6196 / 10000: [ 0, 1, 0, 0, 0 ], [ 0, 2049, 236, 295 ]
6197 / 10000: [ 0, 1, 0, 0, 0 ], [ 0, 2049, 236, 295 ]
6198 / 10000: [ 0, 0, 0, 0, 0 ], [ 0, 2049, 236, 295 ]
6199 / 10000: [ 0, 0, 0, 0, 0 ], [ 0, 2049, 236, 295 ]
6200 / 10000: [ 0, 1, 0, 0, 0 ], [ 0, 2049, 236, 295 ]
6201 / 10000: [ 0, 2, 0, 0, 0 ], [ 0, 2050, 236, 295 ]
6202 / 10000: [ 0, 2, 0, 0, 0 ], [ 0, 2051, 236, 295 ]
6203 / 10000: [ 0, 0, 0, 0, 0 ], [ 0, 2051, 236, 295 ]
6204 / 10000: [ 0, 1, 0, 0, 0 ], [ 0, 2051, 236, 295 ]
6205 / 10000: [ 0, 1, 0, 0, 0 ], [ 0, 2051, 236, 295 ]
6206 / 10000: [ 0, 2, 0, 0, 0 ], [ 0, 2052, 236, 295 ]
6207 / 10000: [ 0, 2, 0, 0, 0 ], [ 0, 2053, 236, 295 ]
6208 / 10000: [ 0, 0, 0, 0, 0 ], [ 0, 2053, 236, 295 ]
6209 / 10000: [ 0, 0, 0, 0, 0 ], [ 0, 2053, 236, 295 ]
6210 / 10000: [ 0, 1, 1, 0, 0 ], [ 0, 2053, 237, 295 ]
6211 / 10000: [ 0, 0, 0, 0, 0 ], [ 0, 2053, 237, 295 ]
6212 / 10000: [ 0, 2, 0, 0, 0 ], [ 0, 2054, 237, 295 ]
6213 / 10000: [ 0, 0, 0, 0, 0 ], [ 0, 2054, 237, 295 ]
6214 / 10000: [ 0, 0, 0, 0, 0 ], [ 0, 2054, 237, 295 ]
6215 / 10000: [ 0, 1, 0, 0, 0 ], [ 0, 2054, 237, 295 ]
6216 / 10000: [ 0, 0, 0, 0, 0 ], [ 0, 2054, 237, 295 ]
6217 / 10000: [ 0, 0, 0, 0, 0 ], [ 0, 2054, 237, 295 ]
6218 / 10000: [ 0, 2, 0, 0, 0 ], [ 0, 2055, 237, 295 ]
6219 / 10000: [ 0, 1, 0, 0, 0 ], [ 0, 2055, 237, 295 ]
6220 / 10000: [ 0, 0, 0, 0, 0 ], [ 0, 2055, 237, 295 ]
6221 / 10000: [ 0, 0, 0, 0, 0 ], [ 0, 2055, 237, 295 ]
6222 / 10000: [ 0, 1, 0, 0, 0 ], [ 0, 2055, 237, 295 ]
6223 / 10000: [ 0, 0, 0, 0, 0 ], [ 0, 2055, 237, 295 ]
6224 / 10000: [ 0, 2, 0, 0, 0 ], [ 0, 2056, 237, 295 ]
6225 / 10000: [ 0, 2, 0, 0, 0 ], [ 0, 2057, 237, 295 ]
6226 / 10000: [ 0, 2, 0, 0, 0 ], [ 0, 2058, 237, 295 ]
6227 / 10000: [ 0, 0, 0, 0, 0 ], [ 0, 2058, 237, 295 ]
6228 / 10000: [ 0, 1, 1, 0, 0 ], [ 0, 2058, 238, 295 ]
6229 / 10000: [ 0, 2, 0, 0, 0 ], [ 0, 2059, 238, 295 ]
6230 / 10000: [ 0, 2, 0, 0, 0 ], [ 0, 2060, 238, 295 ]
6231 / 10000: [ 0, 2, 0, 0, 0 ], [ 0, 2061, 238, 295 ]
6232 / 10000: [ 0, 2, 0, 0, 0 ], [ 0, 2062, 238, 295 ]
6233 / 10000: [ 0, 2, 0, 0, 0 ], [ 0, 2063, 238, 295 ]
6234 / 10000: [ 0, 1, 0, 0, 0 ], [ 0, 2063, 238, 295 ]
6235 / 10000: [ 0, 0, 0, 0, 0 ], [ 0, 2063, 238, 295 ]
6236 / 10000: [ 0, 1, 0, 0, 0 ], [ 0, 2063, 238, 295 ]
6237 / 10000: [ 0, 1, 0, 0, 0 ], [ 0, 2063, 238, 295 ]
6238 / 10000: [ 0, 0, 0, 0, 0 ], [ 0, 2063, 238, 295 ]
6239 / 10000: [ 0, 0, 0, 0, 0 ], [ 0, 2063, 238, 295 ]
6240 / 10000: [ 0, 0, 0, 0, 0 ], [ 0, 2063, 238, 295 ]
6241 / 10000: [ 0, 1, 0, 0, 0 ], [ 0, 2063, 238, 295 ]
6242 / 10000: [ 0, 2, 0, 0, 0 ], [ 0, 2064, 238, 295 ]
6243 / 10000: [ 0, 1, 0, 0, 0 ], [ 0, 2064, 238, 295 ]
6244 / 10000: [ 0, 0, 0, 0, 0 ], [ 0, 2064, 238, 295 ]
6245 / 10000: [ 0, 1, 0, 0, 0 ], [ 0, 2064, 238, 295 ]
6246 / 10000: [ 0, 1, 0, 0, 0 ], [ 0, 2064, 238, 295 ]
6247 / 10000: [ 0, 1, 0, 0, 0 ], [ 0, 2064, 238, 295 ]
6248 / 10000: [ 0, 1, 0, 0, 0 ], [ 0, 2064, 238, 295 ]
6249 / 10000: [ 0, 2, 0, 0, 0 ], [ 0, 2065, 238, 295 ]
6250 / 10000: [ 0, 0, 0, 0, 0 ], [ 0, 2065, 238, 295 ]
6251 / 10000: [ 0, 0, 1, 0, 0 ], [ 0, 2065, 238, 295 ]
6252 / 10000: [ 0, 0, 0, 0, 0 ], [ 0, 2065, 238, 295 ]
6253 / 10000: [ 0, 1, 0, 0, 0 ], [ 0, 2065, 238, 295 ]
6254 / 10000: [ 0, 2, 0, 0, 0 ], [ 0, 2066, 238, 295 ]
6255 / 10000: [ 0, 0, 1, 0, 0 ], [ 0, 2066, 238, 295 ]
6256 / 10000: [ 0, 1, 1, 0, 0 ], [ 0, 2066, 239, 295 ]
6257 / 10000: [ 0, 0, 0, 0, 0 ], [ 0, 2066, 239, 295 ]
6258 / 10000: [ 0, 2, 0, 0, 0 ], [ 0, 2067, 239, 295 ]
6259 / 10000: [ 0, 1, 0, 0, 0 ], [ 0, 2067, 239, 295 ]
6260 / 10000: [ 0, 1, 0, 1, 0 ], [ 0, 2067, 239, 296 ]
6261 / 10000: [ 0, 2, 0, 0, 0 ], [ 0, 2068, 239, 296 ]
6262 / 10000: [ 0, 1, 0, 0, 0 ], [ 0, 2068, 239, 296 ]
6263 / 10000: [ 0, 0, 0, 0, 0 ], [ 0, 2068, 239, 296 ]
6264 / 10000: [ 0, 2, 0, 0, 0 ], [ 0, 2069, 239, 296 ]
6265 / 10000: [ 0, 0, 0, 0, 0 ], [ 0, 2069, 239, 296 ]
6266 / 10000: [ 0, 1, 0, 0, 0 ], [ 0, 2069, 239, 296 ]
6267 / 10000: [ 0, 0, 0, 0, 0 ], [ 0, 2069, 239, 296 ]
6268 / 10000: [ 0, 1, 0, 0, 0 ], [ 0, 2069, 239, 296 ]
6269 / 10000: [ 0, 1, 0, 0, 0 ], [ 0, 2069, 239, 296 ]
6270 / 10000: [ 0, 0, 0, 0, 0 ], [ 0, 2069, 239, 296 ]
6271 / 10000: [ 0, 1, 0, 0, 0 ], [ 0, 2069, 239, 296 ]
6272 / 10000: [ 0, 2, 0, 0, 0 ], [ 0, 2070, 239, 296 ]
6273 / 10000: [ 0, 2, 0, 0, 0 ], [ 0, 2071, 239, 296 ]
6274 / 10000: [ 0, 1, 0, 0, 0 ], [ 0, 2071, 239, 296 ]
6275 / 10000: [ 0, 0, 0, 0, 0 ], [ 0, 2071, 239, 296 ]
6276 / 10000: [ 0, 0, 0, 0, 0 ], [ 0, 2071, 239, 296 ]
6277 / 10000: [ 0, 1, 0, 0, 0 ], [ 0, 2071, 239, 296 ]
6278 / 10000: [ 0, 1, 0, 0, 0 ], [ 0, 2071, 239, 296 ]
6279 / 10000: [ 0, 0, 1, 0, 0 ], [ 0, 2071, 239, 296 ]
6280 / 10000: [ 0, 0, 0, 0, 0 ], [ 0, 2071, 239, 296 ]
6281 / 10000: [ 0, 0, 0, 0, 0 ], [ 0, 2071, 239, 296 ]
6282 / 10000: [ 0, 0, 0, 0, 0 ], [ 0, 2071, 239, 296 ]
6283 / 10000: [ 0, 1, 0, 0, 0 ], [ 0, 2071, 239, 296 ]
6284 / 10000: [ 0, 0, 0, 0, 0 ], [ 0, 2071, 239, 296 ]
6285 / 10000: [ 0, 0, 0, 1, 0 ], [ 0, 2071, 239, 296 ]
6286 / 10000: [ 0, 1, 0, 0, 0 ], [ 0, 2071, 239, 296 ]
6287 / 10000: [ 0, 0, 0, 0, 0 ], [ 0, 2071, 239, 296 ]
6288 / 10000: [ 0, 1, 0, 0, 0 ], [ 0, 2071, 239, 296 ]
6289 / 10000: [ 0, 0, 0, 0, 0 ], [ 0, 2071, 239, 296 ]
6290 / 10000: [ 0, 1, 0, 0, 0 ], [ 0, 2071, 239, 296 ]
6291 / 10000: [ 0, 1, 0, 0, 0 ], [ 0, 2071, 239, 296 ]
6292 / 10000: [ 0, 1, 0, 0, 0 ], [ 0, 2071, 239, 296 ]
6293 / 10000: [ 0, 1, 1, 0, 0 ], [ 0, 2071, 240, 296 ]
6294 / 10000: [ 0, 2, 0, 0, 0 ], [ 0, 2072, 240, 296 ]
6295 / 10000: [ 0, 2, 0, 0, 0 ], [ 0, 2073, 240, 296 ]
6296 / 10000: [ 0, 1, 1, 0, 0 ], [ 0, 2073, 241, 296 ]
6297 / 10000: [ 0, 0, 0, 0, 0 ], [ 0, 2073, 241, 296 ]
6298 / 10000: [ 0, 2, 0, 0, 0 ], [ 0, 2074, 241, 296 ]
6299 / 10000: [ 0, 1, 0, 0, 0 ], [ 0, 2074, 241, 296 ]
6300 / 10000: [ 0, 1, 0, 0, 0 ], [ 0, 2074, 241, 296 ]
6301 / 10000: [ 0, 2, 0, 0, 0 ], [ 0, 2075, 241, 296 ]
6302 / 10000: [ 0, 2, 0, 0, 0 ], [ 0, 2076, 241, 296 ]
6303 / 10000: [ 0, 2, 0, 0, 0 ], [ 0, 2077, 241, 296 ]
6304 / 10000: [ 0, 2, 0, 0, 0 ], [ 0, 2078, 241, 296 ]
6305 / 10000: [ 0, 1, 0, 0, 0 ], [ 0, 2078, 241, 296 ]
6306 / 10000: [ 0, 2, 0, 0, 0 ], [ 0, 2079, 241, 296 ]
6307 / 10000: [ 0, 2, 0, 0, 0 ], [ 0, 2080, 241, 296 ]
6308 / 10000: [ 0, 2, 0, 0, 0 ], [ 0, 2081, 241, 296 ]
6309 / 10000: [ 0, 0, 1, 0, 0 ], [ 0, 2081, 241, 296 ]
6310 / 10000: [ 0, 2, 0, 0, 0 ], [ 0, 2082, 241, 296 ]
6311 / 10000: [ 0, 1, 0, 0, 0 ], [ 0, 2082, 241, 296 ]
6312 / 10000: [ 0, 1, 1, 0, 0 ], [ 0, 2082, 242, 296 ]
6313 / 10000: [ 0, 0, 0, 0, 0 ], [ 0, 2082, 242, 296 ]
6314 / 10000: [ 0, 2, 0, 0, 0 ], [ 0, 2083, 242, 296 ]
6315 / 10000: [ 0, 0, 2, 0, 0 ], [ 0, 2083, 243, 296 ]
6316 / 10000: [ 0, 2, 0, 0, 0 ], [ 0, 2084, 243, 296 ]
6317 / 10000: [ 0, 2, 0, 0, 0 ], [ 0, 2085, 243, 296 ]
6318 / 10000: [ 0, 1, 0, 0, 0 ], [ 0, 2085, 243, 296 ]
6319 / 10000: [ 0, 2, 0, 0, 0 ], [ 0, 2086, 243, 296 ]
6320 / 10000: [ 0, 1, 0, 0, 0 ], [ 0, 2086, 243, 296 ]
6321 / 10000: [ 0, 1, 0, 0, 0 ], [ 0, 2086, 243, 296 ]
6322 / 10000: [ 0, 1, 0, 0, 0 ], [ 0, 2086, 243, 296 ]
6323 / 10000: [ 0, 0, 0, 0, 0 ], [ 0, 2086, 243, 296 ]
6324 / 10000: [ 0, 2, 0, 0, 0 ], [ 0, 2087, 243, 296 ]
6325 / 10000: [ 0, 1, 0, 0, 0 ], [ 0, 2087, 243, 296 ]
6326 / 10000: [ 0, 0, 1, 0, 0 ], [ 0, 2087, 243, 296 ]
6327 / 10000: [ 0, 0, 0, 0, 0 ], [ 0, 2087, 243, 296 ]
6328 / 10000: [ 0, 2, 0, 0, 0 ], [ 0, 2088, 243, 296 ]
6329 / 10000: [ 0, 2, 0, 0, 0 ], [ 0, 2089, 243, 296 ]
6330 / 10000: [ 0, 1, 1, 0, 0 ], [ 0, 2089, 244, 296 ]
6331 / 10000: [ 0, 0, 2, 0, 0 ], [ 0, 2089, 245, 296 ]
6332 / 10000: [ 0, 2, 0, 0, 0 ], [ 0, 2090, 245, 296 ]
6333 / 10000: [ 0, 1, 0, 0, 0 ], [ 0, 2090, 245, 296 ]
6334 / 10000: [ 0, 2, 0, 0, 0 ], [ 0, 2091, 245, 296 ]
6335 / 10000: [ 0, 2, 0, 0, 0 ], [ 0, 2092, 245, 296 ]
6336 / 10000: [ 0, 2, 0, 0, 0 ], [ 0, 2093, 245, 296 ]
6337 / 10000: [ 0, 2, 0, 0, 0 ], [ 0, 2094, 245, 296 ]
6338 / 10000: [ 0, 1, 0, 0, 0 ], [ 0, 2094, 245, 296 ]
6339 / 10000: [ 0, 2, 0, 0, 0 ], [ 0, 2095, 245, 296 ]
6340 / 10000: [ 0, 2, 0, 0, 0 ], [ 0, 2096, 245, 296 ]
6341 / 10000: [ 0, 1, 1, 0, 0 ], [ 0, 2096, 246, 296 ]
6342 / 10000: [ 0, 1, 0, 0, 0 ], [ 0, 2096, 246, 296 ]
6343 / 10000: [ 0, 0, 0, 0, 0 ], [ 0, 2096, 246, 296 ]
6344 / 10000: [ 0, 2, 0, 0, 0 ], [ 0, 2097, 246, 296 ]
6345 / 10000: [ 0, 0, 0, 0, 0 ], [ 0, 2097, 246, 296 ]
6346 / 10000: [ 0, 1, 1, 0, 0 ], [ 0, 2097, 247, 296 ]
6347 / 10000: [ 0, 1, 0, 0, 0 ], [ 0, 2097, 247, 296 ]
6348 / 10000: [ 0, 0, 0, 0, 0 ], [ 0, 2097, 247, 296 ]
6349 / 10000: [ 0, 1, 0, 0, 0 ], [ 0, 2097, 247, 296 ]
6350 / 10000: [ 0, 1, 0, 0, 0 ], [ 0, 2097, 247, 296 ]
6351 / 10000: [ 0, 1, 0, 0, 0 ], [ 0, 2097, 247, 296 ]
6352 / 10000: [ 0, 0, 1, 0, 0 ], [ 0, 2097, 247, 296 ]
6353 / 10000: [ 0, 0, 0, 0, 0 ], [ 0, 2097, 247, 296 ]
6354 / 10000: [ 0, 2, 0, 0, 0 ], [ 0, 2098, 247, 296 ]
6355 / 10000: [ 0, 1, 1, 0, 0 ], [ 0, 2098, 248, 296 ]
6356 / 10000: [ 0, 1, 1, 0, 0 ], [ 0, 2098, 249, 296 ]
6357 / 10000: [ 0, 2, 0, 0, 0 ], [ 0, 2099, 249, 296 ]
6358 / 10000: [ 0, 2, 0, 0, 0 ], [ 0, 2100, 249, 296 ]
6359 / 10000: [ 0, 2, 0, 0, 0 ], [ 0, 2101, 249, 296 ]
6360 / 10000: [ 0, 2, 0, 0, 0 ], [ 0, 2102, 249, 296 ]
6361 / 10000: [ 0, 0, 1, 0, 0 ], [ 0, 2102, 249, 296 ]
6362 / 10000: [ 0, 2, 0, 0, 0 ], [ 0, 2103, 249, 296 ]
6363 / 10000: [ 0, 1, 0, 0, 0 ], [ 0, 2103, 249, 296 ]
6364 / 10000: [ 0, 1, 0, 0, 0 ], [ 0, 2103, 249, 296 ]
6365 / 10000: [ 0, 1, 1, 0, 0 ], [ 0, 2103, 250, 296 ]
6366 / 10000: [ 0, 2, 0, 0, 0 ], [ 0, 2104, 250, 296 ]
6367 / 10000: [ 0, 0, 0, 0, 0 ], [ 0, 2104, 250, 296 ]
6368 / 10000: [ 0, 1, 1, 0, 0 ], [ 0, 2104, 251, 296 ]
6369 / 10000: [ 0, 1, 0, 0, 0 ], [ 0, 2104, 251, 296 ]
6370 / 10000: [ 0, 0, 0, 0, 0 ], [ 0, 2104, 251, 296 ]
6371 / 10000: [ 0, 0, 0, 0, 0 ], [ 0, 2104, 251, 296 ]
6372 / 10000: [ 0, 0, 0, 0, 0 ], [ 0, 2104, 251, 296 ]
6373 / 10000: [ 0, 1, 1, 0, 0 ], [ 0, 2104, 252, 296 ]
6374 / 10000: [ 0, 0, 0, 0, 0 ], [ 0, 2104, 252, 296 ]
6375 / 10000: [ 0, 2, 0, 0, 0 ], [ 0, 2105, 252, 296 ]
6376 / 10000: [ 0, 0, 0, 0, 0 ], [ 0, 2105, 252, 296 ]
6377 / 10000: [ 0, 0, 0, 0, 0 ], [ 0, 2105, 252, 296 ]
6378 / 10000: [ 0, 1, 0, 0, 0 ], [ 0, 2105, 252, 296 ]
6379 / 10000: [ 0, 0, 0, 0, 0 ], [ 0, 2105, 252, 296 ]
6380 / 10000: [ 0, 1, 0, 0, 0 ], [ 0, 2105, 252, 296 ]
6381 / 10000: [ 0, 1, 0, 0, 0 ], [ 0, 2105, 252, 296 ]
6382 / 10000: [ 0, 2, 0, 0, 0 ], [ 0, 2106, 252, 296 ]
6383 / 10000: [ 0, 0, 0, 0, 0 ], [ 0, 2106, 252, 296 ]
6384 / 10000: [ 0, 1, 0, 0, 0 ], [ 0, 2106, 252, 296 ]
6385 / 10000: [ 0, 1, 0, 0, 0 ], [ 0, 2106, 252, 296 ]
6386 / 10000: [ 0, 1, 0, 0, 0 ], [ 0, 2106, 252, 296 ]
6387 / 10000: [ 0, 2, 0, 0, 0 ], [ 0, 2107, 252, 296 ]
6388 / 10000: [ 0, 0, 1, 0, 0 ], [ 0, 2107, 252, 296 ]
6389 / 10000: [ 0, 1, 1, 0, 0 ], [ 0, 2107, 253, 296 ]
6390 / 10000: [ 0, 2, 0, 0, 0 ], [ 0, 2108, 253, 296 ]
6391 / 10000: [ 0, 1, 0, 0, 0 ], [ 0, 2108, 253, 296 ]
6392 / 10000: [ 0, 1, 0, 0, 0 ], [ 0, 2108, 253, 296 ]
6393 / 10000: [ 0, 2, 0, 0, 0 ], [ 0, 2109, 253, 296 ]
6394 / 10000: [ 0, 1, 0, 0, 0 ], [ 0, 2109, 253, 296 ]
6395 / 10000: [ 0, 2, 0, 0, 0 ], [ 0, 2110, 253, 296 ]
6396 / 10000: [ 0, 0, 0, 0, 0 ], [ 0, 2110, 253, 296 ]
6397 / 10000: [ 0, 0, 0, 0, 0 ], [ 0, 2110, 253, 296 ]
6398 / 10000: [ 0, 2, 0, 0, 0 ], [ 0, 2111, 253, 296 ]
6399 / 10000: [ 0, 1, 0, 0, 0 ], [ 0, 2111, 253, 296 ]
6400 / 10000: [ 0, 2, 0, 0, 0 ], [ 0, 2112, 253, 296 ]
6401 / 10000: [ 0, 0, 0, 2, 0 ], [ 0, 2112, 253, 297 ]
6402 / 10000: [ 0, 2, 0, 0, 0 ], [ 0, 2113, 253, 297 ]
6403 / 10000: [ 0, 2, 0, 0, 0 ], [ 0, 2114, 253, 297 ]
6404 / 10000: [ 0, 2, 0, 0, 0 ], [ 0, 2115, 253, 297 ]
6405 / 10000: [ 0, 0, 0, 0, 0 ], [ 0, 2115, 253, 297 ]
6406 / 10000: [ 0, 1, 0, 0, 0 ], [ 0, 2115, 253, 297 ]
6407 / 10000: [ 0, 1, 0, 1, 0 ], [ 0, 2115, 253, 298 ]
6408 / 10000: [ 0, 2, 0, 0, 0 ], [ 0, 2116, 253, 298 ]
6409 / 10000: [ 0, 2, 0, 0, 0 ], [ 0, 2117, 253, 298 ]
6410 / 10000: [ 0, 2, 0, 0, 0 ], [ 0, 2118, 253, 298 ]
6411 / 10000: [ 0, 2, 0, 0, 0 ], [ 0, 2119, 253, 298 ]
6412 / 10000: [ 0, 1, 0, 1, 0 ], [ 0, 2119, 253, 299 ]
6413 / 10000: [ 0, 2, 0, 0, 0 ], [ 0, 2120, 253, 299 ]
6414 / 10000: [ 0, 2, 0, 0, 0 ], [ 0, 2121, 253, 299 ]
6415 / 10000: [ 0, 2, 0, 0, 0 ], [ 0, 2122, 253, 299 ]
6416 / 10000: [ 0, 2, 0, 0, 0 ], [ 0, 2123, 253, 299 ]
6417 / 10000: [ 0, 2, 0, 0, 0 ], [ 0, 2124, 253, 299 ]
6418 / 10000: [ 0, 1, 0, 0, 0 ], [ 0, 2124, 253, 299 ]
6419 / 10000: [ 0, 2, 0, 0, 0 ], [ 0, 2125, 253, 299 ]
6420 / 10000: [ 0, 2, 0, 0, 0 ], [ 0, 2126, 253, 299 ]
6421 / 10000: [ 0, 2, 0, 0, 0 ], [ 0, 2127, 253, 299 ]
6422 / 10000: [ 0, 2, 0, 0, 0 ], [ 0, 2128, 253, 299 ]
6423 / 10000: [ 0, 1, 0, 0, 0 ], [ 0, 2128, 253, 299 ]
6424 / 10000: [ 0, 1, 0, 0, 0 ], [ 0, 2128, 253, 299 ]
6425 / 10000: [ 0, 2, 0, 0, 0 ], [ 0, 2129, 253, 299 ]
6426 / 10000: [ 0, 2, 0, 0, 0 ], [ 0, 2130, 253, 299 ]
6427 / 10000: [ 0, 0, 0, 1, 0 ], [ 0, 2130, 253, 299 ]
6428 / 10000: [ 0, 2, 0, 0, 0 ], [ 0, 2131, 253, 299 ]
6429 / 10000: [ 0, 2, 0, 0, 0 ], [ 0, 2132, 253, 299 ]
6430 / 10000: [ 0, 1, 0, 1, 0 ], [ 0, 2132, 253, 300 ]
6431 / 10000: [ 0, 0, 0, 2, 0 ], [ 0, 2132, 253, 301 ]
6432 / 10000: [ 0, 2, 0, 0, 0 ], [ 0, 2133, 253, 301 ]
6433 / 10000: [ 0, 1, 1, 0, 0 ], [ 0, 2133, 254, 301 ]
6434 / 10000: [ 0, 0, 0, 0, 1 ], [ 0, 2133, 254, 301 ]
6435 / 10000: [ 0, 2, 0, 0, 0 ], [ 0, 2134, 254, 301 ]
6436 / 10000: [ 0, 2, 0, 0, 0 ], [ 0, 2135, 254, 301 ]
6437 / 10000: [ 0, 2, 0, 0, 0 ], [ 0, 2136, 254, 301 ]
6438 / 10000: [ 0, 1, 0, 0, 0 ], [ 0, 2136, 254, 301 ]
6439 / 10000: [ 0, 0, 0, 1, 0 ], [ 0, 2136, 254, 301 ]
6440 / 10000: [ 0, 2, 0, 0, 0 ], [ 0, 2137, 254, 301 ]
6441 / 10000: [ 0, 2, 0, 0, 0 ], [ 0, 2138, 254, 301 ]
6442 / 10000: [ 0, 0, 0, 1, 0 ], [ 0, 2138, 254, 301 ]
6443 / 10000: [ 0, 0, 0, 1, 1 ], [ 0, 2138, 254, 302 ]
6444 / 10000: [ 0, 2, 0, 0, 0 ], [ 0, 2139, 254, 302 ]
6445 / 10000: [ 0, 0, 0, 1, 0 ], [ 0, 2139, 254, 302 ]
6446 / 10000: [ 0, 2, 0, 0, 0 ], [ 0, 2140, 254, 302 ]
6447 / 10000: [ 0, 1, 0, 0, 0 ], [ 0, 2140, 254, 302 ]
6448 / 10000: [ 0, 1, 0, 0, 0 ], [ 0, 2140, 254, 302 ]
6449 / 10000: [ 0, 0, 0, 1, 0 ], [ 0, 2140, 254, 302 ]
6450 / 10000: [ 0, 1, 0, 1, 0 ], [ 0, 2140, 254, 303 ]
6451 / 10000: [ 0, 1, 0, 1, 0 ], [ 0, 2140, 254, 304 ]
6452 / 10000: [ 0, 2, 0, 0, 0 ], [ 0, 2141, 254, 304 ]
6453 / 10000: [ 0, 2, 0, 0, 0 ], [ 0, 2142, 254, 304 ]
6454 / 10000: [ 0, 2, 0, 0, 0 ], [ 0, 2143, 254, 304 ]
6455 / 10000: [ 0, 2, 0, 0, 0 ], [ 0, 2144, 254, 304 ]
6456 / 10000: [ 0, 1, 0, 0, 0 ], [ 0, 2144, 254, 304 ]
6457 / 10000: [ 0, 2, 0, 0, 0 ], [ 0, 2145, 254, 304 ]
6458 / 10000: [ 0, 0, 0, 0, 0 ], [ 0, 2145, 254, 304 ]
6459 / 10000: [ 0, 2, 0, 0, 0 ], [ 0, 2146, 254, 304 ]
6460 / 10000: [ 0, 1, 0, 1, 0 ], [ 0, 2146, 254, 305 ]
6461 / 10000: [ 0, 1, 0, 0, 0 ], [ 0, 2146, 254, 305 ]
6462 / 10000: [ 0, 2, 0, 0, 0 ], [ 0, 2147, 254, 305 ]
6463 / 10000: [ 0, 0, 0, 0, 0 ], [ 0, 2147, 254, 305 ]
6464 / 10000: [ 0, 0, 0, 0, 0 ], [ 0, 2147, 254, 305 ]
6465 / 10000: [ 0, 2, 0, 0, 0 ], [ 0, 2148, 254, 305 ]
6466 / 10000: [ 0, 1, 0, 1, 0 ], [ 0, 2148, 254, 306 ]
6467 / 10000: [ 0, 2, 0, 0, 0 ], [ 0, 2149, 254, 306 ]
6468 / 10000: [ 0, 1, 0, 1, 0 ], [ 0, 2149, 254, 307 ]
6469 / 10000: [ 0, 0, 0, 0, 0 ], [ 0, 2149, 254, 307 ]
6470 / 10000: [ 0, 0, 1, 0, 0 ], [ 0, 2149, 254, 307 ]
6471 / 10000: [ 0, 0, 0, 1, 1 ], [ 0, 2149, 254, 308 ]
6472 / 10000: [ 0, 0, 0, 2, 0 ], [ 0, 2149, 254, 309 ]
6473 / 10000: [ 0, 2, 0, 0, 0 ], [ 0, 2150, 254, 309 ]
6474 / 10000: [ 0, 0, 0, 1, 0 ], [ 0, 2150, 254, 309 ]
6475 / 10000: [ 0, 2, 0, 0, 0 ], [ 0, 2151, 254, 309 ]
6476 / 10000: [ 0, 0, 0, 2, 0 ], [ 0, 2151, 254, 310 ]
6477 / 10000: [ 0, 2, 0, 0, 0 ], [ 0, 2152, 254, 310 ]
6478 / 10000: [ 0, 2, 0, 0, 0 ], [ 0, 2153, 254, 310 ]
6479 / 10000: [ 0, 0, 0, 1, 0 ], [ 0, 2153, 254, 310 ]
6480 / 10000: [ 0, 2, 0, 0, 0 ], [ 0, 2154, 254, 310 ]
6481 / 10000: [ 0, 2, 0, 0, 0 ], [ 0, 2155, 254, 310 ]
6482 / 10000: [ 0, 2, 0, 0, 0 ], [ 0, 2156, 254, 310 ]
6483 / 10000: [ 0, 1, 0, 1, 0 ], [ 0, 2156, 254, 311 ]
6484 / 10000: [ 0, 1, 0, 1, 0 ], [ 0, 2156, 254, 312 ]
6485 / 10000: [ 0, 1, 0, 1, 0 ], [ 0, 2156, 254, 313 ]
6486 / 10000: [ 0, 1, 0, 1, 0 ], [ 0, 2156, 254, 314 ]
6487 / 10000: [ 0, 1, 0, 1, 0 ], [ 0, 2156, 254, 315 ]
6488 / 10000: [ 0, 1, 0, 1, 0 ], [ 0, 2156, 254, 316 ]
6489 / 10000: [ 0, 2, 0, 0, 0 ], [ 0, 2157, 254, 316 ]
6490 / 10000: [ 0, 2, 0, 0, 0 ], [ 0, 2158, 254, 316 ]
6491 / 10000: [ 0, 1, 0, 1, 0 ], [ 0, 2158, 254, 317 ]
6492 / 10000: [ 0, 1, 0, 0, 0 ], [ 0, 2158, 254, 317 ]
6493 / 10000: [ 0, 2, 0, 0, 0 ], [ 0, 2159, 254, 317 ]
6494 / 10000: [ 0, 0, 0, 0, 0 ], [ 0, 2159, 254, 317 ]
6495 / 10000: [ 0, 2, 0, 0, 0 ], [ 0, 2160, 254, 317 ]
6496 / 10000: [ 0, 0, 0, 2, 0 ], [ 0, 2160, 254, 318 ]
6497 / 10000: [ 0, 0, 0, 2, 0 ], [ 0, 2160, 254, 319 ]
6498 / 10000: [ 0, 2, 0, 0, 0 ], [ 0, 2161, 254, 319 ]
6499 / 10000: [ 0, 1, 0, 1, 0 ], [ 0, 2161, 254, 320 ]
6500 / 10000: [ 0, 2, 0, 0, 0 ], [ 0, 2162, 254, 320 ]
6501 / 10000: [ 0, 2, 0, 0, 0 ], [ 0, 2163, 254, 320 ]
6502 / 10000: [ 0, 0, 0, 2, 0 ], [ 0, 2163, 254, 321 ]
6503 / 10000: [ 0, 2, 0, 0, 0 ], [ 0, 2164, 254, 321 ]
6504 / 10000: [ 0, 2, 0, 0, 0 ], [ 0, 2165, 254, 321 ]
6505 / 10000: [ 0, 0, 0, 0, 0 ], [ 0, 2165, 254, 321 ]
6506 / 10000: [ 0, 1, 0, 0, 0 ], [ 0, 2165, 254, 321 ]
6507 / 10000: [ 0, 2, 0, 0, 0 ], [ 0, 2166, 254, 321 ]
6508 / 10000: [ 0, 2, 0, 0, 0 ], [ 0, 2167, 254, 321 ]
6509 / 10000: [ 0, 1, 0, 1, 0 ], [ 0, 2167, 254, 322 ]
6510 / 10000: [ 0, 2, 0, 0, 0 ], [ 0, 2168, 254, 322 ]
6511 / 10000: [ 0, 2, 0, 0, 0 ], [ 0, 2169, 254, 322 ]
6512 / 10000: [ 0, 2, 0, 0, 0 ], [ 0, 2170, 254, 322 ]
6513 / 10000: [ 0, 0, 1, 1, 0 ], [ 0, 2170, 254, 323 ]
6514 / 10000: [ 0, 1, 0, 1, 0 ], [ 0, 2170, 254, 324 ]
6515 / 10000: [ 0, 2, 0, 0, 0 ], [ 0, 2171, 254, 324 ]
6516 / 10000: [ 0, 2, 0, 0, 0 ], [ 0, 2172, 254, 324 ]
6517 / 10000: [ 0, 2, 0, 0, 0 ], [ 0, 2173, 254, 324 ]
6518 / 10000: [ 0, 0, 0, 1, 0 ], [ 0, 2173, 254, 324 ]
6519 / 10000: [ 0, 2, 0, 0, 0 ], [ 0, 2174, 254, 324 ]
6520 / 10000: [ 0, 0, 0, 2, 0 ], [ 0, 2174, 254, 325 ]
6521 / 10000: [ 0, 2, 0, 0, 0 ], [ 0, 2175, 254, 325 ]
6522 / 10000: [ 0, 2, 0, 0, 0 ], [ 0, 2176, 254, 325 ]
6523 / 10000: [ 0, 0, 1, 0, 0 ], [ 0, 2176, 254, 325 ]
6524 / 10000: [ 0, 0, 0, 1, 0 ], [ 0, 2176, 254, 325 ]
6525 / 10000: [ 0, 2, 0, 0, 0 ], [ 0, 2177, 254, 325 ]
6526 / 10000: [ 0, 1, 0, 1, 0 ], [ 0, 2177, 254, 326 ]
6527 / 10000: [ 0, 1, 0, 0, 0 ], [ 0, 2177, 254, 326 ]
6528 / 10000: [ 0, 2, 0, 0, 0 ], [ 0, 2178, 254, 326 ]
6529 / 10000: [ 0, 2, 0, 0, 0 ], [ 0, 2179, 254, 326 ]
6530 / 10000: [ 0, 1, 0, 1, 0 ], [ 0, 2179, 254, 327 ]
6531 / 10000: [ 0, 2, 0, 0, 0 ], [ 0, 2180, 254, 327 ]
6532 / 10000: [ 0, 2, 0, 0, 0 ], [ 0, 2181, 254, 327 ]
6533 / 10000: [ 0, 2, 0, 0, 0 ], [ 0, 2182, 254, 327 ]
6534 / 10000: [ 0, 0, 1, 0, 0 ], [ 0, 2182, 254, 327 ]
6535 / 10000: [ 0, 2, 0, 0, 0 ], [ 0, 2183, 254, 327 ]
6536 / 10000: [ 0, 2, 0, 0, 0 ], [ 0, 2184, 254, 327 ]
6537 / 10000: [ 0, 2, 0, 0, 0 ], [ 0, 2185, 254, 327 ]
6538 / 10000: [ 0, 0, 0, 1, 0 ], [ 0, 2185, 254, 327 ]
6539 / 10000: [ 0, 1, 0, 0, 0 ], [ 0, 2185, 254, 327 ]
6540 / 10000: [ 0, 2, 0, 0, 0 ], [ 0, 2186, 254, 327 ]
6541 / 10000: [ 0, 1, 0, 1, 0 ], [ 0, 2186, 254, 328 ]
6542 / 10000: [ 0, 1, 0, 0, 0 ], [ 0, 2186, 254, 328 ]
6543 / 10000: [ 0, 1, 1, 0, 0 ], [ 0, 2186, 255, 328 ]
6544 / 10000: [ 0, 2, 0, 0, 0 ], [ 0, 2187, 255, 328 ]
6545 / 10000: [ 0, 1, 0, 0, 0 ], [ 0, 2187, 255, 328 ]
6546 / 10000: [ 0, 2, 0, 0, 0 ], [ 0, 2188, 255, 328 ]
6547 / 10000: [ 0, 0, 0, 1, 0 ], [ 0, 2188, 255, 328 ]
6548 / 10000: [ 0, 0, 0, 1, 0 ], [ 0, 2188, 255, 328 ]
6549 / 10000: [ 0, 1, 0, 0, 0 ], [ 0, 2188, 255, 328 ]
6550 / 10000: [ 0, 2, 0, 0, 0 ], [ 0, 2189, 255, 328 ]
6551 / 10000: [ 0, 2, 0, 0, 0 ], [ 0, 2190, 255, 328 ]
6552 / 10000: [ 0, 2, 0, 0, 0 ], [ 0, 2191, 255, 328 ]
6553 / 10000: [ 0, 0, 0, 2, 0 ], [ 0, 2191, 255, 329 ]
6554 / 10000: [ 0, 1, 0, 1, 0 ], [ 0, 2191, 255, 330 ]
6555 / 10000: [ 0, 2, 0, 0, 0 ], [ 0, 2192, 255, 330 ]
6556 / 10000: [ 0, 1, 0, 0, 0 ], [ 0, 2192, 255, 330 ]
6557 / 10000: [ 0, 0, 0, 2, 0 ], [ 0, 2192, 255, 331 ]
6558 / 10000: [ 0, 0, 0, 0, 0 ], [ 0, 2192, 255, 331 ]
6559 / 10000: [ 0, 2, 0, 0, 0 ], [ 0, 2193, 255, 331 ]
6560 / 10000: [ 0, 1, 0, 1, 0 ], [ 0, 2193, 255, 332 ]
6561 / 10000: [ 0, 1, 0, 0, 0 ], [ 0, 2193, 255, 332 ]
6562 / 10000: [ 0, 2, 0, 0, 0 ], [ 0, 2194, 255, 332 ]
6563 / 10000: [ 0, 0, 0, 0, 0 ], [ 0, 2194, 255, 332 ]
6564 / 10000: [ 0, 0, 0, 0, 0 ], [ 0, 2194, 255, 332 ]
6565 / 10000: [ 0, 2, 0, 0, 0 ], [ 0, 2195, 255, 332 ]
6566 / 10000: [ 0, 2, 0, 0, 0 ], [ 0, 2196, 255, 332 ]
6567 / 10000: [ 0, 2, 0, 0, 0 ], [ 0, 2197, 255, 332 ]
6568 / 10000: [ 0, 2, 0, 0, 0 ], [ 0, 2198, 255, 332 ]
6569 / 10000: [ 0, 0, 0, 0, 0 ], [ 0, 2198, 255, 332 ]
6570 / 10000: [ 0, 0, 0, 0, 1 ], [ 0, 2198, 255, 332 ]
6571 / 10000: [ 0, 1, 1, 0, 0 ], [ 0, 2198, 256, 332 ]
6572 / 10000: [ 0, 2, 0, 0, 0 ], [ 0, 2199, 256, 332 ]
6573 / 10000: [ 0, 2, 0, 0, 0 ], [ 0, 2200, 256, 332 ]
6574 / 10000: [ 0, 1, 0, 0, 0 ], [ 0, 2200, 256, 332 ]
6575 / 10000: [ 0, 2, 0, 0, 0 ], [ 0, 2201, 256, 332 ]
6576 / 10000: [ 0, 2, 0, 0, 0 ], [ 0, 2202, 256, 332 ]
6577 / 10000: [ 0, 2, 0, 0, 0 ], [ 0, 2203, 256, 332 ]
6578 / 10000: [ 0, 1, 0, 1, 0 ], [ 0, 2203, 256, 333 ]
6579 / 10000: [ 0, 1, 0, 0, 0 ], [ 0, 2203, 256, 333 ]
6580 / 10000: [ 0, 2, 0, 0, 0 ], [ 0, 2204, 256, 333 ]
6581 / 10000: [ 0, 2, 0, 0, 0 ], [ 0, 2205, 256, 333 ]
6582 / 10000: [ 0, 2, 0, 0, 0 ], [ 0, 2206, 256, 333 ]
6583 / 10000: [ 0, 1, 0, 1, 0 ], [ 0, 2206, 256, 334 ]
6584 / 10000: [ 0, 2, 0, 0, 0 ], [ 0, 2207, 256, 334 ]
6585 / 10000: [ 0, 0, 0, 2, 0 ], [ 0, 2207, 256, 335 ]
6586 / 10000: [ 0, 1, 0, 1, 0 ], [ 0, 2207, 256, 336 ]
6587 / 10000: [ 0, 2, 0, 0, 0 ], [ 0, 2208, 256, 336 ]
6588 / 10000: [ 0, 1, 0, 1, 0 ], [ 0, 2208, 256, 337 ]
6589 / 10000: [ 0, 2, 0, 0, 0 ], [ 0, 2209, 256, 337 ]
6590 / 10000: [ 0, 2, 0, 0, 0 ], [ 0, 2210, 256, 337 ]
6591 / 10000: [ 0, 2, 0, 0, 0 ], [ 0, 2211, 256, 337 ]
6592 / 10000: [ 0, 0, 0, 1, 0 ], [ 0, 2211, 256, 337 ]
6593 / 10000: [ 0, 2, 0, 0, 0 ], [ 0, 2212, 256, 337 ]
6594 / 10000: [ 0, 0, 0, 0, 0 ], [ 0, 2212, 256, 337 ]
6595 / 10000: [ 0, 1, 0, 1, 0 ], [ 0, 2212, 256, 338 ]
6596 / 10000: [ 0, 2, 0, 0, 0 ], [ 0, 2213, 256, 338 ]
6597 / 10000: [ 0, 0, 0, 2, 0 ], [ 0, 2213, 256, 339 ]
6598 / 10000: [ 0, 2, 0, 0, 0 ], [ 0, 2214, 256, 339 ]
6599 / 10000: [ 0, 2, 0, 0, 0 ], [ 0, 2215, 256, 339 ]
6600 / 10000: [ 0, 2, 0, 0, 0 ], [ 0, 2216, 256, 339 ]
6601 / 10000: [ 0, 2, 0, 0, 0 ], [ 0, 2217, 256, 339 ]
6602 / 10000: [ 0, 0, 2, 0, 0 ], [ 0, 2217, 257, 339 ]
6603 / 10000: [ 0, 2, 0, 0, 0 ], [ 0, 2218, 257, 339 ]
6604 / 10000: [ 0, 2, 0, 0, 0 ], [ 0, 2219, 257, 339 ]
6605 / 10000: [ 0, 1, 0, 0, 0 ], [ 0, 2219, 257, 339 ]
6606 / 10000: [ 0, 2, 0, 0, 0 ], [ 0, 2220, 257, 339 ]
6607 / 10000: [ 0, 1, 0, 0, 0 ], [ 0, 2220, 257, 339 ]
6608 / 10000: [ 0, 2, 0, 0, 0 ], [ 0, 2221, 257, 339 ]
6609 / 10000: [ 0, 2, 0, 0, 0 ], [ 0, 2222, 257, 339 ]
6610 / 10000: [ 0, 2, 0, 0, 0 ], [ 0, 2223, 257, 339 ]
6611 / 10000: [ 0, 2, 0, 0, 0 ], [ 0, 2224, 257, 339 ]
6612 / 10000: [ 0, 2, 0, 0, 0 ], [ 0, 2225, 257, 339 ]
6613 / 10000: [ 0, 2, 0, 0, 0 ], [ 0, 2226, 257, 339 ]
6614 / 10000: [ 0, 2, 0, 0, 0 ], [ 0, 2227, 257, 339 ]
6615 / 10000: [ 0, 2, 0, 0, 0 ], [ 0, 2228, 257, 339 ]
6616 / 10000: [ 0, 2, 0, 0, 0 ], [ 0, 2229, 257, 339 ]
6617 / 10000: [ 0, 2, 0, 0, 0 ], [ 0, 2230, 257, 339 ]
6618 / 10000: [ 0, 0, 0, 0, 0 ], [ 0, 2230, 257, 339 ]
6619 / 10000: [ 0, 2, 0, 0, 0 ], [ 0, 2231, 257, 339 ]
6620 / 10000: [ 0, 1, 0, 0, 0 ], [ 0, 2231, 257, 339 ]
6621 / 10000: [ 0, 2, 0, 0, 0 ], [ 0, 2232, 257, 339 ]
6622 / 10000: [ 0, 1, 0, 0, 0 ], [ 0, 2232, 257, 339 ]
6623 / 10000: [ 0, 1, 0, 0, 0 ], [ 0, 2232, 257, 339 ]
6624 / 10000: [ 0, 0, 0, 0, 0 ], [ 0, 2232, 257, 339 ]
6625 / 10000: [ 0, 2, 0, 0, 0 ], [ 0, 2233, 257, 339 ]
6626 / 10000: [ 0, 2, 0, 0, 0 ], [ 0, 2234, 257, 339 ]
6627 / 10000: [ 0, 1, 0, 0, 0 ], [ 0, 2234, 257, 339 ]
6628 / 10000: [ 0, 2, 0, 0, 0 ], [ 0, 2235, 257, 339 ]
6629 / 10000: [ 0, 2, 0, 0, 0 ], [ 0, 2236, 257, 339 ]
6630 / 10000: [ 0, 0, 1, 0, 0 ], [ 0, 2236, 257, 339 ]
6631 / 10000: [ 0, 2, 0, 0, 0 ], [ 0, 2237, 257, 339 ]
6632 / 10000: [ 0, 1, 1, 0, 0 ], [ 0, 2237, 258, 339 ]
6633 / 10000: [ 0, 2, 0, 0, 0 ], [ 0, 2238, 258, 339 ]
6634 / 10000: [ 0, 2, 0, 0, 0 ], [ 0, 2239, 258, 339 ]
6635 / 10000: [ 0, 2, 0, 0, 0 ], [ 0, 2240, 258, 339 ]
6636 / 10000: [ 0, 2, 0, 0, 0 ], [ 0, 2241, 258, 339 ]
6637 / 10000: [ 0, 2, 0, 0, 0 ], [ 0, 2242, 258, 339 ]
6638 / 10000: [ 0, 0, 0, 0, 0 ], [ 0, 2242, 258, 339 ]
6639 / 10000: [ 0, 0, 0, 0, 0 ], [ 0, 2242, 258, 339 ]
6640 / 10000: [ 0, 2, 0, 0, 0 ], [ 0, 2243, 258, 339 ]
6641 / 10000: [ 0, 2, 0, 0, 0 ], [ 0, 2244, 258, 339 ]
6642 / 10000: [ 0, 1, 0, 0, 0 ], [ 0, 2244, 258, 339 ]
6643 / 10000: [ 0, 1, 0, 0, 0 ], [ 0, 2244, 258, 339 ]
6644 / 10000: [ 0, 2, 0, 0, 0 ], [ 0, 2245, 258, 339 ]
6645 / 10000: [ 0, 1, 0, 0, 0 ], [ 0, 2245, 258, 339 ]
6646 / 10000: [ 0, 2, 0, 0, 0 ], [ 0, 2246, 258, 339 ]
6647 / 10000: [ 0, 0, 0, 0, 0 ], [ 0, 2246, 258, 339 ]
6648 / 10000: [ 0, 0, 0, 0, 0 ], [ 0, 2246, 258, 339 ]
6649 / 10000: [ 0, 2, 0, 0, 0 ], [ 0, 2247, 258, 339 ]
6650 / 10000: [ 0, 2, 0, 0, 0 ], [ 0, 2248, 258, 339 ]
6651 / 10000: [ 0, 2, 0, 0, 0 ], [ 0, 2249, 258, 339 ]
6652 / 10000: [ 0, 1, 0, 0, 0 ], [ 0, 2249, 258, 339 ]
6653 / 10000: [ 0, 0, 0, 0, 0 ], [ 0, 2249, 258, 339 ]
6654 / 10000: [ 0, 1, 0, 0, 0 ], [ 0, 2249, 258, 339 ]
6655 / 10000: [ 0, 2, 0, 0, 0 ], [ 0, 2250, 258, 339 ]
6656 / 10000: [ 0, 2, 0, 0, 0 ], [ 0, 2251, 258, 339 ]
6657 / 10000: [ 0, 2, 0, 0, 0 ], [ 0, 2252, 258, 339 ]
6658 / 10000: [ 0, 1, 0, 0, 0 ], [ 0, 2252, 258, 339 ]
6659 / 10000: [ 0, 2, 0, 0, 0 ], [ 0, 2253, 258, 339 ]
6660 / 10000: [ 0, 2, 0, 0, 0 ], [ 0, 2254, 258, 339 ]
6661 / 10000: [ 0, 0, 0, 0, 0 ], [ 0, 2254, 258, 339 ]
6662 / 10000: [ 0, 2, 0, 0, 0 ], [ 0, 2255, 258, 339 ]
6663 / 10000: [ 0, 0, 0, 0, 0 ], [ 0, 2255, 258, 339 ]
6664 / 10000: [ 0, 0, 0, 0, 0 ], [ 0, 2255, 258, 339 ]
6665 / 10000: [ 0, 2, 0, 0, 0 ], [ 0, 2256, 258, 339 ]
6666 / 10000: [ 0, 1, 0, 0, 0 ], [ 0, 2256, 258, 339 ]
6667 / 10000: [ 0, 2, 0, 0, 0 ], [ 0, 2257, 258, 339 ]
6668 / 10000: [ 0, 2, 0, 0, 0 ], [ 0, 2258, 258, 339 ]
6669 / 10000: [ 0, 1, 0, 0, 0 ], [ 0, 2258, 258, 339 ]
6670 / 10000: [ 0, 2, 0, 0, 0 ], [ 0, 2259, 258, 339 ]
6671 / 10000: [ 0, 2, 0, 0, 0 ], [ 0, 2260, 258, 339 ]
6672 / 10000: [ 0, 1, 0, 0, 0 ], [ 0, 2260, 258, 339 ]
6673 / 10000: [ 0, 0, 0, 0, 0 ], [ 0, 2260, 258, 339 ]
6674 / 10000: [ 0, 2, 0, 0, 0 ], [ 0, 2261, 258, 339 ]
6675 / 10000: [ 0, 1, 0, 0, 0 ], [ 0, 2261, 258, 339 ]
6676 / 10000: [ 0, 2, 0, 0, 0 ], [ 0, 2262, 258, 339 ]
6677 / 10000: [ 0, 0, 0, 0, 0 ], [ 0, 2262, 258, 339 ]
6678 / 10000: [ 0, 2, 0, 0, 0 ], [ 0, 2263, 258, 339 ]
6679 / 10000: [ 0, 1, 0, 0, 0 ], [ 0, 2263, 258, 339 ]
6680 / 10000: [ 0, 2, 0, 0, 0 ], [ 0, 2264, 258, 339 ]
6681 / 10000: [ 0, 2, 0, 0, 0 ], [ 0, 2265, 258, 339 ]
6682 / 10000: [ 0, 2, 0, 0, 0 ], [ 0, 2266, 258, 339 ]
6683 / 10000: [ 0, 2, 0, 0, 0 ], [ 0, 2267, 258, 339 ]
6684 / 10000: [ 0, 1, 0, 0, 0 ], [ 0, 2267, 258, 339 ]
6685 / 10000: [ 0, 0, 0, 0, 0 ], [ 0, 2267, 258, 339 ]
6686 / 10000: [ 0, 0, 0, 0, 0 ], [ 0, 2267, 258, 339 ]
6687 / 10000: [ 0, 1, 0, 0, 0 ], [ 0, 2267, 258, 339 ]
6688 / 10000: [ 0, 1, 0, 0, 0 ], [ 0, 2267, 258, 339 ]
6689 / 10000: [ 0, 1, 1, 0, 0 ], [ 0, 2267, 259, 339 ]
6690 / 10000: [ 0, 2, 0, 0, 0 ], [ 0, 2268, 259, 339 ]
6691 / 10000: [ 0, 2, 0, 0, 0 ], [ 0, 2269, 259, 339 ]
6692 / 10000: [ 0, 0, 0, 0, 0 ], [ 0, 2269, 259, 339 ]
6693 / 10000: [ 0, 2, 0, 0, 0 ], [ 0, 2270, 259, 339 ]
6694 / 10000: [ 0, 1, 1, 0, 0 ], [ 0, 2270, 260, 339 ]
6695 / 10000: [ 0, 1, 0, 0, 0 ], [ 0, 2270, 260, 339 ]
6696 / 10000: [ 0, 2, 0, 0, 0 ], [ 0, 2271, 260, 339 ]
6697 / 10000: [ 0, 0, 0, 1, 0 ], [ 0, 2271, 260, 339 ]
6698 / 10000: [ 0, 2, 0, 0, 0 ], [ 0, 2272, 260, 339 ]
6699 / 10000: [ 0, 1, 0, 0, 0 ], [ 0, 2272, 260, 339 ]
6700 / 10000: [ 0, 2, 0, 0, 0 ], [ 0, 2273, 260, 339 ]
6701 / 10000: [ 0, 2, 0, 0, 0 ], [ 0, 2274, 260, 339 ]
6702 / 10000: [ 0, 0, 0, 0, 0 ], [ 0, 2274, 260, 339 ]
6703 / 10000: [ 0, 1, 1, 0, 0 ], [ 0, 2274, 261, 339 ]
6704 / 10000: [ 0, 0, 0, 0, 0 ], [ 0, 2274, 261, 339 ]
6705 / 10000: [ 0, 2, 0, 0, 0 ], [ 0, 2275, 261, 339 ]
6706 / 10000: [ 0, 1, 0, 0, 0 ], [ 0, 2275, 261, 339 ]
6707 / 10000: [ 0, 0, 0, 0, 0 ], [ 0, 2275, 261, 339 ]
6708 / 10000: [ 0, 1, 0, 0, 0 ], [ 0, 2275, 261, 339 ]
6709 / 10000: [ 0, 2, 0, 0, 0 ], [ 0, 2276, 261, 339 ]
6710 / 10000: [ 0, 0, 0, 0, 0 ], [ 0, 2276, 261, 339 ]
6711 / 10000: [ 0, 2, 0, 0, 0 ], [ 0, 2277, 261, 339 ]
6712 / 10000: [ 0, 2, 0, 0, 0 ], [ 0, 2278, 261, 339 ]
6713 / 10000: [ 0, 2, 0, 0, 0 ], [ 0, 2279, 261, 339 ]
6714 / 10000: [ 0, 2, 0, 0, 0 ], [ 0, 2280, 261, 339 ]
6715 / 10000: [ 0, 1, 1, 0, 0 ], [ 0, 2280, 262, 339 ]
6716 / 10000: [ 0, 0, 0, 0, 0 ], [ 0, 2280, 262, 339 ]
6717 / 10000: [ 0, 0, 0, 0, 0 ], [ 0, 2280, 262, 339 ]
6718 / 10000: [ 0, 0, 0, 0, 0 ], [ 0, 2280, 262, 339 ]
6719 / 10000: [ 0, 0, 0, 0, 0 ], [ 0, 2280, 262, 339 ]
6720 / 10000: [ 0, 1, 1, 0, 0 ], [ 0, 2280, 263, 339 ]
6721 / 10000: [ 0, 0, 0, 0, 0 ], [ 0, 2280, 263, 339 ]
6722 / 10000: [ 0, 0, 0, 0, 0 ], [ 0, 2280, 263, 339 ]
6723 / 10000: [ 0, 2, 0, 0, 0 ], [ 0, 2281, 263, 339 ]
6724 / 10000: [ 0, 0, 0, 0, 0 ], [ 0, 2281, 263, 339 ]
6725 / 10000: [ 0, 0, 0, 0, 0 ], [ 0, 2281, 263, 339 ]
6726 / 10000: [ 0, 0, 0, 0, 0 ], [ 0, 2281, 263, 339 ]
6727 / 10000: [ 0, 2, 0, 0, 0 ], [ 0, 2282, 263, 339 ]
6728 / 10000: [ 0, 0, 0, 0, 0 ], [ 0, 2282, 263, 339 ]
6729 / 10000: [ 0, 0, 0, 0, 0 ], [ 0, 2282, 263, 339 ]
6730 / 10000: [ 0, 0, 0, 0, 0 ], [ 0, 2282, 263, 339 ]
6731 / 10000: [ 0, 0, 0, 0, 0 ], [ 0, 2282, 263, 339 ]
6732 / 10000: [ 0, 0, 0, 0, 0 ], [ 0, 2282, 263, 339 ]
6733 / 10000: [ 0, 2, 0, 0, 0 ], [ 0, 2283, 263, 339 ]
6734 / 10000: [ 0, 2, 0, 0, 0 ], [ 0, 2284, 263, 339 ]
6735 / 10000: [ 0, 1, 0, 0, 0 ], [ 0, 2284, 263, 339 ]
6736 / 10000: [ 0, 0, 0, 0, 0 ], [ 0, 2284, 263, 339 ]
6737 / 10000: [ 0, 2, 0, 0, 0 ], [ 0, 2285, 263, 339 ]
6738 / 10000: [ 0, 0, 0, 0, 0 ], [ 0, 2285, 263, 339 ]
6739 / 10000: [ 0, 0, 0, 0, 0 ], [ 0, 2285, 263, 339 ]
6740 / 10000: [ 0, 0, 0, 0, 0 ], [ 0, 2285, 263, 339 ]
6741 / 10000: [ 0, 1, 0, 0, 0 ], [ 0, 2285, 263, 339 ]
6742 / 10000: [ 0, 0, 0, 0, 0 ], [ 0, 2285, 263, 339 ]
6743 / 10000: [ 0, 0, 0, 0, 0 ], [ 0, 2285, 263, 339 ]
6744 / 10000: [ 0, 0, 0, 0, 0 ], [ 0, 2285, 263, 339 ]
6745 / 10000: [ 0, 0, 0, 0, 0 ], [ 0, 2285, 263, 339 ]
6746 / 10000: [ 0, 0, 0, 0, 0 ], [ 0, 2285, 263, 339 ]
6747 / 10000: [ 0, 0, 0, 0, 0 ], [ 0, 2285, 263, 339 ]
6748 / 10000: [ 0, 1, 0, 0, 0 ], [ 0, 2285, 263, 339 ]
6749 / 10000: [ 0, 2, 0, 0, 0 ], [ 0, 2286, 263, 339 ]
6750 / 10000: [ 0, 2, 0, 0, 0 ], [ 0, 2287, 263, 339 ]
6751 / 10000: [ 0, 1, 0, 0, 0 ], [ 0, 2287, 263, 339 ]
6752 / 10000: [ 0, 0, 0, 0, 0 ], [ 0, 2287, 263, 339 ]
6753 / 10000: [ 0, 0, 0, 0, 0 ], [ 0, 2287, 263, 339 ]
6754 / 10000: [ 0, 0, 0, 0, 0 ], [ 0, 2287, 263, 339 ]
6755 / 10000: [ 0, 0, 0, 0, 0 ], [ 0, 2287, 263, 339 ]
6756 / 10000: [ 0, 0, 0, 0, 0 ], [ 0, 2287, 263, 339 ]
6757 / 10000: [ 0, 1, 0, 0, 0 ], [ 0, 2287, 263, 339 ]
6758 / 10000: [ 0, 1, 0, 0, 0 ], [ 0, 2287, 263, 339 ]
6759 / 10000: [ 0, 0, 0, 0, 0 ], [ 0, 2287, 263, 339 ]
6760 / 10000: [ 0, 0, 0, 0, 0 ], [ 0, 2287, 263, 339 ]
6761 / 10000: [ 0, 0, 1, 0, 0 ], [ 0, 2287, 263, 339 ]
6762 / 10000: [ 0, 1, 0, 0, 0 ], [ 0, 2287, 263, 339 ]
6763 / 10000: [ 0, 1, 0, 0, 0 ], [ 0, 2287, 263, 339 ]
6764 / 10000: [ 0, 0, 0, 0, 0 ], [ 0, 2287, 263, 339 ]
6765 / 10000: [ 0, 0, 0, 0, 0 ], [ 0, 2287, 263, 339 ]
6766 / 10000: [ 0, 0, 0, 0, 0 ], [ 0, 2287, 263, 339 ]
6767 / 10000: [ 0, 0, 0, 0, 0 ], [ 0, 2287, 263, 339 ]
6768 / 10000: [ 0, 2, 0, 0, 0 ], [ 0, 2288, 263, 339 ]
6769 / 10000: [ 0, 1, 0, 0, 0 ], [ 0, 2288, 263, 339 ]
6770 / 10000: [ 0, 2, 0, 0, 0 ], [ 0, 2289, 263, 339 ]
6771 / 10000: [ 0, 0, 0, 0, 0 ], [ 0, 2289, 263, 339 ]
6772 / 10000: [ 0, 0, 0, 0, 0 ], [ 0, 2289, 263, 339 ]
6773 / 10000: [ 0, 0, 0, 0, 0 ], [ 0, 2289, 263, 339 ]
6774 / 10000: [ 0, 1, 0, 0, 0 ], [ 0, 2289, 263, 339 ]
6775 / 10000: [ 0, 0, 0, 0, 0 ], [ 0, 2289, 263, 339 ]
6776 / 10000: [ 0, 0, 0, 0, 0 ], [ 0, 2289, 263, 339 ]
6777 / 10000: [ 0, 0, 0, 0, 0 ], [ 0, 2289, 263, 339 ]
6778 / 10000: [ 0, 0, 0, 0, 0 ], [ 0, 2289, 263, 339 ]
6779 / 10000: [ 0, 2, 0, 0, 0 ], [ 0, 2290, 263, 339 ]
6780 / 10000: [ 0, 0, 0, 0, 0 ], [ 0, 2290, 263, 339 ]
6781 / 10000: [ 0, 1, 0, 0, 0 ], [ 0, 2290, 263, 339 ]
6782 / 10000: [ 0, 0, 0, 0, 0 ], [ 0, 2290, 263, 339 ]
6783 / 10000: [ 0, 0, 0, 0, 0 ], [ 0, 2290, 263, 339 ]
6784 / 10000: [ 0, 0, 0, 0, 0 ], [ 0, 2290, 263, 339 ]
6785 / 10000: [ 0, 0, 0, 0, 0 ], [ 0, 2290, 263, 339 ]
6786 / 10000: [ 0, 1, 0, 0, 0 ], [ 0, 2290, 263, 339 ]
6787 / 10000: [ 0, 0, 0, 0, 0 ], [ 0, 2290, 263, 339 ]
6788 / 10000: [ 0, 0, 0, 0, 0 ], [ 0, 2290, 263, 339 ]
6789 / 10000: [ 0, 0, 0, 0, 0 ], [ 0, 2290, 263, 339 ]
6790 / 10000: [ 0, 0, 0, 0, 0 ], [ 0, 2290, 263, 339 ]
6791 / 10000: [ 0, 2, 0, 0, 0 ], [ 0, 2291, 263, 339 ]
6792 / 10000: [ 0, 0, 0, 0, 0 ], [ 0, 2291, 263, 339 ]
6793 / 10000: [ 0, 0, 0, 0, 0 ], [ 0, 2291, 263, 339 ]
6794 / 10000: [ 0, 2, 0, 0, 0 ], [ 0, 2292, 263, 339 ]
6795 / 10000: [ 0, 0, 0, 0, 0 ], [ 0, 2292, 263, 339 ]
6796 / 10000: [ 0, 1, 0, 0, 0 ], [ 0, 2292, 263, 339 ]
6797 / 10000: [ 0, 0, 0, 0, 0 ], [ 0, 2292, 263, 339 ]
6798 / 10000: [ 0, 0, 0, 0, 0 ], [ 0, 2292, 263, 339 ]
6799 / 10000: [ 0, 0, 0, 0, 0 ], [ 0, 2292, 263, 339 ]
6800 / 10000: [ 0, 0, 0, 0, 0 ], [ 0, 2292, 263, 339 ]
6801 / 10000: [ 0, 2, 0, 0, 0 ], [ 0, 2293, 263, 339 ]
6802 / 10000: [ 0, 1, 0, 0, 0 ], [ 0, 2293, 263, 339 ]
6803 / 10000: [ 0, 2, 0, 0, 0 ], [ 0, 2294, 263, 339 ]
6804 / 10000: [ 0, 2, 0, 0, 0 ], [ 0, 2295, 263, 339 ]
6805 / 10000: [ 0, 1, 0, 0, 0 ], [ 0, 2295, 263, 339 ]
6806 / 10000: [ 0, 2, 0, 0, 0 ], [ 0, 2296, 263, 339 ]
6807 / 10000: [ 0, 2, 0, 0, 0 ], [ 0, 2297, 263, 339 ]
6808 / 10000: [ 0, 2, 0, 0, 0 ], [ 0, 2298, 263, 339 ]
6809 / 10000: [ 0, 0, 0, 0, 0 ], [ 0, 2298, 263, 339 ]
6810 / 10000: [ 0, 2, 0, 0, 0 ], [ 0, 2299, 263, 339 ]
6811 / 10000: [ 0, 2, 0, 0, 0 ], [ 0, 2300, 263, 339 ]
6812 / 10000: [ 0, 1, 0, 0, 0 ], [ 0, 2300, 263, 339 ]
6813 / 10000: [ 0, 0, 0, 0, 0 ], [ 0, 2300, 263, 339 ]
6814 / 10000: [ 0, 0, 0, 0, 0 ], [ 0, 2300, 263, 339 ]
6815 / 10000: [ 0, 1, 0, 0, 0 ], [ 0, 2300, 263, 339 ]
6816 / 10000: [ 0, 2, 0, 0, 0 ], [ 0, 2301, 263, 339 ]
6817 / 10000: [ 0, 2, 0, 0, 0 ], [ 0, 2302, 263, 339 ]
6818 / 10000: [ 0, 1, 0, 0, 0 ], [ 0, 2302, 263, 339 ]
6819 / 10000: [ 0, 2, 0, 0, 0 ], [ 0, 2303, 263, 339 ]
6820 / 10000: [ 0, 0, 0, 0, 0 ], [ 0, 2303, 263, 339 ]
6821 / 10000: [ 0, 2, 0, 0, 0 ], [ 0, 2304, 263, 339 ]
6822 / 10000: [ 0, 2, 0, 0, 0 ], [ 0, 2305, 263, 339 ]
6823 / 10000: [ 0, 0, 0, 0, 0 ], [ 0, 2305, 263, 339 ]
6824 / 10000: [ 0, 2, 0, 0, 0 ], [ 0, 2306, 263, 339 ]
6825 / 10000: [ 0, 2, 0, 0, 0 ], [ 0, 2307, 263, 339 ]
6826 / 10000: [ 0, 2, 0, 0, 0 ], [ 0, 2308, 263, 339 ]
6827 / 10000: [ 0, 0, 0, 0, 0 ], [ 0, 2308, 263, 339 ]
6828 / 10000: [ 0, 2, 0, 0, 0 ], [ 0, 2309, 263, 339 ]
6829 / 10000: [ 0, 2, 0, 0, 0 ], [ 0, 2310, 263, 339 ]
6830 / 10000: [ 0, 2, 0, 0, 0 ], [ 0, 2311, 263, 339 ]
6831 / 10000: [ 0, 0, 0, 0, 0 ], [ 0, 2311, 263, 339 ]
6832 / 10000: [ 0, 2, 0, 0, 0 ], [ 0, 2312, 263, 339 ]
6833 / 10000: [ 0, 1, 0, 0, 0 ], [ 0, 2312, 263, 339 ]
6834 / 10000: [ 0, 1, 0, 0, 0 ], [ 0, 2312, 263, 339 ]
6835 / 10000: [ 0, 2, 0, 0, 0 ], [ 0, 2313, 263, 339 ]
6836 / 10000: [ 0, 2, 0, 0, 0 ], [ 0, 2314, 263, 339 ]
6837 / 10000: [ 0, 2, 0, 0, 0 ], [ 0, 2315, 263, 339 ]
6838 / 10000: [ 0, 0, 0, 0, 0 ], [ 0, 2315, 263, 339 ]
6839 / 10000: [ 0, 0, 0, 0, 0 ], [ 0, 2315, 263, 339 ]
6840 / 10000: [ 0, 2, 0, 0, 0 ], [ 0, 2316, 263, 339 ]
6841 / 10000: [ 0, 0, 0, 0, 0 ], [ 0, 2316, 263, 339 ]
6842 / 10000: [ 0, 1, 0, 0, 0 ], [ 0, 2316, 263, 339 ]
6843 / 10000: [ 0, 0, 0, 0, 0 ], [ 0, 2316, 263, 339 ]
6844 / 10000: [ 0, 2, 0, 0, 0 ], [ 0, 2317, 263, 339 ]
6845 / 10000: [ 0, 1, 0, 0, 0 ], [ 0, 2317, 263, 339 ]
6846 / 10000: [ 0, 2, 0, 0, 0 ], [ 0, 2318, 263, 339 ]
6847 / 10000: [ 0, 1, 0, 0, 0 ], [ 0, 2318, 263, 339 ]
6848 / 10000: [ 0, 0, 0, 0, 0 ], [ 0, 2318, 263, 339 ]
6849 / 10000: [ 0, 2, 0, 0, 0 ], [ 0, 2319, 263, 339 ]
6850 / 10000: [ 0, 1, 0, 0, 0 ], [ 0, 2319, 263, 339 ]
6851 / 10000: [ 0, 1, 0, 0, 0 ], [ 0, 2319, 263, 339 ]
6852 / 10000: [ 0, 1, 0, 0, 0 ], [ 0, 2319, 263, 339 ]
6853 / 10000: [ 0, 0, 0, 0, 0 ], [ 0, 2319, 263, 339 ]
6854 / 10000: [ 0, 2, 0, 0, 0 ], [ 0, 2320, 263, 339 ]
6855 / 10000: [ 0, 1, 0, 0, 0 ], [ 0, 2320, 263, 339 ]
6856 / 10000: [ 0, 1, 0, 0, 0 ], [ 0, 2320, 263, 339 ]
6857 / 10000: [ 0, 0, 0, 0, 0 ], [ 0, 2320, 263, 339 ]
6858 / 10000: [ 0, 1, 0, 0, 0 ], [ 0, 2320, 263, 339 ]
6859 / 10000: [ 0, 2, 0, 0, 0 ], [ 0, 2321, 263, 339 ]
6860 / 10000: [ 0, 2, 0, 0, 0 ], [ 0, 2322, 263, 339 ]
6861 / 10000: [ 0, 1, 1, 0, 0 ], [ 0, 2322, 264, 339 ]
6862 / 10000: [ 0, 1, 0, 0, 0 ], [ 0, 2322, 264, 339 ]
6863 / 10000: [ 0, 0, 0, 0, 0 ], [ 0, 2322, 264, 339 ]
6864 / 10000: [ 0, 1, 0, 0, 0 ], [ 0, 2322, 264, 339 ]
6865 / 10000: [ 0, 1, 0, 0, 0 ], [ 0, 2322, 264, 339 ]
6866 / 10000: [ 0, 2, 0, 0, 0 ], [ 0, 2323, 264, 339 ]
6867 / 10000: [ 0, 1, 0, 0, 0 ], [ 0, 2323, 264, 339 ]
6868 / 10000: [ 0, 0, 0, 0, 0 ], [ 0, 2323, 264, 339 ]
6869 / 10000: [ 0, 0, 0, 0, 0 ], [ 0, 2323, 264, 339 ]
6870 / 10000: [ 0, 0, 0, 0, 0 ], [ 0, 2323, 264, 339 ]
6871 / 10000: [ 0, 0, 0, 0, 0 ], [ 0, 2323, 264, 339 ]
6872 / 10000: [ 0, 1, 0, 0, 0 ], [ 0, 2323, 264, 339 ]
6873 / 10000: [ 0, 1, 0, 0, 0 ], [ 0, 2323, 264, 339 ]
6874 / 10000: [ 0, 0, 0, 0, 0 ], [ 0, 2323, 264, 339 ]
6875 / 10000: [ 0, 1, 0, 0, 0 ], [ 0, 2323, 264, 339 ]
6876 / 10000: [ 0, 1, 0, 0, 0 ], [ 0, 2323, 264, 339 ]
6877 / 10000: [ 0, 2, 0, 0, 0 ], [ 0, 2324, 264, 339 ]
6878 / 10000: [ 0, 2, 0, 0, 0 ], [ 0, 2325, 264, 339 ]
6879 / 10000: [ 0, 0, 0, 0, 0 ], [ 0, 2325, 264, 339 ]
6880 / 10000: [ 0, 2, 0, 0, 0 ], [ 0, 2326, 264, 339 ]
6881 / 10000: [ 0, 1, 0, 0, 0 ], [ 0, 2326, 264, 339 ]
6882 / 10000: [ 0, 2, 0, 0, 0 ], [ 0, 2327, 264, 339 ]
6883 / 10000: [ 0, 1, 0, 0, 0 ], [ 0, 2327, 264, 339 ]
6884 / 10000: [ 0, 1, 1, 0, 0 ], [ 0, 2327, 265, 339 ]
6885 / 10000: [ 0, 1, 0, 0, 0 ], [ 0, 2327, 265, 339 ]
6886 / 10000: [ 0, 2, 0, 0, 0 ], [ 0, 2328, 265, 339 ]
6887 / 10000: [ 0, 2, 0, 0, 0 ], [ 0, 2329, 265, 339 ]
6888 / 10000: [ 0, 1, 0, 0, 0 ], [ 0, 2329, 265, 339 ]
6889 / 10000: [ 0, 1, 0, 0, 0 ], [ 0, 2329, 265, 339 ]
6890 / 10000: [ 0, 2, 0, 0, 0 ], [ 0, 2330, 265, 339 ]
6891 / 10000: [ 0, 1, 0, 0, 0 ], [ 0, 2330, 265, 339 ]
6892 / 10000: [ 0, 1, 0, 0, 0 ], [ 0, 2330, 265, 339 ]
6893 / 10000: [ 0, 2, 0, 0, 0 ], [ 0, 2331, 265, 339 ]
6894 / 10000: [ 0, 2, 0, 0, 0 ], [ 0, 2332, 265, 339 ]
6895 / 10000: [ 0, 2, 0, 0, 0 ], [ 0, 2333, 265, 339 ]
6896 / 10000: [ 0, 1, 0, 0, 0 ], [ 0, 2333, 265, 339 ]
6897 / 10000: [ 0, 0, 0, 0, 0 ], [ 0, 2333, 265, 339 ]
6898 / 10000: [ 0, 2, 0, 0, 0 ], [ 0, 2334, 265, 339 ]
6899 / 10000: [ 0, 1, 0, 0, 0 ], [ 0, 2334, 265, 339 ]
6900 / 10000: [ 0, 2, 0, 0, 0 ], [ 0, 2335, 265, 339 ]
6901 / 10000: [ 0, 2, 0, 0, 0 ], [ 0, 2336, 265, 339 ]
6902 / 10000: [ 0, 2, 0, 0, 0 ], [ 0, 2337, 265, 339 ]
6903 / 10000: [ 0, 2, 0, 0, 0 ], [ 0, 2338, 265, 339 ]
6904 / 10000: [ 0, 1, 0, 0, 0 ], [ 0, 2338, 265, 339 ]
6905 / 10000: [ 0, 1, 0, 1, 0 ], [ 0, 2338, 265, 340 ]
6906 / 10000: [ 0, 2, 0, 0, 0 ], [ 0, 2339, 265, 340 ]
6907 / 10000: [ 0, 2, 0, 0, 0 ], [ 0, 2340, 265, 340 ]
6908 / 10000: [ 0, 0, 0, 1, 0 ], [ 0, 2340, 265, 340 ]
6909 / 10000: [ 0, 0, 0, 0, 0 ], [ 0, 2340, 265, 340 ]
6910 / 10000: [ 0, 0, 0, 0, 0 ], [ 0, 2340, 265, 340 ]
6911 / 10000: [ 0, 0, 0, 0, 0 ], [ 0, 2340, 265, 340 ]
6912 / 10000: [ 0, 0, 0, 0, 0 ], [ 0, 2340, 265, 340 ]
6913 / 10000: [ 0, 1, 0, 0, 0 ], [ 0, 2340, 265, 340 ]
6914 / 10000: [ 0, 0, 0, 0, 0 ], [ 0, 2340, 265, 340 ]
6915 / 10000: [ 0, 0, 0, 0, 0 ], [ 0, 2340, 265, 340 ]
6916 / 10000: [ 0, 0, 0, 0, 0 ], [ 0, 2340, 265, 340 ]
6917 / 10000: [ 0, 0, 0, 1, 1 ], [ 0, 2340, 265, 341 ]
6918 / 10000: [ 0, 1, 0, 0, 0 ], [ 0, 2340, 265, 341 ]
6919 / 10000: [ 0, 0, 0, 0, 0 ], [ 0, 2340, 265, 341 ]
6920 / 10000: [ 0, 0, 0, 0, 0 ], [ 0, 2340, 265, 341 ]
6921 / 10000: [ 0, 0, 0, 0, 0 ], [ 0, 2340, 265, 341 ]
6922 / 10000: [ 0, 0, 0, 0, 0 ], [ 0, 2340, 265, 341 ]
6923 / 10000: [ 0, 0, 0, 0, 0 ], [ 0, 2340, 265, 341 ]
6924 / 10000: [ 0, 2, 0, 0, 0 ], [ 0, 2341, 265, 341 ]
6925 / 10000: [ 0, 1, 0, 1, 0 ], [ 0, 2341, 265, 342 ]
6926 / 10000: [ 0, 0, 0, 2, 0 ], [ 0, 2341, 265, 343 ]
6927 / 10000: [ 0, 0, 0, 1, 0 ], [ 0, 2341, 265, 343 ]
6928 / 10000: [ 0, 1, 0, 0, 0 ], [ 0, 2341, 265, 343 ]
6929 / 10000: [ 0, 0, 0, 0, 0 ], [ 0, 2341, 265, 343 ]
6930 / 10000: [ 0, 1, 0, 0, 0 ], [ 0, 2341, 265, 343 ]
6931 / 10000: [ 0, 0, 0, 0, 0 ], [ 0, 2341, 265, 343 ]
6932 / 10000: [ 0, 1, 0, 1, 0 ], [ 0, 2341, 265, 344 ]
6933 / 10000: [ 0, 0, 0, 2, 0 ], [ 0, 2341, 265, 345 ]
6934 / 10000: [ 0, 1, 0, 1, 0 ], [ 0, 2341, 265, 346 ]
6935 / 10000: [ 0, 0, 0, 0, 0 ], [ 0, 2341, 265, 346 ]
6936 / 10000: [ 0, 1, 0, 0, 0 ], [ 0, 2341, 265, 346 ]
6937 / 10000: [ 0, 1, 0, 0, 0 ], [ 0, 2341, 265, 346 ]
6938 / 10000: [ 0, 1, 0, 0, 0 ], [ 0, 2341, 265, 346 ]
6939 / 10000: [ 0, 0, 0, 2, 0 ], [ 0, 2341, 265, 347 ]
6940 / 10000: [ 0, 0, 0, 2, 0 ], [ 0, 2341, 265, 348 ]
6941 / 10000: [ 0, 0, 0, 0, 0 ], [ 0, 2341, 265, 348 ]
6942 / 10000: [ 0, 0, 0, 0, 0 ], [ 0, 2341, 265, 348 ]
6943 / 10000: [ 0, 0, 0, 0, 0 ], [ 0, 2341, 265, 348 ]
6944 / 10000: [ 0, 0, 0, 1, 0 ], [ 0, 2341, 265, 348 ]
6945 / 10000: [ 0, 0, 0, 0, 0 ], [ 0, 2341, 265, 348 ]
6946 / 10000: [ 0, 0, 0, 0, 0 ], [ 0, 2341, 265, 348 ]
6947 / 10000: [ 0, 1, 0, 1, 0 ], [ 0, 2341, 265, 349 ]
6948 / 10000: [ 0, 0, 0, 0, 0 ], [ 0, 2341, 265, 349 ]
6949 / 10000: [ 0, 1, 0, 0, 0 ], [ 0, 2341, 265, 349 ]
6950 / 10000: [ 0, 0, 0, 0, 0 ], [ 0, 2341, 265, 349 ]
6951 / 10000: [ 0, 0, 0, 0, 0 ], [ 0, 2341, 265, 349 ]
6952 / 10000: [ 0, 0, 0, 0, 0 ], [ 0, 2341, 265, 349 ]
6953 / 10000: [ 0, 0, 0, 1, 0 ], [ 0, 2341, 265, 349 ]
6954 / 10000: [ 0, 2, 0, 0, 0 ], [ 0, 2342, 265, 349 ]
6955 / 10000: [ 0, 0, 0, 0, 0 ], [ 0, 2342, 265, 349 ]
6956 / 10000: [ 0, 1, 0, 0, 0 ], [ 0, 2342, 265, 349 ]
6957 / 10000: [ 0, 0, 0, 0, 0 ], [ 0, 2342, 265, 349 ]
6958 / 10000: [ 0, 1, 0, 1, 0 ], [ 0, 2342, 265, 350 ]
6959 / 10000: [ 0, 1, 0, 1, 0 ], [ 0, 2342, 265, 351 ]
6960 / 10000: [ 0, 2, 0, 0, 0 ], [ 0, 2343, 265, 351 ]
6961 / 10000: [ 0, 0, 0, 1, 0 ], [ 0, 2343, 265, 351 ]
6962 / 10000: [ 0, 0, 0, 1, 0 ], [ 0, 2343, 265, 351 ]
6963 / 10000: [ 0, 0, 0, 1, 0 ], [ 0, 2343, 265, 351 ]
6964 / 10000: [ 0, 1, 0, 1, 0 ], [ 0, 2343, 265, 352 ]
6965 / 10000: [ 0, 0, 0, 0, 0 ], [ 0, 2343, 265, 352 ]
6966 / 10000: [ 0, 2, 0, 0, 0 ], [ 0, 2344, 265, 352 ]
6967 / 10000: [ 0, 0, 0, 0, 0 ], [ 0, 2344, 265, 352 ]
6968 / 10000: [ 0, 0, 0, 0, 0 ], [ 0, 2344, 265, 352 ]
6969 / 10000: [ 0, 0, 0, 1, 0 ], [ 0, 2344, 265, 352 ]
6970 / 10000: [ 0, 0, 0, 1, 0 ], [ 0, 2344, 265, 352 ]
6971 / 10000: [ 0, 0, 0, 0, 0 ], [ 0, 2344, 265, 352 ]
6972 / 10000: [ 0, 0, 0, 0, 0 ], [ 0, 2344, 265, 352 ]
6973 / 10000: [ 0, 1, 0, 0, 0 ], [ 0, 2344, 265, 352 ]
6974 / 10000: [ 0, 0, 0, 0, 0 ], [ 0, 2344, 265, 352 ]
6975 / 10000: [ 0, 0, 0, 0, 0 ], [ 0, 2344, 265, 352 ]
6976 / 10000: [ 0, 0, 0, 0, 0 ], [ 0, 2344, 265, 352 ]
6977 / 10000: [ 0, 0, 0, 0, 0 ], [ 0, 2344, 265, 352 ]
6978 / 10000: [ 0, 1, 0, 0, 0 ], [ 0, 2344, 265, 352 ]
6979 / 10000: [ 0, 0, 0, 0, 0 ], [ 0, 2344, 265, 352 ]
6980 / 10000: [ 0, 1, 0, 0, 0 ], [ 0, 2344, 265, 352 ]
6981 / 10000: [ 0, 0, 0, 1, 0 ], [ 0, 2344, 265, 352 ]
6982 / 10000: [ 0, 1, 0, 0, 0 ], [ 0, 2344, 265, 352 ]
6983 / 10000: [ 0, 0, 0, 0, 0 ], [ 0, 2344, 265, 352 ]
6984 / 10000: [ 0, 0, 0, 1, 0 ], [ 0, 2344, 265, 352 ]
6985 / 10000: [ 0, 1, 0, 0, 0 ], [ 0, 2344, 265, 352 ]
6986 / 10000: [ 0, 1, 0, 0, 0 ], [ 0, 2344, 265, 352 ]
6987 / 10000: [ 0, 1, 0, 1, 0 ], [ 0, 2344, 265, 353 ]
6988 / 10000: [ 0, 0, 0, 0, 0 ], [ 0, 2344, 265, 353 ]
6989 / 10000: [ 0, 0, 0, 0, 0 ], [ 0, 2344, 265, 353 ]
6990 / 10000: [ 0, 1, 0, 1, 0 ], [ 0, 2344, 265, 354 ]
6991 / 10000: [ 0, 0, 0, 0, 0 ], [ 0, 2344, 265, 354 ]
6992 / 10000: [ 0, 2, 0, 0, 0 ], [ 0, 2345, 265, 354 ]
6993 / 10000: [ 0, 1, 0, 0, 0 ], [ 0, 2345, 265, 354 ]
6994 / 10000: [ 0, 1, 0, 1, 0 ], [ 0, 2345, 265, 355 ]
6995 / 10000: [ 0, 2, 0, 0, 0 ], [ 0, 2346, 265, 355 ]
6996 / 10000: [ 0, 1, 0, 1, 0 ], [ 0, 2346, 265, 356 ]
6997 / 10000: [ 0, 0, 0, 0, 0 ], [ 0, 2346, 265, 356 ]
6998 / 10000: [ 0, 0, 0, 0, 0 ], [ 0, 2346, 265, 356 ]
6999 / 10000: [ 0, 1, 0, 0, 0 ], [ 0, 2346, 265, 356 ]
7000 / 10000: [ 0, 1, 0, 0, 0 ], [ 0, 2346, 265, 356 ]
7001 / 10000: [ 0, 2, 0, 0, 0 ], [ 0, 2347, 265, 356 ]
7002 / 10000: [ 0, 1, 0, 0, 0 ], [ 0, 2347, 265, 356 ]
7003 / 10000: [ 0, 1, 0, 0, 0 ], [ 0, 2347, 265, 356 ]
7004 / 10000: [ 0, 0, 1, 0, 0 ], [ 0, 2347, 265, 356 ]
7005 / 10000: [ 0, 1, 0, 0, 0 ], [ 0, 2347, 265, 356 ]
7006 / 10000: [ 0, 1, 0, 0, 0 ], [ 0, 2347, 265, 356 ]
7007 / 10000: [ 0, 0, 0, 0, 0 ], [ 0, 2347, 265, 356 ]
7008 / 10000: [ 0, 0, 0, 0, 0 ], [ 0, 2347, 265, 356 ]
7009 / 10000: [ 0, 2, 0, 0, 0 ], [ 0, 2348, 265, 356 ]
7010 / 10000: [ 0, 0, 0, 0, 0 ], [ 0, 2348, 265, 356 ]
7011 / 10000: [ 0, 2, 0, 0, 0 ], [ 0, 2349, 265, 356 ]
7012 / 10000: [ 0, 2, 0, 0, 0 ], [ 0, 2350, 265, 356 ]
7013 / 10000: [ 0, 2, 0, 0, 0 ], [ 0, 2351, 265, 356 ]
7014 / 10000: [ 0, 2, 0, 0, 0 ], [ 0, 2352, 265, 356 ]
7015 / 10000: [ 0, 1, 0, 0, 0 ], [ 0, 2352, 265, 356 ]
7016 / 10000: [ 0, 1, 0, 0, 0 ], [ 0, 2352, 265, 356 ]
7017 / 10000: [ 0, 1, 0, 0, 0 ], [ 0, 2352, 265, 356 ]
7018 / 10000: [ 0, 0, 0, 0, 0 ], [ 0, 2352, 265, 356 ]
7019 / 10000: [ 0, 2, 0, 0, 0 ], [ 0, 2353, 265, 356 ]
7020 / 10000: [ 0, 0, 0, 0, 0 ], [ 0, 2353, 265, 356 ]
7021 / 10000: [ 0, 0, 0, 0, 0 ], [ 0, 2353, 265, 356 ]
7022 / 10000: [ 0, 1, 0, 0, 0 ], [ 0, 2353, 265, 356 ]
7023 / 10000: [ 0, 1, 0, 0, 0 ], [ 0, 2353, 265, 356 ]
7024 / 10000: [ 0, 0, 0, 0, 0 ], [ 0, 2353, 265, 356 ]
7025 / 10000: [ 0, 1, 0, 0, 1 ], [ 0, 2353, 265, 357 ]
7026 / 10000: [ 0, 0, 1, 1, 0 ], [ 0, 2353, 265, 358 ]
7027 / 10000: [ 0, 1, 0, 0, 0 ], [ 0, 2353, 265, 358 ]
7028 / 10000: [ 0, 1, 1, 0, 0 ], [ 0, 2353, 266, 358 ]
7029 / 10000: [ 0, 0, 0, 0, 0 ], [ 0, 2353, 266, 358 ]
7030 / 10000: [ 0, 1, 0, 0, 0 ], [ 0, 2353, 266, 358 ]
7031 / 10000: [ 0, 0, 0, 0, 0 ], [ 0, 2353, 266, 358 ]
7032 / 10000: [ 0, 2, 0, 0, 0 ], [ 0, 2354, 266, 358 ]
7033 / 10000: [ 0, 2, 0, 0, 0 ], [ 0, 2355, 266, 358 ]
7034 / 10000: [ 0, 2, 0, 0, 0 ], [ 0, 2356, 266, 358 ]
7035 / 10000: [ 0, 0, 0, 0, 0 ], [ 0, 2356, 266, 358 ]
7036 / 10000: [ 0, 0, 0, 0, 0 ], [ 0, 2356, 266, 358 ]
7037 / 10000: [ 0, 1, 0, 0, 0 ], [ 0, 2356, 266, 358 ]
7038 / 10000: [ 0, 0, 0, 0, 0 ], [ 0, 2356, 266, 358 ]
7039 / 10000: [ 0, 0, 0, 0, 0 ], [ 0, 2356, 266, 358 ]
7040 / 10000: [ 0, 0, 0, 0, 0 ], [ 0, 2356, 266, 358 ]
7041 / 10000: [ 0, 1, 1, 0, 0 ], [ 0, 2356, 267, 358 ]
7042 / 10000: [ 0, 1, 0, 0, 0 ], [ 0, 2356, 267, 358 ]
7043 / 10000: [ 0, 0, 0, 0, 0 ], [ 0, 2356, 267, 358 ]
7044 / 10000: [ 0, 0, 0, 0, 0 ], [ 0, 2356, 267, 358 ]
7045 / 10000: [ 0, 1, 0, 0, 0 ], [ 0, 2356, 267, 358 ]
7046 / 10000: [ 0, 0, 1, 0, 0 ], [ 0, 2356, 267, 358 ]
7047 / 10000: [ 0, 0, 0, 0, 0 ], [ 0, 2356, 267, 358 ]
7048 / 10000: [ 0, 0, 1, 0, 0 ], [ 0, 2356, 267, 358 ]
7049 / 10000: [ 0, 2, 0, 0, 0 ], [ 0, 2357, 267, 358 ]
7050 / 10000: [ 0, 2, 0, 0, 0 ], [ 0, 2358, 267, 358 ]
7051 / 10000: [ 0, 0, 1, 0, 0 ], [ 0, 2358, 267, 358 ]
7052 / 10000: [ 0, 0, 0, 0, 0 ], [ 0, 2358, 267, 358 ]
7053 / 10000: [ 0, 0, 1, 0, 0 ], [ 0, 2358, 267, 358 ]
7054 / 10000: [ 0, 0, 0, 0, 0 ], [ 0, 2358, 267, 358 ]
7055 / 10000: [ 0, 0, 0, 0, 0 ], [ 0, 2358, 267, 358 ]
7056 / 10000: [ 0, 0, 0, 0, 0 ], [ 0, 2358, 267, 358 ]
7057 / 10000: [ 0, 0, 0, 0, 0 ], [ 0, 2358, 267, 358 ]
7058 / 10000: [ 0, 1, 0, 0, 0 ], [ 0, 2358, 267, 358 ]
7059 / 10000: [ 0, 0, 0, 0, 0 ], [ 0, 2358, 267, 358 ]
7060 / 10000: [ 0, 0, 0, 1, 0 ], [ 0, 2358, 267, 358 ]
7061 / 10000: [ 0, 1, 0, 0, 0 ], [ 0, 2358, 267, 358 ]
7062 / 10000: [ 0, 1, 0, 0, 0 ], [ 0, 2358, 267, 358 ]
7063 / 10000: [ 0, 0, 0, 0, 0 ], [ 0, 2358, 267, 358 ]
7064 / 10000: [ 0, 0, 0, 0, 0 ], [ 0, 2358, 267, 358 ]
7065 / 10000: [ 0, 0, 0, 0, 0 ], [ 0, 2358, 267, 358 ]
7066 / 10000: [ 0, 0, 0, 0, 0 ], [ 0, 2358, 267, 358 ]
7067 / 10000: [ 0, 0, 0, 0, 0 ], [ 0, 2358, 267, 358 ]
7068 / 10000: [ 0, 2, 0, 0, 0 ], [ 0, 2359, 267, 358 ]
7069 / 10000: [ 0, 2, 0, 0, 0 ], [ 0, 2360, 267, 358 ]
7070 / 10000: [ 0, 2, 0, 0, 0 ], [ 0, 2361, 267, 358 ]
7071 / 10000: [ 0, 0, 0, 0, 0 ], [ 0, 2361, 267, 358 ]
7072 / 10000: [ 0, 1, 0, 0, 0 ], [ 0, 2361, 267, 358 ]
7073 / 10000: [ 0, 1, 0, 0, 0 ], [ 0, 2361, 267, 358 ]
7074 / 10000: [ 0, 1, 0, 0, 0 ], [ 0, 2361, 267, 358 ]
7075 / 10000: [ 0, 0, 0, 0, 0 ], [ 0, 2361, 267, 358 ]
7076 / 10000: [ 0, 1, 0, 0, 0 ], [ 0, 2361, 267, 358 ]
7077 / 10000: [ 0, 1, 0, 0, 0 ], [ 0, 2361, 267, 358 ]
7078 / 10000: [ 0, 0, 0, 0, 0 ], [ 0, 2361, 267, 358 ]
7079 / 10000: [ 0, 1, 0, 0, 0 ], [ 0, 2361, 267, 358 ]
7080 / 10000: [ 0, 1, 0, 0, 0 ], [ 0, 2361, 267, 358 ]
7081 / 10000: [ 0, 1, 0, 0, 0 ], [ 0, 2361, 267, 358 ]
7082 / 10000: [ 0, 0, 0, 0, 0 ], [ 0, 2361, 267, 358 ]
7083 / 10000: [ 0, 0, 0, 0, 0 ], [ 0, 2361, 267, 358 ]
7084 / 10000: [ 0, 1, 0, 0, 0 ], [ 0, 2361, 267, 358 ]
7085 / 10000: [ 0, 0, 0, 0, 0 ], [ 0, 2361, 267, 358 ]
7086 / 10000: [ 0, 0, 0, 0, 0 ], [ 0, 2361, 267, 358 ]
7087 / 10000: [ 0, 0, 0, 0, 0 ], [ 0, 2361, 267, 358 ]
7088 / 10000: [ 0, 1, 0, 0, 0 ], [ 0, 2361, 267, 358 ]
7089 / 10000: [ 0, 0, 0, 0, 0 ], [ 0, 2361, 267, 358 ]
7090 / 10000: [ 0, 0, 0, 0, 0 ], [ 0, 2361, 267, 358 ]
7091 / 10000: [ 0, 2, 0, 0, 0 ], [ 0, 2362, 267, 358 ]
7092 / 10000: [ 0, 0, 0, 0, 0 ], [ 0, 2362, 267, 358 ]
7093 / 10000: [ 0, 1, 0, 0, 0 ], [ 0, 2362, 267, 358 ]
7094 / 10000: [ 0, 1, 0, 0, 0 ], [ 0, 2362, 267, 358 ]
7095 / 10000: [ 0, 0, 0, 0, 0 ], [ 0, 2362, 267, 358 ]
7096 / 10000: [ 0, 2, 0, 0, 0 ], [ 0, 2363, 267, 358 ]
7097 / 10000: [ 0, 0, 0, 0, 0 ], [ 0, 2363, 267, 358 ]
7098 / 10000: [ 0, 0, 0, 0, 0 ], [ 0, 2363, 267, 358 ]
7099 / 10000: [ 0, 0, 0, 0, 0 ], [ 0, 2363, 267, 358 ]
7100 / 10000: [ 0, 0, 0, 0, 0 ], [ 0, 2363, 267, 358 ]
7101 / 10000: [ 0, 2, 0, 0, 0 ], [ 0, 2364, 267, 358 ]
7102 / 10000: [ 0, 2, 0, 0, 0 ], [ 0, 2365, 267, 358 ]
7103 / 10000: [ 0, 2, 0, 0, 0 ], [ 0, 2366, 267, 358 ]
7104 / 10000: [ 0, 2, 0, 0, 0 ], [ 0, 2367, 267, 358 ]
7105 / 10000: [ 0, 1, 0, 0, 0 ], [ 0, 2367, 267, 358 ]
7106 / 10000: [ 0, 2, 0, 0, 0 ], [ 0, 2368, 267, 358 ]
7107 / 10000: [ 0, 2, 0, 0, 0 ], [ 0, 2369, 267, 358 ]
7108 / 10000: [ 0, 2, 0, 0, 0 ], [ 0, 2370, 267, 358 ]
7109 / 10000: [ 0, 0, 0, 0, 0 ], [ 0, 2370, 267, 358 ]
7110 / 10000: [ 0, 2, 0, 0, 0 ], [ 0, 2371, 267, 358 ]
7111 / 10000: [ 0, 2, 0, 0, 0 ], [ 0, 2372, 267, 358 ]
7112 / 10000: [ 0, 2, 0, 0, 0 ], [ 0, 2373, 267, 358 ]
7113 / 10000: [ 0, 0, 0, 0, 0 ], [ 0, 2373, 267, 358 ]
7114 / 10000: [ 0, 1, 0, 0, 0 ], [ 0, 2373, 267, 358 ]
7115 / 10000: [ 0, 2, 0, 0, 0 ], [ 0, 2374, 267, 358 ]
7116 / 10000: [ 0, 2, 0, 0, 0 ], [ 0, 2375, 267, 358 ]
7117 / 10000: [ 0, 2, 0, 0, 0 ], [ 0, 2376, 267, 358 ]
7118 / 10000: [ 0, 1, 0, 0, 0 ], [ 0, 2376, 267, 358 ]
7119 / 10000: [ 0, 2, 0, 0, 0 ], [ 0, 2377, 267, 358 ]
7120 / 10000: [ 0, 0, 0, 0, 0 ], [ 0, 2377, 267, 358 ]
7121 / 10000: [ 0, 2, 0, 0, 0 ], [ 0, 2378, 267, 358 ]
7122 / 10000: [ 0, 1, 0, 0, 0 ], [ 0, 2378, 267, 358 ]
7123 / 10000: [ 0, 0, 0, 0, 0 ], [ 0, 2378, 267, 358 ]
7124 / 10000: [ 0, 2, 0, 0, 0 ], [ 0, 2379, 267, 358 ]
7125 / 10000: [ 0, 2, 0, 0, 0 ], [ 0, 2380, 267, 358 ]
7126 / 10000: [ 0, 2, 0, 0, 0 ], [ 0, 2381, 267, 358 ]
7127 / 10000: [ 0, 0, 0, 0, 0 ], [ 0, 2381, 267, 358 ]
7128 / 10000: [ 0, 2, 0, 0, 0 ], [ 0, 2382, 267, 358 ]
7129 / 10000: [ 0, 2, 0, 0, 0 ], [ 0, 2383, 267, 358 ]
7130 / 10000: [ 0, 2, 0, 0, 0 ], [ 0, 2384, 267, 358 ]
7131 / 10000: [ 0, 2, 0, 0, 0 ], [ 0, 2385, 267, 358 ]
7132 / 10000: [ 0, 2, 0, 0, 0 ], [ 0, 2386, 267, 358 ]
7133 / 10000: [ 0, 2, 0, 0, 0 ], [ 0, 2387, 267, 358 ]
7134 / 10000: [ 0, 1, 0, 0, 0 ], [ 0, 2387, 267, 358 ]
7135 / 10000: [ 0, 2, 0, 0, 0 ], [ 0, 2388, 267, 358 ]
7136 / 10000: [ 0, 2, 0, 0, 0 ], [ 0, 2389, 267, 358 ]
7137 / 10000: [ 0, 2, 0, 0, 0 ], [ 0, 2390, 267, 358 ]
7138 / 10000: [ 0, 0, 0, 0, 0 ], [ 0, 2390, 267, 358 ]
7139 / 10000: [ 0, 0, 0, 0, 0 ], [ 0, 2390, 267, 358 ]
7140 / 10000: [ 0, 2, 0, 0, 0 ], [ 0, 2391, 267, 358 ]
7141 / 10000: [ 0, 2, 0, 0, 0 ], [ 0, 2392, 267, 358 ]
7142 / 10000: [ 0, 2, 0, 0, 0 ], [ 0, 2393, 267, 358 ]
7143 / 10000: [ 0, 0, 0, 0, 0 ], [ 0, 2393, 267, 358 ]
7144 / 10000: [ 0, 2, 0, 0, 0 ], [ 0, 2394, 267, 358 ]
7145 / 10000: [ 0, 1, 0, 0, 0 ], [ 0, 2394, 267, 358 ]
7146 / 10000: [ 0, 2, 0, 0, 0 ], [ 0, 2395, 267, 358 ]
7147 / 10000: [ 0, 1, 0, 0, 0 ], [ 0, 2395, 267, 358 ]
7148 / 10000: [ 0, 2, 0, 0, 0 ], [ 0, 2396, 267, 358 ]
7149 / 10000: [ 0, 1, 1, 0, 0 ], [ 0, 2396, 268, 358 ]
7150 / 10000: [ 0, 2, 0, 0, 0 ], [ 0, 2397, 268, 358 ]
7151 / 10000: [ 0, 1, 0, 0, 0 ], [ 0, 2397, 268, 358 ]
7152 / 10000: [ 0, 0, 0, 0, 0 ], [ 0, 2397, 268, 358 ]
7153 / 10000: [ 0, 1, 0, 0, 0 ], [ 0, 2397, 268, 358 ]
7154 / 10000: [ 0, 2, 0, 0, 0 ], [ 0, 2398, 268, 358 ]
7155 / 10000: [ 0, 1, 0, 0, 0 ], [ 0, 2398, 268, 358 ]
7156 / 10000: [ 0, 2, 0, 0, 0 ], [ 0, 2399, 268, 358 ]
7157 / 10000: [ 0, 1, 0, 0, 0 ], [ 0, 2399, 268, 358 ]
7158 / 10000: [ 0, 1, 0, 0, 0 ], [ 0, 2399, 268, 358 ]
7159 / 10000: [ 0, 2, 0, 0, 0 ], [ 0, 2400, 268, 358 ]
7160 / 10000: [ 0, 2, 0, 0, 0 ], [ 0, 2401, 268, 358 ]
7161 / 10000: [ 0, 2, 0, 0, 0 ], [ 0, 2402, 268, 358 ]
7162 / 10000: [ 0, 2, 0, 0, 0 ], [ 0, 2403, 268, 358 ]
7163 / 10000: [ 0, 0, 0, 0, 0 ], [ 0, 2403, 268, 358 ]
7164 / 10000: [ 0, 2, 0, 0, 0 ], [ 0, 2404, 268, 358 ]
7165 / 10000: [ 0, 1, 0, 0, 0 ], [ 0, 2404, 268, 358 ]
7166 / 10000: [ 0, 2, 0, 0, 0 ], [ 0, 2405, 268, 358 ]
7167 / 10000: [ 0, 2, 0, 0, 0 ], [ 0, 2406, 268, 358 ]
7168 / 10000: [ 0, 1, 1, 0, 0 ], [ 0, 2406, 269, 358 ]
7169 / 10000: [ 0, 0, 0, 0, 0 ], [ 0, 2406, 269, 358 ]
7170 / 10000: [ 0, 0, 0, 0, 0 ], [ 0, 2406, 269, 358 ]
7171 / 10000: [ 0, 1, 1, 0, 0 ], [ 0, 2406, 270, 358 ]
7172 / 10000: [ 0, 1, 0, 0, 0 ], [ 0, 2406, 270, 358 ]
7173 / 10000: [ 0, 2, 0, 0, 0 ], [ 0, 2407, 270, 358 ]
7174 / 10000: [ 0, 0, 0, 0, 0 ], [ 0, 2407, 270, 358 ]
7175 / 10000: [ 0, 1, 0, 0, 0 ], [ 0, 2407, 270, 358 ]
7176 / 10000: [ 0, 1, 0, 0, 0 ], [ 0, 2407, 270, 358 ]
7177 / 10000: [ 0, 1, 0, 0, 0 ], [ 0, 2407, 270, 358 ]
7178 / 10000: [ 0, 2, 0, 0, 0 ], [ 0, 2408, 270, 358 ]
7179 / 10000: [ 0, 0, 0, 0, 0 ], [ 0, 2408, 270, 358 ]
7180 / 10000: [ 0, 2, 0, 0, 0 ], [ 0, 2409, 270, 358 ]
7181 / 10000: [ 0, 1, 1, 0, 0 ], [ 0, 2409, 271, 358 ]
7182 / 10000: [ 0, 2, 0, 0, 0 ], [ 0, 2410, 271, 358 ]
7183 / 10000: [ 0, 1, 0, 0, 0 ], [ 0, 2410, 271, 358 ]
7184 / 10000: [ 0, 1, 0, 0, 0 ], [ 0, 2410, 271, 358 ]
7185 / 10000: [ 0, 1, 0, 0, 0 ], [ 0, 2410, 271, 358 ]
7186 / 10000: [ 0, 1, 0, 0, 0 ], [ 0, 2410, 271, 358 ]
7187 / 10000: [ 0, 1, 0, 0, 0 ], [ 0, 2410, 271, 358 ]
7188 / 10000: [ 0, 1, 0, 0, 0 ], [ 0, 2410, 271, 358 ]
7189 / 10000: [ 0, 1, 0, 0, 0 ], [ 0, 2410, 271, 358 ]
7190 / 10000: [ 0, 2, 0, 0, 0 ], [ 0, 2411, 271, 358 ]
7191 / 10000: [ 0, 2, 0, 0, 0 ], [ 0, 2412, 271, 358 ]
7192 / 10000: [ 0, 1, 0, 0, 0 ], [ 0, 2412, 271, 358 ]
7193 / 10000: [ 0, 2, 0, 0, 0 ], [ 0, 2413, 271, 358 ]
7194 / 10000: [ 0, 2, 0, 0, 0 ], [ 0, 2414, 271, 358 ]
7195 / 10000: [ 0, 2, 0, 0, 0 ], [ 0, 2415, 271, 358 ]
7196 / 10000: [ 0, 1, 0, 0, 0 ], [ 0, 2415, 271, 358 ]
7197 / 10000: [ 0, 0, 0, 0, 0 ], [ 0, 2415, 271, 358 ]
7198 / 10000: [ 0, 2, 0, 0, 0 ], [ 0, 2416, 271, 358 ]
7199 / 10000: [ 0, 2, 0, 0, 0 ], [ 0, 2417, 271, 358 ]
7200 / 10000: [ 0, 2, 0, 0, 0 ], [ 0, 2418, 271, 358 ]
7201 / 10000: [ 0, 0, 0, 0, 0 ], [ 0, 2418, 271, 358 ]
7202 / 10000: [ 0, 2, 0, 0, 0 ], [ 0, 2419, 271, 358 ]
7203 / 10000: [ 0, 2, 0, 0, 0 ], [ 0, 2420, 271, 358 ]
7204 / 10000: [ 0, 2, 0, 0, 0 ], [ 0, 2421, 271, 358 ]
7205 / 10000: [ 0, 0, 0, 0, 0 ], [ 0, 2421, 271, 358 ]
7206 / 10000: [ 0, 1, 0, 0, 0 ], [ 0, 2421, 271, 358 ]
7207 / 10000: [ 0, 1, 0, 0, 0 ], [ 0, 2421, 271, 358 ]
7208 / 10000: [ 0, 2, 0, 0, 0 ], [ 0, 2422, 271, 358 ]
7209 / 10000: [ 0, 2, 0, 0, 0 ], [ 0, 2423, 271, 358 ]
7210 / 10000: [ 0, 2, 0, 0, 0 ], [ 0, 2424, 271, 358 ]
7211 / 10000: [ 0, 2, 0, 0, 0 ], [ 0, 2425, 271, 358 ]
7212 / 10000: [ 0, 1, 1, 0, 0 ], [ 0, 2425, 272, 358 ]
7213 / 10000: [ 0, 2, 0, 0, 0 ], [ 0, 2426, 272, 358 ]
7214 / 10000: [ 0, 0, 0, 0, 0 ], [ 0, 2426, 272, 358 ]
7215 / 10000: [ 0, 2, 0, 0, 0 ], [ 0, 2427, 272, 358 ]
7216 / 10000: [ 0, 2, 0, 0, 0 ], [ 0, 2428, 272, 358 ]
7217 / 10000: [ 0, 2, 0, 0, 0 ], [ 0, 2429, 272, 358 ]
7218 / 10000: [ 0, 1, 0, 0, 0 ], [ 0, 2429, 272, 358 ]
7219 / 10000: [ 0, 2, 0, 0, 0 ], [ 0, 2430, 272, 358 ]
7220 / 10000: [ 0, 2, 0, 0, 0 ], [ 0, 2431, 272, 358 ]
7221 / 10000: [ 0, 2, 0, 0, 0 ], [ 0, 2432, 272, 358 ]
7222 / 10000: [ 0, 1, 0, 0, 0 ], [ 0, 2432, 272, 358 ]
7223 / 10000: [ 0, 1, 0, 0, 0 ], [ 0, 2432, 272, 358 ]
7224 / 10000: [ 0, 1, 0, 0, 0 ], [ 0, 2432, 272, 358 ]
7225 / 10000: [ 0, 2, 0, 0, 0 ], [ 0, 2433, 272, 358 ]
7226 / 10000: [ 0, 1, 1, 0, 0 ], [ 0, 2433, 273, 358 ]
7227 / 10000: [ 0, 0, 0, 0, 0 ], [ 0, 2433, 273, 358 ]
7228 / 10000: [ 0, 2, 0, 0, 0 ], [ 0, 2434, 273, 358 ]
7229 / 10000: [ 0, 2, 0, 0, 0 ], [ 0, 2435, 273, 358 ]
7230 / 10000: [ 0, 2, 0, 0, 0 ], [ 0, 2436, 273, 358 ]
7231 / 10000: [ 0, 0, 0, 0, 0 ], [ 0, 2436, 273, 358 ]
7232 / 10000: [ 0, 2, 0, 0, 0 ], [ 0, 2437, 273, 358 ]
7233 / 10000: [ 0, 0, 1, 0, 0 ], [ 0, 2437, 273, 358 ]
7234 / 10000: [ 0, 0, 0, 0, 0 ], [ 0, 2437, 273, 358 ]
7235 / 10000: [ 0, 2, 0, 0, 0 ], [ 0, 2438, 273, 358 ]
7236 / 10000: [ 0, 2, 0, 0, 0 ], [ 0, 2439, 273, 358 ]
7237 / 10000: [ 0, 1, 0, 0, 0 ], [ 0, 2439, 273, 358 ]
7238 / 10000: [ 0, 1, 0, 0, 0 ], [ 0, 2439, 273, 358 ]
7239 / 10000: [ 0, 0, 0, 0, 0 ], [ 0, 2439, 273, 358 ]
7240 / 10000: [ 0, 2, 0, 0, 0 ], [ 0, 2440, 273, 358 ]
7241 / 10000: [ 0, 1, 0, 0, 0 ], [ 0, 2440, 273, 358 ]
7242 / 10000: [ 0, 1, 0, 0, 0 ], [ 0, 2440, 273, 358 ]
7243 / 10000: [ 0, 0, 0, 0, 0 ], [ 0, 2440, 273, 358 ]
7244 / 10000: [ 0, 2, 0, 0, 0 ], [ 0, 2441, 273, 358 ]
7245 / 10000: [ 0, 0, 0, 0, 0 ], [ 0, 2441, 273, 358 ]
7246 / 10000: [ 0, 2, 0, 0, 0 ], [ 0, 2442, 273, 358 ]
7247 / 10000: [ 0, 1, 0, 0, 0 ], [ 0, 2442, 273, 358 ]
7248 / 10000: [ 0, 1, 1, 0, 0 ], [ 0, 2442, 274, 358 ]
7249 / 10000: [ 0, 0, 0, 0, 0 ], [ 0, 2442, 274, 358 ]
7250 / 10000: [ 0, 1, 1, 0, 0 ], [ 0, 2442, 275, 358 ]
7251 / 10000: [ 0, 1, 0, 0, 0 ], [ 0, 2442, 275, 358 ]
7252 / 10000: [ 0, 1, 0, 0, 0 ], [ 0, 2442, 275, 358 ]
7253 / 10000: [ 0, 2, 0, 0, 0 ], [ 0, 2443, 275, 358 ]
7254 / 10000: [ 0, 2, 0, 0, 0 ], [ 0, 2444, 275, 358 ]
7255 / 10000: [ 0, 2, 0, 0, 0 ], [ 0, 2445, 275, 358 ]
7256 / 10000: [ 0, 0, 0, 0, 0 ], [ 0, 2445, 275, 358 ]
7257 / 10000: [ 0, 2, 0, 0, 0 ], [ 0, 2446, 275, 358 ]
7258 / 10000: [ 0, 0, 0, 0, 0 ], [ 0, 2446, 275, 358 ]
7259 / 10000: [ 0, 2, 0, 0, 0 ], [ 0, 2447, 275, 358 ]
7260 / 10000: [ 0, 1, 0, 1, 0 ], [ 0, 2447, 275, 359 ]
7261 / 10000: [ 0, 2, 0, 0, 0 ], [ 0, 2448, 275, 359 ]
7262 / 10000: [ 0, 1, 1, 0, 0 ], [ 0, 2448, 276, 359 ]
7263 / 10000: [ 0, 0, 0, 0, 0 ], [ 0, 2448, 276, 359 ]
7264 / 10000: [ 0, 0, 1, 0, 0 ], [ 0, 2448, 276, 359 ]
7265 / 10000: [ 0, 2, 0, 0, 0 ], [ 0, 2449, 276, 359 ]
7266 / 10000: [ 0, 1, 0, 0, 0 ], [ 0, 2449, 276, 359 ]
7267 / 10000: [ 0, 1, 0, 0, 0 ], [ 0, 2449, 276, 359 ]
7268 / 10000: [ 0, 1, 0, 0, 0 ], [ 0, 2449, 276, 359 ]
7269 / 10000: [ 0, 0, 0, 0, 0 ], [ 0, 2449, 276, 359 ]
7270 / 10000: [ 0, 1, 0, 0, 0 ], [ 0, 2449, 276, 359 ]
7271 / 10000: [ 0, 1, 0, 0, 0 ], [ 0, 2449, 276, 359 ]
7272 / 10000: [ 0, 1, 1, 0, 0 ], [ 0, 2449, 277, 359 ]
7273 / 10000: [ 0, 1, 0, 0, 0 ], [ 0, 2449, 277, 359 ]
7274 / 10000: [ 0, 0, 0, 0, 0 ], [ 0, 2449, 277, 359 ]
7275 / 10000: [ 0, 1, 0, 0, 0 ], [ 0, 2449, 277, 359 ]
7276 / 10000: [ 0, 0, 0, 0, 0 ], [ 0, 2449, 277, 359 ]
7277 / 10000: [ 0, 1, 0, 0, 0 ], [ 0, 2449, 277, 359 ]
7278 / 10000: [ 0, 1, 1, 0, 0 ], [ 0, 2449, 278, 359 ]
7279 / 10000: [ 0, 0, 0, 0, 0 ], [ 0, 2449, 278, 359 ]
7280 / 10000: [ 0, 1, 0, 0, 0 ], [ 0, 2449, 278, 359 ]
7281 / 10000: [ 0, 1, 0, 0, 0 ], [ 0, 2449, 278, 359 ]
7282 / 10000: [ 0, 2, 0, 0, 0 ], [ 0, 2450, 278, 359 ]
7283 / 10000: [ 0, 1, 0, 0, 0 ], [ 0, 2450, 278, 359 ]
7284 / 10000: [ 0, 1, 0, 0, 0 ], [ 0, 2450, 278, 359 ]
7285 / 10000: [ 0, 0, 0, 1, 0 ], [ 0, 2450, 278, 359 ]
7286 / 10000: [ 0, 0, 0, 0, 0 ], [ 0, 2450, 278, 359 ]
7287 / 10000: [ 0, 1, 0, 0, 0 ], [ 0, 2450, 278, 359 ]
7288 / 10000: [ 0, 1, 0, 0, 0 ], [ 0, 2450, 278, 359 ]
7289 / 10000: [ 0, 2, 0, 0, 0 ], [ 0, 2451, 278, 359 ]
7290 / 10000: [ 0, 2, 0, 0, 0 ], [ 0, 2452, 278, 359 ]
7291 / 10000: [ 0, 1, 1, 0, 0 ], [ 0, 2452, 279, 359 ]
7292 / 10000: [ 0, 1, 0, 0, 0 ], [ 0, 2452, 279, 359 ]
7293 / 10000: [ 0, 2, 0, 0, 0 ], [ 0, 2453, 279, 359 ]
7294 / 10000: [ 0, 0, 0, 0, 0 ], [ 0, 2453, 279, 359 ]
7295 / 10000: [ 0, 1, 0, 0, 0 ], [ 0, 2453, 279, 359 ]
7296 / 10000: [ 0, 1, 1, 0, 0 ], [ 0, 2453, 280, 359 ]
7297 / 10000: [ 0, 0, 0, 0, 0 ], [ 0, 2453, 280, 359 ]
7298 / 10000: [ 0, 2, 0, 0, 0 ], [ 0, 2454, 280, 359 ]
7299 / 10000: [ 0, 1, 0, 0, 0 ], [ 0, 2454, 280, 359 ]
7300 / 10000: [ 0, 2, 0, 0, 0 ], [ 0, 2455, 280, 359 ]
7301 / 10000: [ 0, 2, 0, 0, 0 ], [ 0, 2456, 280, 359 ]
7302 / 10000: [ 0, 2, 0, 0, 0 ], [ 0, 2457, 280, 359 ]
7303 / 10000: [ 0, 2, 0, 0, 0 ], [ 0, 2458, 280, 359 ]
7304 / 10000: [ 0, 1, 0, 0, 0 ], [ 0, 2458, 280, 359 ]
7305 / 10000: [ 0, 1, 0, 0, 0 ], [ 0, 2458, 280, 359 ]
7306 / 10000: [ 0, 2, 0, 0, 0 ], [ 0, 2459, 280, 359 ]
7307 / 10000: [ 0, 2, 0, 0, 0 ], [ 0, 2460, 280, 359 ]
7308 / 10000: [ 0, 0, 0, 0, 0 ], [ 0, 2460, 280, 359 ]
7309 / 10000: [ 0, 2, 0, 0, 0 ], [ 0, 2461, 280, 359 ]
7310 / 10000: [ 0, 1, 0, 0, 0 ], [ 0, 2461, 280, 359 ]
7311 / 10000: [ 0, 0, 0, 0, 0 ], [ 0, 2461, 280, 359 ]
7312 / 10000: [ 0, 0, 0, 0, 0 ], [ 0, 2461, 280, 359 ]
7313 / 10000: [ 0, 2, 0, 0, 0 ], [ 0, 2462, 280, 359 ]
7314 / 10000: [ 0, 1, 0, 0, 0 ], [ 0, 2462, 280, 359 ]
7315 / 10000: [ 0, 1, 0, 0, 0 ], [ 0, 2462, 280, 359 ]
7316 / 10000: [ 0, 0, 0, 0, 0 ], [ 0, 2462, 280, 359 ]
7317 / 10000: [ 0, 0, 0, 0, 0 ], [ 0, 2462, 280, 359 ]
7318 / 10000: [ 0, 2, 0, 0, 0 ], [ 0, 2463, 280, 359 ]
7319 / 10000: [ 0, 0, 0, 0, 0 ], [ 0, 2463, 280, 359 ]
7320 / 10000: [ 0, 2, 0, 0, 0 ], [ 0, 2464, 280, 359 ]
7321 / 10000: [ 0, 1, 0, 0, 0 ], [ 0, 2464, 280, 359 ]
7322 / 10000: [ 0, 0, 0, 0, 0 ], [ 0, 2464, 280, 359 ]
7323 / 10000: [ 0, 1, 1, 0, 0 ], [ 0, 2464, 281, 359 ]
7324 / 10000: [ 0, 2, 0, 0, 0 ], [ 0, 2465, 281, 359 ]
7325 / 10000: [ 0, 2, 0, 0, 0 ], [ 0, 2466, 281, 359 ]
7326 / 10000: [ 0, 1, 0, 1, 0 ], [ 0, 2466, 281, 360 ]
7327 / 10000: [ 0, 0, 0, 0, 0 ], [ 0, 2466, 281, 360 ]
7328 / 10000: [ 0, 1, 0, 0, 0 ], [ 0, 2466, 281, 360 ]
7329 / 10000: [ 0, 0, 0, 0, 0 ], [ 0, 2466, 281, 360 ]
7330 / 10000: [ 0, 2, 0, 0, 0 ], [ 0, 2467, 281, 360 ]
7331 / 10000: [ 0, 0, 0, 0, 0 ], [ 0, 2467, 281, 360 ]
7332 / 10000: [ 0, 1, 0, 0, 0 ], [ 0, 2467, 281, 360 ]
7333 / 10000: [ 0, 0, 0, 0, 0 ], [ 0, 2467, 281, 360 ]
7334 / 10000: [ 0, 1, 0, 0, 0 ], [ 0, 2467, 281, 360 ]
7335 / 10000: [ 0, 0, 0, 0, 0 ], [ 0, 2467, 281, 360 ]
7336 / 10000: [ 0, 1, 0, 0, 0 ], [ 0, 2467, 281, 360 ]
7337 / 10000: [ 0, 1, 0, 0, 0 ], [ 0, 2467, 281, 360 ]
7338 / 10000: [ 0, 2, 0, 0, 0 ], [ 0, 2468, 281, 360 ]
7339 / 10000: [ 0, 0, 0, 0, 0 ], [ 0, 2468, 281, 360 ]
7340 / 10000: [ 0, 0, 0, 0, 0 ], [ 0, 2468, 281, 360 ]
7341 / 10000: [ 0, 1, 0, 0, 0 ], [ 0, 2468, 281, 360 ]
7342 / 10000: [ 0, 1, 0, 0, 0 ], [ 0, 2468, 281, 360 ]
7343 / 10000: [ 0, 0, 0, 0, 0 ], [ 0, 2468, 281, 360 ]
7344 / 10000: [ 0, 0, 0, 0, 0 ], [ 0, 2468, 281, 360 ]
7345 / 10000: [ 0, 0, 0, 0, 0 ], [ 0, 2468, 281, 360 ]
7346 / 10000: [ 0, 1, 0, 0, 0 ], [ 0, 2468, 281, 360 ]
7347 / 10000: [ 0, 2, 0, 0, 0 ], [ 0, 2469, 281, 360 ]
7348 / 10000: [ 0, 1, 0, 0, 0 ], [ 0, 2469, 281, 360 ]
7349 / 10000: [ 0, 1, 0, 0, 0 ], [ 0, 2469, 281, 360 ]
7350 / 10000: [ 0, 0, 0, 0, 0 ], [ 0, 2469, 281, 360 ]
7351 / 10000: [ 0, 0, 0, 0, 0 ], [ 0, 2469, 281, 360 ]
7352 / 10000: [ 0, 1, 0, 0, 0 ], [ 0, 2469, 281, 360 ]
7353 / 10000: [ 0, 2, 0, 0, 0 ], [ 0, 2470, 281, 360 ]
7354 / 10000: [ 0, 2, 0, 0, 0 ], [ 0, 2471, 281, 360 ]
7355 / 10000: [ 0, 1, 0, 0, 0 ], [ 0, 2471, 281, 360 ]
7356 / 10000: [ 0, 1, 0, 0, 0 ], [ 0, 2471, 281, 360 ]
7357 / 10000: [ 0, 2, 0, 0, 0 ], [ 0, 2472, 281, 360 ]
7358 / 10000: [ 0, 1, 0, 0, 0 ], [ 0, 2472, 281, 360 ]
7359 / 10000: [ 0, 2, 0, 0, 0 ], [ 0, 2473, 281, 360 ]
7360 / 10000: [ 0, 1, 0, 0, 0 ], [ 0, 2473, 281, 360 ]
7361 / 10000: [ 0, 1, 0, 0, 0 ], [ 0, 2473, 281, 360 ]
7362 / 10000: [ 0, 0, 0, 0, 0 ], [ 0, 2473, 281, 360 ]
7363 / 10000: [ 0, 0, 0, 0, 0 ], [ 0, 2473, 281, 360 ]
7364 / 10000: [ 0, 1, 1, 0, 0 ], [ 0, 2473, 282, 360 ]
7365 / 10000: [ 0, 1, 0, 0, 0 ], [ 0, 2473, 282, 360 ]
7366 / 10000: [ 0, 2, 0, 0, 0 ], [ 0, 2474, 282, 360 ]
7367 / 10000: [ 0, 0, 0, 0, 0 ], [ 0, 2474, 282, 360 ]
7368 / 10000: [ 0, 1, 0, 0, 0 ], [ 0, 2474, 282, 360 ]
7369 / 10000: [ 0, 0, 0, 0, 0 ], [ 0, 2474, 282, 360 ]
7370 / 10000: [ 0, 0, 0, 0, 0 ], [ 0, 2474, 282, 360 ]
7371 / 10000: [ 0, 0, 0, 0, 0 ], [ 0, 2474, 282, 360 ]
7372 / 10000: [ 0, 0, 1, 0, 0 ], [ 0, 2474, 282, 360 ]
7373 / 10000: [ 0, 1, 0, 0, 0 ], [ 0, 2474, 282, 360 ]
7374 / 10000: [ 0, 0, 0, 0, 0 ], [ 0, 2474, 282, 360 ]
7375 / 10000: [ 0, 0, 0, 0, 0 ], [ 0, 2474, 282, 360 ]
7376 / 10000: [ 0, 0, 0, 0, 0 ], [ 0, 2474, 282, 360 ]
7377 / 10000: [ 0, 0, 0, 0, 0 ], [ 0, 2474, 282, 360 ]
7378 / 10000: [ 0, 1, 0, 0, 0 ], [ 0, 2474, 282, 360 ]
7379 / 10000: [ 0, 0, 0, 0, 0 ], [ 0, 2474, 282, 360 ]
7380 / 10000: [ 0, 2, 0, 0, 0 ], [ 0, 2475, 282, 360 ]
7381 / 10000: [ 0, 0, 0, 0, 0 ], [ 0, 2475, 282, 360 ]
7382 / 10000: [ 0, 1, 0, 0, 0 ], [ 0, 2475, 282, 360 ]
7383 / 10000: [ 0, 1, 0, 0, 0 ], [ 0, 2475, 282, 360 ]
7384 / 10000: [ 0, 1, 0, 0, 0 ], [ 0, 2475, 282, 360 ]
7385 / 10000: [ 0, 0, 0, 2, 0 ], [ 0, 2475, 282, 361 ]
7386 / 10000: [ 0, 1, 0, 0, 0 ], [ 0, 2475, 282, 361 ]
7387 / 10000: [ 0, 0, 0, 0, 0 ], [ 0, 2475, 282, 361 ]
7388 / 10000: [ 0, 0, 0, 0, 0 ], [ 0, 2475, 282, 361 ]
7389 / 10000: [ 0, 1, 0, 0, 0 ], [ 0, 2475, 282, 361 ]
7390 / 10000: [ 0, 1, 0, 0, 0 ], [ 0, 2475, 282, 361 ]
7391 / 10000: [ 0, 0, 0, 0, 0 ], [ 0, 2475, 282, 361 ]
7392 / 10000: [ 0, 2, 0, 0, 0 ], [ 0, 2476, 282, 361 ]
7393 / 10000: [ 0, 1, 0, 0, 0 ], [ 0, 2476, 282, 361 ]
7394 / 10000: [ 0, 1, 0, 0, 0 ], [ 0, 2476, 282, 361 ]
7395 / 10000: [ 0, 2, 0, 0, 0 ], [ 0, 2477, 282, 361 ]
7396 / 10000: [ 0, 1, 1, 0, 0 ], [ 0, 2477, 283, 361 ]
7397 / 10000: [ 0, 0, 0, 0, 0 ], [ 0, 2477, 283, 361 ]
7398 / 10000: [ 0, 1, 0, 0, 0 ], [ 0, 2477, 283, 361 ]
7399 / 10000: [ 0, 1, 0, 0, 0 ], [ 0, 2477, 283, 361 ]
7400 / 10000: [ 0, 1, 0, 0, 0 ], [ 0, 2477, 283, 361 ]
7401 / 10000: [ 0, 2, 0, 0, 0 ], [ 0, 2478, 283, 361 ]
7402 / 10000: [ 0, 1, 0, 0, 0 ], [ 0, 2478, 283, 361 ]
7403 / 10000: [ 0, 2, 0, 0, 0 ], [ 0, 2479, 283, 361 ]
7404 / 10000: [ 0, 2, 0, 0, 0 ], [ 0, 2480, 283, 361 ]
7405 / 10000: [ 0, 2, 0, 0, 0 ], [ 0, 2481, 283, 361 ]
7406 / 10000: [ 0, 1, 0, 0, 0 ], [ 0, 2481, 283, 361 ]
7407 / 10000: [ 0, 1, 0, 0, 0 ], [ 0, 2481, 283, 361 ]
7408 / 10000: [ 0, 2, 0, 0, 0 ], [ 0, 2482, 283, 361 ]
7409 / 10000: [ 0, 2, 0, 0, 0 ], [ 0, 2483, 283, 361 ]
7410 / 10000: [ 0, 2, 0, 0, 0 ], [ 0, 2484, 283, 361 ]
7411 / 10000: [ 0, 2, 0, 0, 0 ], [ 0, 2485, 283, 361 ]
7412 / 10000: [ 0, 2, 0, 0, 0 ], [ 0, 2486, 283, 361 ]
7413 / 10000: [ 0, 2, 0, 0, 0 ], [ 0, 2487, 283, 361 ]
7414 / 10000: [ 0, 1, 0, 0, 0 ], [ 0, 2487, 283, 361 ]
7415 / 10000: [ 0, 1, 0, 0, 0 ], [ 0, 2487, 283, 361 ]
7416 / 10000: [ 0, 2, 0, 0, 0 ], [ 0, 2488, 283, 361 ]
7417 / 10000: [ 0, 2, 0, 0, 0 ], [ 0, 2489, 283, 361 ]
7418 / 10000: [ 0, 0, 0, 0, 0 ], [ 0, 2489, 283, 361 ]
7419 / 10000: [ 0, 2, 0, 0, 0 ], [ 0, 2490, 283, 361 ]
7420 / 10000: [ 0, 1, 0, 0, 0 ], [ 0, 2490, 283, 361 ]
7421 / 10000: [ 0, 1, 0, 0, 0 ], [ 0, 2490, 283, 361 ]
7422 / 10000: [ 0, 0, 0, 0, 0 ], [ 0, 2490, 283, 361 ]
7423 / 10000: [ 0, 2, 0, 0, 0 ], [ 0, 2491, 283, 361 ]
7424 / 10000: [ 0, 0, 0, 0, 0 ], [ 0, 2491, 283, 361 ]
7425 / 10000: [ 0, 0, 1, 0, 0 ], [ 0, 2491, 283, 361 ]
7426 / 10000: [ 0, 0, 0, 0, 1 ], [ 0, 2491, 283, 361 ]
7427 / 10000: [ 0, 2, 0, 0, 0 ], [ 0, 2492, 283, 361 ]
7428 / 10000: [ 0, 1, 0, 0, 0 ], [ 0, 2492, 283, 361 ]
7429 / 10000: [ 0, 2, 0, 0, 0 ], [ 0, 2493, 283, 361 ]
7430 / 10000: [ 0, 2, 0, 0, 0 ], [ 0, 2494, 283, 361 ]
7431 / 10000: [ 0, 2, 0, 0, 0 ], [ 0, 2495, 283, 361 ]
7432 / 10000: [ 0, 1, 0, 0, 0 ], [ 0, 2495, 283, 361 ]
7433 / 10000: [ 0, 0, 0, 0, 0 ], [ 0, 2495, 283, 361 ]
7434 / 10000: [ 0, 2, 0, 0, 0 ], [ 0, 2496, 283, 361 ]
7435 / 10000: [ 0, 2, 0, 0, 0 ], [ 0, 2497, 283, 361 ]
7436 / 10000: [ 0, 2, 0, 0, 0 ], [ 0, 2498, 283, 361 ]
7437 / 10000: [ 0, 1, 0, 0, 0 ], [ 0, 2498, 283, 361 ]
7438 / 10000: [ 0, 0, 0, 0, 0 ], [ 0, 2498, 283, 361 ]
7439 / 10000: [ 0, 0, 0, 0, 0 ], [ 0, 2498, 283, 361 ]
7440 / 10000: [ 0, 2, 0, 0, 0 ], [ 0, 2499, 283, 361 ]
7441 / 10000: [ 0, 2, 0, 0, 0 ], [ 0, 2500, 283, 361 ]
7442 / 10000: [ 0, 2, 0, 0, 0 ], [ 0, 2501, 283, 361 ]
7443 / 10000: [ 0, 0, 0, 0, 0 ], [ 0, 2501, 283, 361 ]
7444 / 10000: [ 0, 2, 0, 0, 0 ], [ 0, 2502, 283, 361 ]
7445 / 10000: [ 0, 1, 0, 0, 0 ], [ 0, 2502, 283, 361 ]
7446 / 10000: [ 0, 2, 0, 0, 0 ], [ 0, 2503, 283, 361 ]
7447 / 10000: [ 0, 1, 0, 0, 0 ], [ 0, 2503, 283, 361 ]
7448 / 10000: [ 0, 1, 0, 0, 0 ], [ 0, 2503, 283, 361 ]
7449 / 10000: [ 0, 2, 0, 0, 0 ], [ 0, 2504, 283, 361 ]
7450 / 10000: [ 0, 2, 0, 0, 0 ], [ 0, 2505, 283, 361 ]
7451 / 10000: [ 0, 2, 0, 0, 0 ], [ 0, 2506, 283, 361 ]
7452 / 10000: [ 0, 0, 0, 0, 0 ], [ 0, 2506, 283, 361 ]
7453 / 10000: [ 0, 1, 0, 0, 0 ], [ 0, 2506, 283, 361 ]
7454 / 10000: [ 0, 2, 0, 0, 0 ], [ 0, 2507, 283, 361 ]
7455 / 10000: [ 0, 2, 0, 0, 0 ], [ 0, 2508, 283, 361 ]
7456 / 10000: [ 0, 1, 0, 0, 0 ], [ 0, 2508, 283, 361 ]
7457 / 10000: [ 0, 0, 0, 0, 0 ], [ 0, 2508, 283, 361 ]
7458 / 10000: [ 0, 1, 0, 0, 0 ], [ 0, 2508, 283, 361 ]
7459 / 10000: [ 0, 1, 0, 0, 0 ], [ 0, 2508, 283, 361 ]
7460 / 10000: [ 0, 1, 0, 1, 0 ], [ 0, 2508, 283, 362 ]
7461 / 10000: [ 0, 1, 0, 0, 0 ], [ 0, 2508, 283, 362 ]
7462 / 10000: [ 0, 1, 0, 0, 0 ], [ 0, 2508, 283, 362 ]
7463 / 10000: [ 0, 0, 0, 0, 0 ], [ 0, 2508, 283, 362 ]
7464 / 10000: [ 0, 2, 0, 0, 0 ], [ 0, 2509, 283, 362 ]
7465 / 10000: [ 0, 2, 0, 0, 0 ], [ 0, 2510, 283, 362 ]
7466 / 10000: [ 0, 2, 0, 0, 0 ], [ 0, 2511, 283, 362 ]
7467 / 10000: [ 0, 1, 0, 0, 0 ], [ 0, 2511, 283, 362 ]
7468 / 10000: [ 0, 1, 0, 0, 0 ], [ 0, 2511, 283, 362 ]
7469 / 10000: [ 0, 2, 0, 0, 0 ], [ 0, 2512, 283, 362 ]
7470 / 10000: [ 0, 2, 0, 0, 0 ], [ 0, 2513, 283, 362 ]
7471 / 10000: [ 0, 1, 0, 0, 0 ], [ 0, 2513, 283, 362 ]
7472 / 10000: [ 0, 0, 0, 0, 0 ], [ 0, 2513, 283, 362 ]
7473 / 10000: [ 0, 0, 0, 0, 0 ], [ 0, 2513, 283, 362 ]
7474 / 10000: [ 0, 1, 0, 0, 0 ], [ 0, 2513, 283, 362 ]
7475 / 10000: [ 0, 1, 0, 0, 0 ], [ 0, 2513, 283, 362 ]
7476 / 10000: [ 0, 0, 0, 0, 0 ], [ 0, 2513, 283, 362 ]
7477 / 10000: [ 0, 0, 0, 0, 0 ], [ 0, 2513, 283, 362 ]
7478 / 10000: [ 0, 2, 0, 0, 0 ], [ 0, 2514, 283, 362 ]
7479 / 10000: [ 0, 2, 0, 0, 0 ], [ 0, 2515, 283, 362 ]
7480 / 10000: [ 0, 2, 0, 0, 0 ], [ 0, 2516, 283, 362 ]
7481 / 10000: [ 0, 2, 0, 0, 0 ], [ 0, 2517, 283, 362 ]
7482 / 10000: [ 0, 2, 0, 0, 0 ], [ 0, 2518, 283, 362 ]
7483 / 10000: [ 0, 1, 0, 0, 0 ], [ 0, 2518, 283, 362 ]
7484 / 10000: [ 0, 1, 1, 0, 0 ], [ 0, 2518, 284, 362 ]
7485 / 10000: [ 0, 0, 0, 1, 0 ], [ 0, 2518, 284, 362 ]
7486 / 10000: [ 0, 2, 0, 0, 0 ], [ 0, 2519, 284, 362 ]
7487 / 10000: [ 0, 2, 0, 0, 0 ], [ 0, 2520, 284, 362 ]
7488 / 10000: [ 0, 0, 0, 0, 0 ], [ 0, 2520, 284, 362 ]
7489 / 10000: [ 0, 2, 0, 0, 0 ], [ 0, 2521, 284, 362 ]
7490 / 10000: [ 0, 2, 0, 0, 0 ], [ 0, 2522, 284, 362 ]
7491 / 10000: [ 0, 1, 0, 0, 0 ], [ 0, 2522, 284, 362 ]
7492 / 10000: [ 0, 1, 0, 0, 0 ], [ 0, 2522, 284, 362 ]
7493 / 10000: [ 0, 2, 0, 0, 0 ], [ 0, 2523, 284, 362 ]
7494 / 10000: [ 0, 2, 0, 0, 0 ], [ 0, 2524, 284, 362 ]
7495 / 10000: [ 0, 1, 0, 0, 0 ], [ 0, 2524, 284, 362 ]
7496 / 10000: [ 0, 1, 0, 0, 0 ], [ 0, 2524, 284, 362 ]
7497 / 10000: [ 0, 1, 0, 0, 0 ], [ 0, 2524, 284, 362 ]
7498 / 10000: [ 0, 2, 0, 0, 0 ], [ 0, 2525, 284, 362 ]
7499 / 10000: [ 0, 1, 0, 0, 0 ], [ 0, 2525, 284, 362 ]
7500 / 10000: [ 0, 2, 0, 0, 0 ], [ 0, 2526, 284, 362 ]
7501 / 10000: [ 0, 2, 0, 0, 0 ], [ 0, 2527, 284, 362 ]
7502 / 10000: [ 0, 2, 0, 0, 0 ], [ 0, 2528, 284, 362 ]
7503 / 10000: [ 0, 2, 0, 0, 0 ], [ 0, 2529, 284, 362 ]
7504 / 10000: [ 0, 1, 0, 0, 0 ], [ 0, 2529, 284, 362 ]
7505 / 10000: [ 0, 1, 0, 0, 0 ], [ 0, 2529, 284, 362 ]
7506 / 10000: [ 0, 2, 0, 0, 0 ], [ 0, 2530, 284, 362 ]
7507 / 10000: [ 0, 2, 0, 0, 0 ], [ 0, 2531, 284, 362 ]
7508 / 10000: [ 0, 0, 0, 0, 0 ], [ 0, 2531, 284, 362 ]
7509 / 10000: [ 0, 2, 0, 0, 0 ], [ 0, 2532, 284, 362 ]
7510 / 10000: [ 0, 1, 1, 0, 0 ], [ 0, 2532, 285, 362 ]
7511 / 10000: [ 0, 1, 0, 0, 0 ], [ 0, 2532, 285, 362 ]
7512 / 10000: [ 0, 0, 0, 0, 0 ], [ 0, 2532, 285, 362 ]
7513 / 10000: [ 0, 2, 0, 0, 0 ], [ 0, 2533, 285, 362 ]
7514 / 10000: [ 0, 1, 0, 0, 0 ], [ 0, 2533, 285, 362 ]
7515 / 10000: [ 0, 2, 0, 0, 0 ], [ 0, 2534, 285, 362 ]
7516 / 10000: [ 0, 2, 0, 0, 0 ], [ 0, 2535, 285, 362 ]
7517 / 10000: [ 0, 0, 0, 0, 0 ], [ 0, 2535, 285, 362 ]
7518 / 10000: [ 0, 2, 0, 0, 0 ], [ 0, 2536, 285, 362 ]
7519 / 10000: [ 0, 2, 0, 0, 0 ], [ 0, 2537, 285, 362 ]
7520 / 10000: [ 0, 2, 0, 0, 0 ], [ 0, 2538, 285, 362 ]
7521 / 10000: [ 0, 2, 0, 0, 0 ], [ 0, 2539, 285, 362 ]
7522 / 10000: [ 0, 2, 0, 0, 0 ], [ 0, 2540, 285, 362 ]
7523 / 10000: [ 0, 2, 0, 0, 0 ], [ 0, 2541, 285, 362 ]
7524 / 10000: [ 0, 2, 0, 0, 0 ], [ 0, 2542, 285, 362 ]
7525 / 10000: [ 0, 2, 0, 0, 0 ], [ 0, 2543, 285, 362 ]
7526 / 10000: [ 0, 2, 0, 0, 0 ], [ 0, 2544, 285, 362 ]
7527 / 10000: [ 0, 0, 0, 0, 0 ], [ 0, 2544, 285, 362 ]
7528 / 10000: [ 0, 1, 1, 0, 0 ], [ 0, 2544, 286, 362 ]
7529 / 10000: [ 0, 2, 0, 0, 0 ], [ 0, 2545, 286, 362 ]
7530 / 10000: [ 0, 2, 0, 0, 0 ], [ 0, 2546, 286, 362 ]
7531 / 10000: [ 0, 0, 0, 0, 0 ], [ 0, 2546, 286, 362 ]
7532 / 10000: [ 0, 2, 0, 0, 0 ], [ 0, 2547, 286, 362 ]
7533 / 10000: [ 0, 1, 0, 0, 0 ], [ 0, 2547, 286, 362 ]
7534 / 10000: [ 0, 2, 0, 0, 0 ], [ 0, 2548, 286, 362 ]
7535 / 10000: [ 0, 0, 0, 0, 0 ], [ 0, 2548, 286, 362 ]
7536 / 10000: [ 0, 2, 0, 0, 0 ], [ 0, 2549, 286, 362 ]
7537 / 10000: [ 0, 1, 0, 0, 0 ], [ 0, 2549, 286, 362 ]
7538 / 10000: [ 0, 2, 0, 0, 0 ], [ 0, 2550, 286, 362 ]
7539 / 10000: [ 0, 0, 0, 0, 0 ], [ 0, 2550, 286, 362 ]
7540 / 10000: [ 0, 0, 0, 0, 0 ], [ 0, 2550, 286, 362 ]
7541 / 10000: [ 0, 1, 0, 0, 0 ], [ 0, 2550, 286, 362 ]
7542 / 10000: [ 0, 2, 0, 0, 0 ], [ 0, 2551, 286, 362 ]
7543 / 10000: [ 0, 0, 0, 0, 0 ], [ 0, 2551, 286, 362 ]
7544 / 10000: [ 0, 0, 0, 0, 0 ], [ 0, 2551, 286, 362 ]
7545 / 10000: [ 0, 2, 0, 0, 0 ], [ 0, 2552, 286, 362 ]
7546 / 10000: [ 0, 1, 0, 0, 0 ], [ 0, 2552, 286, 362 ]
7547 / 10000: [ 0, 2, 0, 0, 0 ], [ 0, 2553, 286, 362 ]
7548 / 10000: [ 0, 1, 0, 0, 0 ], [ 0, 2553, 286, 362 ]
7549 / 10000: [ 0, 1, 0, 0, 0 ], [ 0, 2553, 286, 362 ]
7550 / 10000: [ 0, 2, 0, 0, 0 ], [ 0, 2554, 286, 362 ]
7551 / 10000: [ 0, 0, 0, 0, 0 ], [ 0, 2554, 286, 362 ]
7552 / 10000: [ 0, 1, 0, 0, 0 ], [ 0, 2554, 286, 362 ]
7553 / 10000: [ 0, 2, 0, 0, 0 ], [ 0, 2555, 286, 362 ]
7554 / 10000: [ 0, 2, 0, 0, 0 ], [ 0, 2556, 286, 362 ]
7555 / 10000: [ 0, 1, 0, 0, 0 ], [ 0, 2556, 286, 362 ]
7556 / 10000: [ 0, 1, 0, 0, 0 ], [ 0, 2556, 286, 362 ]
7557 / 10000: [ 0, 2, 0, 0, 0 ], [ 0, 2557, 286, 362 ]
7558 / 10000: [ 0, 1, 0, 0, 0 ], [ 0, 2557, 286, 362 ]
7559 / 10000: [ 0, 2, 0, 0, 0 ], [ 0, 2558, 286, 362 ]
7560 / 10000: [ 0, 1, 0, 0, 0 ], [ 0, 2558, 286, 362 ]
7561 / 10000: [ 0, 1, 0, 0, 0 ], [ 0, 2558, 286, 362 ]
7562 / 10000: [ 0, 0, 0, 0, 0 ], [ 0, 2558, 286, 362 ]
7563 / 10000: [ 0, 0, 0, 0, 0 ], [ 0, 2558, 286, 362 ]
7564 / 10000: [ 0, 1, 0, 0, 0 ], [ 0, 2558, 286, 362 ]
7565 / 10000: [ 0, 1, 0, 0, 0 ], [ 0, 2558, 286, 362 ]
7566 / 10000: [ 0, 2, 0, 0, 0 ], [ 0, 2559, 286, 362 ]
7567 / 10000: [ 0, 2, 0, 0, 0 ], [ 0, 2560, 286, 362 ]
7568 / 10000: [ 0, 1, 0, 0, 0 ], [ 0, 2560, 286, 362 ]
7569 / 10000: [ 0, 0, 0, 0, 0 ], [ 0, 2560, 286, 362 ]
7570 / 10000: [ 0, 0, 0, 0, 0 ], [ 0, 2560, 286, 362 ]
7571 / 10000: [ 0, 1, 0, 0, 0 ], [ 0, 2560, 286, 362 ]
7572 / 10000: [ 0, 1, 0, 0, 0 ], [ 0, 2560, 286, 362 ]
7573 / 10000: [ 0, 2, 0, 0, 0 ], [ 0, 2561, 286, 362 ]
7574 / 10000: [ 0, 0, 0, 0, 0 ], [ 0, 2561, 286, 362 ]
7575 / 10000: [ 0, 0, 0, 0, 0 ], [ 0, 2561, 286, 362 ]
7576 / 10000: [ 0, 1, 0, 0, 0 ], [ 0, 2561, 286, 362 ]
7577 / 10000: [ 0, 2, 0, 0, 0 ], [ 0, 2562, 286, 362 ]
7578 / 10000: [ 0, 1, 1, 0, 0 ], [ 0, 2562, 287, 362 ]
7579 / 10000: [ 0, 1, 0, 0, 0 ], [ 0, 2562, 287, 362 ]
7580 / 10000: [ 0, 2, 0, 0, 0 ], [ 0, 2563, 287, 362 ]
7581 / 10000: [ 0, 0, 0, 0, 0 ], [ 0, 2563, 287, 362 ]
7582 / 10000: [ 0, 2, 0, 0, 0 ], [ 0, 2564, 287, 362 ]
7583 / 10000: [ 0, 2, 0, 0, 0 ], [ 0, 2565, 287, 362 ]
7584 / 10000: [ 0, 2, 0, 0, 0 ], [ 0, 2566, 287, 362 ]
7585 / 10000: [ 0, 1, 0, 1, 0 ], [ 0, 2566, 287, 363 ]
7586 / 10000: [ 0, 1, 0, 0, 0 ], [ 0, 2566, 287, 363 ]
7587 / 10000: [ 0, 0, 0, 0, 0 ], [ 0, 2566, 287, 363 ]
7588 / 10000: [ 0, 2, 0, 0, 0 ], [ 0, 2567, 287, 363 ]
7589 / 10000: [ 0, 1, 0, 0, 0 ], [ 0, 2567, 287, 363 ]
7590 / 10000: [ 0, 1, 0, 0, 0 ], [ 0, 2567, 287, 363 ]
7591 / 10000: [ 0, 2, 0, 0, 0 ], [ 0, 2568, 287, 363 ]
7592 / 10000: [ 0, 2, 0, 0, 0 ], [ 0, 2569, 287, 363 ]
7593 / 10000: [ 0, 2, 0, 0, 0 ], [ 0, 2570, 287, 363 ]
7594 / 10000: [ 0, 1, 0, 0, 0 ], [ 0, 2570, 287, 363 ]
7595 / 10000: [ 0, 2, 0, 0, 0 ], [ 0, 2571, 287, 363 ]
7596 / 10000: [ 0, 2, 0, 0, 0 ], [ 0, 2572, 287, 363 ]
7597 / 10000: [ 0, 0, 0, 0, 0 ], [ 0, 2572, 287, 363 ]
7598 / 10000: [ 0, 1, 0, 0, 0 ], [ 0, 2572, 287, 363 ]
7599 / 10000: [ 0, 1, 0, 0, 0 ], [ 0, 2572, 287, 363 ]
7600 / 10000: [ 0, 1, 0, 0, 0 ], [ 0, 2572, 287, 363 ]
7601 / 10000: [ 0, 0, 0, 1, 0 ], [ 0, 2572, 287, 363 ]
7602 / 10000: [ 0, 0, 1, 1, 0 ], [ 0, 2572, 287, 364 ]
7603 / 10000: [ 0, 0, 0, 2, 0 ], [ 0, 2572, 287, 365 ]
7604 / 10000: [ 0, 0, 0, 2, 0 ], [ 0, 2572, 287, 366 ]
7605 / 10000: [ 0, 0, 0, 0, 0 ], [ 0, 2572, 287, 366 ]
7606 / 10000: [ 0, 0, 0, 2, 0 ], [ 0, 2572, 287, 367 ]
7607 / 10000: [ 0, 2, 0, 0, 0 ], [ 0, 2573, 287, 367 ]
7608 / 10000: [ 0, 0, 0, 2, 0 ], [ 0, 2573, 287, 368 ]
7609 / 10000: [ 0, 1, 0, 1, 0 ], [ 0, 2573, 287, 369 ]
7610 / 10000: [ 0, 2, 0, 0, 0 ], [ 0, 2574, 287, 369 ]
7611 / 10000: [ 0, 0, 0, 2, 0 ], [ 0, 2574, 287, 370 ]
7612 / 10000: [ 0, 0, 0, 2, 0 ], [ 0, 2574, 287, 371 ]
7613 / 10000: [ 0, 0, 0, 2, 0 ], [ 0, 2574, 287, 372 ]
7614 / 10000: [ 0, 0, 0, 2, 0 ], [ 0, 2574, 287, 373 ]
7615 / 10000: [ 0, 2, 0, 0, 0 ], [ 0, 2575, 287, 373 ]
7616 / 10000: [ 0, 0, 0, 2, 0 ], [ 0, 2575, 287, 374 ]
7617 / 10000: [ 0, 0, 0, 2, 0 ], [ 0, 2575, 287, 375 ]
7618 / 10000: [ 0, 0, 0, 1, 0 ], [ 0, 2575, 287, 375 ]
7619 / 10000: [ 0, 0, 0, 2, 0 ], [ 0, 2575, 287, 376 ]
7620 / 10000: [ 0, 0, 0, 2, 0 ], [ 0, 2575, 287, 377 ]
7621 / 10000: [ 0, 0, 0, 2, 0 ], [ 0, 2575, 287, 378 ]
7622 / 10000: [ 0, 0, 0, 0, 0 ], [ 0, 2575, 287, 378 ]
7623 / 10000: [ 0, 0, 0, 1, 1 ], [ 0, 2575, 287, 379 ]
7624 / 10000: [ 0, 0, 0, 2, 0 ], [ 0, 2575, 287, 380 ]
7625 / 10000: [ 0, 0, 0, 2, 0 ], [ 0, 2575, 287, 381 ]
7626 / 10000: [ 0, 0, 0, 2, 0 ], [ 0, 2575, 287, 382 ]
7627 / 10000: [ 0, 0, 0, 1, 1 ], [ 0, 2575, 287, 383 ]
7628 / 10000: [ 0, 2, 0, 0, 0 ], [ 0, 2576, 287, 383 ]
7629 / 10000: [ 0, 0, 0, 2, 0 ], [ 0, 2576, 287, 384 ]
7630 / 10000: [ 0, 0, 0, 1, 0 ], [ 0, 2576, 287, 384 ]
7631 / 10000: [ 0, 2, 0, 0, 0 ], [ 0, 2577, 287, 384 ]
7632 / 10000: [ 0, 0, 0, 1, 0 ], [ 0, 2577, 287, 384 ]
7633 / 10000: [ 0, 2, 0, 0, 0 ], [ 0, 2578, 287, 384 ]
7634 / 10000: [ 0, 0, 0, 0, 0 ], [ 0, 2578, 287, 384 ]
7635 / 10000: [ 0, 0, 0, 2, 0 ], [ 0, 2578, 287, 385 ]
7636 / 10000: [ 0, 0, 0, 2, 0 ], [ 0, 2578, 287, 386 ]
7637 / 10000: [ 0, 0, 0, 1, 0 ], [ 0, 2578, 287, 386 ]
7638 / 10000: [ 0, 0, 0, 1, 0 ], [ 0, 2578, 287, 386 ]
7639 / 10000: [ 0, 0, 0, 2, 0 ], [ 0, 2578, 287, 387 ]
7640 / 10000: [ 0, 0, 0, 2, 0 ], [ 0, 2578, 287, 388 ]
7641 / 10000: [ 0, 0, 0, 2, 0 ], [ 0, 2578, 287, 389 ]
7642 / 10000: [ 0, 0, 0, 0, 0 ], [ 0, 2578, 287, 389 ]
7643 / 10000: [ 0, 0, 0, 2, 0 ], [ 0, 2578, 287, 390 ]
7644 / 10000: [ 0, 2, 0, 0, 0 ], [ 0, 2579, 287, 390 ]
7645 / 10000: [ 0, 0, 0, 0, 0 ], [ 0, 2579, 287, 390 ]
7646 / 10000: [ 0, 2, 0, 0, 0 ], [ 0, 2580, 287, 390 ]
7647 / 10000: [ 0, 0, 0, 1, 0 ], [ 0, 2580, 287, 390 ]
7648 / 10000: [ 0, 0, 0, 1, 0 ], [ 0, 2580, 287, 390 ]
7649 / 10000: [ 0, 0, 0, 2, 0 ], [ 0, 2580, 287, 391 ]
7650 / 10000: [ 0, 1, 0, 1, 0 ], [ 0, 2580, 287, 392 ]
7651 / 10000: [ 0, 2, 0, 0, 0 ], [ 0, 2581, 287, 392 ]
7652 / 10000: [ 0, 2, 0, 0, 0 ], [ 0, 2582, 287, 392 ]
7653 / 10000: [ 0, 0, 0, 2, 0 ], [ 0, 2582, 287, 393 ]
7654 / 10000: [ 0, 1, 0, 1, 0 ], [ 0, 2582, 287, 394 ]
7655 / 10000: [ 0, 2, 0, 0, 0 ], [ 0, 2583, 287, 394 ]
7656 / 10000: [ 0, 1, 0, 1, 0 ], [ 0, 2583, 287, 395 ]
7657 / 10000: [ 0, 0, 0, 2, 0 ], [ 0, 2583, 287, 396 ]
7658 / 10000: [ 0, 0, 0, 0, 0 ], [ 0, 2583, 287, 396 ]
7659 / 10000: [ 0, 0, 0, 2, 0 ], [ 0, 2583, 287, 397 ]
7660 / 10000: [ 0, 0, 0, 2, 0 ], [ 0, 2583, 287, 398 ]
7661 / 10000: [ 0, 0, 0, 1, 0 ], [ 0, 2583, 287, 398 ]
7662 / 10000: [ 0, 0, 0, 1, 1 ], [ 0, 2583, 287, 399 ]
7663 / 10000: [ 0, 0, 0, 0, 0 ], [ 0, 2583, 287, 399 ]
7664 / 10000: [ 0, 0, 0, 0, 1 ], [ 0, 2583, 287, 399 ]
7665 / 10000: [ 0, 0, 0, 2, 0 ], [ 0, 2583, 287, 400 ]
7666 / 10000: [ 0, 1, 0, 1, 0 ], [ 0, 2583, 287, 401 ]
7667 / 10000: [ 0, 0, 0, 0, 0 ], [ 0, 2583, 287, 401 ]
7668 / 10000: [ 0, 0, 0, 2, 0 ], [ 0, 2583, 287, 402 ]
7669 / 10000: [ 0, 0, 0, 0, 0 ], [ 0, 2583, 287, 402 ]
7670 / 10000: [ 0, 0, 0, 0, 0 ], [ 0, 2583, 287, 402 ]
7671 / 10000: [ 0, 0, 0, 0, 1 ], [ 0, 2583, 287, 402 ]
7672 / 10000: [ 0, 0, 0, 1, 1 ], [ 0, 2583, 287, 403 ]
7673 / 10000: [ 0, 0, 0, 2, 0 ], [ 0, 2583, 287, 404 ]
7674 / 10000: [ 0, 0, 0, 0, 1 ], [ 0, 2583, 287, 404 ]
7675 / 10000: [ 0, 0, 0, 2, 0 ], [ 0, 2583, 287, 405 ]
7676 / 10000: [ 0, 0, 0, 2, 0 ], [ 0, 2583, 287, 406 ]
7677 / 10000: [ 0, 0, 1, 1, 0 ], [ 0, 2583, 287, 407 ]
7678 / 10000: [ 0, 1, 0, 1, 0 ], [ 0, 2583, 287, 408 ]
7679 / 10000: [ 0, 1, 0, 1, 0 ], [ 0, 2583, 287, 409 ]
7680 / 10000: [ 0, 0, 0, 2, 0 ], [ 0, 2583, 287, 410 ]
7681 / 10000: [ 0, 1, 0, 1, 0 ], [ 0, 2583, 287, 411 ]
7682 / 10000: [ 0, 0, 0, 2, 0 ], [ 0, 2583, 287, 412 ]
7683 / 10000: [ 0, 0, 0, 2, 0 ], [ 0, 2583, 287, 413 ]
7684 / 10000: [ 0, 0, 0, 1, 0 ], [ 0, 2583, 287, 413 ]
7685 / 10000: [ 0, 0, 0, 1, 0 ], [ 0, 2583, 287, 413 ]
7686 / 10000: [ 0, 0, 0, 0, 0 ], [ 0, 2583, 287, 413 ]
7687 / 10000: [ 0, 0, 0, 2, 0 ], [ 0, 2583, 287, 414 ]
7688 / 10000: [ 0, 0, 0, 0, 0 ], [ 0, 2583, 287, 414 ]
7689 / 10000: [ 0, 2, 0, 0, 0 ], [ 0, 2584, 287, 414 ]
7690 / 10000: [ 0, 0, 0, 2, 0 ], [ 0, 2584, 287, 415 ]
7691 / 10000: [ 0, 2, 0, 0, 0 ], [ 0, 2585, 287, 415 ]
7692 / 10000: [ 0, 0, 0, 1, 0 ], [ 0, 2585, 287, 415 ]
7693 / 10000: [ 0, 0, 0, 2, 0 ], [ 0, 2585, 287, 416 ]
7694 / 10000: [ 0, 0, 0, 0, 0 ], [ 0, 2585, 287, 416 ]
7695 / 10000: [ 0, 0, 0, 2, 0 ], [ 0, 2585, 287, 417 ]
7696 / 10000: [ 0, 0, 0, 0, 1 ], [ 0, 2585, 287, 417 ]
7697 / 10000: [ 0, 0, 0, 0, 0 ], [ 0, 2585, 287, 417 ]
7698 / 10000: [ 0, 0, 0, 2, 0 ], [ 0, 2585, 287, 418 ]
7699 / 10000: [ 0, 0, 0, 2, 0 ], [ 0, 2585, 287, 419 ]
7700 / 10000: [ 0, 0, 0, 2, 0 ], [ 0, 2585, 287, 420 ]
7701 / 10000: [ 0, 0, 0, 1, 0 ], [ 0, 2585, 287, 420 ]
7702 / 10000: [ 0, 2, 0, 0, 0 ], [ 0, 2586, 287, 420 ]
7703 / 10000: [ 0, 0, 1, 1, 0 ], [ 0, 2586, 287, 421 ]
7704 / 10000: [ 0, 1, 0, 1, 0 ], [ 0, 2586, 287, 422 ]
7705 / 10000: [ 0, 0, 0, 0, 0 ], [ 0, 2586, 287, 422 ]
7706 / 10000: [ 0, 1, 0, 1, 0 ], [ 0, 2586, 287, 423 ]
7707 / 10000: [ 0, 1, 0, 1, 0 ], [ 0, 2586, 287, 424 ]
7708 / 10000: [ 0, 2, 0, 0, 0 ], [ 0, 2587, 287, 424 ]
7709 / 10000: [ 0, 2, 0, 0, 0 ], [ 0, 2588, 287, 424 ]
7710 / 10000: [ 0, 2, 0, 0, 0 ], [ 0, 2589, 287, 424 ]
7711 / 10000: [ 0, 0, 0, 2, 0 ], [ 0, 2589, 287, 425 ]
7712 / 10000: [ 0, 1, 0, 1, 0 ], [ 0, 2589, 287, 426 ]
7713 / 10000: [ 0, 2, 0, 0, 0 ], [ 0, 2590, 287, 426 ]
7714 / 10000: [ 0, 2, 0, 0, 0 ], [ 0, 2591, 287, 426 ]
7715 / 10000: [ 0, 2, 0, 0, 0 ], [ 0, 2592, 287, 426 ]
7716 / 10000: [ 0, 0, 0, 2, 0 ], [ 0, 2592, 287, 427 ]
7717 / 10000: [ 0, 2, 0, 0, 0 ], [ 0, 2593, 287, 427 ]
7718 / 10000: [ 0, 1, 0, 0, 0 ], [ 0, 2593, 287, 427 ]
7719 / 10000: [ 0, 1, 0, 1, 0 ], [ 0, 2593, 287, 428 ]
7720 / 10000: [ 0, 2, 0, 0, 0 ], [ 0, 2594, 287, 428 ]
7721 / 10000: [ 0, 2, 0, 0, 0 ], [ 0, 2595, 287, 428 ]
7722 / 10000: [ 0, 0, 0, 0, 0 ], [ 0, 2595, 287, 428 ]
7723 / 10000: [ 0, 1, 1, 0, 0 ], [ 0, 2595, 288, 428 ]
7724 / 10000: [ 0, 2, 0, 0, 0 ], [ 0, 2596, 288, 428 ]
7725 / 10000: [ 0, 1, 1, 0, 0 ], [ 0, 2596, 289, 428 ]
7726 / 10000: [ 0, 2, 0, 0, 0 ], [ 0, 2597, 289, 428 ]
7727 / 10000: [ 0, 0, 1, 1, 0 ], [ 0, 2597, 289, 429 ]
7728 / 10000: [ 0, 2, 0, 0, 0 ], [ 0, 2598, 289, 429 ]
7729 / 10000: [ 0, 1, 1, 0, 0 ], [ 0, 2598, 290, 429 ]
7730 / 10000: [ 0, 1, 0, 0, 0 ], [ 0, 2598, 290, 429 ]
7731 / 10000: [ 0, 2, 0, 0, 0 ], [ 0, 2599, 290, 429 ]
7732 / 10000: [ 0, 0, 0, 1, 0 ], [ 0, 2599, 290, 429 ]
7733 / 10000: [ 0, 2, 0, 0, 0 ], [ 0, 2600, 290, 429 ]
7734 / 10000: [ 0, 0, 0, 0, 0 ], [ 0, 2600, 290, 429 ]
7735 / 10000: [ 0, 2, 0, 0, 0 ], [ 0, 2601, 290, 429 ]
7736 / 10000: [ 0, 2, 0, 0, 0 ], [ 0, 2602, 290, 429 ]
7737 / 10000: [ 0, 0, 0, 1, 0 ], [ 0, 2602, 290, 429 ]
7738 / 10000: [ 0, 1, 0, 0, 0 ], [ 0, 2602, 290, 429 ]
7739 / 10000: [ 0, 2, 0, 0, 0 ], [ 0, 2603, 290, 429 ]
7740 / 10000: [ 0, 1, 0, 1, 0 ], [ 0, 2603, 290, 430 ]
7741 / 10000: [ 0, 2, 0, 0, 0 ], [ 0, 2604, 290, 430 ]
7742 / 10000: [ 0, 0, 0, 0, 0 ], [ 0, 2604, 290, 430 ]
7743 / 10000: [ 0, 2, 0, 0, 0 ], [ 0, 2605, 290, 430 ]
7744 / 10000: [ 0, 2, 0, 0, 0 ], [ 0, 2606, 290, 430 ]
7745 / 10000: [ 0, 0, 0, 0, 0 ], [ 0, 2606, 290, 430 ]
7746 / 10000: [ 0, 2, 0, 0, 0 ], [ 0, 2607, 290, 430 ]
7747 / 10000: [ 0, 1, 0, 0, 0 ], [ 0, 2607, 290, 430 ]
7748 / 10000: [ 0, 1, 0, 0, 0 ], [ 0, 2607, 290, 430 ]
7749 / 10000: [ 0, 1, 0, 1, 0 ], [ 0, 2607, 290, 431 ]
7750 / 10000: [ 0, 0, 0, 2, 0 ], [ 0, 2607, 290, 432 ]
7751 / 10000: [ 0, 2, 0, 0, 0 ], [ 0, 2608, 290, 432 ]
7752 / 10000: [ 0, 2, 0, 0, 0 ], [ 0, 2609, 290, 432 ]
7753 / 10000: [ 0, 2, 0, 0, 0 ], [ 0, 2610, 290, 432 ]
7754 / 10000: [ 0, 2, 0, 0, 0 ], [ 0, 2611, 290, 432 ]
7755 / 10000: [ 0, 2, 0, 0, 0 ], [ 0, 2612, 290, 432 ]
7756 / 10000: [ 0, 1, 0, 1, 0 ], [ 0, 2612, 290, 433 ]
7757 / 10000: [ 0, 2, 0, 0, 0 ], [ 0, 2613, 290, 433 ]
7758 / 10000: [ 0, 0, 0, 0, 0 ], [ 0, 2613, 290, 433 ]
7759 / 10000: [ 0, 1, 0, 1, 0 ], [ 0, 2613, 290, 434 ]
7760 / 10000: [ 0, 0, 0, 2, 0 ], [ 0, 2613, 290, 435 ]
7761 / 10000: [ 0, 1, 0, 0, 0 ], [ 0, 2613, 290, 435 ]
7762 / 10000: [ 0, 2, 0, 0, 0 ], [ 0, 2614, 290, 435 ]
7763 / 10000: [ 0, 0, 0, 0, 0 ], [ 0, 2614, 290, 435 ]
7764 / 10000: [ 0, 0, 0, 0, 1 ], [ 0, 2614, 290, 435 ]
7765 / 10000: [ 0, 2, 0, 0, 0 ], [ 0, 2615, 290, 435 ]
7766 / 10000: [ 0, 1, 0, 1, 0 ], [ 0, 2615, 290, 436 ]
7767 / 10000: [ 0, 0, 0, 0, 0 ], [ 0, 2615, 290, 436 ]
7768 / 10000: [ 0, 1, 0, 1, 0 ], [ 0, 2615, 290, 437 ]
7769 / 10000: [ 0, 0, 0, 0, 0 ], [ 0, 2615, 290, 437 ]
7770 / 10000: [ 0, 0, 0, 0, 0 ], [ 0, 2615, 290, 437 ]
7771 / 10000: [ 0, 0, 0, 0, 1 ], [ 0, 2615, 290, 437 ]
7772 / 10000: [ 0, 0, 1, 1, 0 ], [ 0, 2615, 290, 438 ]
7773 / 10000: [ 0, 1, 0, 1, 0 ], [ 0, 2615, 290, 439 ]
7774 / 10000: [ 0, 0, 1, 0, 0 ], [ 0, 2615, 290, 439 ]
7775 / 10000: [ 0, 2, 0, 0, 0 ], [ 0, 2616, 290, 439 ]
7776 / 10000: [ 0, 1, 0, 1, 0 ], [ 0, 2616, 290, 440 ]
7777 / 10000: [ 0, 0, 0, 1, 1 ], [ 0, 2616, 290, 441 ]
7778 / 10000: [ 0, 2, 0, 0, 0 ], [ 0, 2617, 290, 441 ]
7779 / 10000: [ 0, 0, 0, 2, 0 ], [ 0, 2617, 290, 442 ]
7780 / 10000: [ 0, 2, 0, 0, 0 ], [ 0, 2618, 290, 442 ]
7781 / 10000: [ 0, 2, 0, 0, 0 ], [ 0, 2619, 290, 442 ]
7782 / 10000: [ 0, 1, 1, 0, 0 ], [ 0, 2619, 291, 442 ]
7783 / 10000: [ 0, 2, 0, 0, 0 ], [ 0, 2620, 291, 442 ]
7784 / 10000: [ 0, 1, 0, 0, 0 ], [ 0, 2620, 291, 442 ]
7785 / 10000: [ 0, 0, 0, 1, 0 ], [ 0, 2620, 291, 442 ]
7786 / 10000: [ 0, 0, 0, 0, 0 ], [ 0, 2620, 291, 442 ]
7787 / 10000: [ 0, 0, 0, 2, 0 ], [ 0, 2620, 291, 443 ]
7788 / 10000: [ 0, 0, 0, 0, 0 ], [ 0, 2620, 291, 443 ]
7789 / 10000: [ 0, 2, 0, 0, 0 ], [ 0, 2621, 291, 443 ]
7790 / 10000: [ 0, 0, 0, 2, 0 ], [ 0, 2621, 291, 444 ]
7791 / 10000: [ 0, 2, 0, 0, 0 ], [ 0, 2622, 291, 444 ]
7792 / 10000: [ 0, 1, 0, 0, 0 ], [ 0, 2622, 291, 444 ]
7793 / 10000: [ 0, 1, 0, 1, 0 ], [ 0, 2622, 291, 445 ]
7794 / 10000: [ 0, 0, 0, 0, 0 ], [ 0, 2622, 291, 445 ]
7795 / 10000: [ 0, 1, 0, 1, 0 ], [ 0, 2622, 291, 446 ]
7796 / 10000: [ 0, 0, 0, 0, 1 ], [ 0, 2622, 291, 446 ]
7797 / 10000: [ 0, 0, 0, 0, 0 ], [ 0, 2622, 291, 446 ]
7798 / 10000: [ 0, 2, 0, 0, 0 ], [ 0, 2623, 291, 446 ]
7799 / 10000: [ 0, 2, 0, 0, 0 ], [ 0, 2624, 291, 446 ]
7800 / 10000: [ 0, 1, 0, 1, 0 ], [ 0, 2624, 291, 447 ]
7801 / 10000: [ 0, 1, 0, 0, 0 ], [ 0, 2624, 291, 447 ]
7802 / 10000: [ 0, 2, 0, 0, 0 ], [ 0, 2625, 291, 447 ]
7803 / 10000: [ 0, 2, 0, 0, 0 ], [ 0, 2626, 291, 447 ]
7804 / 10000: [ 0, 2, 0, 0, 0 ], [ 0, 2627, 291, 447 ]
7805 / 10000: [ 0, 0, 0, 0, 0 ], [ 0, 2627, 291, 447 ]
7806 / 10000: [ 0, 1, 0, 1, 0 ], [ 0, 2627, 291, 448 ]
7807 / 10000: [ 0, 2, 0, 0, 0 ], [ 0, 2628, 291, 448 ]
7808 / 10000: [ 0, 2, 0, 0, 0 ], [ 0, 2629, 291, 448 ]
7809 / 10000: [ 0, 2, 0, 0, 0 ], [ 0, 2630, 291, 448 ]
7810 / 10000: [ 0, 2, 0, 0, 0 ], [ 0, 2631, 291, 448 ]
7811 / 10000: [ 0, 2, 0, 0, 0 ], [ 0, 2632, 291, 448 ]
7812 / 10000: [ 0, 2, 0, 0, 0 ], [ 0, 2633, 291, 448 ]
7813 / 10000: [ 0, 2, 0, 0, 0 ], [ 0, 2634, 291, 448 ]
7814 / 10000: [ 0, 0, 0, 2, 0 ], [ 0, 2634, 291, 449 ]
7815 / 10000: [ 0, 2, 0, 0, 0 ], [ 0, 2635, 291, 449 ]
7816 / 10000: [ 0, 2, 0, 0, 0 ], [ 0, 2636, 291, 449 ]
7817 / 10000: [ 0, 2, 0, 0, 0 ], [ 0, 2637, 291, 449 ]
7818 / 10000: [ 0, 1, 0, 0, 0 ], [ 0, 2637, 291, 449 ]
7819 / 10000: [ 0, 2, 0, 0, 0 ], [ 0, 2638, 291, 449 ]
7820 / 10000: [ 0, 2, 0, 0, 0 ], [ 0, 2639, 291, 449 ]
7821 / 10000: [ 0, 2, 0, 0, 0 ], [ 0, 2640, 291, 449 ]
7822 / 10000: [ 0, 0, 0, 0, 0 ], [ 0, 2640, 291, 449 ]
7823 / 10000: [ 0, 1, 0, 0, 1 ], [ 0, 2640, 291, 450 ]
7824 / 10000: [ 0, 1, 0, 1, 0 ], [ 0, 2640, 291, 451 ]
7825 / 10000: [ 0, 2, 0, 0, 0 ], [ 0, 2641, 291, 451 ]
7826 / 10000: [ 0, 1, 0, 1, 0 ], [ 0, 2641, 291, 452 ]
7827 / 10000: [ 0, 1, 0, 0, 1 ], [ 0, 2641, 291, 453 ]
7828 / 10000: [ 0, 2, 0, 0, 0 ], [ 0, 2642, 291, 453 ]
7829 / 10000: [ 0, 2, 0, 0, 0 ], [ 0, 2643, 291, 453 ]
7830 / 10000: [ 0, 1, 0, 0, 0 ], [ 0, 2643, 291, 453 ]
7831 / 10000: [ 0, 2, 0, 0, 0 ], [ 0, 2644, 291, 453 ]
7832 / 10000: [ 0, 1, 0, 0, 0 ], [ 0, 2644, 291, 453 ]
7833 / 10000: [ 0, 2, 0, 0, 0 ], [ 0, 2645, 291, 453 ]
7834 / 10000: [ 0, 0, 0, 0, 0 ], [ 0, 2645, 291, 453 ]
7835 / 10000: [ 0, 2, 0, 0, 0 ], [ 0, 2646, 291, 453 ]
7836 / 10000: [ 0, 2, 0, 0, 0 ], [ 0, 2647, 291, 453 ]
7837 / 10000: [ 0, 1, 0, 0, 0 ], [ 0, 2647, 291, 453 ]
7838 / 10000: [ 0, 1, 0, 0, 0 ], [ 0, 2647, 291, 453 ]
7839 / 10000: [ 0, 0, 0, 2, 0 ], [ 0, 2647, 291, 454 ]
7840 / 10000: [ 0, 2, 0, 0, 0 ], [ 0, 2648, 291, 454 ]
7841 / 10000: [ 0, 2, 0, 0, 0 ], [ 0, 2649, 291, 454 ]
7842 / 10000: [ 0, 0, 0, 0, 0 ], [ 0, 2649, 291, 454 ]
7843 / 10000: [ 0, 0, 0, 2, 0 ], [ 0, 2649, 291, 455 ]
7844 / 10000: [ 0, 2, 0, 0, 0 ], [ 0, 2650, 291, 455 ]
7845 / 10000: [ 0, 0, 0, 0, 0 ], [ 0, 2650, 291, 455 ]
7846 / 10000: [ 0, 2, 0, 0, 0 ], [ 0, 2651, 291, 455 ]
7847 / 10000: [ 0, 1, 0, 0, 0 ], [ 0, 2651, 291, 455 ]
7848 / 10000: [ 0, 1, 0, 0, 0 ], [ 0, 2651, 291, 455 ]
7849 / 10000: [ 0, 1, 0, 1, 0 ], [ 0, 2651, 291, 456 ]
7850 / 10000: [ 0, 2, 0, 0, 0 ], [ 0, 2652, 291, 456 ]
7851 / 10000: [ 0, 2, 0, 0, 0 ], [ 0, 2653, 291, 456 ]
7852 / 10000: [ 0, 2, 0, 0, 0 ], [ 0, 2654, 291, 456 ]
7853 / 10000: [ 0, 2, 0, 0, 0 ], [ 0, 2655, 291, 456 ]
7854 / 10000: [ 0, 2, 0, 0, 0 ], [ 0, 2656, 291, 456 ]
7855 / 10000: [ 0, 2, 0, 0, 0 ], [ 0, 2657, 291, 456 ]
7856 / 10000: [ 0, 2, 0, 0, 0 ], [ 0, 2658, 291, 456 ]
7857 / 10000: [ 0, 2, 0, 0, 0 ], [ 0, 2659, 291, 456 ]
7858 / 10000: [ 0, 0, 0, 0, 0 ], [ 0, 2659, 291, 456 ]
7859 / 10000: [ 0, 2, 0, 0, 0 ], [ 0, 2660, 291, 456 ]
7860 / 10000: [ 0, 1, 0, 1, 0 ], [ 0, 2660, 291, 457 ]
7861 / 10000: [ 0, 1, 0, 0, 0 ], [ 0, 2660, 291, 457 ]
7862 / 10000: [ 0, 1, 1, 0, 0 ], [ 0, 2660, 292, 457 ]
7863 / 10000: [ 0, 0, 0, 0, 0 ], [ 0, 2660, 292, 457 ]
7864 / 10000: [ 0, 0, 1, 0, 0 ], [ 0, 2660, 292, 457 ]
7865 / 10000: [ 0, 2, 0, 0, 0 ], [ 0, 2661, 292, 457 ]
7866 / 10000: [ 0, 2, 0, 0, 0 ], [ 0, 2662, 292, 457 ]
7867 / 10000: [ 0, 0, 0, 0, 0 ], [ 0, 2662, 292, 457 ]
7868 / 10000: [ 0, 2, 0, 0, 0 ], [ 0, 2663, 292, 457 ]
7869 / 10000: [ 0, 0, 0, 0, 0 ], [ 0, 2663, 292, 457 ]
7870 / 10000: [ 0, 0, 0, 0, 0 ], [ 0, 2663, 292, 457 ]
7871 / 10000: [ 0, 0, 1, 0, 0 ], [ 0, 2663, 292, 457 ]
7872 / 10000: [ 0, 1, 0, 0, 1 ], [ 0, 2663, 292, 458 ]
7873 / 10000: [ 0, 1, 0, 1, 0 ], [ 0, 2663, 292, 459 ]
7874 / 10000: [ 0, 0, 0, 0, 1 ], [ 0, 2663, 292, 459 ]
7875 / 10000: [ 0, 1, 0, 1, 0 ], [ 0, 2663, 292, 460 ]
7876 / 10000: [ 0, 1, 0, 1, 0 ], [ 0, 2663, 292, 461 ]
7877 / 10000: [ 0, 1, 0, 0, 1 ], [ 0, 2663, 292, 462 ]
7878 / 10000: [ 0, 2, 0, 0, 0 ], [ 0, 2664, 292, 462 ]
7879 / 10000: [ 0, 1, 0, 1, 0 ], [ 0, 2664, 292, 463 ]
7880 / 10000: [ 0, 2, 0, 0, 0 ], [ 0, 2665, 292, 463 ]
7881 / 10000: [ 0, 2, 0, 0, 0 ], [ 0, 2666, 292, 463 ]
7882 / 10000: [ 0, 2, 0, 0, 0 ], [ 0, 2667, 292, 463 ]
7883 / 10000: [ 0, 1, 0, 1, 0 ], [ 0, 2667, 292, 464 ]
7884 / 10000: [ 0, 1, 0, 0, 0 ], [ 0, 2667, 292, 464 ]
7885 / 10000: [ 0, 1, 0, 0, 0 ], [ 0, 2667, 292, 464 ]
7886 / 10000: [ 0, 0, 0, 0, 0 ], [ 0, 2667, 292, 464 ]
7887 / 10000: [ 0, 2, 0, 0, 0 ], [ 0, 2668, 292, 464 ]
7888 / 10000: [ 0, 0, 0, 0, 0 ], [ 0, 2668, 292, 464 ]
7889 / 10000: [ 0, 2, 0, 0, 0 ], [ 0, 2669, 292, 464 ]
7890 / 10000: [ 0, 2, 0, 0, 0 ], [ 0, 2670, 292, 464 ]
7891 / 10000: [ 0, 2, 0, 0, 0 ], [ 0, 2671, 292, 464 ]
7892 / 10000: [ 0, 1, 0, 0, 0 ], [ 0, 2671, 292, 464 ]
7893 / 10000: [ 0, 2, 0, 0, 0 ], [ 0, 2672, 292, 464 ]
7894 / 10000: [ 0, 0, 0, 0, 0 ], [ 0, 2672, 292, 464 ]
7895 / 10000: [ 0, 1, 0, 1, 0 ], [ 0, 2672, 292, 465 ]
7896 / 10000: [ 0, 0, 1, 0, 0 ], [ 0, 2672, 292, 465 ]
7897 / 10000: [ 0, 0, 0, 0, 0 ], [ 0, 2672, 292, 465 ]
7898 / 10000: [ 0, 2, 0, 0, 0 ], [ 0, 2673, 292, 465 ]
7899 / 10000: [ 0, 1, 0, 1, 0 ], [ 0, 2673, 292, 466 ]
7900 / 10000: [ 0, 2, 0, 0, 0 ], [ 0, 2674, 292, 466 ]
7901 / 10000: [ 0, 2, 0, 0, 0 ], [ 0, 2675, 292, 466 ]
7902 / 10000: [ 0, 1, 0, 0, 0 ], [ 0, 2675, 292, 466 ]
7903 / 10000: [ 0, 2, 0, 0, 0 ], [ 0, 2676, 292, 466 ]
7904 / 10000: [ 0, 2, 0, 0, 0 ], [ 0, 2677, 292, 466 ]
7905 / 10000: [ 0, 2, 0, 0, 0 ], [ 0, 2678, 292, 466 ]
7906 / 10000: [ 0, 2, 0, 0, 0 ], [ 0, 2679, 292, 466 ]
7907 / 10000: [ 0, 2, 0, 0, 0 ], [ 0, 2680, 292, 466 ]
7908 / 10000: [ 0, 2, 0, 0, 0 ], [ 0, 2681, 292, 466 ]
7909 / 10000: [ 0, 1, 0, 0, 0 ], [ 0, 2681, 292, 466 ]
7910 / 10000: [ 0, 2, 0, 0, 0 ], [ 0, 2682, 292, 466 ]
7911 / 10000: [ 0, 1, 1, 0, 0 ], [ 0, 2682, 293, 466 ]
7912 / 10000: [ 0, 2, 0, 0, 0 ], [ 0, 2683, 293, 466 ]
7913 / 10000: [ 0, 1, 0, 0, 0 ], [ 0, 2683, 293, 466 ]
7914 / 10000: [ 0, 2, 0, 0, 0 ], [ 0, 2684, 293, 466 ]
7915 / 10000: [ 0, 2, 0, 0, 0 ], [ 0, 2685, 293, 466 ]
7916 / 10000: [ 0, 2, 0, 0, 0 ], [ 0, 2686, 293, 466 ]
7917 / 10000: [ 0, 2, 0, 0, 0 ], [ 0, 2687, 293, 466 ]
7918 / 10000: [ 0, 1, 0, 0, 0 ], [ 0, 2687, 293, 466 ]
7919 / 10000: [ 0, 2, 0, 0, 0 ], [ 0, 2688, 293, 466 ]
7920 / 10000: [ 0, 1, 0, 0, 0 ], [ 0, 2688, 293, 466 ]
7921 / 10000: [ 0, 1, 0, 0, 0 ], [ 0, 2688, 293, 466 ]
7922 / 10000: [ 0, 0, 0, 0, 0 ], [ 0, 2688, 293, 466 ]
7923 / 10000: [ 0, 1, 0, 0, 0 ], [ 0, 2688, 293, 466 ]
7924 / 10000: [ 0, 2, 0, 0, 0 ], [ 0, 2689, 293, 466 ]
7925 / 10000: [ 0, 1, 0, 1, 0 ], [ 0, 2689, 293, 467 ]
7926 / 10000: [ 0, 1, 0, 1, 0 ], [ 0, 2689, 293, 468 ]
7927 / 10000: [ 0, 2, 0, 0, 0 ], [ 0, 2690, 293, 468 ]
7928 / 10000: [ 0, 2, 0, 0, 0 ], [ 0, 2691, 293, 468 ]
7929 / 10000: [ 0, 2, 0, 0, 0 ], [ 0, 2692, 293, 468 ]
7930 / 10000: [ 0, 1, 0, 0, 0 ], [ 0, 2692, 293, 468 ]
7931 / 10000: [ 0, 2, 0, 0, 0 ], [ 0, 2693, 293, 468 ]
7932 / 10000: [ 0, 2, 0, 0, 0 ], [ 0, 2694, 293, 468 ]
7933 / 10000: [ 0, 1, 1, 0, 0 ], [ 0, 2694, 294, 468 ]
7934 / 10000: [ 0, 2, 0, 0, 0 ], [ 0, 2695, 294, 468 ]
7935 / 10000: [ 0, 2, 0, 0, 0 ], [ 0, 2696, 294, 468 ]
7936 / 10000: [ 0, 2, 0, 0, 0 ], [ 0, 2697, 294, 468 ]
7937 / 10000: [ 0, 2, 0, 0, 0 ], [ 0, 2698, 294, 468 ]
7938 / 10000: [ 0, 0, 0, 0, 0 ], [ 0, 2698, 294, 468 ]
7939 / 10000: [ 0, 0, 0, 0, 0 ], [ 0, 2698, 294, 468 ]
7940 / 10000: [ 0, 2, 0, 0, 0 ], [ 0, 2699, 294, 468 ]
7941 / 10000: [ 0, 2, 0, 0, 0 ], [ 0, 2700, 294, 468 ]
7942 / 10000: [ 0, 0, 0, 0, 0 ], [ 0, 2700, 294, 468 ]
7943 / 10000: [ 0, 0, 0, 0, 0 ], [ 0, 2700, 294, 468 ]
7944 / 10000: [ 0, 2, 0, 0, 0 ], [ 0, 2701, 294, 468 ]
7945 / 10000: [ 0, 0, 0, 0, 0 ], [ 0, 2701, 294, 468 ]
7946 / 10000: [ 0, 2, 0, 0, 0 ], [ 0, 2702, 294, 468 ]
7947 / 10000: [ 0, 1, 0, 0, 0 ], [ 0, 2702, 294, 468 ]
7948 / 10000: [ 0, 0, 0, 0, 0 ], [ 0, 2702, 294, 468 ]
7949 / 10000: [ 0, 2, 0, 0, 0 ], [ 0, 2703, 294, 468 ]
7950 / 10000: [ 0, 1, 0, 0, 0 ], [ 0, 2703, 294, 468 ]
7951 / 10000: [ 0, 2, 0, 0, 0 ], [ 0, 2704, 294, 468 ]
7952 / 10000: [ 0, 2, 0, 0, 0 ], [ 0, 2705, 294, 468 ]
7953 / 10000: [ 0, 0, 0, 0, 0 ], [ 0, 2705, 294, 468 ]
7954 / 10000: [ 0, 2, 0, 0, 0 ], [ 0, 2706, 294, 468 ]
7955 / 10000: [ 0, 2, 0, 0, 0 ], [ 0, 2707, 294, 468 ]
7956 / 10000: [ 0, 2, 0, 0, 0 ], [ 0, 2708, 294, 468 ]
7957 / 10000: [ 0, 1, 0, 0, 0 ], [ 0, 2708, 294, 468 ]
7958 / 10000: [ 0, 2, 0, 0, 0 ], [ 0, 2709, 294, 468 ]
7959 / 10000: [ 0, 2, 0, 0, 0 ], [ 0, 2710, 294, 468 ]
7960 / 10000: [ 0, 2, 0, 0, 0 ], [ 0, 2711, 294, 468 ]
7961 / 10000: [ 0, 0, 0, 0, 0 ], [ 0, 2711, 294, 468 ]
7962 / 10000: [ 0, 2, 0, 0, 0 ], [ 0, 2712, 294, 468 ]
7963 / 10000: [ 0, 0, 0, 0, 0 ], [ 0, 2712, 294, 468 ]
7964 / 10000: [ 0, 1, 0, 0, 0 ], [ 0, 2712, 294, 468 ]
7965 / 10000: [ 0, 2, 0, 0, 0 ], [ 0, 2713, 294, 468 ]
7966 / 10000: [ 0, 2, 0, 0, 0 ], [ 0, 2714, 294, 468 ]
7967 / 10000: [ 0, 0, 0, 0, 0 ], [ 0, 2714, 294, 468 ]
7968 / 10000: [ 0, 2, 0, 0, 0 ], [ 0, 2715, 294, 468 ]
7969 / 10000: [ 0, 2, 0, 0, 0 ], [ 0, 2716, 294, 468 ]
7970 / 10000: [ 0, 2, 0, 0, 0 ], [ 0, 2717, 294, 468 ]
7971 / 10000: [ 0, 0, 0, 0, 0 ], [ 0, 2717, 294, 468 ]
7972 / 10000: [ 0, 0, 1, 0, 0 ], [ 0, 2717, 294, 468 ]
7973 / 10000: [ 0, 1, 0, 0, 0 ], [ 0, 2717, 294, 468 ]
7974 / 10000: [ 0, 0, 0, 0, 0 ], [ 0, 2717, 294, 468 ]
7975 / 10000: [ 0, 1, 0, 0, 0 ], [ 0, 2717, 294, 468 ]
7976 / 10000: [ 0, 0, 0, 0, 0 ], [ 0, 2717, 294, 468 ]
7977 / 10000: [ 0, 0, 0, 0, 0 ], [ 0, 2717, 294, 468 ]
7978 / 10000: [ 0, 2, 0, 0, 0 ], [ 0, 2718, 294, 468 ]
7979 / 10000: [ 0, 2, 0, 0, 0 ], [ 0, 2719, 294, 468 ]
7980 / 10000: [ 0, 2, 0, 0, 0 ], [ 0, 2720, 294, 468 ]
7981 / 10000: [ 0, 2, 0, 0, 0 ], [ 0, 2721, 294, 468 ]
7982 / 10000: [ 0, 2, 0, 0, 0 ], [ 0, 2722, 294, 468 ]
7983 / 10000: [ 0, 0, 0, 0, 0 ], [ 0, 2722, 294, 468 ]
7984 / 10000: [ 0, 0, 0, 0, 0 ], [ 0, 2722, 294, 468 ]
7985 / 10000: [ 0, 1, 0, 0, 0 ], [ 0, 2722, 294, 468 ]
7986 / 10000: [ 0, 2, 0, 0, 0 ], [ 0, 2723, 294, 468 ]
7987 / 10000: [ 0, 2, 0, 0, 0 ], [ 0, 2724, 294, 468 ]
7988 / 10000: [ 0, 0, 0, 0, 0 ], [ 0, 2724, 294, 468 ]
7989 / 10000: [ 0, 2, 0, 0, 0 ], [ 0, 2725, 294, 468 ]
7990 / 10000: [ 0, 2, 0, 0, 0 ], [ 0, 2726, 294, 468 ]
7991 / 10000: [ 0, 2, 0, 0, 0 ], [ 0, 2727, 294, 468 ]
7992 / 10000: [ 0, 1, 0, 0, 0 ], [ 0, 2727, 294, 468 ]
7993 / 10000: [ 0, 2, 0, 0, 0 ], [ 0, 2728, 294, 468 ]
7994 / 10000: [ 0, 1, 0, 0, 0 ], [ 0, 2728, 294, 468 ]
7995 / 10000: [ 0, 2, 0, 0, 0 ], [ 0, 2729, 294, 468 ]
7996 / 10000: [ 0, 1, 1, 0, 0 ], [ 0, 2729, 295, 468 ]
7997 / 10000: [ 0, 1, 0, 1, 0 ], [ 0, 2729, 295, 469 ]
7998 / 10000: [ 0, 2, 0, 0, 0 ], [ 0, 2730, 295, 469 ]
7999 / 10000: [ 0, 1, 0, 0, 0 ], [ 0, 2730, 295, 469 ]
8000 / 10000: [ 0, 2, 0, 0, 0 ], [ 0, 2731, 295, 469 ]
8001 / 10000: [ 0, 2, 0, 0, 0 ], [ 0, 2732, 295, 469 ]
8002 / 10000: [ 0, 0, 1, 1, 0 ], [ 0, 2732, 295, 470 ]
8003 / 10000: [ 0, 2, 0, 0, 0 ], [ 0, 2733, 295, 470 ]
8004 / 10000: [ 0, 2, 0, 0, 0 ], [ 0, 2734, 295, 470 ]
8005 / 10000: [ 0, 2, 0, 0, 0 ], [ 0, 2735, 295, 470 ]
8006 / 10000: [ 0, 1, 0, 1, 0 ], [ 0, 2735, 295, 471 ]
8007 / 10000: [ 0, 1, 0, 1, 0 ], [ 0, 2735, 295, 472 ]
8008 / 10000: [ 0, 2, 0, 0, 0 ], [ 0, 2736, 295, 472 ]
8009 / 10000: [ 0, 1, 0, 0, 0 ], [ 0, 2736, 295, 472 ]
8010 / 10000: [ 0, 2, 0, 0, 0 ], [ 0, 2737, 295, 472 ]
8011 / 10000: [ 0, 2, 0, 0, 0 ], [ 0, 2738, 295, 472 ]
8012 / 10000: [ 0, 2, 0, 0, 0 ], [ 0, 2739, 295, 472 ]
8013 / 10000: [ 0, 1, 0, 0, 1 ], [ 0, 2739, 295, 473 ]
8014 / 10000: [ 0, 1, 0, 0, 1 ], [ 0, 2739, 295, 474 ]
8015 / 10000: [ 0, 2, 0, 0, 0 ], [ 0, 2740, 295, 474 ]
8016 / 10000: [ 0, 2, 0, 0, 0 ], [ 0, 2741, 295, 474 ]
8017 / 10000: [ 0, 2, 0, 0, 0 ], [ 0, 2742, 295, 474 ]
8018 / 10000: [ 0, 0, 0, 1, 0 ], [ 0, 2742, 295, 474 ]
8019 / 10000: [ 0, 2, 0, 0, 0 ], [ 0, 2743, 295, 474 ]
8020 / 10000: [ 0, 0, 0, 0, 1 ], [ 0, 2743, 295, 474 ]
8021 / 10000: [ 0, 2, 0, 0, 0 ], [ 0, 2744, 295, 474 ]
8022 / 10000: [ 0, 2, 0, 0, 0 ], [ 0, 2745, 295, 474 ]
8023 / 10000: [ 0, 1, 0, 0, 0 ], [ 0, 2745, 295, 474 ]
8024 / 10000: [ 0, 0, 0, 2, 0 ], [ 0, 2745, 295, 475 ]
8025 / 10000: [ 0, 2, 0, 0, 0 ], [ 0, 2746, 295, 475 ]
8026 / 10000: [ 0, 2, 0, 0, 0 ], [ 0, 2747, 295, 475 ]
8027 / 10000: [ 0, 2, 0, 0, 0 ], [ 0, 2748, 295, 475 ]
8028 / 10000: [ 0, 2, 0, 0, 0 ], [ 0, 2749, 295, 475 ]
8029 / 10000: [ 0, 2, 0, 0, 0 ], [ 0, 2750, 295, 475 ]
8030 / 10000: [ 0, 1, 0, 1, 0 ], [ 0, 2750, 295, 476 ]
8031 / 10000: [ 0, 1, 0, 0, 1 ], [ 0, 2750, 295, 477 ]
8032 / 10000: [ 0, 2, 0, 0, 0 ], [ 0, 2751, 295, 477 ]
8033 / 10000: [ 0, 2, 0, 0, 0 ], [ 0, 2752, 295, 477 ]
8034 / 10000: [ 0, 1, 0, 1, 0 ], [ 0, 2752, 295, 478 ]
8035 / 10000: [ 0, 2, 0, 0, 0 ], [ 0, 2753, 295, 478 ]
8036 / 10000: [ 0, 2, 0, 0, 0 ], [ 0, 2754, 295, 478 ]
8037 / 10000: [ 0, 2, 0, 0, 0 ], [ 0, 2755, 295, 478 ]
8038 / 10000: [ 0, 0, 0, 0, 1 ], [ 0, 2755, 295, 478 ]
8039 / 10000: [ 0, 0, 0, 0, 0 ], [ 0, 2755, 295, 478 ]
8040 / 10000: [ 0, 2, 0, 0, 0 ], [ 0, 2756, 295, 478 ]
8041 / 10000: [ 0, 1, 0, 0, 0 ], [ 0, 2756, 295, 478 ]
8042 / 10000: [ 0, 2, 0, 0, 0 ], [ 0, 2757, 295, 478 ]
8043 / 10000: [ 0, 0, 0, 0, 0 ], [ 0, 2757, 295, 478 ]
8044 / 10000: [ 0, 2, 0, 0, 0 ], [ 0, 2758, 295, 478 ]
8045 / 10000: [ 0, 2, 0, 0, 0 ], [ 0, 2759, 295, 478 ]
8046 / 10000: [ 0, 2, 0, 0, 0 ], [ 0, 2760, 295, 478 ]
8047 / 10000: [ 0, 0, 0, 1, 0 ], [ 0, 2760, 295, 478 ]
8048 / 10000: [ 0, 0, 0, 0, 0 ], [ 0, 2760, 295, 478 ]
8049 / 10000: [ 0, 2, 0, 0, 0 ], [ 0, 2761, 295, 478 ]
8050 / 10000: [ 0, 2, 0, 0, 0 ], [ 0, 2762, 295, 478 ]
8051 / 10000: [ 0, 2, 0, 0, 0 ], [ 0, 2763, 295, 478 ]
8052 / 10000: [ 0, 0, 0, 0, 0 ], [ 0, 2763, 295, 478 ]
8053 / 10000: [ 0, 0, 0, 0, 0 ], [ 0, 2763, 295, 478 ]
8054 / 10000: [ 0, 1, 0, 1, 0 ], [ 0, 2763, 295, 479 ]
8055 / 10000: [ 0, 2, 0, 0, 0 ], [ 0, 2764, 295, 479 ]
8056 / 10000: [ 0, 0, 0, 1, 1 ], [ 0, 2764, 295, 480 ]
8057 / 10000: [ 0, 0, 0, 0, 1 ], [ 0, 2764, 295, 480 ]
8058 / 10000: [ 0, 1, 0, 1, 0 ], [ 0, 2764, 295, 481 ]
8059 / 10000: [ 0, 1, 0, 1, 0 ], [ 0, 2764, 295, 482 ]
8060 / 10000: [ 0, 1, 0, 1, 0 ], [ 0, 2764, 295, 483 ]
8061 / 10000: [ 0, 2, 0, 0, 0 ], [ 0, 2765, 295, 483 ]
8062 / 10000: [ 0, 1, 0, 0, 0 ], [ 0, 2765, 295, 483 ]
8063 / 10000: [ 0, 1, 0, 0, 0 ], [ 0, 2765, 295, 483 ]
8064 / 10000: [ 0, 0, 0, 1, 0 ], [ 0, 2765, 295, 483 ]
8065 / 10000: [ 0, 2, 0, 0, 0 ], [ 0, 2766, 295, 483 ]
8066 / 10000: [ 0, 1, 0, 1, 0 ], [ 0, 2766, 295, 484 ]
8067 / 10000: [ 0, 1, 0, 1, 0 ], [ 0, 2766, 295, 485 ]
8068 / 10000: [ 0, 1, 1, 0, 0 ], [ 0, 2766, 296, 485 ]
8069 / 10000: [ 0, 2, 0, 0, 0 ], [ 0, 2767, 296, 485 ]
8070 / 10000: [ 0, 2, 0, 0, 0 ], [ 0, 2768, 296, 485 ]
8071 / 10000: [ 0, 1, 1, 0, 0 ], [ 0, 2768, 297, 485 ]
8072 / 10000: [ 0, 2, 0, 0, 0 ], [ 0, 2769, 297, 485 ]
8073 / 10000: [ 0, 2, 0, 0, 0 ], [ 0, 2770, 297, 485 ]
8074 / 10000: [ 0, 0, 0, 0, 0 ], [ 0, 2770, 297, 485 ]
8075 / 10000: [ 0, 2, 0, 0, 0 ], [ 0, 2771, 297, 485 ]
8076 / 10000: [ 0, 1, 1, 0, 0 ], [ 0, 2771, 298, 485 ]
8077 / 10000: [ 0, 2, 0, 0, 0 ], [ 0, 2772, 298, 485 ]
8078 / 10000: [ 0, 2, 0, 0, 0 ], [ 0, 2773, 298, 485 ]
8079 / 10000: [ 0, 2, 0, 0, 0 ], [ 0, 2774, 298, 485 ]
8080 / 10000: [ 0, 2, 0, 0, 0 ], [ 0, 2775, 298, 485 ]
8081 / 10000: [ 0, 2, 0, 0, 0 ], [ 0, 2776, 298, 485 ]
8082 / 10000: [ 0, 2, 0, 0, 0 ], [ 0, 2777, 298, 485 ]
8083 / 10000: [ 0, 0, 0, 1, 0 ], [ 0, 2777, 298, 485 ]
8084 / 10000: [ 0, 1, 0, 1, 0 ], [ 0, 2777, 298, 486 ]
8085 / 10000: [ 0, 0, 0, 1, 0 ], [ 0, 2777, 298, 486 ]
8086 / 10000: [ 0, 2, 0, 0, 0 ], [ 0, 2778, 298, 486 ]
8087 / 10000: [ 0, 1, 1, 0, 0 ], [ 0, 2778, 299, 486 ]
8088 / 10000: [ 0, 1, 0, 0, 0 ], [ 0, 2778, 299, 486 ]
8089 / 10000: [ 0, 2, 0, 0, 0 ], [ 0, 2779, 299, 486 ]
8090 / 10000: [ 0, 2, 0, 0, 0 ], [ 0, 2780, 299, 486 ]
8091 / 10000: [ 0, 2, 0, 0, 0 ], [ 0, 2781, 299, 486 ]
8092 / 10000: [ 0, 0, 0, 1, 0 ], [ 0, 2781, 299, 486 ]
8093 / 10000: [ 0, 2, 0, 0, 0 ], [ 0, 2782, 299, 486 ]
8094 / 10000: [ 0, 0, 0, 1, 0 ], [ 0, 2782, 299, 486 ]
8095 / 10000: [ 0, 2, 0, 0, 0 ], [ 0, 2783, 299, 486 ]
8096 / 10000: [ 0, 2, 0, 0, 0 ], [ 0, 2784, 299, 486 ]
8097 / 10000: [ 0, 1, 0, 1, 0 ], [ 0, 2784, 299, 487 ]
8098 / 10000: [ 0, 2, 0, 0, 0 ], [ 0, 2785, 299, 487 ]
8099 / 10000: [ 0, 1, 0, 0, 0 ], [ 0, 2785, 299, 487 ]
8100 / 10000: [ 0, 2, 0, 0, 0 ], [ 0, 2786, 299, 487 ]
8101 / 10000: [ 0, 2, 0, 0, 0 ], [ 0, 2787, 299, 487 ]
8102 / 10000: [ 0, 1, 1, 0, 0 ], [ 0, 2787, 300, 487 ]
8103 / 10000: [ 0, 2, 0, 0, 0 ], [ 0, 2788, 300, 487 ]
8104 / 10000: [ 0, 2, 0, 0, 0 ], [ 0, 2789, 300, 487 ]
8105 / 10000: [ 0, 1, 0, 1, 0 ], [ 0, 2789, 300, 488 ]
8106 / 10000: [ 0, 2, 0, 0, 0 ], [ 0, 2790, 300, 488 ]
8107 / 10000: [ 0, 2, 0, 0, 0 ], [ 0, 2791, 300, 488 ]
8108 / 10000: [ 0, 2, 0, 0, 0 ], [ 0, 2792, 300, 488 ]
8109 / 10000: [ 0, 0, 0, 1, 0 ], [ 0, 2792, 300, 488 ]
8110 / 10000: [ 0, 2, 0, 0, 0 ], [ 0, 2793, 300, 488 ]
8111 / 10000: [ 0, 2, 0, 0, 0 ], [ 0, 2794, 300, 488 ]
8112 / 10000: [ 0, 1, 0, 1, 0 ], [ 0, 2794, 300, 489 ]
8113 / 10000: [ 0, 0, 1, 1, 0 ], [ 0, 2794, 300, 490 ]
8114 / 10000: [ 0, 0, 2, 0, 0 ], [ 0, 2794, 301, 490 ]
8115 / 10000: [ 0, 1, 0, 1, 0 ], [ 0, 2794, 301, 491 ]
8116 / 10000: [ 0, 2, 0, 0, 0 ], [ 0, 2795, 301, 491 ]
8117 / 10000: [ 0, 2, 0, 0, 0 ], [ 0, 2796, 301, 491 ]
8118 / 10000: [ 0, 1, 0, 0, 0 ], [ 0, 2796, 301, 491 ]
8119 / 10000: [ 0, 2, 0, 0, 0 ], [ 0, 2797, 301, 491 ]
8120 / 10000: [ 0, 0, 0, 0, 1 ], [ 0, 2797, 301, 491 ]
8121 / 10000: [ 0, 2, 0, 0, 0 ], [ 0, 2798, 301, 491 ]
8122 / 10000: [ 0, 2, 0, 0, 0 ], [ 0, 2799, 301, 491 ]
8123 / 10000: [ 0, 0, 0, 1, 0 ], [ 0, 2799, 301, 491 ]
8124 / 10000: [ 0, 2, 0, 0, 0 ], [ 0, 2800, 301, 491 ]
8125 / 10000: [ 0, 2, 0, 0, 0 ], [ 0, 2801, 301, 491 ]
8126 / 10000: [ 0, 2, 0, 0, 0 ], [ 0, 2802, 301, 491 ]
8127 / 10000: [ 0, 0, 0, 2, 0 ], [ 0, 2802, 301, 492 ]
8128 / 10000: [ 0, 2, 0, 0, 0 ], [ 0, 2803, 301, 492 ]
8129 / 10000: [ 0, 2, 0, 0, 0 ], [ 0, 2804, 301, 492 ]
8130 / 10000: [ 0, 2, 0, 0, 0 ], [ 0, 2805, 301, 492 ]
8131 / 10000: [ 0, 0, 1, 1, 0 ], [ 0, 2805, 301, 493 ]
8132 / 10000: [ 0, 2, 0, 0, 0 ], [ 0, 2806, 301, 493 ]
8133 / 10000: [ 0, 2, 0, 0, 0 ], [ 0, 2807, 301, 493 ]
8134 / 10000: [ 0, 1, 0, 1, 0 ], [ 0, 2807, 301, 494 ]
8135 / 10000: [ 0, 2, 0, 0, 0 ], [ 0, 2808, 301, 494 ]
8136 / 10000: [ 0, 2, 0, 0, 0 ], [ 0, 2809, 301, 494 ]
8137 / 10000: [ 0, 2, 0, 0, 0 ], [ 0, 2810, 301, 494 ]
8138 / 10000: [ 0, 0, 1, 0, 0 ], [ 0, 2810, 301, 494 ]
8139 / 10000: [ 0, 0, 0, 0, 0 ], [ 0, 2810, 301, 494 ]
8140 / 10000: [ 0, 2, 0, 0, 0 ], [ 0, 2811, 301, 494 ]
8141 / 10000: [ 0, 0, 0, 1, 0 ], [ 0, 2811, 301, 494 ]
8142 / 10000: [ 0, 1, 0, 1, 0 ], [ 0, 2811, 301, 495 ]
8143 / 10000: [ 0, 0, 0, 0, 0 ], [ 0, 2811, 301, 495 ]
8144 / 10000: [ 0, 2, 0, 0, 0 ], [ 0, 2812, 301, 495 ]
8145 / 10000: [ 0, 1, 0, 1, 0 ], [ 0, 2812, 301, 496 ]
8146 / 10000: [ 0, 2, 0, 0, 0 ], [ 0, 2813, 301, 496 ]
8147 / 10000: [ 0, 1, 0, 0, 0 ], [ 0, 2813, 301, 496 ]
8148 / 10000: [ 0, 0, 0, 0, 0 ], [ 0, 2813, 301, 496 ]
8149 / 10000: [ 0, 1, 0, 1, 0 ], [ 0, 2813, 301, 497 ]
8150 / 10000: [ 0, 1, 0, 1, 0 ], [ 0, 2813, 301, 498 ]
8151 / 10000: [ 0, 1, 0, 1, 0 ], [ 0, 2813, 301, 499 ]
8152 / 10000: [ 0, 0, 0, 0, 0 ], [ 0, 2813, 301, 499 ]
8153 / 10000: [ 0, 0, 0, 0, 0 ], [ 0, 2813, 301, 499 ]
8154 / 10000: [ 0, 2, 0, 0, 0 ], [ 0, 2814, 301, 499 ]
8155 / 10000: [ 0, 1, 1, 0, 0 ], [ 0, 2814, 302, 499 ]
8156 / 10000: [ 0, 1, 1, 0, 0 ], [ 0, 2814, 303, 499 ]
8157 / 10000: [ 0, 0, 1, 0, 0 ], [ 0, 2814, 303, 499 ]
8158 / 10000: [ 0, 1, 0, 1, 0 ], [ 0, 2814, 303, 500 ]
8159 / 10000: [ 0, 2, 0, 0, 0 ], [ 0, 2815, 303, 500 ]
8160 / 10000: [ 0, 2, 0, 0, 0 ], [ 0, 2816, 303, 500 ]
8161 / 10000: [ 0, 1, 0, 1, 0 ], [ 0, 2816, 303, 501 ]
8162 / 10000: [ 0, 1, 0, 0, 0 ], [ 0, 2816, 303, 501 ]
8163 / 10000: [ 0, 0, 0, 1, 0 ], [ 0, 2816, 303, 501 ]
8164 / 10000: [ 0, 1, 0, 0, 0 ], [ 0, 2816, 303, 501 ]
8165 / 10000: [ 0, 1, 0, 1, 0 ], [ 0, 2816, 303, 502 ]
8166 / 10000: [ 0, 2, 0, 0, 0 ], [ 0, 2817, 303, 502 ]
8167 / 10000: [ 0, 2, 0, 0, 0 ], [ 0, 2818, 303, 502 ]
8168 / 10000: [ 0, 0, 1, 1, 0 ], [ 0, 2818, 303, 503 ]
8169 / 10000: [ 0, 0, 0, 2, 0 ], [ 0, 2818, 303, 504 ]
8170 / 10000: [ 0, 0, 0, 2, 0 ], [ 0, 2818, 303, 505 ]
8171 / 10000: [ 0, 1, 1, 0, 0 ], [ 0, 2818, 304, 505 ]
8172 / 10000: [ 0, 1, 1, 0, 0 ], [ 0, 2818, 305, 505 ]
8173 / 10000: [ 0, 2, 0, 0, 0 ], [ 0, 2819, 305, 505 ]
8174 / 10000: [ 0, 0, 0, 0, 0 ], [ 0, 2819, 305, 505 ]
8175 / 10000: [ 0, 1, 0, 1, 0 ], [ 0, 2819, 305, 506 ]
8176 / 10000: [ 0, 2, 0, 0, 0 ], [ 0, 2820, 305, 506 ]
8177 / 10000: [ 0, 2, 0, 0, 0 ], [ 0, 2821, 305, 506 ]
8178 / 10000: [ 0, 1, 1, 0, 0 ], [ 0, 2821, 306, 506 ]
8179 / 10000: [ 0, 0, 0, 2, 0 ], [ 0, 2821, 306, 507 ]
8180 / 10000: [ 0, 2, 0, 0, 0 ], [ 0, 2822, 306, 507 ]
8181 / 10000: [ 0, 1, 0, 1, 0 ], [ 0, 2822, 306, 508 ]
8182 / 10000: [ 0, 2, 0, 0, 0 ], [ 0, 2823, 306, 508 ]
8183 / 10000: [ 0, 1, 0, 0, 0 ], [ 0, 2823, 306, 508 ]
8184 / 10000: [ 0, 2, 0, 0, 0 ], [ 0, 2824, 306, 508 ]
8185 / 10000: [ 0, 1, 0, 0, 0 ], [ 0, 2824, 306, 508 ]
8186 / 10000: [ 0, 1, 0, 1, 0 ], [ 0, 2824, 306, 509 ]
8187 / 10000: [ 0, 1, 0, 0, 1 ], [ 0, 2824, 306, 510 ]
8188 / 10000: [ 0, 1, 0, 0, 0 ], [ 0, 2824, 306, 510 ]
8189 / 10000: [ 0, 1, 0, 1, 0 ], [ 0, 2824, 306, 511 ]
8190 / 10000: [ 0, 2, 0, 0, 0 ], [ 0, 2825, 306, 511 ]
8191 / 10000: [ 0, 1, 0, 1, 0 ], [ 0, 2825, 306, 512 ]
8192 / 10000: [ 0, 1, 0, 0, 0 ], [ 0, 2825, 306, 512 ]
8193 / 10000: [ 0, 2, 0, 0, 0 ], [ 0, 2826, 306, 512 ]
8194 / 10000: [ 0, 1, 0, 0, 0 ], [ 0, 2826, 306, 512 ]
8195 / 10000: [ 0, 2, 0, 0, 0 ], [ 0, 2827, 306, 512 ]
8196 / 10000: [ 0, 2, 0, 0, 0 ], [ 0, 2828, 306, 512 ]
8197 / 10000: [ 0, 0, 0, 2, 0 ], [ 0, 2828, 306, 513 ]
8198 / 10000: [ 0, 2, 0, 0, 0 ], [ 0, 2829, 306, 513 ]
8199 / 10000: [ 0, 1, 0, 0, 0 ], [ 0, 2829, 306, 513 ]
8200 / 10000: [ 0, 2, 0, 0, 0 ], [ 0, 2830, 306, 513 ]
8201 / 10000: [ 0, 2, 0, 0, 0 ], [ 0, 2831, 306, 513 ]
8202 / 10000: [ 0, 0, 0, 1, 1 ], [ 0, 2831, 306, 514 ]
8203 / 10000: [ 0, 1, 1, 0, 0 ], [ 0, 2831, 307, 514 ]
8204 / 10000: [ 0, 0, 0, 2, 0 ], [ 0, 2831, 307, 515 ]
8205 / 10000: [ 0, 1, 0, 1, 0 ], [ 0, 2831, 307, 516 ]
8206 / 10000: [ 0, 0, 0, 2, 0 ], [ 0, 2831, 307, 517 ]
8207 / 10000: [ 0, 0, 0, 2, 0 ], [ 0, 2831, 307, 518 ]
8208 / 10000: [ 0, 0, 0, 2, 0 ], [ 0, 2831, 307, 519 ]
8209 / 10000: [ 0, 1, 0, 0, 0 ], [ 0, 2831, 307, 519 ]
8210 / 10000: [ 0, 0, 0, 2, 0 ], [ 0, 2831, 307, 520 ]
8211 / 10000: [ 0, 2, 0, 0, 0 ], [ 0, 2832, 307, 520 ]
8212 / 10000: [ 0, 2, 0, 0, 0 ], [ 0, 2833, 307, 520 ]
8213 / 10000: [ 0, 1, 0, 0, 1 ], [ 0, 2833, 307, 521 ]
8214 / 10000: [ 0, 1, 0, 0, 1 ], [ 0, 2833, 307, 522 ]
8215 / 10000: [ 0, 1, 0, 1, 0 ], [ 0, 2833, 307, 523 ]
8216 / 10000: [ 0, 1, 0, 1, 0 ], [ 0, 2833, 307, 524 ]
8217 / 10000: [ 0, 0, 0, 2, 0 ], [ 0, 2833, 307, 525 ]
8218 / 10000: [ 0, 0, 0, 1, 0 ], [ 0, 2833, 307, 525 ]
8219 / 10000: [ 0, 2, 0, 0, 0 ], [ 0, 2834, 307, 525 ]
8220 / 10000: [ 0, 0, 1, 0, 0 ], [ 0, 2834, 307, 525 ]
8221 / 10000: [ 0, 2, 0, 0, 0 ], [ 0, 2835, 307, 525 ]
8222 / 10000: [ 0, 1, 0, 1, 0 ], [ 0, 2835, 307, 526 ]
8223 / 10000: [ 0, 1, 0, 0, 0 ], [ 0, 2835, 307, 526 ]
8224 / 10000: [ 0, 0, 0, 2, 0 ], [ 0, 2835, 307, 527 ]
8225 / 10000: [ 0, 2, 0, 0, 0 ], [ 0, 2836, 307, 527 ]
8226 / 10000: [ 0, 2, 0, 0, 0 ], [ 0, 2837, 307, 527 ]
8227 / 10000: [ 0, 2, 0, 0, 0 ], [ 0, 2838, 307, 527 ]
8228 / 10000: [ 0, 2, 0, 0, 0 ], [ 0, 2839, 307, 527 ]
8229 / 10000: [ 0, 0, 0, 2, 0 ], [ 0, 2839, 307, 528 ]
8230 / 10000: [ 0, 0, 0, 2, 0 ], [ 0, 2839, 307, 529 ]
8231 / 10000: [ 0, 1, 0, 0, 1 ], [ 0, 2839, 307, 530 ]
8232 / 10000: [ 0, 2, 0, 0, 0 ], [ 0, 2840, 307, 530 ]
8233 / 10000: [ 0, 2, 0, 0, 0 ], [ 0, 2841, 307, 530 ]
8234 / 10000: [ 0, 1, 0, 1, 0 ], [ 0, 2841, 307, 531 ]
8235 / 10000: [ 0, 1, 0, 1, 0 ], [ 0, 2841, 307, 532 ]
8236 / 10000: [ 0, 0, 0, 2, 0 ], [ 0, 2841, 307, 533 ]
8237 / 10000: [ 0, 1, 0, 1, 0 ], [ 0, 2841, 307, 534 ]
8238 / 10000: [ 0, 0, 0, 0, 1 ], [ 0, 2841, 307, 534 ]
8239 / 10000: [ 0, 0, 0, 0, 0 ], [ 0, 2841, 307, 534 ]
8240 / 10000: [ 0, 0, 0, 2, 0 ], [ 0, 2841, 307, 535 ]
8241 / 10000: [ 0, 1, 0, 0, 0 ], [ 0, 2841, 307, 535 ]
8242 / 10000: [ 0, 2, 0, 0, 0 ], [ 0, 2842, 307, 535 ]
8243 / 10000: [ 0, 0, 0, 0, 0 ], [ 0, 2842, 307, 535 ]
8244 / 10000: [ 0, 0, 0, 2, 0 ], [ 0, 2842, 307, 536 ]
8245 / 10000: [ 0, 1, 0, 1, 0 ], [ 0, 2842, 307, 537 ]
8246 / 10000: [ 0, 2, 0, 0, 0 ], [ 0, 2843, 307, 537 ]
8247 / 10000: [ 0, 0, 0, 1, 0 ], [ 0, 2843, 307, 537 ]
8248 / 10000: [ 0, 0, 0, 0, 0 ], [ 0, 2843, 307, 537 ]
8249 / 10000: [ 0, 2, 0, 0, 0 ], [ 0, 2844, 307, 537 ]
8250 / 10000: [ 0, 1, 0, 1, 0 ], [ 0, 2844, 307, 538 ]
8251 / 10000: [ 0, 1, 0, 1, 0 ], [ 0, 2844, 307, 539 ]
8252 / 10000: [ 0, 0, 0, 0, 0 ], [ 0, 2844, 307, 539 ]
8253 / 10000: [ 0, 0, 0, 0, 0 ], [ 0, 2844, 307, 539 ]
8254 / 10000: [ 0, 0, 0, 2, 0 ], [ 0, 2844, 307, 540 ]
8255 / 10000: [ 0, 1, 0, 1, 0 ], [ 0, 2844, 307, 541 ]
8256 / 10000: [ 0, 1, 0, 0, 1 ], [ 0, 2844, 307, 542 ]
8257 / 10000: [ 0, 0, 0, 0, 1 ], [ 0, 2844, 307, 542 ]
8258 / 10000: [ 0, 1, 0, 1, 0 ], [ 0, 2844, 307, 543 ]
8259 / 10000: [ 0, 0, 0, 2, 0 ], [ 0, 2844, 307, 544 ]
8260 / 10000: [ 0, 0, 0, 2, 0 ], [ 0, 2844, 307, 545 ]
8261 / 10000: [ 0, 1, 0, 1, 0 ], [ 0, 2844, 307, 546 ]
8262 / 10000: [ 0, 0, 0, 1, 0 ], [ 0, 2844, 307, 546 ]
8263 / 10000: [ 0, 0, 0, 1, 0 ], [ 0, 2844, 307, 546 ]
8264 / 10000: [ 0, 0, 0, 1, 0 ], [ 0, 2844, 307, 546 ]
8265 / 10000: [ 0, 1, 0, 1, 0 ], [ 0, 2844, 307, 547 ]
8266 / 10000: [ 0, 0, 0, 2, 0 ], [ 0, 2844, 307, 548 ]
8267 / 10000: [ 0, 2, 0, 0, 0 ], [ 0, 2845, 307, 548 ]
8268 / 10000: [ 0, 0, 0, 1, 1 ], [ 0, 2845, 307, 549 ]
8269 / 10000: [ 0, 2, 0, 0, 0 ], [ 0, 2846, 307, 549 ]
8270 / 10000: [ 0, 2, 0, 0, 0 ], [ 0, 2847, 307, 549 ]
8271 / 10000: [ 0, 1, 1, 0, 0 ], [ 0, 2847, 308, 549 ]
8272 / 10000: [ 0, 1, 1, 0, 0 ], [ 0, 2847, 309, 549 ]
8273 / 10000: [ 0, 1, 0, 1, 0 ], [ 0, 2847, 309, 550 ]
8274 / 10000: [ 0, 0, 0, 0, 0 ], [ 0, 2847, 309, 550 ]
8275 / 10000: [ 0, 0, 0, 2, 0 ], [ 0, 2847, 309, 551 ]
8276 / 10000: [ 0, 1, 0, 1, 0 ], [ 0, 2847, 309, 552 ]
8277 / 10000: [ 0, 2, 0, 0, 0 ], [ 0, 2848, 309, 552 ]
8278 / 10000: [ 0, 0, 1, 0, 1 ], [ 0, 2848, 309, 553 ]
8279 / 10000: [ 0, 2, 0, 0, 0 ], [ 0, 2849, 309, 553 ]
8280 / 10000: [ 0, 0, 0, 2, 0 ], [ 0, 2849, 309, 554 ]
8281 / 10000: [ 0, 1, 0, 1, 0 ], [ 0, 2849, 309, 555 ]
8282 / 10000: [ 0, 0, 0, 2, 0 ], [ 0, 2849, 309, 556 ]
8283 / 10000: [ 0, 0, 0, 1, 0 ], [ 0, 2849, 309, 556 ]
8284 / 10000: [ 0, 0, 0, 2, 0 ], [ 0, 2849, 309, 557 ]
8285 / 10000: [ 0, 0, 0, 1, 0 ], [ 0, 2849, 309, 557 ]
8286 / 10000: [ 0, 1, 0, 1, 0 ], [ 0, 2849, 309, 558 ]
8287 / 10000: [ 0, 0, 0, 1, 1 ], [ 0, 2849, 309, 559 ]
8288 / 10000: [ 0, 0, 0, 1, 0 ], [ 0, 2849, 309, 559 ]
8289 / 10000: [ 0, 1, 0, 1, 0 ], [ 0, 2849, 309, 560 ]
8290 / 10000: [ 0, 0, 0, 2, 0 ], [ 0, 2849, 309, 561 ]
8291 / 10000: [ 0, 1, 0, 1, 0 ], [ 0, 2849, 309, 562 ]
8292 / 10000: [ 0, 0, 0, 1, 0 ], [ 0, 2849, 309, 562 ]
8293 / 10000: [ 0, 2, 0, 0, 0 ], [ 0, 2850, 309, 562 ]
8294 / 10000: [ 0, 0, 0, 1, 0 ], [ 0, 2850, 309, 562 ]
8295 / 10000: [ 0, 0, 0, 2, 0 ], [ 0, 2850, 309, 563 ]
8296 / 10000: [ 0, 1, 0, 1, 0 ], [ 0, 2850, 309, 564 ]
8297 / 10000: [ 0, 1, 0, 1, 0 ], [ 0, 2850, 309, 565 ]
8298 / 10000: [ 0, 1, 0, 1, 0 ], [ 0, 2850, 309, 566 ]
8299 / 10000: [ 0, 0, 0, 1, 0 ], [ 0, 2850, 309, 566 ]
8300 / 10000: [ 0, 0, 1, 1, 0 ], [ 0, 2850, 309, 567 ]
8301 / 10000: [ 0, 0, 0, 0, 0 ], [ 0, 2850, 309, 567 ]
8302 / 10000: [ 0, 0, 0, 0, 0 ], [ 0, 2850, 309, 567 ]
8303 / 10000: [ 0, 1, 0, 1, 0 ], [ 0, 2850, 309, 568 ]
8304 / 10000: [ 0, 2, 0, 0, 0 ], [ 0, 2851, 309, 568 ]
8305 / 10000: [ 0, 0, 0, 0, 0 ], [ 0, 2851, 309, 568 ]
8306 / 10000: [ 0, 0, 0, 2, 0 ], [ 0, 2851, 309, 569 ]
8307 / 10000: [ 0, 0, 0, 1, 0 ], [ 0, 2851, 309, 569 ]
8308 / 10000: [ 0, 0, 0, 2, 0 ], [ 0, 2851, 309, 570 ]
8309 / 10000: [ 0, 0, 0, 0, 0 ], [ 0, 2851, 309, 570 ]
8310 / 10000: [ 0, 0, 0, 2, 0 ], [ 0, 2851, 309, 571 ]
8311 / 10000: [ 0, 0, 0, 1, 0 ], [ 0, 2851, 309, 571 ]
8312 / 10000: [ 0, 0, 0, 2, 0 ], [ 0, 2851, 309, 572 ]
8313 / 10000: [ 0, 0, 0, 0, 0 ], [ 0, 2851, 309, 572 ]
8314 / 10000: [ 0, 0, 0, 0, 0 ], [ 0, 2851, 309, 572 ]
8315 / 10000: [ 0, 0, 0, 0, 0 ], [ 0, 2851, 309, 572 ]
8316 / 10000: [ 0, 0, 0, 2, 0 ], [ 0, 2851, 309, 573 ]
8317 / 10000: [ 0, 1, 0, 1, 0 ], [ 0, 2851, 309, 574 ]
8318 / 10000: [ 0, 0, 0, 1, 0 ], [ 0, 2851, 309, 574 ]
8319 / 10000: [ 0, 0, 0, 2, 0 ], [ 0, 2851, 309, 575 ]
8320 / 10000: [ 0, 0, 0, 0, 0 ], [ 0, 2851, 309, 575 ]
8321 / 10000: [ 0, 0, 0, 2, 0 ], [ 0, 2851, 309, 576 ]
8322 / 10000: [ 0, 0, 0, 1, 0 ], [ 0, 2851, 309, 576 ]
8323 / 10000: [ 0, 0, 0, 0, 0 ], [ 0, 2851, 309, 576 ]
8324 / 10000: [ 0, 0, 0, 0, 0 ], [ 0, 2851, 309, 576 ]
8325 / 10000: [ 0, 0, 0, 1, 0 ], [ 0, 2851, 309, 576 ]
8326 / 10000: [ 0, 1, 0, 0, 0 ], [ 0, 2851, 309, 576 ]
8327 / 10000: [ 0, 0, 0, 0, 0 ], [ 0, 2851, 309, 576 ]
8328 / 10000: [ 0, 0, 0, 1, 0 ], [ 0, 2851, 309, 576 ]
8329 / 10000: [ 0, 0, 0, 2, 0 ], [ 0, 2851, 309, 577 ]
8330 / 10000: [ 0, 0, 0, 0, 0 ], [ 0, 2851, 309, 577 ]
8331 / 10000: [ 0, 0, 0, 1, 0 ], [ 0, 2851, 309, 577 ]
8332 / 10000: [ 0, 0, 0, 1, 0 ], [ 0, 2851, 309, 577 ]
8333 / 10000: [ 0, 0, 0, 0, 0 ], [ 0, 2851, 309, 577 ]
8334 / 10000: [ 0, 0, 0, 0, 0 ], [ 0, 2851, 309, 577 ]
8335 / 10000: [ 0, 0, 0, 2, 0 ], [ 0, 2851, 309, 578 ]
8336 / 10000: [ 0, 0, 0, 2, 0 ], [ 0, 2851, 309, 579 ]
8337 / 10000: [ 0, 1, 0, 1, 0 ], [ 0, 2851, 309, 580 ]
8338 / 10000: [ 0, 0, 0, 0, 0 ], [ 0, 2851, 309, 580 ]
8339 / 10000: [ 0, 0, 0, 1, 0 ], [ 0, 2851, 309, 580 ]
8340 / 10000: [ 0, 0, 0, 2, 0 ], [ 0, 2851, 309, 581 ]
8341 / 10000: [ 0, 0, 0, 0, 0 ], [ 0, 2851, 309, 581 ]
8342 / 10000: [ 0, 0, 0, 0, 0 ], [ 0, 2851, 309, 581 ]
8343 / 10000: [ 0, 0, 0, 1, 0 ], [ 0, 2851, 309, 581 ]
8344 / 10000: [ 0, 0, 0, 2, 0 ], [ 0, 2851, 309, 582 ]
8345 / 10000: [ 0, 0, 0, 1, 0 ], [ 0, 2851, 309, 582 ]
8346 / 10000: [ 0, 0, 0, 0, 0 ], [ 0, 2851, 309, 582 ]
8347 / 10000: [ 0, 0, 0, 0, 0 ], [ 0, 2851, 309, 582 ]
8348 / 10000: [ 0, 0, 0, 0, 0 ], [ 0, 2851, 309, 582 ]
8349 / 10000: [ 0, 0, 0, 1, 0 ], [ 0, 2851, 309, 582 ]
8350 / 10000: [ 0, 1, 0, 1, 0 ], [ 0, 2851, 309, 583 ]
8351 / 10000: [ 0, 0, 0, 2, 0 ], [ 0, 2851, 309, 584 ]
8352 / 10000: [ 0, 0, 0, 1, 0 ], [ 0, 2851, 309, 584 ]
8353 / 10000: [ 0, 0, 0, 0, 0 ], [ 0, 2851, 309, 584 ]
8354 / 10000: [ 0, 0, 0, 2, 0 ], [ 0, 2851, 309, 585 ]
8355 / 10000: [ 0, 0, 0, 1, 0 ], [ 0, 2851, 309, 585 ]
8356 / 10000: [ 0, 0, 0, 0, 0 ], [ 0, 2851, 309, 585 ]
8357 / 10000: [ 0, 0, 0, 0, 0 ], [ 0, 2851, 309, 585 ]
8358 / 10000: [ 0, 1, 0, 1, 0 ], [ 0, 2851, 309, 586 ]
8359 / 10000: [ 0, 0, 0, 1, 0 ], [ 0, 2851, 309, 586 ]
8360 / 10000: [ 0, 0, 0, 2, 0 ], [ 0, 2851, 309, 587 ]
8361 / 10000: [ 0, 0, 0, 0, 0 ], [ 0, 2851, 309, 587 ]
8362 / 10000: [ 0, 0, 0, 1, 0 ], [ 0, 2851, 309, 587 ]
8363 / 10000: [ 0, 0, 0, 0, 0 ], [ 0, 2851, 309, 587 ]
8364 / 10000: [ 0, 0, 0, 0, 0 ], [ 0, 2851, 309, 587 ]
8365 / 10000: [ 0, 0, 0, 1, 0 ], [ 0, 2851, 309, 587 ]
8366 / 10000: [ 0, 0, 0, 1, 0 ], [ 0, 2851, 309, 587 ]
8367 / 10000: [ 0, 1, 0, 0, 0 ], [ 0, 2851, 309, 587 ]
8368 / 10000: [ 0, 0, 0, 0, 0 ], [ 0, 2851, 309, 587 ]
8369 / 10000: [ 0, 0, 0, 1, 0 ], [ 0, 2851, 309, 587 ]
8370 / 10000: [ 0, 0, 0, 0, 0 ], [ 0, 2851, 309, 587 ]
8371 / 10000: [ 0, 0, 0, 0, 0 ], [ 0, 2851, 309, 587 ]
8372 / 10000: [ 0, 0, 0, 0, 0 ], [ 0, 2851, 309, 587 ]
8373 / 10000: [ 0, 0, 0, 1, 0 ], [ 0, 2851, 309, 587 ]
8374 / 10000: [ 0, 0, 0, 1, 0 ], [ 0, 2851, 309, 587 ]
8375 / 10000: [ 0, 1, 0, 1, 0 ], [ 0, 2851, 309, 588 ]
8376 / 10000: [ 0, 0, 0, 0, 0 ], [ 0, 2851, 309, 588 ]
8377 / 10000: [ 0, 0, 0, 0, 0 ], [ 0, 2851, 309, 588 ]
8378 / 10000: [ 0, 1, 0, 1, 0 ], [ 0, 2851, 309, 589 ]
8379 / 10000: [ 0, 0, 0, 0, 0 ], [ 0, 2851, 309, 589 ]
8380 / 10000: [ 0, 0, 0, 2, 0 ], [ 0, 2851, 309, 590 ]
8381 / 10000: [ 0, 0, 0, 2, 0 ], [ 0, 2851, 309, 591 ]
8382 / 10000: [ 0, 1, 0, 1, 0 ], [ 0, 2851, 309, 592 ]
8383 / 10000: [ 0, 1, 0, 1, 0 ], [ 0, 2851, 309, 593 ]
8384 / 10000: [ 0, 0, 0, 0, 0 ], [ 0, 2851, 309, 593 ]
8385 / 10000: [ 0, 0, 0, 0, 0 ], [ 0, 2851, 309, 593 ]
8386 / 10000: [ 0, 1, 0, 0, 1 ], [ 0, 2851, 309, 594 ]
8387 / 10000: [ 0, 2, 0, 0, 0 ], [ 0, 2852, 309, 594 ]
8388 / 10000: [ 0, 0, 0, 0, 0 ], [ 0, 2852, 309, 594 ]
8389 / 10000: [ 0, 1, 0, 1, 0 ], [ 0, 2852, 309, 595 ]
8390 / 10000: [ 0, 0, 0, 2, 0 ], [ 0, 2852, 309, 596 ]
8391 / 10000: [ 0, 1, 0, 1, 0 ], [ 0, 2852, 309, 597 ]
8392 / 10000: [ 0, 0, 0, 0, 0 ], [ 0, 2852, 309, 597 ]
8393 / 10000: [ 0, 0, 0, 2, 0 ], [ 0, 2852, 309, 598 ]
8394 / 10000: [ 0, 0, 0, 0, 0 ], [ 0, 2852, 309, 598 ]
8395 / 10000: [ 0, 1, 0, 1, 0 ], [ 0, 2852, 309, 599 ]
8396 / 10000: [ 0, 0, 0, 0, 0 ], [ 0, 2852, 309, 599 ]
8397 / 10000: [ 0, 0, 0, 1, 0 ], [ 0, 2852, 309, 599 ]
8398 / 10000: [ 0, 1, 0, 1, 0 ], [ 0, 2852, 309, 600 ]
8399 / 10000: [ 0, 0, 0, 2, 0 ], [ 0, 2852, 309, 601 ]
8400 / 10000: [ 0, 0, 0, 2, 0 ], [ 0, 2852, 309, 602 ]
8401 / 10000: [ 0, 2, 0, 0, 0 ], [ 0, 2853, 309, 602 ]
8402 / 10000: [ 0, 2, 0, 0, 0 ], [ 0, 2854, 309, 602 ]
8403 / 10000: [ 0, 1, 0, 0, 0 ], [ 0, 2854, 309, 602 ]
8404 / 10000: [ 0, 1, 0, 0, 0 ], [ 0, 2854, 309, 602 ]
8405 / 10000: [ 0, 1, 0, 0, 0 ], [ 0, 2854, 309, 602 ]
8406 / 10000: [ 0, 2, 0, 0, 0 ], [ 0, 2855, 309, 602 ]
8407 / 10000: [ 0, 2, 0, 0, 0 ], [ 0, 2856, 309, 602 ]
8408 / 10000: [ 0, 0, 0, 0, 0 ], [ 0, 2856, 309, 602 ]
8409 / 10000: [ 0, 0, 0, 0, 0 ], [ 0, 2856, 309, 602 ]
8410 / 10000: [ 0, 0, 2, 0, 0 ], [ 0, 2856, 310, 602 ]
8411 / 10000: [ 0, 0, 0, 0, 0 ], [ 0, 2856, 310, 602 ]
8412 / 10000: [ 0, 2, 0, 0, 0 ], [ 0, 2857, 310, 602 ]
8413 / 10000: [ 0, 0, 0, 0, 0 ], [ 0, 2857, 310, 602 ]
8414 / 10000: [ 0, 0, 0, 0, 0 ], [ 0, 2857, 310, 602 ]
8415 / 10000: [ 0, 2, 0, 0, 0 ], [ 0, 2858, 310, 602 ]
8416 / 10000: [ 0, 0, 0, 0, 0 ], [ 0, 2858, 310, 602 ]
8417 / 10000: [ 0, 0, 0, 0, 0 ], [ 0, 2858, 310, 602 ]
8418 / 10000: [ 0, 1, 0, 0, 0 ], [ 0, 2858, 310, 602 ]
8419 / 10000: [ 0, 0, 0, 0, 0 ], [ 0, 2858, 310, 602 ]
8420 / 10000: [ 0, 0, 0, 0, 0 ], [ 0, 2858, 310, 602 ]
8421 / 10000: [ 0, 0, 0, 0, 0 ], [ 0, 2858, 310, 602 ]
8422 / 10000: [ 0, 0, 0, 0, 0 ], [ 0, 2858, 310, 602 ]
8423 / 10000: [ 0, 0, 0, 0, 0 ], [ 0, 2858, 310, 602 ]
8424 / 10000: [ 0, 2, 0, 0, 0 ], [ 0, 2859, 310, 602 ]
8425 / 10000: [ 0, 2, 0, 0, 0 ], [ 0, 2860, 310, 602 ]
8426 / 10000: [ 0, 1, 0, 1, 0 ], [ 0, 2860, 310, 603 ]
8427 / 10000: [ 0, 1, 0, 0, 0 ], [ 0, 2860, 310, 603 ]
8428 / 10000: [ 0, 1, 1, 0, 0 ], [ 0, 2860, 311, 603 ]
8429 / 10000: [ 0, 1, 0, 0, 0 ], [ 0, 2860, 311, 603 ]
8430 / 10000: [ 0, 2, 0, 0, 0 ], [ 0, 2861, 311, 603 ]
8431 / 10000: [ 0, 2, 0, 0, 0 ], [ 0, 2862, 311, 603 ]
8432 / 10000: [ 0, 1, 0, 0, 0 ], [ 0, 2862, 311, 603 ]
8433 / 10000: [ 0, 1, 0, 0, 0 ], [ 0, 2862, 311, 603 ]
8434 / 10000: [ 0, 1, 0, 0, 0 ], [ 0, 2862, 311, 603 ]
8435 / 10000: [ 0, 0, 0, 0, 0 ], [ 0, 2862, 311, 603 ]
8436 / 10000: [ 0, 1, 0, 0, 0 ], [ 0, 2862, 311, 603 ]
8437 / 10000: [ 0, 1, 0, 0, 0 ], [ 0, 2862, 311, 603 ]
8438 / 10000: [ 0, 0, 0, 0, 0 ], [ 0, 2862, 311, 603 ]
8439 / 10000: [ 0, 0, 0, 0, 0 ], [ 0, 2862, 311, 603 ]
8440 / 10000: [ 0, 0, 0, 0, 0 ], [ 0, 2862, 311, 603 ]
8441 / 10000: [ 0, 2, 0, 0, 0 ], [ 0, 2863, 311, 603 ]
8442 / 10000: [ 0, 1, 0, 0, 0 ], [ 0, 2863, 311, 603 ]
8443 / 10000: [ 0, 0, 0, 0, 0 ], [ 0, 2863, 311, 603 ]
8444 / 10000: [ 0, 0, 0, 0, 0 ], [ 0, 2863, 311, 603 ]
8445 / 10000: [ 0, 0, 0, 0, 0 ], [ 0, 2863, 311, 603 ]
8446 / 10000: [ 0, 0, 1, 0, 0 ], [ 0, 2863, 311, 603 ]
8447 / 10000: [ 0, 1, 0, 0, 0 ], [ 0, 2863, 311, 603 ]
8448 / 10000: [ 0, 1, 0, 0, 0 ], [ 0, 2863, 311, 603 ]
8449 / 10000: [ 0, 2, 0, 0, 0 ], [ 0, 2864, 311, 603 ]
8450 / 10000: [ 0, 0, 0, 0, 0 ], [ 0, 2864, 311, 603 ]
8451 / 10000: [ 0, 2, 0, 0, 0 ], [ 0, 2865, 311, 603 ]
8452 / 10000: [ 0, 0, 0, 0, 0 ], [ 0, 2865, 311, 603 ]
8453 / 10000: [ 0, 2, 0, 0, 0 ], [ 0, 2866, 311, 603 ]
8454 / 10000: [ 0, 2, 0, 0, 0 ], [ 0, 2867, 311, 603 ]
8455 / 10000: [ 0, 1, 0, 0, 0 ], [ 0, 2867, 311, 603 ]
8456 / 10000: [ 0, 2, 0, 0, 0 ], [ 0, 2868, 311, 603 ]
8457 / 10000: [ 0, 0, 0, 0, 0 ], [ 0, 2868, 311, 603 ]
8458 / 10000: [ 0, 1, 0, 0, 0 ], [ 0, 2868, 311, 603 ]
8459 / 10000: [ 0, 1, 0, 0, 0 ], [ 0, 2868, 311, 603 ]
8460 / 10000: [ 0, 1, 0, 0, 0 ], [ 0, 2868, 311, 603 ]
8461 / 10000: [ 0, 2, 0, 0, 0 ], [ 0, 2869, 311, 603 ]
8462 / 10000: [ 0, 2, 0, 0, 0 ], [ 0, 2870, 311, 603 ]
8463 / 10000: [ 0, 0, 0, 0, 0 ], [ 0, 2870, 311, 603 ]
8464 / 10000: [ 0, 2, 0, 0, 0 ], [ 0, 2871, 311, 603 ]
8465 / 10000: [ 0, 0, 0, 0, 0 ], [ 0, 2871, 311, 603 ]
8466 / 10000: [ 0, 1, 1, 0, 0 ], [ 0, 2871, 312, 603 ]
8467 / 10000: [ 0, 0, 0, 0, 0 ], [ 0, 2871, 312, 603 ]
8468 / 10000: [ 0, 1, 0, 0, 0 ], [ 0, 2871, 312, 603 ]
8469 / 10000: [ 0, 0, 0, 0, 0 ], [ 0, 2871, 312, 603 ]
8470 / 10000: [ 0, 1, 0, 0, 0 ], [ 0, 2871, 312, 603 ]
8471 / 10000: [ 0, 0, 0, 0, 0 ], [ 0, 2871, 312, 603 ]
8472 / 10000: [ 0, 1, 1, 0, 0 ], [ 0, 2871, 313, 603 ]
8473 / 10000: [ 0, 2, 0, 0, 0 ], [ 0, 2872, 313, 603 ]
8474 / 10000: [ 0, 0, 0, 0, 0 ], [ 0, 2872, 313, 603 ]
8475 / 10000: [ 0, 0, 0, 0, 0 ], [ 0, 2872, 313, 603 ]
8476 / 10000: [ 0, 0, 0, 0, 0 ], [ 0, 2872, 313, 603 ]
8477 / 10000: [ 0, 0, 0, 0, 0 ], [ 0, 2872, 313, 603 ]
8478 / 10000: [ 0, 1, 0, 0, 0 ], [ 0, 2872, 313, 603 ]
8479 / 10000: [ 0, 1, 0, 0, 0 ], [ 0, 2872, 313, 603 ]
8480 / 10000: [ 0, 0, 0, 0, 0 ], [ 0, 2872, 313, 603 ]
8481 / 10000: [ 0, 0, 0, 0, 0 ], [ 0, 2872, 313, 603 ]
8482 / 10000: [ 0, 0, 0, 0, 0 ], [ 0, 2872, 313, 603 ]
8483 / 10000: [ 0, 0, 0, 0, 0 ], [ 0, 2872, 313, 603 ]
8484 / 10000: [ 0, 0, 0, 0, 0 ], [ 0, 2872, 313, 603 ]
8485 / 10000: [ 0, 1, 0, 0, 0 ], [ 0, 2872, 313, 603 ]
8486 / 10000: [ 0, 1, 0, 0, 0 ], [ 0, 2872, 313, 603 ]
8487 / 10000: [ 0, 0, 0, 0, 0 ], [ 0, 2872, 313, 603 ]
8488 / 10000: [ 0, 0, 0, 0, 0 ], [ 0, 2872, 313, 603 ]
8489 / 10000: [ 0, 1, 0, 0, 0 ], [ 0, 2872, 313, 603 ]
8490 / 10000: [ 0, 1, 0, 0, 0 ], [ 0, 2872, 313, 603 ]
8491 / 10000: [ 0, 0, 0, 0, 0 ], [ 0, 2872, 313, 603 ]
8492 / 10000: [ 0, 1, 0, 0, 0 ], [ 0, 2872, 313, 603 ]
8493 / 10000: [ 0, 1, 0, 0, 0 ], [ 0, 2872, 313, 603 ]
8494 / 10000: [ 0, 2, 0, 0, 0 ], [ 0, 2873, 313, 603 ]
8495 / 10000: [ 0, 2, 0, 0, 0 ], [ 0, 2874, 313, 603 ]
8496 / 10000: [ 0, 1, 1, 0, 0 ], [ 0, 2874, 314, 603 ]
8497 / 10000: [ 0, 0, 0, 0, 0 ], [ 0, 2874, 314, 603 ]
8498 / 10000: [ 0, 1, 0, 0, 0 ], [ 0, 2874, 314, 603 ]
8499 / 10000: [ 0, 1, 0, 0, 0 ], [ 0, 2874, 314, 603 ]
8500 / 10000: [ 0, 1, 0, 0, 0 ], [ 0, 2874, 314, 603 ]
8501 / 10000: [ 0, 1, 0, 0, 0 ], [ 0, 2874, 314, 603 ]
8502 / 10000: [ 0, 0, 0, 0, 0 ], [ 0, 2874, 314, 603 ]
8503 / 10000: [ 0, 1, 0, 0, 0 ], [ 0, 2874, 314, 603 ]
8504 / 10000: [ 0, 0, 0, 0, 0 ], [ 0, 2874, 314, 603 ]
8505 / 10000: [ 0, 0, 0, 0, 0 ], [ 0, 2874, 314, 603 ]
8506 / 10000: [ 0, 0, 0, 0, 0 ], [ 0, 2874, 314, 603 ]
8507 / 10000: [ 0, 0, 0, 0, 0 ], [ 0, 2874, 314, 603 ]
8508 / 10000: [ 0, 0, 0, 0, 0 ], [ 0, 2874, 314, 603 ]
8509 / 10000: [ 0, 0, 0, 0, 0 ], [ 0, 2874, 314, 603 ]
8510 / 10000: [ 0, 0, 0, 0, 0 ], [ 0, 2874, 314, 603 ]
8511 / 10000: [ 0, 0, 0, 0, 0 ], [ 0, 2874, 314, 603 ]
8512 / 10000: [ 0, 0, 1, 0, 0 ], [ 0, 2874, 314, 603 ]
8513 / 10000: [ 0, 0, 0, 0, 0 ], [ 0, 2874, 314, 603 ]
8514 / 10000: [ 0, 0, 0, 0, 0 ], [ 0, 2874, 314, 603 ]
8515 / 10000: [ 0, 0, 0, 0, 0 ], [ 0, 2874, 314, 603 ]
8516 / 10000: [ 0, 0, 0, 0, 0 ], [ 0, 2874, 314, 603 ]
8517 / 10000: [ 0, 0, 0, 0, 0 ], [ 0, 2874, 314, 603 ]
8518 / 10000: [ 0, 0, 0, 0, 0 ], [ 0, 2874, 314, 603 ]
8519 / 10000: [ 0, 1, 0, 0, 0 ], [ 0, 2874, 314, 603 ]
8520 / 10000: [ 0, 0, 0, 0, 0 ], [ 0, 2874, 314, 603 ]
8521 / 10000: [ 0, 0, 0, 0, 0 ], [ 0, 2874, 314, 603 ]
8522 / 10000: [ 0, 0, 0, 0, 0 ], [ 0, 2874, 314, 603 ]
8523 / 10000: [ 0, 0, 0, 0, 0 ], [ 0, 2874, 314, 603 ]
8524 / 10000: [ 0, 1, 0, 0, 0 ], [ 0, 2874, 314, 603 ]
8525 / 10000: [ 0, 1, 0, 0, 1 ], [ 0, 2874, 314, 604 ]
8526 / 10000: [ 0, 0, 1, 1, 0 ], [ 0, 2874, 314, 605 ]
8527 / 10000: [ 0, 1, 0, 0, 0 ], [ 0, 2874, 314, 605 ]
8528 / 10000: [ 0, 1, 0, 0, 0 ], [ 0, 2874, 314, 605 ]
8529 / 10000: [ 0, 0, 0, 0, 0 ], [ 0, 2874, 314, 605 ]
8530 / 10000: [ 0, 0, 0, 0, 0 ], [ 0, 2874, 314, 605 ]
8531 / 10000: [ 0, 1, 0, 0, 0 ], [ 0, 2874, 314, 605 ]
8532 / 10000: [ 0, 1, 0, 0, 0 ], [ 0, 2874, 314, 605 ]
8533 / 10000: [ 0, 1, 0, 0, 0 ], [ 0, 2874, 314, 605 ]
8534 / 10000: [ 0, 0, 0, 0, 0 ], [ 0, 2874, 314, 605 ]
8535 / 10000: [ 0, 0, 0, 0, 0 ], [ 0, 2874, 314, 605 ]
8536 / 10000: [ 0, 1, 0, 0, 0 ], [ 0, 2874, 314, 605 ]
8537 / 10000: [ 0, 1, 0, 0, 0 ], [ 0, 2874, 314, 605 ]
8538 / 10000: [ 0, 0, 0, 0, 0 ], [ 0, 2874, 314, 605 ]
8539 / 10000: [ 0, 0, 0, 0, 0 ], [ 0, 2874, 314, 605 ]
8540 / 10000: [ 0, 0, 0, 0, 0 ], [ 0, 2874, 314, 605 ]
8541 / 10000: [ 0, 1, 0, 0, 0 ], [ 0, 2874, 314, 605 ]
8542 / 10000: [ 0, 1, 0, 0, 0 ], [ 0, 2874, 314, 605 ]
8543 / 10000: [ 0, 2, 0, 0, 0 ], [ 0, 2875, 314, 605 ]
8544 / 10000: [ 0, 0, 0, 0, 0 ], [ 0, 2875, 314, 605 ]
8545 / 10000: [ 0, 2, 0, 0, 0 ], [ 0, 2876, 314, 605 ]
8546 / 10000: [ 0, 1, 0, 0, 0 ], [ 0, 2876, 314, 605 ]
8547 / 10000: [ 0, 0, 0, 0, 0 ], [ 0, 2876, 314, 605 ]
8548 / 10000: [ 0, 0, 0, 0, 0 ], [ 0, 2876, 314, 605 ]
8549 / 10000: [ 0, 1, 0, 0, 0 ], [ 0, 2876, 314, 605 ]
8550 / 10000: [ 0, 1, 0, 0, 0 ], [ 0, 2876, 314, 605 ]
8551 / 10000: [ 0, 0, 0, 0, 0 ], [ 0, 2876, 314, 605 ]
8552 / 10000: [ 0, 0, 0, 0, 0 ], [ 0, 2876, 314, 605 ]
8553 / 10000: [ 0, 0, 0, 0, 0 ], [ 0, 2876, 314, 605 ]
8554 / 10000: [ 0, 0, 0, 0, 0 ], [ 0, 2876, 314, 605 ]
8555 / 10000: [ 0, 0, 0, 0, 0 ], [ 0, 2876, 314, 605 ]
8556 / 10000: [ 0, 0, 0, 0, 0 ], [ 0, 2876, 314, 605 ]
8557 / 10000: [ 0, 0, 0, 0, 0 ], [ 0, 2876, 314, 605 ]
8558 / 10000: [ 0, 1, 0, 0, 0 ], [ 0, 2876, 314, 605 ]
8559 / 10000: [ 0, 0, 0, 0, 0 ], [ 0, 2876, 314, 605 ]
8560 / 10000: [ 0, 0, 0, 1, 0 ], [ 0, 2876, 314, 605 ]
8561 / 10000: [ 0, 2, 0, 0, 0 ], [ 0, 2877, 314, 605 ]
8562 / 10000: [ 0, 0, 0, 0, 0 ], [ 0, 2877, 314, 605 ]
8563 / 10000: [ 0, 0, 0, 0, 0 ], [ 0, 2877, 314, 605 ]
8564 / 10000: [ 0, 1, 0, 0, 0 ], [ 0, 2877, 314, 605 ]
8565 / 10000: [ 0, 0, 0, 0, 0 ], [ 0, 2877, 314, 605 ]
8566 / 10000: [ 0, 0, 0, 0, 0 ], [ 0, 2877, 314, 605 ]
8567 / 10000: [ 0, 0, 0, 0, 0 ], [ 0, 2877, 314, 605 ]
8568 / 10000: [ 0, 0, 0, 0, 0 ], [ 0, 2877, 314, 605 ]
8569 / 10000: [ 0, 1, 0, 0, 0 ], [ 0, 2877, 314, 605 ]
8570 / 10000: [ 0, 0, 0, 0, 0 ], [ 0, 2877, 314, 605 ]
8571 / 10000: [ 0, 2, 0, 0, 0 ], [ 0, 2878, 314, 605 ]
8572 / 10000: [ 0, 2, 0, 0, 0 ], [ 0, 2879, 314, 605 ]
8573 / 10000: [ 0, 1, 0, 0, 0 ], [ 0, 2879, 314, 605 ]
8574 / 10000: [ 0, 1, 1, 0, 0 ], [ 0, 2879, 315, 605 ]
8575 / 10000: [ 0, 0, 0, 0, 0 ], [ 0, 2879, 315, 605 ]
8576 / 10000: [ 0, 0, 0, 0, 0 ], [ 0, 2879, 315, 605 ]
8577 / 10000: [ 0, 1, 0, 0, 0 ], [ 0, 2879, 315, 605 ]
8578 / 10000: [ 0, 0, 0, 0, 0 ], [ 0, 2879, 315, 605 ]
8579 / 10000: [ 0, 1, 0, 0, 0 ], [ 0, 2879, 315, 605 ]
8580 / 10000: [ 0, 0, 0, 0, 0 ], [ 0, 2879, 315, 605 ]
8581 / 10000: [ 0, 0, 0, 0, 0 ], [ 0, 2879, 315, 605 ]
8582 / 10000: [ 0, 0, 0, 0, 0 ], [ 0, 2879, 315, 605 ]
8583 / 10000: [ 0, 1, 0, 0, 0 ], [ 0, 2879, 315, 605 ]
8584 / 10000: [ 0, 0, 0, 0, 0 ], [ 0, 2879, 315, 605 ]
8585 / 10000: [ 0, 0, 0, 0, 0 ], [ 0, 2879, 315, 605 ]
8586 / 10000: [ 0, 0, 0, 0, 0 ], [ 0, 2879, 315, 605 ]
8587 / 10000: [ 0, 0, 0, 0, 0 ], [ 0, 2879, 315, 605 ]
8588 / 10000: [ 0, 0, 0, 0, 0 ], [ 0, 2879, 315, 605 ]
8589 / 10000: [ 0, 0, 0, 0, 0 ], [ 0, 2879, 315, 605 ]
8590 / 10000: [ 0, 0, 0, 0, 0 ], [ 0, 2879, 315, 605 ]
8591 / 10000: [ 0, 2, 0, 0, 0 ], [ 0, 2880, 315, 605 ]
8592 / 10000: [ 0, 0, 0, 0, 0 ], [ 0, 2880, 315, 605 ]
8593 / 10000: [ 0, 0, 0, 0, 0 ], [ 0, 2880, 315, 605 ]
8594 / 10000: [ 0, 0, 0, 0, 0 ], [ 0, 2880, 315, 605 ]
8595 / 10000: [ 0, 0, 0, 0, 0 ], [ 0, 2880, 315, 605 ]
8596 / 10000: [ 0, 0, 0, 0, 0 ], [ 0, 2880, 315, 605 ]
8597 / 10000: [ 0, 1, 0, 0, 0 ], [ 0, 2880, 315, 605 ]
8598 / 10000: [ 0, 0, 0, 0, 0 ], [ 0, 2880, 315, 605 ]
8599 / 10000: [ 0, 1, 0, 0, 0 ], [ 0, 2880, 315, 605 ]
8600 / 10000: [ 0, 0, 0, 0, 0 ], [ 0, 2880, 315, 605 ]
8601 / 10000: [ 0, 2, 0, 0, 0 ], [ 0, 2881, 315, 605 ]
8602 / 10000: [ 0, 1, 0, 0, 0 ], [ 0, 2881, 315, 605 ]
8603 / 10000: [ 0, 2, 0, 0, 0 ], [ 0, 2882, 315, 605 ]
8604 / 10000: [ 0, 2, 0, 0, 0 ], [ 0, 2883, 315, 605 ]
8605 / 10000: [ 0, 1, 0, 0, 0 ], [ 0, 2883, 315, 605 ]
8606 / 10000: [ 0, 2, 0, 0, 0 ], [ 0, 2884, 315, 605 ]
8607 / 10000: [ 0, 2, 0, 0, 0 ], [ 0, 2885, 315, 605 ]
8608 / 10000: [ 0, 2, 0, 0, 0 ], [ 0, 2886, 315, 605 ]
8609 / 10000: [ 0, 0, 0, 0, 0 ], [ 0, 2886, 315, 605 ]
8610 / 10000: [ 0, 2, 0, 0, 0 ], [ 0, 2887, 315, 605 ]
8611 / 10000: [ 0, 2, 0, 0, 0 ], [ 0, 2888, 315, 605 ]
8612 / 10000: [ 0, 1, 1, 0, 0 ], [ 0, 2888, 316, 605 ]
8613 / 10000: [ 0, 0, 0, 0, 0 ], [ 0, 2888, 316, 605 ]
8614 / 10000: [ 0, 0, 0, 0, 0 ], [ 0, 2888, 316, 605 ]
8615 / 10000: [ 0, 1, 0, 0, 0 ], [ 0, 2888, 316, 605 ]
8616 / 10000: [ 0, 2, 0, 0, 0 ], [ 0, 2889, 316, 605 ]
8617 / 10000: [ 0, 2, 0, 0, 0 ], [ 0, 2890, 316, 605 ]
8618 / 10000: [ 0, 1, 0, 0, 0 ], [ 0, 2890, 316, 605 ]
8619 / 10000: [ 0, 2, 0, 0, 0 ], [ 0, 2891, 316, 605 ]
8620 / 10000: [ 0, 0, 0, 0, 0 ], [ 0, 2891, 316, 605 ]
8621 / 10000: [ 0, 2, 0, 0, 0 ], [ 0, 2892, 316, 605 ]
8622 / 10000: [ 0, 2, 0, 0, 0 ], [ 0, 2893, 316, 605 ]
8623 / 10000: [ 0, 0, 0, 0, 0 ], [ 0, 2893, 316, 605 ]
8624 / 10000: [ 0, 2, 0, 0, 0 ], [ 0, 2894, 316, 605 ]
8625 / 10000: [ 0, 2, 0, 0, 0 ], [ 0, 2895, 316, 605 ]
8626 / 10000: [ 0, 1, 0, 1, 0 ], [ 0, 2895, 316, 606 ]
8627 / 10000: [ 0, 0, 0, 0, 0 ], [ 0, 2895, 316, 606 ]
8628 / 10000: [ 0, 2, 0, 0, 0 ], [ 0, 2896, 316, 606 ]
8629 / 10000: [ 0, 2, 0, 0, 0 ], [ 0, 2897, 316, 606 ]
8630 / 10000: [ 0, 1, 0, 0, 0 ], [ 0, 2897, 316, 606 ]
8631 / 10000: [ 0, 0, 0, 0, 0 ], [ 0, 2897, 316, 606 ]
8632 / 10000: [ 0, 2, 0, 0, 0 ], [ 0, 2898, 316, 606 ]
8633 / 10000: [ 0, 1, 0, 0, 0 ], [ 0, 2898, 316, 606 ]
8634 / 10000: [ 0, 1, 0, 0, 0 ], [ 0, 2898, 316, 606 ]
8635 / 10000: [ 0, 2, 0, 0, 0 ], [ 0, 2899, 316, 606 ]
8636 / 10000: [ 0, 2, 0, 0, 0 ], [ 0, 2900, 316, 606 ]
8637 / 10000: [ 0, 2, 0, 0, 0 ], [ 0, 2901, 316, 606 ]
8638 / 10000: [ 0, 0, 0, 0, 0 ], [ 0, 2901, 316, 606 ]
8639 / 10000: [ 0, 0, 0, 0, 0 ], [ 0, 2901, 316, 606 ]
8640 / 10000: [ 0, 2, 0, 0, 0 ], [ 0, 2902, 316, 606 ]
8641 / 10000: [ 0, 0, 0, 0, 0 ], [ 0, 2902, 316, 606 ]
8642 / 10000: [ 0, 1, 0, 0, 0 ], [ 0, 2902, 316, 606 ]
8643 / 10000: [ 0, 0, 0, 0, 0 ], [ 0, 2902, 316, 606 ]
8644 / 10000: [ 0, 2, 0, 0, 0 ], [ 0, 2903, 316, 606 ]
8645 / 10000: [ 0, 1, 0, 0, 0 ], [ 0, 2903, 316, 606 ]
8646 / 10000: [ 0, 2, 0, 0, 0 ], [ 0, 2904, 316, 606 ]
8647 / 10000: [ 0, 1, 0, 0, 0 ], [ 0, 2904, 316, 606 ]
8648 / 10000: [ 0, 0, 0, 0, 0 ], [ 0, 2904, 316, 606 ]
8649 / 10000: [ 0, 1, 0, 0, 0 ], [ 0, 2904, 316, 606 ]
8650 / 10000: [ 0, 1, 0, 0, 0 ], [ 0, 2904, 316, 606 ]
8651 / 10000: [ 0, 1, 0, 0, 0 ], [ 0, 2904, 316, 606 ]
8652 / 10000: [ 0, 0, 0, 0, 0 ], [ 0, 2904, 316, 606 ]
8653 / 10000: [ 0, 0, 0, 0, 0 ], [ 0, 2904, 316, 606 ]
8654 / 10000: [ 0, 2, 0, 0, 0 ], [ 0, 2905, 316, 606 ]
8655 / 10000: [ 0, 1, 0, 0, 0 ], [ 0, 2905, 316, 606 ]
8656 / 10000: [ 0, 1, 0, 0, 0 ], [ 0, 2905, 316, 606 ]
8657 / 10000: [ 0, 2, 0, 0, 0 ], [ 0, 2906, 316, 606 ]
8658 / 10000: [ 0, 1, 0, 0, 0 ], [ 0, 2906, 316, 606 ]
8659 / 10000: [ 0, 2, 0, 0, 0 ], [ 0, 2907, 316, 606 ]
8660 / 10000: [ 0, 2, 0, 0, 0 ], [ 0, 2908, 316, 606 ]
8661 / 10000: [ 0, 1, 1, 0, 0 ], [ 0, 2908, 317, 606 ]
8662 / 10000: [ 0, 1, 0, 0, 0 ], [ 0, 2908, 317, 606 ]
8663 / 10000: [ 0, 0, 0, 0, 0 ], [ 0, 2908, 317, 606 ]
8664 / 10000: [ 0, 1, 0, 0, 0 ], [ 0, 2908, 317, 606 ]
8665 / 10000: [ 0, 1, 0, 0, 0 ], [ 0, 2908, 317, 606 ]
8666 / 10000: [ 0, 2, 0, 0, 0 ], [ 0, 2909, 317, 606 ]
8667 / 10000: [ 0, 1, 0, 0, 0 ], [ 0, 2909, 317, 606 ]
8668 / 10000: [ 0, 0, 0, 0, 0 ], [ 0, 2909, 317, 606 ]
8669 / 10000: [ 0, 0, 0, 0, 0 ], [ 0, 2909, 317, 606 ]
8670 / 10000: [ 0, 0, 0, 0, 0 ], [ 0, 2909, 317, 606 ]
8671 / 10000: [ 0, 1, 0, 0, 0 ], [ 0, 2909, 317, 606 ]
8672 / 10000: [ 0, 0, 0, 0, 0 ], [ 0, 2909, 317, 606 ]
8673 / 10000: [ 0, 1, 0, 0, 0 ], [ 0, 2909, 317, 606 ]
8674 / 10000: [ 0, 0, 0, 0, 0 ], [ 0, 2909, 317, 606 ]
8675 / 10000: [ 0, 1, 0, 0, 0 ], [ 0, 2909, 317, 606 ]
8676 / 10000: [ 0, 1, 0, 0, 0 ], [ 0, 2909, 317, 606 ]
8677 / 10000: [ 0, 2, 0, 0, 0 ], [ 0, 2910, 317, 606 ]
8678 / 10000: [ 0, 1, 0, 0, 0 ], [ 0, 2910, 317, 606 ]
8679 / 10000: [ 0, 0, 0, 0, 0 ], [ 0, 2910, 317, 606 ]
8680 / 10000: [ 0, 1, 0, 0, 0 ], [ 0, 2910, 317, 606 ]
8681 / 10000: [ 0, 1, 1, 0, 0 ], [ 0, 2910, 318, 606 ]
8682 / 10000: [ 0, 2, 0, 0, 0 ], [ 0, 2911, 318, 606 ]
8683 / 10000: [ 0, 0, 1, 0, 0 ], [ 0, 2911, 318, 606 ]
8684 / 10000: [ 0, 0, 0, 0, 0 ], [ 0, 2911, 318, 606 ]
8685 / 10000: [ 0, 1, 0, 0, 0 ], [ 0, 2911, 318, 606 ]
8686 / 10000: [ 0, 1, 0, 0, 0 ], [ 0, 2911, 318, 606 ]
8687 / 10000: [ 0, 1, 0, 0, 0 ], [ 0, 2911, 318, 606 ]
8688 / 10000: [ 0, 0, 0, 0, 0 ], [ 0, 2911, 318, 606 ]
8689 / 10000: [ 0, 1, 1, 0, 0 ], [ 0, 2911, 319, 606 ]
8690 / 10000: [ 0, 2, 0, 0, 0 ], [ 0, 2912, 319, 606 ]
8691 / 10000: [ 0, 2, 0, 0, 0 ], [ 0, 2913, 319, 606 ]
8692 / 10000: [ 0, 1, 0, 0, 0 ], [ 0, 2913, 319, 606 ]
8693 / 10000: [ 0, 2, 0, 0, 0 ], [ 0, 2914, 319, 606 ]
8694 / 10000: [ 0, 1, 0, 0, 0 ], [ 0, 2914, 319, 606 ]
8695 / 10000: [ 0, 2, 0, 0, 0 ], [ 0, 2915, 319, 606 ]
8696 / 10000: [ 0, 0, 0, 0, 0 ], [ 0, 2915, 319, 606 ]
8697 / 10000: [ 0, 0, 0, 0, 0 ], [ 0, 2915, 319, 606 ]
8698 / 10000: [ 0, 2, 0, 0, 0 ], [ 0, 2916, 319, 606 ]
8699 / 10000: [ 0, 1, 0, 0, 0 ], [ 0, 2916, 319, 606 ]
8700 / 10000: [ 0, 2, 0, 0, 0 ], [ 0, 2917, 319, 606 ]
8701 / 10000: [ 0, 1, 0, 0, 0 ], [ 0, 2917, 319, 606 ]
8702 / 10000: [ 0, 0, 0, 0, 0 ], [ 0, 2917, 319, 606 ]
8703 / 10000: [ 0, 1, 0, 0, 0 ], [ 0, 2917, 319, 606 ]
8704 / 10000: [ 0, 2, 0, 0, 0 ], [ 0, 2918, 319, 606 ]
8705 / 10000: [ 0, 0, 0, 0, 0 ], [ 0, 2918, 319, 606 ]
8706 / 10000: [ 0, 0, 0, 0, 0 ], [ 0, 2918, 319, 606 ]
8707 / 10000: [ 0, 1, 0, 0, 0 ], [ 0, 2918, 319, 606 ]
8708 / 10000: [ 0, 1, 0, 0, 0 ], [ 0, 2918, 319, 606 ]
8709 / 10000: [ 0, 0, 0, 0, 0 ], [ 0, 2918, 319, 606 ]
8710 / 10000: [ 0, 0, 0, 0, 0 ], [ 0, 2918, 319, 606 ]
8711 / 10000: [ 0, 2, 0, 0, 0 ], [ 0, 2919, 319, 606 ]
8712 / 10000: [ 0, 1, 0, 0, 0 ], [ 0, 2919, 319, 606 ]
8713 / 10000: [ 0, 0, 0, 0, 0 ], [ 0, 2919, 319, 606 ]
8714 / 10000: [ 0, 0, 0, 0, 0 ], [ 0, 2919, 319, 606 ]
8715 / 10000: [ 0, 1, 0, 0, 0 ], [ 0, 2919, 319, 606 ]
8716 / 10000: [ 0, 2, 0, 0, 0 ], [ 0, 2920, 319, 606 ]
8717 / 10000: [ 0, 0, 0, 0, 0 ], [ 0, 2920, 319, 606 ]
8718 / 10000: [ 0, 1, 0, 0, 0 ], [ 0, 2920, 319, 606 ]
8719 / 10000: [ 0, 2, 0, 0, 0 ], [ 0, 2921, 319, 606 ]
8720 / 10000: [ 0, 0, 0, 0, 0 ], [ 0, 2921, 319, 606 ]
8721 / 10000: [ 0, 1, 0, 0, 0 ], [ 0, 2921, 319, 606 ]
8722 / 10000: [ 0, 2, 0, 0, 0 ], [ 0, 2922, 319, 606 ]
8723 / 10000: [ 0, 0, 0, 0, 0 ], [ 0, 2922, 319, 606 ]
8724 / 10000: [ 0, 0, 0, 0, 0 ], [ 0, 2922, 319, 606 ]
8725 / 10000: [ 0, 1, 0, 1, 0 ], [ 0, 2922, 319, 607 ]
8726 / 10000: [ 0, 1, 1, 0, 0 ], [ 0, 2922, 320, 607 ]
8727 / 10000: [ 0, 0, 0, 0, 0 ], [ 0, 2922, 320, 607 ]
8728 / 10000: [ 0, 1, 0, 0, 0 ], [ 0, 2922, 320, 607 ]
8729 / 10000: [ 0, 1, 0, 0, 0 ], [ 0, 2922, 320, 607 ]
8730 / 10000: [ 0, 1, 0, 0, 0 ], [ 0, 2922, 320, 607 ]
8731 / 10000: [ 0, 0, 0, 0, 0 ], [ 0, 2922, 320, 607 ]
8732 / 10000: [ 0, 2, 0, 0, 0 ], [ 0, 2923, 320, 607 ]
8733 / 10000: [ 0, 1, 0, 0, 0 ], [ 0, 2923, 320, 607 ]
8734 / 10000: [ 0, 0, 0, 0, 0 ], [ 0, 2923, 320, 607 ]
8735 / 10000: [ 0, 0, 0, 0, 0 ], [ 0, 2923, 320, 607 ]
8736 / 10000: [ 0, 0, 0, 0, 0 ], [ 0, 2923, 320, 607 ]
8737 / 10000: [ 0, 0, 0, 0, 0 ], [ 0, 2923, 320, 607 ]
8738 / 10000: [ 0, 0, 0, 0, 0 ], [ 0, 2923, 320, 607 ]
8739 / 10000: [ 0, 0, 0, 0, 0 ], [ 0, 2923, 320, 607 ]
8740 / 10000: [ 0, 1, 0, 0, 0 ], [ 0, 2923, 320, 607 ]
8741 / 10000: [ 0, 0, 0, 0, 0 ], [ 0, 2923, 320, 607 ]
8742 / 10000: [ 0, 2, 0, 0, 0 ], [ 0, 2924, 320, 607 ]
8743 / 10000: [ 0, 0, 0, 0, 0 ], [ 0, 2924, 320, 607 ]
8744 / 10000: [ 0, 0, 0, 0, 0 ], [ 0, 2924, 320, 607 ]
8745 / 10000: [ 0, 1, 0, 0, 0 ], [ 0, 2924, 320, 607 ]
8746 / 10000: [ 0, 1, 0, 0, 0 ], [ 0, 2924, 320, 607 ]
8747 / 10000: [ 0, 0, 0, 0, 0 ], [ 0, 2924, 320, 607 ]
8748 / 10000: [ 0, 0, 0, 0, 0 ], [ 0, 2924, 320, 607 ]
8749 / 10000: [ 0, 0, 0, 0, 0 ], [ 0, 2924, 320, 607 ]
8750 / 10000: [ 0, 1, 0, 0, 0 ], [ 0, 2924, 320, 607 ]
8751 / 10000: [ 0, 1, 0, 0, 0 ], [ 0, 2924, 320, 607 ]
8752 / 10000: [ 0, 1, 0, 0, 0 ], [ 0, 2924, 320, 607 ]
8753 / 10000: [ 0, 0, 0, 0, 0 ], [ 0, 2924, 320, 607 ]
8754 / 10000: [ 0, 0, 0, 0, 0 ], [ 0, 2924, 320, 607 ]
8755 / 10000: [ 0, 0, 0, 0, 0 ], [ 0, 2924, 320, 607 ]
8756 / 10000: [ 0, 0, 0, 0, 0 ], [ 0, 2924, 320, 607 ]
8757 / 10000: [ 0, 2, 0, 0, 0 ], [ 0, 2925, 320, 607 ]
8758 / 10000: [ 0, 0, 0, 0, 0 ], [ 0, 2925, 320, 607 ]
8759 / 10000: [ 0, 1, 0, 0, 0 ], [ 0, 2925, 320, 607 ]
8760 / 10000: [ 0, 1, 0, 1, 0 ], [ 0, 2925, 320, 608 ]
8761 / 10000: [ 0, 1, 0, 0, 0 ], [ 0, 2925, 320, 608 ]
8762 / 10000: [ 0, 0, 0, 0, 0 ], [ 0, 2925, 320, 608 ]
8763 / 10000: [ 0, 0, 0, 0, 0 ], [ 0, 2925, 320, 608 ]
8764 / 10000: [ 0, 0, 0, 0, 0 ], [ 0, 2925, 320, 608 ]
8765 / 10000: [ 0, 0, 0, 0, 0 ], [ 0, 2925, 320, 608 ]
8766 / 10000: [ 0, 1, 0, 0, 0 ], [ 0, 2925, 320, 608 ]
8767 / 10000: [ 0, 1, 0, 0, 0 ], [ 0, 2925, 320, 608 ]
8768 / 10000: [ 0, 0, 0, 0, 0 ], [ 0, 2925, 320, 608 ]
8769 / 10000: [ 0, 0, 0, 0, 0 ], [ 0, 2925, 320, 608 ]
8770 / 10000: [ 0, 0, 0, 0, 0 ], [ 0, 2925, 320, 608 ]
8771 / 10000: [ 0, 0, 0, 0, 0 ], [ 0, 2925, 320, 608 ]
8772 / 10000: [ 0, 1, 0, 0, 0 ], [ 0, 2925, 320, 608 ]
8773 / 10000: [ 0, 2, 0, 0, 0 ], [ 0, 2926, 320, 608 ]
8774 / 10000: [ 0, 0, 0, 0, 0 ], [ 0, 2926, 320, 608 ]
8775 / 10000: [ 0, 1, 0, 0, 0 ], [ 0, 2926, 320, 608 ]
8776 / 10000: [ 0, 1, 0, 0, 0 ], [ 0, 2926, 320, 608 ]
8777 / 10000: [ 0, 2, 0, 0, 0 ], [ 0, 2927, 320, 608 ]
8778 / 10000: [ 0, 0, 0, 0, 0 ], [ 0, 2927, 320, 608 ]
8779 / 10000: [ 0, 0, 0, 0, 0 ], [ 0, 2927, 320, 608 ]
8780 / 10000: [ 0, 2, 0, 0, 0 ], [ 0, 2928, 320, 608 ]
8781 / 10000: [ 0, 0, 0, 0, 0 ], [ 0, 2928, 320, 608 ]
8782 / 10000: [ 0, 0, 0, 0, 0 ], [ 0, 2928, 320, 608 ]
8783 / 10000: [ 0, 0, 0, 0, 0 ], [ 0, 2928, 320, 608 ]
8784 / 10000: [ 0, 1, 0, 0, 0 ], [ 0, 2928, 320, 608 ]
8785 / 10000: [ 0, 0, 0, 0, 0 ], [ 0, 2928, 320, 608 ]
8786 / 10000: [ 0, 0, 0, 0, 0 ], [ 0, 2928, 320, 608 ]
8787 / 10000: [ 0, 2, 0, 0, 0 ], [ 0, 2929, 320, 608 ]
8788 / 10000: [ 0, 1, 0, 0, 0 ], [ 0, 2929, 320, 608 ]
8789 / 10000: [ 0, 0, 0, 0, 0 ], [ 0, 2929, 320, 608 ]
8790 / 10000: [ 0, 0, 0, 0, 0 ], [ 0, 2929, 320, 608 ]
8791 / 10000: [ 0, 1, 0, 0, 0 ], [ 0, 2929, 320, 608 ]
8792 / 10000: [ 0, 0, 0, 0, 0 ], [ 0, 2929, 320, 608 ]
8793 / 10000: [ 0, 2, 0, 0, 0 ], [ 0, 2930, 320, 608 ]
8794 / 10000: [ 0, 0, 0, 0, 0 ], [ 0, 2930, 320, 608 ]
8795 / 10000: [ 0, 0, 0, 0, 0 ], [ 0, 2930, 320, 608 ]
8796 / 10000: [ 0, 1, 0, 0, 0 ], [ 0, 2930, 320, 608 ]
8797 / 10000: [ 0, 1, 0, 0, 0 ], [ 0, 2930, 320, 608 ]
8798 / 10000: [ 0, 1, 0, 0, 0 ], [ 0, 2930, 320, 608 ]
8799 / 10000: [ 0, 1, 0, 0, 0 ], [ 0, 2930, 320, 608 ]
8800 / 10000: [ 0, 1, 0, 0, 0 ], [ 0, 2930, 320, 608 ]
8801 / 10000: [ 0, 2, 0, 0, 0 ], [ 0, 2931, 320, 608 ]
8802 / 10000: [ 0, 1, 0, 0, 0 ], [ 0, 2931, 320, 608 ]
8803 / 10000: [ 0, 0, 0, 0, 0 ], [ 0, 2931, 320, 608 ]
8804 / 10000: [ 0, 1, 0, 0, 0 ], [ 0, 2931, 320, 608 ]
8805 / 10000: [ 0, 1, 0, 0, 0 ], [ 0, 2931, 320, 608 ]
8806 / 10000: [ 0, 2, 0, 0, 0 ], [ 0, 2932, 320, 608 ]
8807 / 10000: [ 0, 2, 0, 0, 0 ], [ 0, 2933, 320, 608 ]
8808 / 10000: [ 0, 0, 0, 0, 0 ], [ 0, 2933, 320, 608 ]
8809 / 10000: [ 0, 0, 0, 0, 0 ], [ 0, 2933, 320, 608 ]
8810 / 10000: [ 0, 0, 0, 0, 0 ], [ 0, 2933, 320, 608 ]
8811 / 10000: [ 0, 0, 0, 0, 0 ], [ 0, 2933, 320, 608 ]
8812 / 10000: [ 0, 0, 0, 0, 0 ], [ 0, 2933, 320, 608 ]
8813 / 10000: [ 0, 0, 0, 0, 0 ], [ 0, 2933, 320, 608 ]
8814 / 10000: [ 0, 0, 0, 0, 0 ], [ 0, 2933, 320, 608 ]
8815 / 10000: [ 0, 0, 0, 0, 0 ], [ 0, 2933, 320, 608 ]
8816 / 10000: [ 0, 0, 0, 0, 0 ], [ 0, 2933, 320, 608 ]
8817 / 10000: [ 0, 0, 0, 0, 0 ], [ 0, 2933, 320, 608 ]
8818 / 10000: [ 0, 1, 0, 0, 0 ], [ 0, 2933, 320, 608 ]
8819 / 10000: [ 0, 0, 0, 0, 0 ], [ 0, 2933, 320, 608 ]
8820 / 10000: [ 0, 0, 0, 0, 0 ], [ 0, 2933, 320, 608 ]
8821 / 10000: [ 0, 0, 0, 0, 0 ], [ 0, 2933, 320, 608 ]
8822 / 10000: [ 0, 0, 0, 0, 0 ], [ 0, 2933, 320, 608 ]
8823 / 10000: [ 0, 0, 0, 0, 0 ], [ 0, 2933, 320, 608 ]
8824 / 10000: [ 0, 2, 0, 0, 0 ], [ 0, 2934, 320, 608 ]
8825 / 10000: [ 0, 1, 0, 0, 0 ], [ 0, 2934, 320, 608 ]
8826 / 10000: [ 0, 0, 0, 1, 0 ], [ 0, 2934, 320, 608 ]
8827 / 10000: [ 0, 0, 0, 0, 0 ], [ 0, 2934, 320, 608 ]
8828 / 10000: [ 0, 1, 0, 0, 0 ], [ 0, 2934, 320, 608 ]
8829 / 10000: [ 0, 0, 0, 0, 0 ], [ 0, 2934, 320, 608 ]
8830 / 10000: [ 0, 1, 0, 0, 0 ], [ 0, 2934, 320, 608 ]
8831 / 10000: [ 0, 0, 0, 0, 0 ], [ 0, 2934, 320, 608 ]
8832 / 10000: [ 0, 1, 0, 0, 0 ], [ 0, 2934, 320, 608 ]
8833 / 10000: [ 0, 0, 0, 0, 0 ], [ 0, 2934, 320, 608 ]
8834 / 10000: [ 0, 1, 0, 0, 0 ], [ 0, 2934, 320, 608 ]
8835 / 10000: [ 0, 0, 0, 0, 0 ], [ 0, 2934, 320, 608 ]
8836 / 10000: [ 0, 1, 0, 0, 0 ], [ 0, 2934, 320, 608 ]
8837 / 10000: [ 0, 1, 0, 0, 0 ], [ 0, 2934, 320, 608 ]
8838 / 10000: [ 0, 0, 0, 0, 0 ], [ 0, 2934, 320, 608 ]
8839 / 10000: [ 0, 0, 0, 0, 0 ], [ 0, 2934, 320, 608 ]
8840 / 10000: [ 0, 0, 0, 0, 0 ], [ 0, 2934, 320, 608 ]
8841 / 10000: [ 0, 0, 0, 0, 0 ], [ 0, 2934, 320, 608 ]
8842 / 10000: [ 0, 0, 0, 0, 0 ], [ 0, 2934, 320, 608 ]
8843 / 10000: [ 0, 0, 0, 0, 0 ], [ 0, 2934, 320, 608 ]
8844 / 10000: [ 0, 0, 0, 0, 0 ], [ 0, 2934, 320, 608 ]
8845 / 10000: [ 0, 0, 0, 0, 0 ], [ 0, 2934, 320, 608 ]
8846 / 10000: [ 0, 0, 0, 0, 0 ], [ 0, 2934, 320, 608 ]
8847 / 10000: [ 0, 1, 0, 0, 0 ], [ 0, 2934, 320, 608 ]
8848 / 10000: [ 0, 0, 0, 0, 0 ], [ 0, 2934, 320, 608 ]
8849 / 10000: [ 0, 1, 0, 0, 0 ], [ 0, 2934, 320, 608 ]
8850 / 10000: [ 0, 0, 0, 0, 0 ], [ 0, 2934, 320, 608 ]
8851 / 10000: [ 0, 0, 0, 0, 0 ], [ 0, 2934, 320, 608 ]
8852 / 10000: [ 0, 0, 0, 0, 0 ], [ 0, 2934, 320, 608 ]
8853 / 10000: [ 0, 0, 0, 0, 0 ], [ 0, 2934, 320, 608 ]
8854 / 10000: [ 0, 2, 0, 0, 0 ], [ 0, 2935, 320, 608 ]
8855 / 10000: [ 0, 0, 0, 0, 0 ], [ 0, 2935, 320, 608 ]
8856 / 10000: [ 0, 1, 0, 0, 0 ], [ 0, 2935, 320, 608 ]
8857 / 10000: [ 0, 0, 0, 0, 0 ], [ 0, 2935, 320, 608 ]
8858 / 10000: [ 0, 1, 0, 0, 0 ], [ 0, 2935, 320, 608 ]
8859 / 10000: [ 0, 1, 0, 0, 0 ], [ 0, 2935, 320, 608 ]
8860 / 10000: [ 0, 1, 0, 0, 0 ], [ 0, 2935, 320, 608 ]
8861 / 10000: [ 0, 0, 0, 0, 0 ], [ 0, 2935, 320, 608 ]
8862 / 10000: [ 0, 0, 0, 0, 0 ], [ 0, 2935, 320, 608 ]
8863 / 10000: [ 0, 0, 0, 0, 0 ], [ 0, 2935, 320, 608 ]
8864 / 10000: [ 0, 1, 0, 0, 0 ], [ 0, 2935, 320, 608 ]
8865 / 10000: [ 0, 0, 0, 0, 0 ], [ 0, 2935, 320, 608 ]
8866 / 10000: [ 0, 1, 0, 0, 0 ], [ 0, 2935, 320, 608 ]
8867 / 10000: [ 0, 0, 0, 0, 0 ], [ 0, 2935, 320, 608 ]
8868 / 10000: [ 0, 0, 0, 0, 0 ], [ 0, 2935, 320, 608 ]
8869 / 10000: [ 0, 0, 0, 0, 0 ], [ 0, 2935, 320, 608 ]
8870 / 10000: [ 0, 0, 0, 0, 0 ], [ 0, 2935, 320, 608 ]
8871 / 10000: [ 0, 0, 0, 0, 0 ], [ 0, 2935, 320, 608 ]
8872 / 10000: [ 0, 0, 0, 0, 0 ], [ 0, 2935, 320, 608 ]
8873 / 10000: [ 0, 1, 0, 0, 0 ], [ 0, 2935, 320, 608 ]
8874 / 10000: [ 0, 0, 0, 0, 0 ], [ 0, 2935, 320, 608 ]
8875 / 10000: [ 0, 0, 0, 0, 0 ], [ 0, 2935, 320, 608 ]
8876 / 10000: [ 0, 0, 0, 0, 0 ], [ 0, 2935, 320, 608 ]
8877 / 10000: [ 0, 0, 0, 0, 0 ], [ 0, 2935, 320, 608 ]
8878 / 10000: [ 0, 0, 0, 0, 0 ], [ 0, 2935, 320, 608 ]
8879 / 10000: [ 0, 0, 0, 0, 0 ], [ 0, 2935, 320, 608 ]
8880 / 10000: [ 0, 0, 0, 0, 0 ], [ 0, 2935, 320, 608 ]
8881 / 10000: [ 0, 0, 0, 0, 0 ], [ 0, 2935, 320, 608 ]
8882 / 10000: [ 0, 0, 0, 0, 0 ], [ 0, 2935, 320, 608 ]
8883 / 10000: [ 0, 0, 0, 0, 0 ], [ 0, 2935, 320, 608 ]
8884 / 10000: [ 0, 1, 0, 0, 0 ], [ 0, 2935, 320, 608 ]
8885 / 10000: [ 0, 1, 0, 0, 0 ], [ 0, 2935, 320, 608 ]
8886 / 10000: [ 0, 1, 0, 0, 0 ], [ 0, 2935, 320, 608 ]
8887 / 10000: [ 0, 0, 0, 0, 0 ], [ 0, 2935, 320, 608 ]
8888 / 10000: [ 0, 0, 0, 0, 0 ], [ 0, 2935, 320, 608 ]
8889 / 10000: [ 0, 0, 0, 0, 0 ], [ 0, 2935, 320, 608 ]
8890 / 10000: [ 0, 1, 0, 0, 0 ], [ 0, 2935, 320, 608 ]
8891 / 10000: [ 0, 0, 0, 0, 0 ], [ 0, 2935, 320, 608 ]
8892 / 10000: [ 0, 1, 0, 0, 0 ], [ 0, 2935, 320, 608 ]
8893 / 10000: [ 0, 1, 0, 0, 0 ], [ 0, 2935, 320, 608 ]
8894 / 10000: [ 0, 1, 0, 0, 0 ], [ 0, 2935, 320, 608 ]
8895 / 10000: [ 0, 2, 0, 0, 0 ], [ 0, 2936, 320, 608 ]
8896 / 10000: [ 0, 0, 0, 0, 0 ], [ 0, 2936, 320, 608 ]
8897 / 10000: [ 0, 0, 0, 0, 0 ], [ 0, 2936, 320, 608 ]
8898 / 10000: [ 0, 0, 0, 0, 0 ], [ 0, 2936, 320, 608 ]
8899 / 10000: [ 0, 0, 0, 0, 0 ], [ 0, 2936, 320, 608 ]
8900 / 10000: [ 0, 1, 0, 0, 0 ], [ 0, 2936, 320, 608 ]
8901 / 10000: [ 0, 0, 0, 0, 0 ], [ 0, 2936, 320, 608 ]
8902 / 10000: [ 0, 2, 0, 0, 0 ], [ 0, 2937, 320, 608 ]
8903 / 10000: [ 0, 2, 0, 0, 0 ], [ 0, 2938, 320, 608 ]
8904 / 10000: [ 0, 2, 0, 0, 0 ], [ 0, 2939, 320, 608 ]
8905 / 10000: [ 0, 0, 0, 0, 0 ], [ 0, 2939, 320, 608 ]
8906 / 10000: [ 0, 2, 0, 0, 0 ], [ 0, 2940, 320, 608 ]
8907 / 10000: [ 0, 1, 0, 0, 0 ], [ 0, 2940, 320, 608 ]
8908 / 10000: [ 0, 2, 0, 0, 0 ], [ 0, 2941, 320, 608 ]
8909 / 10000: [ 0, 2, 0, 0, 0 ], [ 0, 2942, 320, 608 ]
8910 / 10000: [ 0, 2, 0, 0, 0 ], [ 0, 2943, 320, 608 ]
8911 / 10000: [ 0, 1, 0, 0, 0 ], [ 0, 2943, 320, 608 ]
8912 / 10000: [ 0, 1, 1, 0, 0 ], [ 0, 2943, 321, 608 ]
8913 / 10000: [ 0, 2, 0, 0, 0 ], [ 0, 2944, 321, 608 ]
8914 / 10000: [ 0, 0, 0, 0, 0 ], [ 0, 2944, 321, 608 ]
8915 / 10000: [ 0, 1, 0, 0, 0 ], [ 0, 2944, 321, 608 ]
8916 / 10000: [ 0, 2, 0, 0, 0 ], [ 0, 2945, 321, 608 ]
8917 / 10000: [ 0, 2, 0, 0, 0 ], [ 0, 2946, 321, 608 ]
8918 / 10000: [ 0, 1, 0, 0, 0 ], [ 0, 2946, 321, 608 ]
8919 / 10000: [ 0, 2, 0, 0, 0 ], [ 0, 2947, 321, 608 ]
8920 / 10000: [ 0, 2, 0, 0, 0 ], [ 0, 2948, 321, 608 ]
8921 / 10000: [ 0, 2, 0, 0, 0 ], [ 0, 2949, 321, 608 ]
8922 / 10000: [ 0, 2, 0, 0, 0 ], [ 0, 2950, 321, 608 ]
8923 / 10000: [ 0, 1, 0, 0, 0 ], [ 0, 2950, 321, 608 ]
8924 / 10000: [ 0, 1, 0, 0, 0 ], [ 0, 2950, 321, 608 ]
8925 / 10000: [ 0, 1, 0, 1, 0 ], [ 0, 2950, 321, 609 ]
8926 / 10000: [ 0, 1, 0, 1, 0 ], [ 0, 2950, 321, 610 ]
8927 / 10000: [ 0, 0, 0, 0, 0 ], [ 0, 2950, 321, 610 ]
8928 / 10000: [ 0, 1, 1, 0, 0 ], [ 0, 2950, 322, 610 ]
8929 / 10000: [ 0, 2, 0, 0, 0 ], [ 0, 2951, 322, 610 ]
8930 / 10000: [ 0, 1, 0, 0, 0 ], [ 0, 2951, 322, 610 ]
8931 / 10000: [ 0, 1, 1, 0, 0 ], [ 0, 2951, 323, 610 ]
8932 / 10000: [ 0, 1, 0, 0, 0 ], [ 0, 2951, 323, 610 ]
8933 / 10000: [ 0, 0, 0, 0, 0 ], [ 0, 2951, 323, 610 ]
8934 / 10000: [ 0, 0, 0, 0, 0 ], [ 0, 2951, 323, 610 ]
8935 / 10000: [ 0, 2, 0, 0, 0 ], [ 0, 2952, 323, 610 ]
8936 / 10000: [ 0, 2, 0, 0, 0 ], [ 0, 2953, 323, 610 ]
8937 / 10000: [ 0, 1, 0, 0, 0 ], [ 0, 2953, 323, 610 ]
8938 / 10000: [ 0, 1, 0, 0, 0 ], [ 0, 2953, 323, 610 ]
8939 / 10000: [ 0, 0, 1, 0, 0 ], [ 0, 2953, 323, 610 ]
8940 / 10000: [ 0, 2, 0, 0, 0 ], [ 0, 2954, 323, 610 ]
8941 / 10000: [ 0, 1, 0, 0, 0 ], [ 0, 2954, 323, 610 ]
8942 / 10000: [ 0, 0, 0, 0, 0 ], [ 0, 2954, 323, 610 ]
8943 / 10000: [ 0, 2, 0, 0, 0 ], [ 0, 2955, 323, 610 ]
8944 / 10000: [ 0, 2, 0, 0, 0 ], [ 0, 2956, 323, 610 ]
8945 / 10000: [ 0, 0, 0, 0, 0 ], [ 0, 2956, 323, 610 ]
8946 / 10000: [ 0, 1, 0, 0, 0 ], [ 0, 2956, 323, 610 ]
8947 / 10000: [ 0, 1, 0, 0, 0 ], [ 0, 2956, 323, 610 ]
8948 / 10000: [ 0, 1, 0, 0, 0 ], [ 0, 2956, 323, 610 ]
8949 / 10000: [ 0, 0, 0, 0, 0 ], [ 0, 2956, 323, 610 ]
8950 / 10000: [ 0, 1, 0, 0, 0 ], [ 0, 2956, 323, 610 ]
8951 / 10000: [ 0, 1, 0, 0, 0 ], [ 0, 2956, 323, 610 ]
8952 / 10000: [ 0, 1, 0, 0, 0 ], [ 0, 2956, 323, 610 ]
8953 / 10000: [ 0, 2, 0, 0, 0 ], [ 0, 2957, 323, 610 ]
8954 / 10000: [ 0, 2, 0, 0, 0 ], [ 0, 2958, 323, 610 ]
8955 / 10000: [ 0, 2, 0, 0, 0 ], [ 0, 2959, 323, 610 ]
8956 / 10000: [ 0, 0, 0, 0, 0 ], [ 0, 2959, 323, 610 ]
8957 / 10000: [ 0, 2, 0, 0, 0 ], [ 0, 2960, 323, 610 ]
8958 / 10000: [ 0, 0, 0, 0, 0 ], [ 0, 2960, 323, 610 ]
8959 / 10000: [ 0, 2, 0, 0, 0 ], [ 0, 2961, 323, 610 ]
8960 / 10000: [ 0, 1, 0, 1, 0 ], [ 0, 2961, 323, 611 ]
8961 / 10000: [ 0, 1, 1, 0, 0 ], [ 0, 2961, 324, 611 ]
8962 / 10000: [ 0, 1, 0, 0, 0 ], [ 0, 2961, 324, 611 ]
8963 / 10000: [ 0, 0, 0, 0, 0 ], [ 0, 2961, 324, 611 ]
8964 / 10000: [ 0, 0, 0, 0, 0 ], [ 0, 2961, 324, 611 ]
8965 / 10000: [ 0, 2, 0, 0, 0 ], [ 0, 2962, 324, 611 ]
8966 / 10000: [ 0, 1, 0, 0, 0 ], [ 0, 2962, 324, 611 ]
8967 / 10000: [ 0, 0, 0, 0, 0 ], [ 0, 2962, 324, 611 ]
8968 / 10000: [ 0, 1, 0, 0, 0 ], [ 0, 2962, 324, 611 ]
8969 / 10000: [ 0, 0, 0, 0, 0 ], [ 0, 2962, 324, 611 ]
8970 / 10000: [ 0, 0, 0, 0, 0 ], [ 0, 2962, 324, 611 ]
8971 / 10000: [ 0, 0, 0, 0, 0 ], [ 0, 2962, 324, 611 ]
8972 / 10000: [ 0, 0, 0, 0, 0 ], [ 0, 2962, 324, 611 ]
8973 / 10000: [ 0, 0, 0, 0, 0 ], [ 0, 2962, 324, 611 ]
8974 / 10000: [ 0, 0, 0, 0, 0 ], [ 0, 2962, 324, 611 ]
8975 / 10000: [ 0, 1, 0, 0, 0 ], [ 0, 2962, 324, 611 ]
8976 / 10000: [ 0, 0, 0, 0, 0 ], [ 0, 2962, 324, 611 ]
8977 / 10000: [ 0, 0, 0, 0, 0 ], [ 0, 2962, 324, 611 ]
8978 / 10000: [ 0, 1, 0, 0, 0 ], [ 0, 2962, 324, 611 ]
8979 / 10000: [ 0, 0, 0, 0, 0 ], [ 0, 2962, 324, 611 ]
8980 / 10000: [ 0, 1, 0, 0, 0 ], [ 0, 2962, 324, 611 ]
8981 / 10000: [ 0, 1, 0, 0, 0 ], [ 0, 2962, 324, 611 ]
8982 / 10000: [ 0, 2, 0, 0, 0 ], [ 0, 2963, 324, 611 ]
8983 / 10000: [ 0, 1, 0, 0, 0 ], [ 0, 2963, 324, 611 ]
8984 / 10000: [ 0, 1, 0, 0, 0 ], [ 0, 2963, 324, 611 ]
8985 / 10000: [ 0, 0, 0, 1, 0 ], [ 0, 2963, 324, 611 ]
8986 / 10000: [ 0, 1, 0, 0, 0 ], [ 0, 2963, 324, 611 ]
8987 / 10000: [ 0, 2, 0, 0, 0 ], [ 0, 2964, 324, 611 ]
8988 / 10000: [ 0, 0, 0, 0, 0 ], [ 0, 2964, 324, 611 ]
8989 / 10000: [ 0, 2, 0, 0, 0 ], [ 0, 2965, 324, 611 ]
8990 / 10000: [ 0, 2, 0, 0, 0 ], [ 0, 2966, 324, 611 ]
8991 / 10000: [ 0, 2, 0, 0, 0 ], [ 0, 2967, 324, 611 ]
8992 / 10000: [ 0, 1, 0, 0, 0 ], [ 0, 2967, 324, 611 ]
8993 / 10000: [ 0, 2, 0, 0, 0 ], [ 0, 2968, 324, 611 ]
8994 / 10000: [ 0, 0, 0, 0, 0 ], [ 0, 2968, 324, 611 ]
8995 / 10000: [ 0, 1, 0, 0, 0 ], [ 0, 2968, 324, 611 ]
8996 / 10000: [ 0, 0, 0, 0, 0 ], [ 0, 2968, 324, 611 ]
8997 / 10000: [ 0, 0, 0, 0, 0 ], [ 0, 2968, 324, 611 ]
8998 / 10000: [ 0, 2, 0, 0, 0 ], [ 0, 2969, 324, 611 ]
8999 / 10000: [ 0, 1, 0, 0, 0 ], [ 0, 2969, 324, 611 ]
9000 / 10000: [ 0, 2, 0, 0, 0 ], [ 0, 2970, 324, 611 ]
9001 / 10000: [ 0, 2, 0, 0, 0 ], [ 0, 2971, 324, 611 ]
9002 / 10000: [ 0, 0, 0, 0, 0 ], [ 0, 2971, 324, 611 ]
9003 / 10000: [ 0, 2, 0, 0, 0 ], [ 0, 2972, 324, 611 ]
9004 / 10000: [ 0, 1, 0, 0, 0 ], [ 0, 2972, 324, 611 ]
9005 / 10000: [ 0, 1, 0, 0, 0 ], [ 0, 2972, 324, 611 ]
9006 / 10000: [ 0, 1, 0, 0, 0 ], [ 0, 2972, 324, 611 ]
9007 / 10000: [ 0, 1, 0, 0, 0 ], [ 0, 2972, 324, 611 ]
9008 / 10000: [ 0, 1, 0, 0, 0 ], [ 0, 2972, 324, 611 ]
9009 / 10000: [ 0, 2, 0, 0, 0 ], [ 0, 2973, 324, 611 ]
9010 / 10000: [ 0, 0, 0, 0, 0 ], [ 0, 2973, 324, 611 ]
9011 / 10000: [ 0, 2, 0, 0, 0 ], [ 0, 2974, 324, 611 ]
9012 / 10000: [ 0, 2, 0, 0, 0 ], [ 0, 2975, 324, 611 ]
9013 / 10000: [ 0, 2, 0, 0, 0 ], [ 0, 2976, 324, 611 ]
9014 / 10000: [ 0, 2, 0, 0, 0 ], [ 0, 2977, 324, 611 ]
9015 / 10000: [ 0, 1, 1, 0, 0 ], [ 0, 2977, 325, 611 ]
9016 / 10000: [ 0, 1, 0, 0, 0 ], [ 0, 2977, 325, 611 ]
9017 / 10000: [ 0, 0, 0, 0, 0 ], [ 0, 2977, 325, 611 ]
9018 / 10000: [ 0, 0, 0, 0, 0 ], [ 0, 2977, 325, 611 ]
9019 / 10000: [ 0, 0, 0, 0, 0 ], [ 0, 2977, 325, 611 ]
9020 / 10000: [ 0, 0, 0, 0, 0 ], [ 0, 2977, 325, 611 ]
9021 / 10000: [ 0, 0, 0, 0, 0 ], [ 0, 2977, 325, 611 ]
9022 / 10000: [ 0, 0, 0, 0, 0 ], [ 0, 2977, 325, 611 ]
9023 / 10000: [ 0, 2, 0, 0, 0 ], [ 0, 2978, 325, 611 ]
9024 / 10000: [ 0, 0, 0, 0, 0 ], [ 0, 2978, 325, 611 ]
9025 / 10000: [ 0, 0, 2, 0, 0 ], [ 0, 2978, 326, 611 ]
9026 / 10000: [ 0, 0, 1, 0, 1 ], [ 0, 2978, 326, 612 ]
9027 / 10000: [ 0, 1, 0, 0, 0 ], [ 0, 2978, 326, 612 ]
9028 / 10000: [ 0, 1, 0, 0, 0 ], [ 0, 2978, 326, 612 ]
9029 / 10000: [ 0, 1, 0, 0, 0 ], [ 0, 2978, 326, 612 ]
9030 / 10000: [ 0, 0, 0, 0, 0 ], [ 0, 2978, 326, 612 ]
9031 / 10000: [ 0, 0, 0, 0, 0 ], [ 0, 2978, 326, 612 ]
9032 / 10000: [ 0, 0, 0, 0, 0 ], [ 0, 2978, 326, 612 ]
9033 / 10000: [ 0, 2, 0, 0, 0 ], [ 0, 2979, 326, 612 ]
9034 / 10000: [ 0, 2, 0, 0, 0 ], [ 0, 2980, 326, 612 ]
9035 / 10000: [ 0, 0, 0, 0, 0 ], [ 0, 2980, 326, 612 ]
9036 / 10000: [ 0, 0, 0, 0, 0 ], [ 0, 2980, 326, 612 ]
9037 / 10000: [ 0, 1, 0, 0, 0 ], [ 0, 2980, 326, 612 ]
9038 / 10000: [ 0, 0, 0, 0, 0 ], [ 0, 2980, 326, 612 ]
9039 / 10000: [ 0, 0, 0, 0, 0 ], [ 0, 2980, 326, 612 ]
9040 / 10000: [ 0, 0, 0, 0, 0 ], [ 0, 2980, 326, 612 ]
9041 / 10000: [ 0, 1, 0, 0, 0 ], [ 0, 2980, 326, 612 ]
9042 / 10000: [ 0, 0, 0, 0, 0 ], [ 0, 2980, 326, 612 ]
9043 / 10000: [ 0, 0, 0, 0, 0 ], [ 0, 2980, 326, 612 ]
9044 / 10000: [ 0, 0, 0, 0, 0 ], [ 0, 2980, 326, 612 ]
9045 / 10000: [ 0, 0, 0, 0, 0 ], [ 0, 2980, 326, 612 ]
9046 / 10000: [ 0, 0, 0, 0, 0 ], [ 0, 2980, 326, 612 ]
9047 / 10000: [ 0, 0, 0, 0, 0 ], [ 0, 2980, 326, 612 ]
9048 / 10000: [ 0, 0, 0, 0, 0 ], [ 0, 2980, 326, 612 ]
9049 / 10000: [ 0, 2, 0, 0, 0 ], [ 0, 2981, 326, 612 ]
9050 / 10000: [ 0, 2, 0, 0, 0 ], [ 0, 2982, 326, 612 ]
9051 / 10000: [ 0, 1, 0, 0, 0 ], [ 0, 2982, 326, 612 ]
9052 / 10000: [ 0, 1, 0, 0, 0 ], [ 0, 2982, 326, 612 ]
9053 / 10000: [ 0, 0, 0, 0, 0 ], [ 0, 2982, 326, 612 ]
9054 / 10000: [ 0, 0, 0, 0, 0 ], [ 0, 2982, 326, 612 ]
9055 / 10000: [ 0, 0, 0, 0, 0 ], [ 0, 2982, 326, 612 ]
9056 / 10000: [ 0, 0, 0, 0, 0 ], [ 0, 2982, 326, 612 ]
9057 / 10000: [ 0, 0, 0, 0, 0 ], [ 0, 2982, 326, 612 ]
9058 / 10000: [ 0, 1, 0, 0, 0 ], [ 0, 2982, 326, 612 ]
9059 / 10000: [ 0, 1, 0, 0, 0 ], [ 0, 2982, 326, 612 ]
9060 / 10000: [ 0, 0, 0, 0, 0 ], [ 0, 2982, 326, 612 ]
9061 / 10000: [ 0, 0, 0, 0, 0 ], [ 0, 2982, 326, 612 ]
9062 / 10000: [ 0, 1, 0, 0, 0 ], [ 0, 2982, 326, 612 ]
9063 / 10000: [ 0, 0, 0, 0, 0 ], [ 0, 2982, 326, 612 ]
9064 / 10000: [ 0, 0, 0, 0, 0 ], [ 0, 2982, 326, 612 ]
9065 / 10000: [ 0, 0, 0, 0, 0 ], [ 0, 2982, 326, 612 ]
9066 / 10000: [ 0, 1, 0, 0, 0 ], [ 0, 2982, 326, 612 ]
9067 / 10000: [ 0, 1, 0, 0, 0 ], [ 0, 2982, 326, 612 ]
9068 / 10000: [ 0, 2, 0, 0, 0 ], [ 0, 2983, 326, 612 ]
9069 / 10000: [ 0, 1, 0, 0, 0 ], [ 0, 2983, 326, 612 ]
9070 / 10000: [ 0, 1, 0, 0, 0 ], [ 0, 2983, 326, 612 ]
9071 / 10000: [ 0, 0, 0, 0, 0 ], [ 0, 2983, 326, 612 ]
9072 / 10000: [ 0, 0, 0, 0, 0 ], [ 0, 2983, 326, 612 ]
9073 / 10000: [ 0, 1, 0, 0, 0 ], [ 0, 2983, 326, 612 ]
9074 / 10000: [ 0, 1, 0, 0, 0 ], [ 0, 2983, 326, 612 ]
9075 / 10000: [ 0, 0, 0, 0, 0 ], [ 0, 2983, 326, 612 ]
9076 / 10000: [ 0, 1, 0, 0, 0 ], [ 0, 2983, 326, 612 ]
9077 / 10000: [ 0, 1, 0, 0, 0 ], [ 0, 2983, 326, 612 ]
9078 / 10000: [ 0, 0, 0, 0, 0 ], [ 0, 2983, 326, 612 ]
9079 / 10000: [ 0, 1, 0, 0, 0 ], [ 0, 2983, 326, 612 ]
9080 / 10000: [ 0, 1, 0, 0, 0 ], [ 0, 2983, 326, 612 ]
9081 / 10000: [ 0, 0, 0, 0, 0 ], [ 0, 2983, 326, 612 ]
9082 / 10000: [ 0, 0, 0, 0, 0 ], [ 0, 2983, 326, 612 ]
9083 / 10000: [ 0, 0, 0, 0, 0 ], [ 0, 2983, 326, 612 ]
9084 / 10000: [ 0, 0, 0, 0, 0 ], [ 0, 2983, 326, 612 ]
9085 / 10000: [ 0, 0, 0, 0, 0 ], [ 0, 2983, 326, 612 ]
9086 / 10000: [ 0, 0, 0, 0, 0 ], [ 0, 2983, 326, 612 ]
9087 / 10000: [ 0, 2, 0, 0, 0 ], [ 0, 2984, 326, 612 ]
9088 / 10000: [ 0, 0, 0, 0, 0 ], [ 0, 2984, 326, 612 ]
9089 / 10000: [ 0, 0, 0, 0, 0 ], [ 0, 2984, 326, 612 ]
9090 / 10000: [ 0, 0, 0, 0, 0 ], [ 0, 2984, 326, 612 ]
9091 / 10000: [ 0, 2, 0, 0, 0 ], [ 0, 2985, 326, 612 ]
9092 / 10000: [ 0, 0, 0, 0, 0 ], [ 0, 2985, 326, 612 ]
9093 / 10000: [ 0, 0, 0, 0, 0 ], [ 0, 2985, 326, 612 ]
9094 / 10000: [ 0, 1, 0, 0, 0 ], [ 0, 2985, 326, 612 ]
9095 / 10000: [ 0, 1, 0, 0, 0 ], [ 0, 2985, 326, 612 ]
9096 / 10000: [ 0, 1, 0, 0, 0 ], [ 0, 2985, 326, 612 ]
9097 / 10000: [ 0, 0, 0, 0, 0 ], [ 0, 2985, 326, 612 ]
9098 / 10000: [ 0, 1, 0, 0, 0 ], [ 0, 2985, 326, 612 ]
9099 / 10000: [ 0, 0, 2, 0, 0 ], [ 0, 2985, 327, 612 ]
9100 / 10000: [ 0, 1, 0, 0, 0 ], [ 0, 2985, 327, 612 ]
9101 / 10000: [ 0, 0, 0, 0, 0 ], [ 0, 2985, 327, 612 ]
9102 / 10000: [ 0, 2, 0, 0, 0 ], [ 0, 2986, 327, 612 ]
9103 / 10000: [ 0, 2, 0, 0, 0 ], [ 0, 2987, 327, 612 ]
9104 / 10000: [ 0, 2, 0, 0, 0 ], [ 0, 2988, 327, 612 ]
9105 / 10000: [ 0, 0, 0, 0, 0 ], [ 0, 2988, 327, 612 ]
9106 / 10000: [ 0, 1, 0, 0, 0 ], [ 0, 2988, 327, 612 ]
9107 / 10000: [ 0, 1, 0, 0, 0 ], [ 0, 2988, 327, 612 ]
9108 / 10000: [ 0, 2, 0, 0, 0 ], [ 0, 2989, 327, 612 ]
9109 / 10000: [ 0, 2, 0, 0, 0 ], [ 0, 2990, 327, 612 ]
9110 / 10000: [ 0, 2, 0, 0, 0 ], [ 0, 2991, 327, 612 ]
9111 / 10000: [ 0, 2, 0, 0, 0 ], [ 0, 2992, 327, 612 ]
9112 / 10000: [ 0, 1, 0, 0, 0 ], [ 0, 2992, 327, 612 ]
9113 / 10000: [ 0, 2, 0, 0, 0 ], [ 0, 2993, 327, 612 ]
9114 / 10000: [ 0, 0, 0, 0, 0 ], [ 0, 2993, 327, 612 ]
9115 / 10000: [ 0, 2, 0, 0, 0 ], [ 0, 2994, 327, 612 ]
9116 / 10000: [ 0, 2, 0, 0, 0 ], [ 0, 2995, 327, 612 ]
9117 / 10000: [ 0, 2, 0, 0, 0 ], [ 0, 2996, 327, 612 ]
9118 / 10000: [ 0, 1, 0, 0, 0 ], [ 0, 2996, 327, 612 ]
9119 / 10000: [ 0, 2, 0, 0, 0 ], [ 0, 2997, 327, 612 ]
9120 / 10000: [ 0, 2, 0, 0, 0 ], [ 0, 2998, 327, 612 ]
9121 / 10000: [ 0, 2, 0, 0, 0 ], [ 0, 2999, 327, 612 ]
9122 / 10000: [ 0, 1, 0, 0, 0 ], [ 0, 2999, 327, 612 ]
9123 / 10000: [ 0, 2, 0, 0, 0 ], [ 0, 3000, 327, 612 ]
9124 / 10000: [ 0, 1, 0, 0, 0 ], [ 0, 3000, 327, 612 ]
9125 / 10000: [ 0, 2, 0, 0, 0 ], [ 0, 3001, 327, 612 ]
9126 / 10000: [ 0, 2, 0, 0, 0 ], [ 0, 3002, 327, 612 ]
9127 / 10000: [ 0, 0, 0, 0, 0 ], [ 0, 3002, 327, 612 ]
9128 / 10000: [ 0, 2, 0, 0, 0 ], [ 0, 3003, 327, 612 ]
9129 / 10000: [ 0, 2, 0, 0, 0 ], [ 0, 3004, 327, 612 ]
9130 / 10000: [ 0, 2, 0, 0, 0 ], [ 0, 3005, 327, 612 ]
9131 / 10000: [ 0, 0, 0, 0, 0 ], [ 0, 3005, 327, 612 ]
9132 / 10000: [ 0, 2, 0, 0, 0 ], [ 0, 3006, 327, 612 ]
9133 / 10000: [ 0, 1, 0, 0, 0 ], [ 0, 3006, 327, 612 ]
9134 / 10000: [ 0, 0, 0, 0, 0 ], [ 0, 3006, 327, 612 ]
9135 / 10000: [ 0, 2, 0, 0, 0 ], [ 0, 3007, 327, 612 ]
9136 / 10000: [ 0, 2, 0, 0, 0 ], [ 0, 3008, 327, 612 ]
9137 / 10000: [ 0, 2, 0, 0, 0 ], [ 0, 3009, 327, 612 ]
9138 / 10000: [ 0, 1, 0, 0, 0 ], [ 0, 3009, 327, 612 ]
9139 / 10000: [ 0, 0, 0, 0, 0 ], [ 0, 3009, 327, 612 ]
9140 / 10000: [ 0, 2, 0, 0, 0 ], [ 0, 3010, 327, 612 ]
9141 / 10000: [ 0, 1, 0, 0, 0 ], [ 0, 3010, 327, 612 ]
9142 / 10000: [ 0, 1, 0, 0, 0 ], [ 0, 3010, 327, 612 ]
9143 / 10000: [ 0, 0, 0, 0, 0 ], [ 0, 3010, 327, 612 ]
9144 / 10000: [ 0, 2, 0, 0, 0 ], [ 0, 3011, 327, 612 ]
9145 / 10000: [ 0, 2, 0, 0, 0 ], [ 0, 3012, 327, 612 ]
9146 / 10000: [ 0, 2, 0, 0, 0 ], [ 0, 3013, 327, 612 ]
9147 / 10000: [ 0, 2, 0, 0, 0 ], [ 0, 3014, 327, 612 ]
9148 / 10000: [ 0, 1, 0, 0, 0 ], [ 0, 3014, 327, 612 ]
9149 / 10000: [ 0, 0, 0, 0, 0 ], [ 0, 3014, 327, 612 ]
9150 / 10000: [ 0, 1, 0, 0, 0 ], [ 0, 3014, 327, 612 ]
9151 / 10000: [ 0, 1, 0, 0, 0 ], [ 0, 3014, 327, 612 ]
9152 / 10000: [ 0, 2, 0, 0, 0 ], [ 0, 3015, 327, 612 ]
9153 / 10000: [ 0, 2, 0, 0, 0 ], [ 0, 3016, 327, 612 ]
9154 / 10000: [ 0, 2, 0, 0, 0 ], [ 0, 3017, 327, 612 ]
9155 / 10000: [ 0, 2, 0, 0, 0 ], [ 0, 3018, 327, 612 ]
9156 / 10000: [ 0, 0, 0, 0, 0 ], [ 0, 3018, 327, 612 ]
9157 / 10000: [ 0, 2, 0, 0, 0 ], [ 0, 3019, 327, 612 ]
9158 / 10000: [ 0, 0, 0, 0, 0 ], [ 0, 3019, 327, 612 ]
9159 / 10000: [ 0, 2, 0, 0, 0 ], [ 0, 3020, 327, 612 ]
9160 / 10000: [ 0, 1, 0, 1, 0 ], [ 0, 3020, 327, 613 ]
9161 / 10000: [ 0, 2, 0, 0, 0 ], [ 0, 3021, 327, 613 ]
9162 / 10000: [ 0, 1, 0, 0, 0 ], [ 0, 3021, 327, 613 ]
9163 / 10000: [ 0, 0, 0, 0, 0 ], [ 0, 3021, 327, 613 ]
9164 / 10000: [ 0, 1, 0, 0, 0 ], [ 0, 3021, 327, 613 ]
9165 / 10000: [ 0, 2, 0, 0, 0 ], [ 0, 3022, 327, 613 ]
9166 / 10000: [ 0, 2, 0, 0, 0 ], [ 0, 3023, 327, 613 ]
9167 / 10000: [ 0, 2, 0, 0, 0 ], [ 0, 3024, 327, 613 ]
9168 / 10000: [ 0, 2, 0, 0, 0 ], [ 0, 3025, 327, 613 ]
9169 / 10000: [ 0, 1, 0, 0, 0 ], [ 0, 3025, 327, 613 ]
9170 / 10000: [ 0, 0, 0, 0, 0 ], [ 0, 3025, 327, 613 ]
9171 / 10000: [ 0, 1, 0, 0, 0 ], [ 0, 3025, 327, 613 ]
9172 / 10000: [ 0, 0, 0, 0, 0 ], [ 0, 3025, 327, 613 ]
9173 / 10000: [ 0, 1, 0, 0, 0 ], [ 0, 3025, 327, 613 ]
9174 / 10000: [ 0, 0, 0, 0, 0 ], [ 0, 3025, 327, 613 ]
9175 / 10000: [ 0, 2, 0, 0, 0 ], [ 0, 3026, 327, 613 ]
9176 / 10000: [ 0, 1, 0, 0, 0 ], [ 0, 3026, 327, 613 ]
9177 / 10000: [ 0, 2, 0, 0, 0 ], [ 0, 3027, 327, 613 ]
9178 / 10000: [ 0, 2, 0, 0, 0 ], [ 0, 3028, 327, 613 ]
9179 / 10000: [ 0, 0, 0, 0, 0 ], [ 0, 3028, 327, 613 ]
9180 / 10000: [ 0, 1, 0, 0, 0 ], [ 0, 3028, 327, 613 ]
9181 / 10000: [ 0, 1, 0, 0, 0 ], [ 0, 3028, 327, 613 ]
9182 / 10000: [ 0, 2, 0, 0, 0 ], [ 0, 3029, 327, 613 ]
9183 / 10000: [ 0, 1, 0, 0, 0 ], [ 0, 3029, 327, 613 ]
9184 / 10000: [ 0, 2, 0, 0, 0 ], [ 0, 3030, 327, 613 ]
9185 / 10000: [ 0, 0, 0, 2, 0 ], [ 0, 3030, 327, 614 ]
9186 / 10000: [ 0, 1, 0, 0, 0 ], [ 0, 3030, 327, 614 ]
9187 / 10000: [ 0, 1, 0, 0, 0 ], [ 0, 3030, 327, 614 ]
9188 / 10000: [ 0, 1, 0, 0, 0 ], [ 0, 3030, 327, 614 ]
9189 / 10000: [ 0, 2, 0, 0, 0 ], [ 0, 3031, 327, 614 ]
9190 / 10000: [ 0, 2, 0, 0, 0 ], [ 0, 3032, 327, 614 ]
9191 / 10000: [ 0, 1, 0, 0, 0 ], [ 0, 3032, 327, 614 ]
9192 / 10000: [ 0, 2, 0, 0, 0 ], [ 0, 3033, 327, 614 ]
9193 / 10000: [ 0, 2, 0, 0, 0 ], [ 0, 3034, 327, 614 ]
9194 / 10000: [ 0, 1, 0, 0, 0 ], [ 0, 3034, 327, 614 ]
9195 / 10000: [ 0, 2, 0, 0, 0 ], [ 0, 3035, 327, 614 ]
9196 / 10000: [ 0, 0, 0, 0, 0 ], [ 0, 3035, 327, 614 ]
9197 / 10000: [ 0, 0, 0, 1, 0 ], [ 0, 3035, 327, 614 ]
9198 / 10000: [ 0, 2, 0, 0, 0 ], [ 0, 3036, 327, 614 ]
9199 / 10000: [ 0, 1, 0, 0, 0 ], [ 0, 3036, 327, 614 ]
9200 / 10000: [ 0, 2, 0, 0, 0 ], [ 0, 3037, 327, 614 ]
9201 / 10000: [ 0, 2, 0, 0, 0 ], [ 0, 3038, 327, 614 ]
9202 / 10000: [ 0, 2, 0, 0, 0 ], [ 0, 3039, 327, 614 ]
9203 / 10000: [ 0, 2, 0, 0, 0 ], [ 0, 3040, 327, 614 ]
9204 / 10000: [ 0, 0, 0, 0, 0 ], [ 0, 3040, 327, 614 ]
9205 / 10000: [ 0, 2, 0, 0, 0 ], [ 0, 3041, 327, 614 ]
9206 / 10000: [ 0, 1, 0, 0, 0 ], [ 0, 3041, 327, 614 ]
9207 / 10000: [ 0, 0, 0, 0, 0 ], [ 0, 3041, 327, 614 ]
9208 / 10000: [ 0, 0, 0, 0, 0 ], [ 0, 3041, 327, 614 ]
9209 / 10000: [ 0, 2, 0, 0, 0 ], [ 0, 3042, 327, 614 ]
9210 / 10000: [ 0, 1, 0, 0, 0 ], [ 0, 3042, 327, 614 ]
9211 / 10000: [ 0, 2, 0, 0, 0 ], [ 0, 3043, 327, 614 ]
9212 / 10000: [ 0, 2, 0, 0, 0 ], [ 0, 3044, 327, 614 ]
9213 / 10000: [ 0, 2, 0, 0, 0 ], [ 0, 3045, 327, 614 ]
9214 / 10000: [ 0, 2, 0, 0, 0 ], [ 0, 3046, 327, 614 ]
9215 / 10000: [ 0, 2, 0, 0, 0 ], [ 0, 3047, 327, 614 ]
9216 / 10000: [ 0, 0, 0, 0, 0 ], [ 0, 3047, 327, 614 ]
9217 / 10000: [ 0, 0, 0, 0, 0 ], [ 0, 3047, 327, 614 ]
9218 / 10000: [ 0, 1, 0, 0, 0 ], [ 0, 3047, 327, 614 ]
9219 / 10000: [ 0, 0, 0, 0, 0 ], [ 0, 3047, 327, 614 ]
9220 / 10000: [ 0, 2, 0, 0, 0 ], [ 0, 3048, 327, 614 ]
9221 / 10000: [ 0, 1, 0, 0, 0 ], [ 0, 3048, 327, 614 ]
9222 / 10000: [ 0, 0, 0, 0, 0 ], [ 0, 3048, 327, 614 ]
9223 / 10000: [ 0, 2, 0, 0, 0 ], [ 0, 3049, 327, 614 ]
9224 / 10000: [ 0, 1, 0, 0, 0 ], [ 0, 3049, 327, 614 ]
9225 / 10000: [ 0, 1, 0, 1, 0 ], [ 0, 3049, 327, 615 ]
9226 / 10000: [ 0, 1, 0, 1, 0 ], [ 0, 3049, 327, 616 ]
9227 / 10000: [ 0, 2, 0, 0, 0 ], [ 0, 3050, 327, 616 ]
9228 / 10000: [ 0, 0, 0, 0, 0 ], [ 0, 3050, 327, 616 ]
9229 / 10000: [ 0, 0, 0, 0, 0 ], [ 0, 3050, 327, 616 ]
9230 / 10000: [ 0, 1, 1, 0, 0 ], [ 0, 3050, 328, 616 ]
9231 / 10000: [ 0, 1, 0, 0, 0 ], [ 0, 3050, 328, 616 ]
9232 / 10000: [ 0, 0, 0, 0, 0 ], [ 0, 3050, 328, 616 ]
9233 / 10000: [ 0, 2, 0, 0, 0 ], [ 0, 3051, 328, 616 ]
9234 / 10000: [ 0, 2, 0, 0, 0 ], [ 0, 3052, 328, 616 ]
9235 / 10000: [ 0, 1, 0, 0, 0 ], [ 0, 3052, 328, 616 ]
9236 / 10000: [ 0, 1, 0, 0, 0 ], [ 0, 3052, 328, 616 ]
9237 / 10000: [ 0, 1, 0, 0, 0 ], [ 0, 3052, 328, 616 ]
9238 / 10000: [ 0, 1, 0, 0, 0 ], [ 0, 3052, 328, 616 ]
9239 / 10000: [ 0, 0, 0, 0, 0 ], [ 0, 3052, 328, 616 ]
9240 / 10000: [ 0, 0, 0, 0, 0 ], [ 0, 3052, 328, 616 ]
9241 / 10000: [ 0, 2, 0, 0, 0 ], [ 0, 3053, 328, 616 ]
9242 / 10000: [ 0, 1, 0, 0, 0 ], [ 0, 3053, 328, 616 ]
9243 / 10000: [ 0, 0, 0, 0, 0 ], [ 0, 3053, 328, 616 ]
9244 / 10000: [ 0, 0, 0, 0, 0 ], [ 0, 3053, 328, 616 ]
9245 / 10000: [ 0, 0, 0, 0, 0 ], [ 0, 3053, 328, 616 ]
9246 / 10000: [ 0, 1, 1, 0, 0 ], [ 0, 3053, 329, 616 ]
9247 / 10000: [ 0, 1, 1, 0, 0 ], [ 0, 3053, 330, 616 ]
9248 / 10000: [ 0, 1, 0, 0, 0 ], [ 0, 3053, 330, 616 ]
9249 / 10000: [ 0, 2, 0, 0, 0 ], [ 0, 3054, 330, 616 ]
9250 / 10000: [ 0, 2, 0, 0, 0 ], [ 0, 3055, 330, 616 ]
9251 / 10000: [ 0, 1, 0, 0, 0 ], [ 0, 3055, 330, 616 ]
9252 / 10000: [ 0, 1, 0, 0, 0 ], [ 0, 3055, 330, 616 ]
9253 / 10000: [ 0, 2, 0, 0, 0 ], [ 0, 3056, 330, 616 ]
9254 / 10000: [ 0, 1, 0, 0, 0 ], [ 0, 3056, 330, 616 ]
9255 / 10000: [ 0, 2, 0, 0, 0 ], [ 0, 3057, 330, 616 ]
9256 / 10000: [ 0, 1, 1, 0, 0 ], [ 0, 3057, 331, 616 ]
9257 / 10000: [ 0, 2, 0, 0, 0 ], [ 0, 3058, 331, 616 ]
9258 / 10000: [ 0, 2, 0, 0, 0 ], [ 0, 3059, 331, 616 ]
9259 / 10000: [ 0, 1, 0, 0, 0 ], [ 0, 3059, 331, 616 ]
9260 / 10000: [ 0, 0, 0, 0, 0 ], [ 0, 3059, 331, 616 ]
9261 / 10000: [ 0, 1, 0, 0, 0 ], [ 0, 3059, 331, 616 ]
9262 / 10000: [ 0, 2, 0, 0, 0 ], [ 0, 3060, 331, 616 ]
9263 / 10000: [ 0, 0, 0, 0, 0 ], [ 0, 3060, 331, 616 ]
9264 / 10000: [ 0, 0, 0, 0, 0 ], [ 0, 3060, 331, 616 ]
9265 / 10000: [ 0, 2, 0, 0, 0 ], [ 0, 3061, 331, 616 ]
9266 / 10000: [ 0, 0, 0, 0, 0 ], [ 0, 3061, 331, 616 ]
9267 / 10000: [ 0, 0, 0, 0, 0 ], [ 0, 3061, 331, 616 ]
9268 / 10000: [ 0, 2, 0, 0, 0 ], [ 0, 3062, 331, 616 ]
9269 / 10000: [ 0, 2, 0, 0, 0 ], [ 0, 3063, 331, 616 ]
9270 / 10000: [ 0, 2, 0, 0, 0 ], [ 0, 3064, 331, 616 ]
9271 / 10000: [ 0, 0, 0, 0, 0 ], [ 0, 3064, 331, 616 ]
9272 / 10000: [ 0, 0, 2, 0, 0 ], [ 0, 3064, 332, 616 ]
9273 / 10000: [ 0, 0, 0, 0, 0 ], [ 0, 3064, 332, 616 ]
9274 / 10000: [ 0, 1, 0, 0, 0 ], [ 0, 3064, 332, 616 ]
9275 / 10000: [ 0, 0, 0, 0, 0 ], [ 0, 3064, 332, 616 ]
9276 / 10000: [ 0, 0, 0, 0, 0 ], [ 0, 3064, 332, 616 ]
9277 / 10000: [ 0, 0, 0, 0, 0 ], [ 0, 3064, 332, 616 ]
9278 / 10000: [ 0, 0, 0, 0, 0 ], [ 0, 3064, 332, 616 ]
9279 / 10000: [ 0, 2, 0, 0, 0 ], [ 0, 3065, 332, 616 ]
9280 / 10000: [ 0, 0, 0, 0, 0 ], [ 0, 3065, 332, 616 ]
9281 / 10000: [ 0, 1, 0, 0, 0 ], [ 0, 3065, 332, 616 ]
9282 / 10000: [ 0, 0, 0, 0, 0 ], [ 0, 3065, 332, 616 ]
9283 / 10000: [ 0, 1, 0, 0, 0 ], [ 0, 3065, 332, 616 ]
9284 / 10000: [ 0, 1, 0, 0, 0 ], [ 0, 3065, 332, 616 ]
9285 / 10000: [ 0, 0, 0, 1, 0 ], [ 0, 3065, 332, 616 ]
9286 / 10000: [ 0, 1, 0, 0, 0 ], [ 0, 3065, 332, 616 ]
9287 / 10000: [ 0, 0, 0, 0, 0 ], [ 0, 3065, 332, 616 ]
9288 / 10000: [ 0, 0, 0, 0, 0 ], [ 0, 3065, 332, 616 ]
9289 / 10000: [ 0, 1, 0, 0, 0 ], [ 0, 3065, 332, 616 ]
9290 / 10000: [ 0, 0, 0, 0, 0 ], [ 0, 3065, 332, 616 ]
9291 / 10000: [ 0, 2, 0, 0, 0 ], [ 0, 3066, 332, 616 ]
9292 / 10000: [ 0, 1, 0, 0, 0 ], [ 0, 3066, 332, 616 ]
9293 / 10000: [ 0, 0, 1, 0, 0 ], [ 0, 3066, 332, 616 ]
9294 / 10000: [ 0, 1, 0, 0, 0 ], [ 0, 3066, 332, 616 ]
9295 / 10000: [ 0, 0, 0, 0, 0 ], [ 0, 3066, 332, 616 ]
9296 / 10000: [ 0, 2, 0, 0, 0 ], [ 0, 3067, 332, 616 ]
9297 / 10000: [ 0, 1, 0, 0, 0 ], [ 0, 3067, 332, 616 ]
9298 / 10000: [ 0, 1, 0, 0, 0 ], [ 0, 3067, 332, 616 ]
9299 / 10000: [ 0, 0, 0, 0, 0 ], [ 0, 3067, 332, 616 ]
9300 / 10000: [ 0, 0, 0, 0, 0 ], [ 0, 3067, 332, 616 ]
9301 / 10000: [ 0, 1, 0, 0, 0 ], [ 0, 3067, 332, 616 ]
9302 / 10000: [ 0, 2, 0, 0, 0 ], [ 0, 3068, 332, 616 ]
9303 / 10000: [ 0, 0, 0, 1, 0 ], [ 0, 3068, 332, 616 ]
9304 / 10000: [ 0, 0, 0, 0, 0 ], [ 0, 3068, 332, 616 ]
9305 / 10000: [ 0, 0, 0, 1, 0 ], [ 0, 3068, 332, 616 ]
9306 / 10000: [ 0, 0, 0, 0, 0 ], [ 0, 3068, 332, 616 ]
9307 / 10000: [ 0, 2, 0, 0, 0 ], [ 0, 3069, 332, 616 ]
9308 / 10000: [ 0, 0, 0, 1, 0 ], [ 0, 3069, 332, 616 ]
9309 / 10000: [ 0, 0, 0, 0, 0 ], [ 0, 3069, 332, 616 ]
9310 / 10000: [ 0, 1, 0, 0, 0 ], [ 0, 3069, 332, 616 ]
9311 / 10000: [ 0, 1, 0, 0, 0 ], [ 0, 3069, 332, 616 ]
9312 / 10000: [ 0, 1, 0, 1, 0 ], [ 0, 3069, 332, 617 ]
9313 / 10000: [ 0, 2, 0, 0, 0 ], [ 0, 3070, 332, 617 ]
9314 / 10000: [ 0, 1, 0, 0, 0 ], [ 0, 3070, 332, 617 ]
9315 / 10000: [ 0, 1, 0, 1, 0 ], [ 0, 3070, 332, 618 ]
9316 / 10000: [ 0, 0, 0, 0, 0 ], [ 0, 3070, 332, 618 ]
9317 / 10000: [ 0, 0, 0, 0, 0 ], [ 0, 3070, 332, 618 ]
9318 / 10000: [ 0, 0, 0, 0, 0 ], [ 0, 3070, 332, 618 ]
9319 / 10000: [ 0, 0, 0, 0, 0 ], [ 0, 3070, 332, 618 ]
9320 / 10000: [ 0, 1, 0, 0, 0 ], [ 0, 3070, 332, 618 ]
9321 / 10000: [ 0, 0, 0, 0, 0 ], [ 0, 3070, 332, 618 ]
9322 / 10000: [ 0, 0, 0, 0, 0 ], [ 0, 3070, 332, 618 ]
9323 / 10000: [ 0, 1, 0, 0, 0 ], [ 0, 3070, 332, 618 ]
9324 / 10000: [ 0, 2, 0, 0, 0 ], [ 0, 3071, 332, 618 ]
9325 / 10000: [ 0, 1, 0, 1, 0 ], [ 0, 3071, 332, 619 ]
9326 / 10000: [ 0, 1, 0, 1, 0 ], [ 0, 3071, 332, 620 ]
9327 / 10000: [ 0, 0, 0, 0, 0 ], [ 0, 3071, 332, 620 ]
9328 / 10000: [ 0, 0, 0, 0, 0 ], [ 0, 3071, 332, 620 ]
9329 / 10000: [ 0, 1, 0, 1, 0 ], [ 0, 3071, 332, 621 ]
9330 / 10000: [ 0, 2, 0, 0, 0 ], [ 0, 3072, 332, 621 ]
9331 / 10000: [ 0, 2, 0, 0, 0 ], [ 0, 3073, 332, 621 ]
9332 / 10000: [ 0, 0, 0, 1, 0 ], [ 0, 3073, 332, 621 ]
9333 / 10000: [ 0, 1, 0, 1, 0 ], [ 0, 3073, 332, 622 ]
9334 / 10000: [ 0, 0, 1, 1, 0 ], [ 0, 3073, 332, 623 ]
9335 / 10000: [ 0, 0, 0, 0, 0 ], [ 0, 3073, 332, 623 ]
9336 / 10000: [ 0, 0, 0, 0, 0 ], [ 0, 3073, 332, 623 ]
9337 / 10000: [ 0, 0, 0, 0, 0 ], [ 0, 3073, 332, 623 ]
9338 / 10000: [ 0, 0, 0, 1, 0 ], [ 0, 3073, 332, 623 ]
9339 / 10000: [ 0, 0, 0, 1, 0 ], [ 0, 3073, 332, 623 ]
9340 / 10000: [ 0, 1, 0, 1, 0 ], [ 0, 3073, 332, 624 ]
9341 / 10000: [ 0, 1, 0, 1, 0 ], [ 0, 3073, 332, 625 ]
9342 / 10000: [ 0, 1, 0, 0, 0 ], [ 0, 3073, 332, 625 ]
9343 / 10000: [ 0, 0, 0, 0, 0 ], [ 0, 3073, 332, 625 ]
9344 / 10000: [ 0, 0, 0, 0, 0 ], [ 0, 3073, 332, 625 ]
9345 / 10000: [ 0, 1, 0, 0, 0 ], [ 0, 3073, 332, 625 ]
9346 / 10000: [ 0, 1, 0, 0, 0 ], [ 0, 3073, 332, 625 ]
9347 / 10000: [ 0, 2, 0, 0, 0 ], [ 0, 3074, 332, 625 ]
9348 / 10000: [ 0, 1, 0, 1, 0 ], [ 0, 3074, 332, 626 ]
9349 / 10000: [ 0, 1, 0, 0, 0 ], [ 0, 3074, 332, 626 ]
9350 / 10000: [ 0, 0, 0, 0, 0 ], [ 0, 3074, 332, 626 ]
9351 / 10000: [ 0, 0, 0, 0, 0 ], [ 0, 3074, 332, 626 ]
9352 / 10000: [ 0, 1, 0, 0, 0 ], [ 0, 3074, 332, 626 ]
9353 / 10000: [ 0, 2, 0, 0, 0 ], [ 0, 3075, 332, 626 ]
9354 / 10000: [ 0, 1, 1, 0, 0 ], [ 0, 3075, 333, 626 ]
9355 / 10000: [ 0, 1, 0, 0, 0 ], [ 0, 3075, 333, 626 ]
9356 / 10000: [ 0, 0, 0, 0, 0 ], [ 0, 3075, 333, 626 ]
9357 / 10000: [ 0, 0, 0, 0, 0 ], [ 0, 3075, 333, 626 ]
9358 / 10000: [ 0, 0, 0, 1, 0 ], [ 0, 3075, 333, 626 ]
9359 / 10000: [ 0, 0, 0, 1, 0 ], [ 0, 3075, 333, 626 ]
9360 / 10000: [ 0, 0, 0, 1, 0 ], [ 0, 3075, 333, 626 ]
9361 / 10000: [ 0, 2, 0, 0, 0 ], [ 0, 3076, 333, 626 ]
9362 / 10000: [ 0, 1, 0, 1, 0 ], [ 0, 3076, 333, 627 ]
9363 / 10000: [ 0, 0, 0, 1, 0 ], [ 0, 3076, 333, 627 ]
9364 / 10000: [ 0, 2, 0, 0, 0 ], [ 0, 3077, 333, 627 ]
9365 / 10000: [ 0, 0, 0, 0, 0 ], [ 0, 3077, 333, 627 ]
9366 / 10000: [ 0, 2, 0, 0, 0 ], [ 0, 3078, 333, 627 ]
9367 / 10000: [ 0, 1, 0, 0, 0 ], [ 0, 3078, 333, 627 ]
9368 / 10000: [ 0, 1, 1, 0, 0 ], [ 0, 3078, 334, 627 ]
9369 / 10000: [ 0, 0, 0, 1, 0 ], [ 0, 3078, 334, 627 ]
9370 / 10000: [ 0, 0, 0, 1, 0 ], [ 0, 3078, 334, 627 ]
9371 / 10000: [ 0, 1, 0, 1, 0 ], [ 0, 3078, 334, 628 ]
9372 / 10000: [ 0, 0, 0, 2, 0 ], [ 0, 3078, 334, 629 ]
9373 / 10000: [ 0, 1, 0, 1, 0 ], [ 0, 3078, 334, 630 ]
9374 / 10000: [ 0, 0, 0, 0, 0 ], [ 0, 3078, 334, 630 ]
9375 / 10000: [ 0, 1, 0, 0, 0 ], [ 0, 3078, 334, 630 ]
9376 / 10000: [ 0, 0, 0, 0, 0 ], [ 0, 3078, 334, 630 ]
9377 / 10000: [ 0, 0, 0, 0, 0 ], [ 0, 3078, 334, 630 ]
9378 / 10000: [ 0, 2, 0, 0, 0 ], [ 0, 3079, 334, 630 ]
9379 / 10000: [ 0, 0, 0, 1, 0 ], [ 0, 3079, 334, 630 ]
9380 / 10000: [ 0, 0, 0, 0, 0 ], [ 0, 3079, 334, 630 ]
9381 / 10000: [ 0, 0, 0, 2, 0 ], [ 0, 3079, 334, 631 ]
9382 / 10000: [ 0, 1, 0, 0, 0 ], [ 0, 3079, 334, 631 ]
9383 / 10000: [ 0, 0, 0, 0, 0 ], [ 0, 3079, 334, 631 ]
9384 / 10000: [ 0, 1, 0, 1, 0 ], [ 0, 3079, 334, 632 ]
9385 / 10000: [ 0, 0, 0, 1, 1 ], [ 0, 3079, 334, 633 ]
9386 / 10000: [ 0, 0, 0, 0, 0 ], [ 0, 3079, 334, 633 ]
9387 / 10000: [ 0, 0, 0, 1, 0 ], [ 0, 3079, 334, 633 ]
9388 / 10000: [ 0, 0, 0, 2, 0 ], [ 0, 3079, 334, 634 ]
9389 / 10000: [ 0, 0, 0, 0, 0 ], [ 0, 3079, 334, 634 ]
9390 / 10000: [ 0, 0, 0, 1, 0 ], [ 0, 3079, 334, 634 ]
9391 / 10000: [ 0, 0, 0, 0, 0 ], [ 0, 3079, 334, 634 ]
9392 / 10000: [ 0, 2, 0, 0, 0 ], [ 0, 3080, 334, 634 ]
9393 / 10000: [ 0, 0, 0, 0, 0 ], [ 0, 3080, 334, 634 ]
9394 / 10000: [ 0, 2, 0, 0, 0 ], [ 0, 3081, 334, 634 ]
9395 / 10000: [ 0, 1, 0, 1, 0 ], [ 0, 3081, 334, 635 ]
9396 / 10000: [ 0, 0, 0, 0, 0 ], [ 0, 3081, 334, 635 ]
9397 / 10000: [ 0, 1, 0, 0, 0 ], [ 0, 3081, 334, 635 ]
9398 / 10000: [ 0, 1, 0, 0, 0 ], [ 0, 3081, 334, 635 ]
9399 / 10000: [ 0, 2, 0, 0, 0 ], [ 0, 3082, 334, 635 ]
9400 / 10000: [ 0, 0, 0, 0, 0 ], [ 0, 3082, 334, 635 ]
9401 / 10000: [ 0, 2, 0, 0, 0 ], [ 0, 3083, 334, 635 ]
9402 / 10000: [ 0, 0, 1, 0, 0 ], [ 0, 3083, 334, 635 ]
9403 / 10000: [ 0, 2, 0, 0, 0 ], [ 0, 3084, 334, 635 ]
9404 / 10000: [ 0, 2, 0, 0, 0 ], [ 0, 3085, 334, 635 ]
9405 / 10000: [ 0, 1, 0, 0, 0 ], [ 0, 3085, 334, 635 ]
9406 / 10000: [ 0, 2, 0, 0, 0 ], [ 0, 3086, 334, 635 ]
9407 / 10000: [ 0, 1, 0, 0, 0 ], [ 0, 3086, 334, 635 ]
9408 / 10000: [ 0, 2, 0, 0, 0 ], [ 0, 3087, 334, 635 ]
9409 / 10000: [ 0, 1, 1, 0, 0 ], [ 0, 3087, 335, 635 ]
9410 / 10000: [ 0, 2, 0, 0, 0 ], [ 0, 3088, 335, 635 ]
9411 / 10000: [ 0, 1, 0, 0, 0 ], [ 0, 3088, 335, 635 ]
9412 / 10000: [ 0, 2, 0, 0, 0 ], [ 0, 3089, 335, 635 ]
9413 / 10000: [ 0, 1, 0, 0, 0 ], [ 0, 3089, 335, 635 ]
9414 / 10000: [ 0, 1, 1, 0, 0 ], [ 0, 3089, 336, 635 ]
9415 / 10000: [ 0, 1, 0, 0, 0 ], [ 0, 3089, 336, 635 ]
9416 / 10000: [ 0, 2, 0, 0, 0 ], [ 0, 3090, 336, 635 ]
9417 / 10000: [ 0, 2, 0, 0, 0 ], [ 0, 3091, 336, 635 ]
9418 / 10000: [ 0, 0, 0, 0, 0 ], [ 0, 3091, 336, 635 ]
9419 / 10000: [ 0, 2, 0, 0, 0 ], [ 0, 3092, 336, 635 ]
9420 / 10000: [ 0, 0, 1, 0, 0 ], [ 0, 3092, 336, 635 ]
9421 / 10000: [ 0, 1, 0, 0, 0 ], [ 0, 3092, 336, 635 ]
9422 / 10000: [ 0, 2, 0, 0, 0 ], [ 0, 3093, 336, 635 ]
9423 / 10000: [ 0, 1, 0, 0, 0 ], [ 0, 3093, 336, 635 ]
9424 / 10000: [ 0, 0, 0, 0, 0 ], [ 0, 3093, 336, 635 ]
9425 / 10000: [ 0, 0, 2, 0, 0 ], [ 0, 3093, 337, 635 ]
9426 / 10000: [ 0, 0, 0, 0, 2 ], [ 0, 3093, 337, 636 ]
9427 / 10000: [ 0, 2, 0, 0, 0 ], [ 0, 3094, 337, 636 ]
9428 / 10000: [ 0, 1, 0, 0, 0 ], [ 0, 3094, 337, 636 ]
9429 / 10000: [ 0, 2, 0, 0, 0 ], [ 0, 3095, 337, 636 ]
9430 / 10000: [ 0, 0, 0, 0, 0 ], [ 0, 3095, 337, 636 ]
9431 / 10000: [ 0, 2, 0, 0, 0 ], [ 0, 3096, 337, 636 ]
9432 / 10000: [ 0, 1, 0, 0, 0 ], [ 0, 3096, 337, 636 ]
9433 / 10000: [ 0, 1, 0, 0, 0 ], [ 0, 3096, 337, 636 ]
9434 / 10000: [ 0, 1, 0, 0, 0 ], [ 0, 3096, 337, 636 ]
9435 / 10000: [ 0, 2, 0, 0, 0 ], [ 0, 3097, 337, 636 ]
9436 / 10000: [ 0, 2, 0, 0, 0 ], [ 0, 3098, 337, 636 ]
9437 / 10000: [ 0, 2, 0, 0, 0 ], [ 0, 3099, 337, 636 ]
9438 / 10000: [ 0, 0, 0, 0, 0 ], [ 0, 3099, 337, 636 ]
9439 / 10000: [ 0, 1, 0, 0, 0 ], [ 0, 3099, 337, 636 ]
9440 / 10000: [ 0, 2, 0, 0, 0 ], [ 0, 3100, 337, 636 ]
9441 / 10000: [ 0, 2, 0, 0, 0 ], [ 0, 3101, 337, 636 ]
9442 / 10000: [ 0, 0, 0, 0, 0 ], [ 0, 3101, 337, 636 ]
9443 / 10000: [ 0, 2, 0, 0, 0 ], [ 0, 3102, 337, 636 ]
9444 / 10000: [ 0, 2, 0, 0, 0 ], [ 0, 3103, 337, 636 ]
9445 / 10000: [ 0, 0, 0, 0, 0 ], [ 0, 3103, 337, 636 ]
9446 / 10000: [ 0, 0, 0, 0, 0 ], [ 0, 3103, 337, 636 ]
9447 / 10000: [ 0, 0, 0, 0, 0 ], [ 0, 3103, 337, 636 ]
9448 / 10000: [ 0, 0, 0, 0, 0 ], [ 0, 3103, 337, 636 ]
9449 / 10000: [ 0, 2, 0, 0, 0 ], [ 0, 3104, 337, 636 ]
9450 / 10000: [ 0, 1, 0, 0, 0 ], [ 0, 3104, 337, 636 ]
9451 / 10000: [ 0, 2, 0, 0, 0 ], [ 0, 3105, 337, 636 ]
9452 / 10000: [ 0, 0, 0, 0, 0 ], [ 0, 3105, 337, 636 ]
9453 / 10000: [ 0, 0, 0, 0, 0 ], [ 0, 3105, 337, 636 ]
9454 / 10000: [ 0, 2, 0, 0, 0 ], [ 0, 3106, 337, 636 ]
9455 / 10000: [ 0, 2, 0, 0, 0 ], [ 0, 3107, 337, 636 ]
9456 / 10000: [ 0, 1, 1, 0, 0 ], [ 0, 3107, 338, 636 ]
9457 / 10000: [ 0, 0, 0, 0, 0 ], [ 0, 3107, 338, 636 ]
9458 / 10000: [ 0, 1, 0, 0, 0 ], [ 0, 3107, 338, 636 ]
9459 / 10000: [ 0, 1, 0, 0, 0 ], [ 0, 3107, 338, 636 ]
9460 / 10000: [ 0, 1, 0, 1, 0 ], [ 0, 3107, 338, 637 ]
9461 / 10000: [ 0, 0, 0, 0, 0 ], [ 0, 3107, 338, 637 ]
9462 / 10000: [ 0, 2, 0, 0, 0 ], [ 0, 3108, 338, 637 ]
9463 / 10000: [ 0, 0, 0, 0, 0 ], [ 0, 3108, 338, 637 ]
9464 / 10000: [ 0, 0, 0, 0, 0 ], [ 0, 3108, 338, 637 ]
9465 / 10000: [ 0, 2, 0, 0, 0 ], [ 0, 3109, 338, 637 ]
9466 / 10000: [ 0, 1, 0, 0, 0 ], [ 0, 3109, 338, 637 ]
9467 / 10000: [ 0, 0, 0, 0, 0 ], [ 0, 3109, 338, 637 ]
9468 / 10000: [ 0, 2, 0, 0, 0 ], [ 0, 3110, 338, 637 ]
9469 / 10000: [ 0, 2, 0, 0, 0 ], [ 0, 3111, 338, 637 ]
9470 / 10000: [ 0, 2, 0, 0, 0 ], [ 0, 3112, 338, 637 ]
9471 / 10000: [ 0, 0, 0, 0, 0 ], [ 0, 3112, 338, 637 ]
9472 / 10000: [ 0, 1, 0, 0, 0 ], [ 0, 3112, 338, 637 ]
9473 / 10000: [ 0, 0, 0, 0, 0 ], [ 0, 3112, 338, 637 ]
9474 / 10000: [ 0, 2, 0, 0, 0 ], [ 0, 3113, 338, 637 ]
9475 / 10000: [ 0, 2, 0, 0, 0 ], [ 0, 3114, 338, 637 ]
9476 / 10000: [ 0, 1, 1, 0, 0 ], [ 0, 3114, 339, 637 ]
9477 / 10000: [ 0, 0, 0, 0, 0 ], [ 0, 3114, 339, 637 ]
9478 / 10000: [ 0, 1, 0, 0, 0 ], [ 0, 3114, 339, 637 ]
9479 / 10000: [ 0, 2, 0, 0, 0 ], [ 0, 3115, 339, 637 ]
9480 / 10000: [ 0, 1, 0, 0, 0 ], [ 0, 3115, 339, 637 ]
9481 / 10000: [ 0, 2, 0, 0, 0 ], [ 0, 3116, 339, 637 ]
9482 / 10000: [ 0, 2, 0, 0, 0 ], [ 0, 3117, 339, 637 ]
9483 / 10000: [ 0, 0, 0, 0, 0 ], [ 0, 3117, 339, 637 ]
9484 / 10000: [ 0, 0, 0, 0, 0 ], [ 0, 3117, 339, 637 ]
9485 / 10000: [ 0, 0, 0, 0, 0 ], [ 0, 3117, 339, 637 ]
9486 / 10000: [ 0, 2, 0, 0, 0 ], [ 0, 3118, 339, 637 ]
9487 / 10000: [ 0, 2, 0, 0, 0 ], [ 0, 3119, 339, 637 ]
9488 / 10000: [ 0, 0, 0, 0, 0 ], [ 0, 3119, 339, 637 ]
9489 / 10000: [ 0, 2, 0, 0, 0 ], [ 0, 3120, 339, 637 ]
9490 / 10000: [ 0, 2, 0, 0, 0 ], [ 0, 3121, 339, 637 ]
9491 / 10000: [ 0, 2, 0, 0, 0 ], [ 0, 3122, 339, 637 ]
9492 / 10000: [ 0, 0, 0, 0, 0 ], [ 0, 3122, 339, 637 ]
9493 / 10000: [ 0, 2, 0, 0, 0 ], [ 0, 3123, 339, 637 ]
9494 / 10000: [ 0, 0, 0, 0, 0 ], [ 0, 3123, 339, 637 ]
9495 / 10000: [ 0, 1, 0, 0, 0 ], [ 0, 3123, 339, 637 ]
9496 / 10000: [ 0, 1, 0, 0, 0 ], [ 0, 3123, 339, 637 ]
9497 / 10000: [ 0, 1, 0, 1, 0 ], [ 0, 3123, 339, 638 ]
9498 / 10000: [ 0, 2, 0, 0, 0 ], [ 0, 3124, 339, 638 ]
9499 / 10000: [ 0, 1, 0, 0, 0 ], [ 0, 3124, 339, 638 ]
9500 / 10000: [ 0, 2, 0, 0, 0 ], [ 0, 3125, 339, 638 ]
9501 / 10000: [ 0, 2, 0, 0, 0 ], [ 0, 3126, 339, 638 ]
9502 / 10000: [ 0, 0, 0, 0, 0 ], [ 0, 3126, 339, 638 ]
9503 / 10000: [ 0, 1, 0, 0, 0 ], [ 0, 3126, 339, 638 ]
9504 / 10000: [ 0, 0, 0, 0, 0 ], [ 0, 3126, 339, 638 ]
9505 / 10000: [ 0, 1, 0, 0, 0 ], [ 0, 3126, 339, 638 ]
9506 / 10000: [ 0, 1, 0, 0, 0 ], [ 0, 3126, 339, 638 ]
9507 / 10000: [ 0, 0, 0, 0, 0 ], [ 0, 3126, 339, 638 ]
9508 / 10000: [ 0, 0, 0, 0, 0 ], [ 0, 3126, 339, 638 ]
9509 / 10000: [ 0, 2, 0, 0, 0 ], [ 0, 3127, 339, 638 ]
9510 / 10000: [ 0, 1, 0, 0, 0 ], [ 0, 3127, 339, 638 ]
9511 / 10000: [ 0, 2, 0, 0, 0 ], [ 0, 3128, 339, 638 ]
9512 / 10000: [ 0, 2, 0, 0, 0 ], [ 0, 3129, 339, 638 ]
9513 / 10000: [ 0, 2, 0, 0, 0 ], [ 0, 3130, 339, 638 ]
9514 / 10000: [ 0, 2, 0, 0, 0 ], [ 0, 3131, 339, 638 ]
9515 / 10000: [ 0, 2, 0, 0, 0 ], [ 0, 3132, 339, 638 ]
9516 / 10000: [ 0, 1, 0, 0, 0 ], [ 0, 3132, 339, 638 ]
9517 / 10000: [ 0, 0, 0, 0, 0 ], [ 0, 3132, 339, 638 ]
9518 / 10000: [ 0, 0, 0, 0, 0 ], [ 0, 3132, 339, 638 ]
9519 / 10000: [ 0, 2, 0, 0, 0 ], [ 0, 3133, 339, 638 ]
9520 / 10000: [ 0, 0, 0, 0, 0 ], [ 0, 3133, 339, 638 ]
9521 / 10000: [ 0, 2, 0, 0, 0 ], [ 0, 3134, 339, 638 ]
9522 / 10000: [ 0, 1, 0, 0, 0 ], [ 0, 3134, 339, 638 ]
9523 / 10000: [ 0, 1, 0, 0, 0 ], [ 0, 3134, 339, 638 ]
9524 / 10000: [ 0, 0, 0, 0, 0 ], [ 0, 3134, 339, 638 ]
9525 / 10000: [ 0, 2, 0, 0, 0 ], [ 0, 3135, 339, 638 ]
9526 / 10000: [ 0, 2, 0, 0, 0 ], [ 0, 3136, 339, 638 ]
9527 / 10000: [ 0, 1, 0, 0, 0 ], [ 0, 3136, 339, 638 ]
9528 / 10000: [ 0, 1, 1, 0, 0 ], [ 0, 3136, 340, 638 ]
9529 / 10000: [ 0, 1, 0, 0, 0 ], [ 0, 3136, 340, 638 ]
9530 / 10000: [ 0, 0, 0, 0, 0 ], [ 0, 3136, 340, 638 ]
9531 / 10000: [ 0, 1, 1, 0, 0 ], [ 0, 3136, 341, 638 ]
9532 / 10000: [ 0, 2, 0, 0, 0 ], [ 0, 3137, 341, 638 ]
9533 / 10000: [ 0, 2, 0, 0, 0 ], [ 0, 3138, 341, 638 ]
9534 / 10000: [ 0, 2, 0, 0, 0 ], [ 0, 3139, 341, 638 ]
9535 / 10000: [ 0, 0, 0, 0, 0 ], [ 0, 3139, 341, 638 ]
9536 / 10000: [ 0, 1, 0, 0, 0 ], [ 0, 3139, 341, 638 ]
9537 / 10000: [ 0, 1, 0, 0, 0 ], [ 0, 3139, 341, 638 ]
9538 / 10000: [ 0, 0, 0, 0, 0 ], [ 0, 3139, 341, 638 ]
9539 / 10000: [ 0, 0, 0, 0, 0 ], [ 0, 3139, 341, 638 ]
9540 / 10000: [ 0, 0, 0, 0, 0 ], [ 0, 3139, 341, 638 ]
9541 / 10000: [ 0, 2, 0, 0, 0 ], [ 0, 3140, 341, 638 ]
9542 / 10000: [ 0, 0, 0, 0, 0 ], [ 0, 3140, 341, 638 ]
9543 / 10000: [ 0, 0, 0, 0, 0 ], [ 0, 3140, 341, 638 ]
9544 / 10000: [ 0, 0, 0, 0, 0 ], [ 0, 3140, 341, 638 ]
9545 / 10000: [ 0, 1, 1, 0, 0 ], [ 0, 3140, 342, 638 ]
9546 / 10000: [ 0, 1, 0, 0, 0 ], [ 0, 3140, 342, 638 ]
9547 / 10000: [ 0, 0, 0, 0, 0 ], [ 0, 3140, 342, 638 ]
9548 / 10000: [ 0, 1, 0, 0, 0 ], [ 0, 3140, 342, 638 ]
9549 / 10000: [ 0, 2, 0, 0, 0 ], [ 0, 3141, 342, 638 ]
9550 / 10000: [ 0, 2, 0, 0, 0 ], [ 0, 3142, 342, 638 ]
9551 / 10000: [ 0, 1, 1, 0, 0 ], [ 0, 3142, 343, 638 ]
9552 / 10000: [ 0, 0, 0, 0, 0 ], [ 0, 3142, 343, 638 ]
9553 / 10000: [ 0, 0, 0, 0, 0 ], [ 0, 3142, 343, 638 ]
9554 / 10000: [ 0, 0, 0, 0, 0 ], [ 0, 3142, 343, 638 ]
9555 / 10000: [ 0, 1, 1, 0, 0 ], [ 0, 3142, 344, 638 ]
9556 / 10000: [ 0, 1, 1, 0, 0 ], [ 0, 3142, 345, 638 ]
9557 / 10000: [ 0, 0, 0, 0, 0 ], [ 0, 3142, 345, 638 ]
9558 / 10000: [ 0, 1, 0, 0, 0 ], [ 0, 3142, 345, 638 ]
9559 / 10000: [ 0, 0, 0, 0, 0 ], [ 0, 3142, 345, 638 ]
9560 / 10000: [ 0, 0, 0, 1, 0 ], [ 0, 3142, 345, 638 ]
9561 / 10000: [ 0, 0, 1, 0, 0 ], [ 0, 3142, 345, 638 ]
9562 / 10000: [ 0, 1, 1, 0, 0 ], [ 0, 3142, 346, 638 ]
9563 / 10000: [ 0, 0, 0, 0, 0 ], [ 0, 3142, 346, 638 ]
9564 / 10000: [ 0, 0, 0, 0, 0 ], [ 0, 3142, 346, 638 ]
9565 / 10000: [ 0, 0, 0, 0, 0 ], [ 0, 3142, 346, 638 ]
9566 / 10000: [ 0, 0, 0, 0, 0 ], [ 0, 3142, 346, 638 ]
9567 / 10000: [ 0, 2, 0, 0, 0 ], [ 0, 3143, 346, 638 ]
9568 / 10000: [ 0, 2, 0, 0, 0 ], [ 0, 3144, 346, 638 ]
9569 / 10000: [ 0, 1, 0, 0, 0 ], [ 0, 3144, 346, 638 ]
9570 / 10000: [ 0, 1, 0, 0, 0 ], [ 0, 3144, 346, 638 ]
9571 / 10000: [ 0, 1, 0, 0, 0 ], [ 0, 3144, 346, 638 ]
9572 / 10000: [ 0, 1, 0, 0, 0 ], [ 0, 3144, 346, 638 ]
9573 / 10000: [ 0, 0, 0, 0, 0 ], [ 0, 3144, 346, 638 ]
9574 / 10000: [ 0, 1, 0, 0, 0 ], [ 0, 3144, 346, 638 ]
9575 / 10000: [ 0, 0, 0, 0, 0 ], [ 0, 3144, 346, 638 ]
9576 / 10000: [ 0, 0, 0, 0, 0 ], [ 0, 3144, 346, 638 ]
9577 / 10000: [ 0, 1, 0, 0, 0 ], [ 0, 3144, 346, 638 ]
9578 / 10000: [ 0, 0, 0, 0, 0 ], [ 0, 3144, 346, 638 ]
9579 / 10000: [ 0, 1, 0, 0, 0 ], [ 0, 3144, 346, 638 ]
9580 / 10000: [ 0, 1, 1, 0, 0 ], [ 0, 3144, 347, 638 ]
9581 / 10000: [ 0, 0, 0, 0, 0 ], [ 0, 3144, 347, 638 ]
9582 / 10000: [ 0, 0, 0, 0, 0 ], [ 0, 3144, 347, 638 ]
9583 / 10000: [ 0, 2, 0, 0, 0 ], [ 0, 3145, 347, 638 ]
9584 / 10000: [ 0, 1, 0, 0, 0 ], [ 0, 3145, 347, 638 ]
9585 / 10000: [ 0, 0, 0, 0, 0 ], [ 0, 3145, 347, 638 ]
9586 / 10000: [ 0, 0, 0, 0, 0 ], [ 0, 3145, 347, 638 ]
9587 / 10000: [ 0, 0, 0, 0, 0 ], [ 0, 3145, 347, 638 ]
9588 / 10000: [ 0, 1, 0, 0, 0 ], [ 0, 3145, 347, 638 ]
9589 / 10000: [ 0, 1, 0, 0, 0 ], [ 0, 3145, 347, 638 ]
9590 / 10000: [ 0, 0, 0, 0, 0 ], [ 0, 3145, 347, 638 ]
9591 / 10000: [ 0, 2, 0, 0, 0 ], [ 0, 3146, 347, 638 ]
9592 / 10000: [ 0, 1, 0, 0, 0 ], [ 0, 3146, 347, 638 ]
9593 / 10000: [ 0, 1, 0, 0, 0 ], [ 0, 3146, 347, 638 ]
9594 / 10000: [ 0, 1, 0, 0, 0 ], [ 0, 3146, 347, 638 ]
9595 / 10000: [ 0, 0, 0, 0, 0 ], [ 0, 3146, 347, 638 ]
9596 / 10000: [ 0, 2, 0, 0, 0 ], [ 0, 3147, 347, 638 ]
9597 / 10000: [ 0, 0, 0, 0, 0 ], [ 0, 3147, 347, 638 ]
9598 / 10000: [ 0, 0, 0, 0, 0 ], [ 0, 3147, 347, 638 ]
9599 / 10000: [ 0, 0, 0, 0, 0 ], [ 0, 3147, 347, 638 ]
9600 / 10000: [ 0, 1, 0, 0, 0 ], [ 0, 3147, 347, 638 ]
9601 / 10000: [ 0, 2, 0, 0, 0 ], [ 0, 3148, 347, 638 ]
9602 / 10000: [ 0, 2, 0, 0, 0 ], [ 0, 3149, 347, 638 ]
9603 / 10000: [ 0, 2, 0, 0, 0 ], [ 0, 3150, 347, 638 ]
9604 / 10000: [ 0, 2, 0, 0, 0 ], [ 0, 3151, 347, 638 ]
9605 / 10000: [ 0, 2, 0, 0, 0 ], [ 0, 3152, 347, 638 ]
9606 / 10000: [ 0, 1, 0, 0, 0 ], [ 0, 3152, 347, 638 ]
9607 / 10000: [ 0, 2, 0, 0, 0 ], [ 0, 3153, 347, 638 ]
9608 / 10000: [ 0, 2, 0, 0, 0 ], [ 0, 3154, 347, 638 ]
9609 / 10000: [ 0, 1, 0, 0, 0 ], [ 0, 3154, 347, 638 ]
9610 / 10000: [ 0, 2, 0, 0, 0 ], [ 0, 3155, 347, 638 ]
9611 / 10000: [ 0, 1, 0, 0, 0 ], [ 0, 3155, 347, 638 ]
9612 / 10000: [ 0, 2, 0, 0, 0 ], [ 0, 3156, 347, 638 ]
9613 / 10000: [ 0, 1, 0, 0, 0 ], [ 0, 3156, 347, 638 ]
9614 / 10000: [ 0, 1, 0, 0, 0 ], [ 0, 3156, 347, 638 ]
9615 / 10000: [ 0, 2, 0, 0, 0 ], [ 0, 3157, 347, 638 ]
9616 / 10000: [ 0, 2, 0, 0, 0 ], [ 0, 3158, 347, 638 ]
9617 / 10000: [ 0, 2, 0, 0, 0 ], [ 0, 3159, 347, 638 ]
9618 / 10000: [ 0, 0, 0, 0, 0 ], [ 0, 3159, 347, 638 ]
9619 / 10000: [ 0, 2, 0, 0, 0 ], [ 0, 3160, 347, 638 ]
9620 / 10000: [ 0, 0, 0, 0, 0 ], [ 0, 3160, 347, 638 ]
9621 / 10000: [ 0, 1, 1, 0, 0 ], [ 0, 3160, 348, 638 ]
9622 / 10000: [ 0, 1, 0, 0, 0 ], [ 0, 3160, 348, 638 ]
9623 / 10000: [ 0, 1, 1, 0, 0 ], [ 0, 3160, 349, 638 ]
9624 / 10000: [ 0, 0, 0, 0, 0 ], [ 0, 3160, 349, 638 ]
9625 / 10000: [ 0, 1, 1, 0, 0 ], [ 0, 3160, 350, 638 ]
9626 / 10000: [ 0, 2, 0, 0, 0 ], [ 0, 3161, 350, 638 ]
9627 / 10000: [ 0, 2, 0, 0, 0 ], [ 0, 3162, 350, 638 ]
9628 / 10000: [ 0, 2, 0, 0, 0 ], [ 0, 3163, 350, 638 ]
9629 / 10000: [ 0, 2, 0, 0, 0 ], [ 0, 3164, 350, 638 ]
9630 / 10000: [ 0, 1, 0, 0, 0 ], [ 0, 3164, 350, 638 ]
9631 / 10000: [ 0, 2, 0, 0, 0 ], [ 0, 3165, 350, 638 ]
9632 / 10000: [ 0, 2, 0, 0, 0 ], [ 0, 3166, 350, 638 ]
9633 / 10000: [ 0, 2, 0, 0, 0 ], [ 0, 3167, 350, 638 ]
9634 / 10000: [ 0, 1, 0, 0, 0 ], [ 0, 3167, 350, 638 ]
9635 / 10000: [ 0, 2, 0, 0, 0 ], [ 0, 3168, 350, 638 ]
9636 / 10000: [ 0, 2, 0, 0, 0 ], [ 0, 3169, 350, 638 ]
9637 / 10000: [ 0, 1, 0, 0, 0 ], [ 0, 3169, 350, 638 ]
9638 / 10000: [ 0, 0, 0, 0, 0 ], [ 0, 3169, 350, 638 ]
9639 / 10000: [ 0, 0, 1, 0, 0 ], [ 0, 3169, 350, 638 ]
9640 / 10000: [ 0, 2, 0, 0, 0 ], [ 0, 3170, 350, 638 ]
9641 / 10000: [ 0, 2, 0, 0, 0 ], [ 0, 3171, 350, 638 ]
9642 / 10000: [ 0, 2, 0, 0, 0 ], [ 0, 3172, 350, 638 ]
9643 / 10000: [ 0, 0, 0, 0, 0 ], [ 0, 3172, 350, 638 ]
9644 / 10000: [ 0, 2, 0, 0, 0 ], [ 0, 3173, 350, 638 ]
9645 / 10000: [ 0, 1, 0, 0, 0 ], [ 0, 3173, 350, 638 ]
9646 / 10000: [ 0, 1, 1, 0, 0 ], [ 0, 3173, 351, 638 ]
9647 / 10000: [ 0, 2, 0, 0, 0 ], [ 0, 3174, 351, 638 ]
9648 / 10000: [ 0, 2, 0, 0, 0 ], [ 0, 3175, 351, 638 ]
9649 / 10000: [ 0, 2, 0, 0, 0 ], [ 0, 3176, 351, 638 ]
9650 / 10000: [ 0, 2, 0, 0, 0 ], [ 0, 3177, 351, 638 ]
9651 / 10000: [ 0, 2, 0, 0, 0 ], [ 0, 3178, 351, 638 ]
9652 / 10000: [ 0, 0, 0, 0, 0 ], [ 0, 3178, 351, 638 ]
9653 / 10000: [ 0, 1, 1, 0, 0 ], [ 0, 3178, 352, 638 ]
9654 / 10000: [ 0, 1, 0, 0, 0 ], [ 0, 3178, 352, 638 ]
9655 / 10000: [ 0, 2, 0, 0, 0 ], [ 0, 3179, 352, 638 ]
9656 / 10000: [ 0, 0, 0, 0, 0 ], [ 0, 3179, 352, 638 ]
9657 / 10000: [ 0, 0, 0, 0, 0 ], [ 0, 3179, 352, 638 ]
9658 / 10000: [ 0, 1, 0, 0, 0 ], [ 0, 3179, 352, 638 ]
9659 / 10000: [ 0, 1, 0, 0, 0 ], [ 0, 3179, 352, 638 ]
9660 / 10000: [ 0, 1, 0, 1, 0 ], [ 0, 3179, 352, 639 ]
9661 / 10000: [ 0, 2, 0, 0, 0 ], [ 0, 3180, 352, 639 ]
9662 / 10000: [ 0, 2, 0, 0, 0 ], [ 0, 3181, 352, 639 ]
9663 / 10000: [ 0, 1, 0, 0, 0 ], [ 0, 3181, 352, 639 ]
9664 / 10000: [ 0, 1, 0, 0, 0 ], [ 0, 3181, 352, 639 ]
9665 / 10000: [ 0, 2, 0, 0, 0 ], [ 0, 3182, 352, 639 ]
9666 / 10000: [ 0, 1, 1, 0, 0 ], [ 0, 3182, 353, 639 ]
9667 / 10000: [ 0, 0, 0, 0, 0 ], [ 0, 3182, 353, 639 ]
9668 / 10000: [ 0, 2, 0, 0, 0 ], [ 0, 3183, 353, 639 ]
9669 / 10000: [ 0, 2, 0, 0, 0 ], [ 0, 3184, 353, 639 ]
9670 / 10000: [ 0, 2, 0, 0, 0 ], [ 0, 3185, 353, 639 ]
9671 / 10000: [ 0, 1, 0, 0, 0 ], [ 0, 3185, 353, 639 ]
9672 / 10000: [ 0, 2, 0, 0, 0 ], [ 0, 3186, 353, 639 ]
9673 / 10000: [ 0, 2, 0, 0, 0 ], [ 0, 3187, 353, 639 ]
9674 / 10000: [ 0, 0, 0, 0, 0 ], [ 0, 3187, 353, 639 ]
9675 / 10000: [ 0, 1, 0, 0, 0 ], [ 0, 3187, 353, 639 ]
9676 / 10000: [ 0, 1, 0, 0, 0 ], [ 0, 3187, 353, 639 ]
9677 / 10000: [ 0, 1, 0, 0, 0 ], [ 0, 3187, 353, 639 ]
9678 / 10000: [ 0, 2, 0, 0, 0 ], [ 0, 3188, 353, 639 ]
9679 / 10000: [ 0, 2, 0, 0, 0 ], [ 0, 3189, 353, 639 ]
9680 / 10000: [ 0, 2, 0, 0, 0 ], [ 0, 3190, 353, 639 ]
9681 / 10000: [ 0, 2, 0, 0, 0 ], [ 0, 3191, 353, 639 ]
9682 / 10000: [ 0, 2, 0, 0, 0 ], [ 0, 3192, 353, 639 ]
9683 / 10000: [ 0, 0, 0, 0, 0 ], [ 0, 3192, 353, 639 ]
9684 / 10000: [ 0, 1, 0, 0, 0 ], [ 0, 3192, 353, 639 ]
9685 / 10000: [ 0, 0, 0, 0, 0 ], [ 0, 3192, 353, 639 ]
9686 / 10000: [ 0, 1, 0, 0, 0 ], [ 0, 3192, 353, 639 ]
9687 / 10000: [ 0, 1, 0, 0, 0 ], [ 0, 3192, 353, 639 ]
9688 / 10000: [ 0, 2, 0, 0, 0 ], [ 0, 3193, 353, 639 ]
9689 / 10000: [ 0, 2, 0, 0, 0 ], [ 0, 3194, 353, 639 ]
9690 / 10000: [ 0, 2, 0, 0, 0 ], [ 0, 3195, 353, 639 ]
9691 / 10000: [ 0, 2, 0, 0, 0 ], [ 0, 3196, 353, 639 ]
9692 / 10000: [ 0, 0, 0, 0, 0 ], [ 0, 3196, 353, 639 ]
9693 / 10000: [ 0, 2, 0, 0, 0 ], [ 0, 3197, 353, 639 ]
9694 / 10000: [ 0, 1, 0, 0, 0 ], [ 0, 3197, 353, 639 ]
9695 / 10000: [ 0, 1, 0, 0, 0 ], [ 0, 3197, 353, 639 ]
9696 / 10000: [ 0, 2, 0, 0, 0 ], [ 0, 3198, 353, 639 ]
9697 / 10000: [ 0, 1, 0, 0, 0 ], [ 0, 3198, 353, 639 ]
9698 / 10000: [ 0, 2, 0, 0, 0 ], [ 0, 3199, 353, 639 ]
9699 / 10000: [ 0, 2, 0, 0, 0 ], [ 0, 3200, 353, 639 ]
9700 / 10000: [ 0, 2, 0, 0, 0 ], [ 0, 3201, 353, 639 ]
9701 / 10000: [ 0, 2, 0, 0, 0 ], [ 0, 3202, 353, 639 ]
9702 / 10000: [ 0, 2, 0, 0, 0 ], [ 0, 3203, 353, 639 ]
9703 / 10000: [ 0, 2, 0, 0, 0 ], [ 0, 3204, 353, 639 ]
9704 / 10000: [ 0, 0, 0, 2, 0 ], [ 0, 3204, 353, 640 ]
9705 / 10000: [ 0, 1, 0, 1, 0 ], [ 0, 3204, 353, 641 ]
9706 / 10000: [ 0, 1, 0, 1, 0 ], [ 0, 3204, 353, 642 ]
9707 / 10000: [ 0, 0, 0, 2, 0 ], [ 0, 3204, 353, 643 ]
9708 / 10000: [ 0, 0, 0, 0, 0 ], [ 0, 3204, 353, 643 ]
9709 / 10000: [ 0, 2, 0, 0, 0 ], [ 0, 3205, 353, 643 ]
9710 / 10000: [ 0, 2, 0, 0, 0 ], [ 0, 3206, 353, 643 ]
9711 / 10000: [ 0, 1, 1, 0, 0 ], [ 0, 3206, 354, 643 ]
9712 / 10000: [ 0, 1, 0, 1, 0 ], [ 0, 3206, 354, 644 ]
9713 / 10000: [ 0, 2, 0, 0, 0 ], [ 0, 3207, 354, 644 ]
9714 / 10000: [ 0, 1, 0, 1, 0 ], [ 0, 3207, 354, 645 ]
9715 / 10000: [ 0, 2, 0, 0, 0 ], [ 0, 3208, 354, 645 ]
9716 / 10000: [ 0, 0, 0, 2, 0 ], [ 0, 3208, 354, 646 ]
9717 / 10000: [ 0, 0, 0, 1, 0 ], [ 0, 3208, 354, 646 ]
9718 / 10000: [ 0, 1, 0, 1, 0 ], [ 0, 3208, 354, 647 ]
9719 / 10000: [ 0, 0, 0, 0, 0 ], [ 0, 3208, 354, 647 ]
9720 / 10000: [ 0, 2, 0, 0, 0 ], [ 0, 3209, 354, 647 ]
9721 / 10000: [ 0, 1, 0, 0, 0 ], [ 0, 3209, 354, 647 ]
9722 / 10000: [ 0, 0, 0, 0, 0 ], [ 0, 3209, 354, 647 ]
9723 / 10000: [ 0, 2, 0, 0, 0 ], [ 0, 3210, 354, 647 ]
9724 / 10000: [ 0, 1, 0, 1, 0 ], [ 0, 3210, 354, 648 ]
9725 / 10000: [ 0, 1, 1, 0, 0 ], [ 0, 3210, 355, 648 ]
9726 / 10000: [ 0, 1, 1, 0, 0 ], [ 0, 3210, 356, 648 ]
9727 / 10000: [ 0, 2, 0, 0, 0 ], [ 0, 3211, 356, 648 ]
9728 / 10000: [ 0, 0, 2, 0, 0 ], [ 0, 3211, 357, 648 ]
9729 / 10000: [ 0, 0, 1, 0, 0 ], [ 0, 3211, 357, 648 ]
9730 / 10000: [ 0, 2, 0, 0, 0 ], [ 0, 3212, 357, 648 ]
9731 / 10000: [ 0, 2, 0, 0, 0 ], [ 0, 3213, 357, 648 ]
9732 / 10000: [ 0, 0, 0, 2, 0 ], [ 0, 3213, 357, 649 ]
9733 / 10000: [ 0, 0, 2, 0, 0 ], [ 0, 3213, 358, 649 ]
9734 / 10000: [ 0, 1, 0, 1, 0 ], [ 0, 3213, 358, 650 ]
9735 / 10000: [ 0, 1, 0, 0, 0 ], [ 0, 3213, 358, 650 ]
9736 / 10000: [ 0, 1, 0, 0, 0 ], [ 0, 3213, 358, 650 ]
9737 / 10000: [ 0, 0, 0, 2, 0 ], [ 0, 3213, 358, 651 ]
9738 / 10000: [ 0, 1, 0, 1, 0 ], [ 0, 3213, 358, 652 ]
9739 / 10000: [ 0, 0, 0, 0, 0 ], [ 0, 3213, 358, 652 ]
9740 / 10000: [ 0, 0, 0, 0, 0 ], [ 0, 3213, 358, 652 ]
9741 / 10000: [ 0, 2, 0, 0, 0 ], [ 0, 3214, 358, 652 ]
9742 / 10000: [ 0, 1, 0, 1, 0 ], [ 0, 3214, 358, 653 ]
9743 / 10000: [ 0, 0, 0, 0, 0 ], [ 0, 3214, 358, 653 ]
9744 / 10000: [ 0, 0, 0, 0, 0 ], [ 0, 3214, 358, 653 ]
9745 / 10000: [ 0, 1, 0, 0, 0 ], [ 0, 3214, 358, 653 ]
9746 / 10000: [ 0, 2, 0, 0, 0 ], [ 0, 3215, 358, 653 ]
9747 / 10000: [ 0, 2, 0, 0, 0 ], [ 0, 3216, 358, 653 ]
9748 / 10000: [ 0, 1, 0, 0, 0 ], [ 0, 3216, 358, 653 ]
9749 / 10000: [ 0, 2, 0, 0, 0 ], [ 0, 3217, 358, 653 ]
9750 / 10000: [ 0, 0, 0, 2, 0 ], [ 0, 3217, 358, 654 ]
9751 / 10000: [ 0, 1, 0, 1, 0 ], [ 0, 3217, 358, 655 ]
9752 / 10000: [ 0, 1, 0, 1, 0 ], [ 0, 3217, 358, 656 ]
9753 / 10000: [ 0, 2, 0, 0, 0 ], [ 0, 3218, 358, 656 ]
9754 / 10000: [ 0, 2, 0, 0, 0 ], [ 0, 3219, 358, 656 ]
9755 / 10000: [ 0, 2, 0, 0, 0 ], [ 0, 3220, 358, 656 ]
9756 / 10000: [ 0, 0, 0, 1, 0 ], [ 0, 3220, 358, 656 ]
9757 / 10000: [ 0, 2, 0, 0, 0 ], [ 0, 3221, 358, 656 ]
9758 / 10000: [ 0, 1, 0, 1, 0 ], [ 0, 3221, 358, 657 ]
9759 / 10000: [ 0, 1, 0, 1, 0 ], [ 0, 3221, 358, 658 ]
9760 / 10000: [ 0, 1, 0, 1, 0 ], [ 0, 3221, 358, 659 ]
9761 / 10000: [ 0, 2, 0, 0, 0 ], [ 0, 3222, 358, 659 ]
9762 / 10000: [ 0, 0, 1, 1, 0 ], [ 0, 3222, 358, 660 ]
9763 / 10000: [ 0, 0, 0, 0, 0 ], [ 0, 3222, 358, 660 ]
9764 / 10000: [ 0, 1, 0, 1, 0 ], [ 0, 3222, 358, 661 ]
9765 / 10000: [ 0, 2, 0, 0, 0 ], [ 0, 3223, 358, 661 ]
9766 / 10000: [ 0, 1, 0, 1, 0 ], [ 0, 3223, 358, 662 ]
9767 / 10000: [ 0, 1, 0, 0, 0 ], [ 0, 3223, 358, 662 ]
9768 / 10000: [ 0, 1, 0, 1, 0 ], [ 0, 3223, 358, 663 ]
9769 / 10000: [ 0, 2, 0, 0, 0 ], [ 0, 3224, 358, 663 ]
9770 / 10000: [ 0, 2, 0, 0, 0 ], [ 0, 3225, 358, 663 ]
9771 / 10000: [ 0, 1, 0, 1, 0 ], [ 0, 3225, 358, 664 ]
9772 / 10000: [ 0, 1, 0, 1, 0 ], [ 0, 3225, 358, 665 ]
9773 / 10000: [ 0, 0, 0, 1, 0 ], [ 0, 3225, 358, 665 ]
9774 / 10000: [ 0, 0, 0, 1, 0 ], [ 0, 3225, 358, 665 ]
9775 / 10000: [ 0, 0, 0, 0, 0 ], [ 0, 3225, 358, 665 ]
9776 / 10000: [ 0, 0, 0, 1, 1 ], [ 0, 3225, 358, 666 ]
9777 / 10000: [ 0, 0, 0, 0, 0 ], [ 0, 3225, 358, 666 ]
9778 / 10000: [ 0, 1, 0, 1, 0 ], [ 0, 3225, 358, 667 ]
9779 / 10000: [ 0, 2, 0, 0, 0 ], [ 0, 3226, 358, 667 ]
9780 / 10000: [ 0, 0, 1, 0, 0 ], [ 0, 3226, 358, 667 ]
9781 / 10000: [ 0, 2, 0, 0, 0 ], [ 0, 3227, 358, 667 ]
9782 / 10000: [ 0, 0, 0, 0, 0 ], [ 0, 3227, 358, 667 ]
9783 / 10000: [ 0, 1, 0, 0, 0 ], [ 0, 3227, 358, 667 ]
9784 / 10000: [ 0, 2, 0, 0, 0 ], [ 0, 3228, 358, 667 ]
9785 / 10000: [ 0, 0, 0, 2, 0 ], [ 0, 3228, 358, 668 ]
9786 / 10000: [ 0, 1, 0, 1, 0 ], [ 0, 3228, 358, 669 ]
9787 / 10000: [ 0, 0, 0, 0, 0 ], [ 0, 3228, 358, 669 ]
9788 / 10000: [ 0, 0, 0, 1, 0 ], [ 0, 3228, 358, 669 ]
9789 / 10000: [ 0, 1, 1, 0, 0 ], [ 0, 3228, 359, 669 ]
9790 / 10000: [ 0, 0, 0, 1, 0 ], [ 0, 3228, 359, 669 ]
9791 / 10000: [ 0, 0, 0, 2, 0 ], [ 0, 3228, 359, 670 ]
9792 / 10000: [ 0, 2, 0, 0, 0 ], [ 0, 3229, 359, 670 ]
9793 / 10000: [ 0, 0, 0, 1, 0 ], [ 0, 3229, 359, 670 ]
9794 / 10000: [ 0, 1, 0, 1, 0 ], [ 0, 3229, 359, 671 ]
9795 / 10000: [ 0, 1, 0, 1, 0 ], [ 0, 3229, 359, 672 ]
9796 / 10000: [ 0, 1, 0, 1, 0 ], [ 0, 3229, 359, 673 ]
9797 / 10000: [ 0, 1, 0, 0, 0 ], [ 0, 3229, 359, 673 ]
9798 / 10000: [ 0, 2, 0, 0, 0 ], [ 0, 3230, 359, 673 ]
9799 / 10000: [ 0, 0, 0, 1, 0 ], [ 0, 3230, 359, 673 ]
9800 / 10000: [ 0, 0, 0, 2, 0 ], [ 0, 3230, 359, 674 ]
9801 / 10000: [ 0, 2, 0, 0, 0 ], [ 0, 3231, 359, 674 ]
9802 / 10000: [ 0, 0, 1, 0, 0 ], [ 0, 3231, 359, 674 ]
9803 / 10000: [ 0, 2, 0, 0, 0 ], [ 0, 3232, 359, 674 ]
9804 / 10000: [ 0, 2, 0, 0, 0 ], [ 0, 3233, 359, 674 ]
9805 / 10000: [ 0, 2, 0, 0, 0 ], [ 0, 3234, 359, 674 ]
9806 / 10000: [ 0, 1, 0, 0, 0 ], [ 0, 3234, 359, 674 ]
9807 / 10000: [ 0, 2, 0, 0, 0 ], [ 0, 3235, 359, 674 ]
9808 / 10000: [ 0, 2, 0, 0, 0 ], [ 0, 3236, 359, 674 ]
9809 / 10000: [ 0, 1, 0, 0, 0 ], [ 0, 3236, 359, 674 ]
9810 / 10000: [ 0, 2, 0, 0, 0 ], [ 0, 3237, 359, 674 ]
9811 / 10000: [ 0, 2, 0, 0, 0 ], [ 0, 3238, 359, 674 ]
9812 / 10000: [ 0, 2, 0, 0, 0 ], [ 0, 3239, 359, 674 ]
9813 / 10000: [ 0, 2, 0, 0, 0 ], [ 0, 3240, 359, 674 ]
9814 / 10000: [ 0, 2, 0, 0, 0 ], [ 0, 3241, 359, 674 ]
9815 / 10000: [ 0, 2, 0, 0, 0 ], [ 0, 3242, 359, 674 ]
9816 / 10000: [ 0, 2, 0, 0, 0 ], [ 0, 3243, 359, 674 ]
9817 / 10000: [ 0, 2, 0, 0, 0 ], [ 0, 3244, 359, 674 ]
9818 / 10000: [ 0, 0, 0, 0, 0 ], [ 0, 3244, 359, 674 ]
9819 / 10000: [ 0, 2, 0, 0, 0 ], [ 0, 3245, 359, 674 ]
9820 / 10000: [ 0, 0, 0, 0, 0 ], [ 0, 3245, 359, 674 ]
9821 / 10000: [ 0, 1, 0, 0, 0 ], [ 0, 3245, 359, 674 ]
9822 / 10000: [ 0, 2, 0, 0, 0 ], [ 0, 3246, 359, 674 ]
9823 / 10000: [ 0, 1, 0, 0, 0 ], [ 0, 3246, 359, 674 ]
9824 / 10000: [ 0, 0, 0, 0, 0 ], [ 0, 3246, 359, 674 ]
9825 / 10000: [ 0, 2, 0, 0, 0 ], [ 0, 3247, 359, 674 ]
9826 / 10000: [ 0, 1, 0, 1, 0 ], [ 0, 3247, 359, 675 ]
9827 / 10000: [ 0, 2, 0, 0, 0 ], [ 0, 3248, 359, 675 ]
9828 / 10000: [ 0, 2, 0, 0, 0 ], [ 0, 3249, 359, 675 ]
9829 / 10000: [ 0, 2, 0, 0, 0 ], [ 0, 3250, 359, 675 ]
9830 / 10000: [ 0, 2, 0, 0, 0 ], [ 0, 3251, 359, 675 ]
9831 / 10000: [ 0, 2, 0, 0, 0 ], [ 0, 3252, 359, 675 ]
9832 / 10000: [ 0, 2, 0, 0, 0 ], [ 0, 3253, 359, 675 ]
9833 / 10000: [ 0, 2, 0, 0, 0 ], [ 0, 3254, 359, 675 ]
9834 / 10000: [ 0, 1, 0, 0, 0 ], [ 0, 3254, 359, 675 ]
9835 / 10000: [ 0, 2, 0, 0, 0 ], [ 0, 3255, 359, 675 ]
9836 / 10000: [ 0, 2, 0, 0, 0 ], [ 0, 3256, 359, 675 ]
9837 / 10000: [ 0, 1, 0, 0, 0 ], [ 0, 3256, 359, 675 ]
9838 / 10000: [ 0, 0, 0, 0, 0 ], [ 0, 3256, 359, 675 ]
9839 / 10000: [ 0, 0, 0, 0, 0 ], [ 0, 3256, 359, 675 ]
9840 / 10000: [ 0, 2, 0, 0, 0 ], [ 0, 3257, 359, 675 ]
9841 / 10000: [ 0, 1, 0, 0, 0 ], [ 0, 3257, 359, 675 ]
9842 / 10000: [ 0, 2, 0, 0, 0 ], [ 0, 3258, 359, 675 ]
9843 / 10000: [ 0, 0, 0, 0, 0 ], [ 0, 3258, 359, 675 ]
9844 / 10000: [ 0, 2, 0, 0, 0 ], [ 0, 3259, 359, 675 ]
9845 / 10000: [ 0, 1, 0, 0, 0 ], [ 0, 3259, 359, 675 ]
9846 / 10000: [ 0, 2, 0, 0, 0 ], [ 0, 3260, 359, 675 ]
9847 / 10000: [ 0, 0, 0, 0, 0 ], [ 0, 3260, 359, 675 ]
9848 / 10000: [ 0, 0, 1, 0, 0 ], [ 0, 3260, 359, 675 ]
9849 / 10000: [ 0, 2, 0, 0, 0 ], [ 0, 3261, 359, 675 ]
9850 / 10000: [ 0, 2, 0, 0, 0 ], [ 0, 3262, 359, 675 ]
9851 / 10000: [ 0, 2, 0, 0, 0 ], [ 0, 3263, 359, 675 ]
9852 / 10000: [ 0, 2, 0, 0, 0 ], [ 0, 3264, 359, 675 ]
9853 / 10000: [ 0, 0, 0, 0, 0 ], [ 0, 3264, 359, 675 ]
9854 / 10000: [ 0, 2, 0, 0, 0 ], [ 0, 3265, 359, 675 ]
9855 / 10000: [ 0, 2, 0, 0, 0 ], [ 0, 3266, 359, 675 ]
9856 / 10000: [ 0, 1, 0, 0, 0 ], [ 0, 3266, 359, 675 ]
9857 / 10000: [ 0, 0, 0, 0, 0 ], [ 0, 3266, 359, 675 ]
9858 / 10000: [ 0, 1, 0, 0, 0 ], [ 0, 3266, 359, 675 ]
9859 / 10000: [ 0, 2, 0, 0, 0 ], [ 0, 3267, 359, 675 ]
9860 / 10000: [ 0, 1, 0, 1, 0 ], [ 0, 3267, 359, 676 ]
9861 / 10000: [ 0, 2, 0, 0, 0 ], [ 0, 3268, 359, 676 ]
9862 / 10000: [ 0, 1, 1, 0, 0 ], [ 0, 3268, 360, 676 ]
9863 / 10000: [ 0, 0, 0, 0, 0 ], [ 0, 3268, 360, 676 ]
9864 / 10000: [ 0, 0, 0, 0, 0 ], [ 0, 3268, 360, 676 ]
9865 / 10000: [ 0, 2, 0, 0, 0 ], [ 0, 3269, 360, 676 ]
9866 / 10000: [ 0, 2, 0, 0, 0 ], [ 0, 3270, 360, 676 ]
9867 / 10000: [ 0, 0, 0, 0, 0 ], [ 0, 3270, 360, 676 ]
9868 / 10000: [ 0, 0, 0, 0, 0 ], [ 0, 3270, 360, 676 ]
9869 / 10000: [ 0, 2, 0, 0, 0 ], [ 0, 3271, 360, 676 ]
9870 / 10000: [ 0, 2, 0, 0, 0 ], [ 0, 3272, 360, 676 ]
9871 / 10000: [ 0, 2, 0, 0, 0 ], [ 0, 3273, 360, 676 ]
9872 / 10000: [ 0, 2, 0, 0, 0 ], [ 0, 3274, 360, 676 ]
9873 / 10000: [ 0, 2, 0, 0, 0 ], [ 0, 3275, 360, 676 ]
9874 / 10000: [ 0, 0, 0, 0, 0 ], [ 0, 3275, 360, 676 ]
9875 / 10000: [ 0, 1, 0, 0, 0 ], [ 0, 3275, 360, 676 ]
9876 / 10000: [ 0, 1, 0, 0, 0 ], [ 0, 3275, 360, 676 ]
9877 / 10000: [ 0, 1, 0, 0, 0 ], [ 0, 3275, 360, 676 ]
9878 / 10000: [ 0, 2, 0, 0, 0 ], [ 0, 3276, 360, 676 ]
9879 / 10000: [ 0, 2, 0, 0, 0 ], [ 0, 3277, 360, 676 ]
9880 / 10000: [ 0, 2, 0, 0, 0 ], [ 0, 3278, 360, 676 ]
9881 / 10000: [ 0, 2, 0, 0, 0 ], [ 0, 3279, 360, 676 ]
9882 / 10000: [ 0, 2, 0, 0, 0 ], [ 0, 3280, 360, 676 ]
9883 / 10000: [ 0, 0, 0, 0, 0 ], [ 0, 3280, 360, 676 ]
9884 / 10000: [ 0, 1, 1, 0, 0 ], [ 0, 3280, 361, 676 ]
9885 / 10000: [ 0, 0, 0, 0, 0 ], [ 0, 3280, 361, 676 ]
9886 / 10000: [ 0, 1, 0, 0, 0 ], [ 0, 3280, 361, 676 ]
9887 / 10000: [ 0, 2, 0, 0, 0 ], [ 0, 3281, 361, 676 ]
9888 / 10000: [ 0, 2, 0, 0, 0 ], [ 0, 3282, 361, 676 ]
9889 / 10000: [ 0, 2, 0, 0, 0 ], [ 0, 3283, 361, 676 ]
9890 / 10000: [ 0, 2, 0, 0, 0 ], [ 0, 3284, 361, 676 ]
9891 / 10000: [ 0, 2, 0, 0, 0 ], [ 0, 3285, 361, 676 ]
9892 / 10000: [ 0, 0, 0, 0, 0 ], [ 0, 3285, 361, 676 ]
9893 / 10000: [ 0, 2, 0, 0, 0 ], [ 0, 3286, 361, 676 ]
9894 / 10000: [ 0, 0, 0, 0, 0 ], [ 0, 3286, 361, 676 ]
9895 / 10000: [ 0, 1, 0, 0, 0 ], [ 0, 3286, 361, 676 ]
9896 / 10000: [ 0, 2, 0, 0, 0 ], [ 0, 3287, 361, 676 ]
9897 / 10000: [ 0, 1, 0, 0, 0 ], [ 0, 3287, 361, 676 ]
9898 / 10000: [ 0, 2, 0, 0, 0 ], [ 0, 3288, 361, 676 ]
9899 / 10000: [ 0, 2, 0, 0, 0 ], [ 0, 3289, 361, 676 ]
9900 / 10000: [ 0, 2, 0, 0, 0 ], [ 0, 3290, 361, 676 ]
9901 / 10000: [ 0, 0, 0, 0, 0 ], [ 0, 3290, 361, 676 ]
9902 / 10000: [ 0, 1, 0, 0, 0 ], [ 0, 3290, 361, 676 ]
9903 / 10000: [ 0, 2, 0, 0, 0 ], [ 0, 3291, 361, 676 ]
9904 / 10000: [ 0, 2, 0, 0, 0 ], [ 0, 3292, 361, 676 ]
9905 / 10000: [ 0, 0, 0, 0, 0 ], [ 0, 3292, 361, 676 ]
9906 / 10000: [ 0, 1, 0, 0, 0 ], [ 0, 3292, 361, 676 ]
9907 / 10000: [ 0, 1, 0, 0, 0 ], [ 0, 3292, 361, 676 ]
9908 / 10000: [ 0, 2, 0, 0, 0 ], [ 0, 3293, 361, 676 ]
9909 / 10000: [ 0, 0, 0, 0, 0 ], [ 0, 3293, 361, 676 ]
9910 / 10000: [ 0, 2, 0, 0, 0 ], [ 0, 3294, 361, 676 ]
9911 / 10000: [ 0, 1, 1, 0, 0 ], [ 0, 3294, 362, 676 ]
9912 / 10000: [ 0, 1, 0, 0, 0 ], [ 0, 3294, 362, 676 ]
9913 / 10000: [ 0, 1, 0, 0, 0 ], [ 0, 3294, 362, 676 ]
9914 / 10000: [ 0, 0, 0, 0, 0 ], [ 0, 3294, 362, 676 ]
9915 / 10000: [ 0, 1, 0, 0, 0 ], [ 0, 3294, 362, 676 ]
9916 / 10000: [ 0, 2, 0, 0, 0 ], [ 0, 3295, 362, 676 ]
9917 / 10000: [ 0, 2, 0, 0, 0 ], [ 0, 3296, 362, 676 ]
9918 / 10000: [ 0, 0, 0, 0, 0 ], [ 0, 3296, 362, 676 ]
9919 / 10000: [ 0, 2, 0, 0, 0 ], [ 0, 3297, 362, 676 ]
9920 / 10000: [ 0, 1, 0, 0, 0 ], [ 0, 3297, 362, 676 ]
9921 / 10000: [ 0, 1, 0, 0, 0 ], [ 0, 3297, 362, 676 ]
9922 / 10000: [ 0, 0, 0, 0, 0 ], [ 0, 3297, 362, 676 ]
9923 / 10000: [ 0, 1, 0, 0, 0 ], [ 0, 3297, 362, 676 ]
9924 / 10000: [ 0, 0, 0, 0, 0 ], [ 0, 3297, 362, 676 ]
9925 / 10000: [ 0, 0, 0, 0, 0 ], [ 0, 3297, 362, 676 ]
9926 / 10000: [ 0, 0, 0, 0, 0 ], [ 0, 3297, 362, 676 ]
9927 / 10000: [ 0, 0, 0, 0, 0 ], [ 0, 3297, 362, 676 ]
9928 / 10000: [ 0, 1, 0, 0, 0 ], [ 0, 3297, 362, 676 ]
9929 / 10000: [ 0, 2, 0, 0, 0 ], [ 0, 3298, 362, 676 ]
9930 / 10000: [ 0, 1, 0, 0, 0 ], [ 0, 3298, 362, 676 ]
9931 / 10000: [ 0, 0, 0, 0, 0 ], [ 0, 3298, 362, 676 ]
9932 / 10000: [ 0, 1, 0, 0, 0 ], [ 0, 3298, 362, 676 ]
9933 / 10000: [ 0, 0, 0, 0, 0 ], [ 0, 3298, 362, 676 ]
9934 / 10000: [ 0, 0, 0, 0, 0 ], [ 0, 3298, 362, 676 ]
9935 / 10000: [ 0, 2, 0, 0, 0 ], [ 0, 3299, 362, 676 ]
9936 / 10000: [ 0, 2, 0, 0, 0 ], [ 0, 3300, 362, 676 ]
9937 / 10000: [ 0, 1, 0, 0, 0 ], [ 0, 3300, 362, 676 ]
9938 / 10000: [ 0, 0, 0, 0, 0 ], [ 0, 3300, 362, 676 ]
9939 / 10000: [ 0, 0, 0, 0, 0 ], [ 0, 3300, 362, 676 ]
9940 / 10000: [ 0, 2, 0, 0, 0 ], [ 0, 3301, 362, 676 ]
9941 / 10000: [ 0, 0, 0, 0, 0 ], [ 0, 3301, 362, 676 ]
9942 / 10000: [ 0, 1, 0, 0, 0 ], [ 0, 3301, 362, 676 ]
9943 / 10000: [ 0, 0, 0, 0, 0 ], [ 0, 3301, 362, 676 ]
9944 / 10000: [ 0, 2, 0, 0, 0 ], [ 0, 3302, 362, 676 ]
9945 / 10000: [ 0, 1, 0, 0, 0 ], [ 0, 3302, 362, 676 ]
9946 / 10000: [ 0, 1, 0, 0, 0 ], [ 0, 3302, 362, 676 ]
9947 / 10000: [ 0, 1, 0, 0, 0 ], [ 0, 3302, 362, 676 ]
9948 / 10000: [ 0, 0, 0, 0, 0 ], [ 0, 3302, 362, 676 ]
9949 / 10000: [ 0, 0, 0, 0, 0 ], [ 0, 3302, 362, 676 ]
9950 / 10000: [ 0, 1, 0, 0, 0 ], [ 0, 3302, 362, 676 ]
9951 / 10000: [ 0, 1, 0, 0, 0 ], [ 0, 3302, 362, 676 ]
9952 / 10000: [ 0, 0, 0, 0, 0 ], [ 0, 3302, 362, 676 ]
9953 / 10000: [ 0, 1, 0, 0, 0 ], [ 0, 3302, 362, 676 ]
9954 / 10000: [ 0, 2, 0, 0, 0 ], [ 0, 3303, 362, 676 ]
9955 / 10000: [ 0, 2, 0, 0, 0 ], [ 0, 3304, 362, 676 ]
9956 / 10000: [ 0, 0, 0, 0, 0 ], [ 0, 3304, 362, 676 ]
9957 / 10000: [ 0, 0, 0, 0, 0 ], [ 0, 3304, 362, 676 ]
9958 / 10000: [ 0, 0, 0, 0, 0 ], [ 0, 3304, 362, 676 ]
9959 / 10000: [ 0, 1, 0, 0, 0 ], [ 0, 3304, 362, 676 ]
9960 / 10000: [ 0, 1, 0, 1, 0 ], [ 0, 3304, 362, 677 ]
9961 / 10000: [ 0, 1, 0, 0, 0 ], [ 0, 3304, 362, 677 ]
9962 / 10000: [ 0, 1, 0, 0, 0 ], [ 0, 3304, 362, 677 ]
9963 / 10000: [ 0, 0, 0, 0, 0 ], [ 0, 3304, 362, 677 ]
9964 / 10000: [ 0, 1, 0, 0, 0 ], [ 0, 3304, 362, 677 ]
9965 / 10000: [ 0, 1, 0, 0, 0 ], [ 0, 3304, 362, 677 ]
9966 / 10000: [ 0, 2, 0, 0, 0 ], [ 0, 3305, 362, 677 ]
9967 / 10000: [ 0, 1, 0, 0, 0 ], [ 0, 3305, 362, 677 ]
9968 / 10000: [ 0, 0, 0, 0, 0 ], [ 0, 3305, 362, 677 ]
9969 / 10000: [ 0, 0, 0, 0, 0 ], [ 0, 3305, 362, 677 ]
9970 / 10000: [ 0, 0, 0, 0, 0 ], [ 0, 3305, 362, 677 ]
9971 / 10000: [ 0, 1, 0, 0, 0 ], [ 0, 3305, 362, 677 ]
9972 / 10000: [ 0, 0, 0, 0, 0 ], [ 0, 3305, 362, 677 ]
9973 / 10000: [ 0, 0, 0, 0, 0 ], [ 0, 3305, 362, 677 ]
9974 / 10000: [ 0, 0, 0, 0, 0 ], [ 0, 3305, 362, 677 ]
9975 / 10000: [ 0, 1, 0, 0, 0 ], [ 0, 3305, 362, 677 ]
9976 / 10000: [ 0, 0, 0, 0, 0 ], [ 0, 3305, 362, 677 ]
9977 / 10000: [ 0, 0, 0, 0, 0 ], [ 0, 3305, 362, 677 ]
9978 / 10000: [ 0, 2, 0, 0, 0 ], [ 0, 3306, 362, 677 ]
9979 / 10000: [ 0, 0, 0, 0, 0 ], [ 0, 3306, 362, 677 ]
9980 / 10000: [ 0, 1, 0, 0, 0 ], [ 0, 3306, 362, 677 ]
9981 / 10000: [ 0, 1, 0, 0, 0 ], [ 0, 3306, 362, 677 ]
9982 / 10000: [ 0, 2, 0, 0, 0 ], [ 0, 3307, 362, 677 ]
9983 / 10000: [ 0, 0, 0, 0, 0 ], [ 0, 3307, 362, 677 ]
9984 / 10000: [ 0, 1, 0, 0, 0 ], [ 0, 3307, 362, 677 ]
9985 / 10000: [ 0, 0, 0, 1, 0 ], [ 0, 3307, 362, 677 ]
9986 / 10000: [ 0, 0, 0, 0, 0 ], [ 0, 3307, 362, 677 ]
9987 / 10000: [ 0, 1, 0, 0, 0 ], [ 0, 3307, 362, 677 ]
9988 / 10000: [ 0, 0, 0, 0, 0 ], [ 0, 3307, 362, 677 ]
9989 / 10000: [ 0, 1, 0, 0, 0 ], [ 0, 3307, 362, 677 ]
9990 / 10000: [ 0, 2, 0, 0, 0 ], [ 0, 3308, 362, 677 ]
9991 / 10000: [ 0, 1, 0, 0, 0 ], [ 0, 3308, 362, 677 ]
9992 / 10000: [ 0, 1, 0, 0, 0 ], [ 0, 3308, 362, 677 ]
9993 / 10000: [ 0, 2, 0, 0, 0 ], [ 0, 3309, 362, 677 ]
9994 / 10000: [ 0, 1, 0, 0, 0 ], [ 0, 3309, 362, 677 ]
9995 / 10000: [ 0, 1, 0, 0, 0 ], [ 0, 3309, 362, 677 ]
9996 / 10000: [ 0, 0, 0, 0, 0 ], [ 0, 3309, 362, 677 ]
9997 / 10000: [ 0, 0, 0, 0, 0 ], [ 0, 3309, 362, 677 ]
9998 / 10000: [ 0, 2, 0, 0, 0 ], [ 0, 3310, 362, 677 ]
9999 / 10000: [ 0, 1, 0, 0, 0 ], [ 0, 3310, 362, 677 ]
10000 / 10000: [ 0, 2, 0, 0, 0 ], [ 0, 3311, 362, 677 ]
<[ 0, 1, 1, 0, 0 ], 331>
<[ 0, 0, 0, 0, 2 ], 3>
<[ 0, 0, 0, 0, 1 ], 41>
<[ 0, 0, 0, 0, 0 ], 2921>
<[ 0, 0, 0, 2, 0 ], 211>
<[ 0, 1, 0, 1, 0 ], 383>
<[ 0, 0, 0, 1, 1 ], 31>
<[ 0, 0, 0, 1, 0 ], 306>
<[ 0, 1, 0, 0, 1 ], 23>
<[ 0, 1, 0, 0, 0 ], 2184>
<[ 0, 0, 2, 0, 0 ], 31>
<[ 0, 0, 1, 0, 1 ], 4>
<[ 0, 0, 1, 0, 0 ], 198>
<[ 0, 0, 1, 1, 0 ], 22>
<[ 0, 2, 0, 0, 0 ], 3311>
