1 / 4950: [ 0, 3, 1, 0, 0 ], [ 0, 0, 1, 0 ]
2 / 4950: [ 0, 4, 0, 0, 0 ], [ 0, 1, 1, 0 ]
3 / 4950: [ 0, 3, 1, 0, 0 ], [ 0, 1, 2, 0 ]
4 / 4950: [ 0, 3, 1, 0, 0 ], [ 0, 1, 3, 0 ]
5 / 4950: [ 0, 2, 2, 0, 0 ], [ 0, 1, 4, 0 ]
6 / 4950: [ 0, 4, 0, 0, 0 ], [ 0, 2, 4, 0 ]
7 / 4950: [ 0, 4, 0, 0, 0 ], [ 0, 3, 4, 0 ]
8 / 4950: [ 0, 1, 0, 0, 0 ], [ 0, 3, 4, 0 ]
9 / 4950: [ 0, 2, 0, 0, 0 ], [ 0, 3, 4, 0 ]
10 / 4950: [ 0, 1, 0, 0, 0 ], [ 0, 3, 4, 0 ]
11 / 4950: [ 0, 4, 0, 0, 0 ], [ 0, 4, 4, 0 ]
12 / 4950: [ 0, 2, 0, 0, 0 ], [ 0, 4, 4, 0 ]
13 / 4950: [ 0, 3, 0, 0, 0 ], [ 0, 4, 4, 0 ]
14 / 4950: [ 0, 4, 0, 0, 0 ], [ 0, 5, 4, 0 ]
15 / 4950: [ 0, 3, 0, 0, 0 ], [ 0, 5, 4, 0 ]
16 / 4950: [ 0, 4, 0, 0, 0 ], [ 0, 6, 4, 0 ]
17 / 4950: [ 0, 4, 0, 0, 0 ], [ 0, 7, 4, 0 ]
18 / 4950: [ 0, 4, 0, 0, 0 ], [ 0, 8, 4, 0 ]
19 / 4950: [ 0, 4, 0, 0, 0 ], [ 0, 9, 4, 0 ]
20 / 4950: [ 0, 3, 0, 0, 0 ], [ 0, 9, 4, 0 ]
21 / 4950: [ 0, 4, 0, 0, 0 ], [ 0, 10, 4, 0 ]
22 / 4950: [ 0, 0, 0, 0, 0 ], [ 0, 10, 4, 0 ]
23 / 4950: [ 0, 0, 2, 0, 0 ], [ 0, 10, 4, 0 ]
24 / 4950: [ 0, 4, 0, 0, 0 ], [ 0, 11, 4, 0 ]
25 / 4950: [ 0, 4, 0, 0, 0 ], [ 0, 12, 4, 0 ]
26 / 4950: [ 0, 1, 0, 0, 0 ], [ 0, 12, 4, 0 ]
27 / 4950: [ 0, 2, 0, 0, 0 ], [ 0, 12, 4, 0 ]
28 / 4950: [ 0, 4, 0, 0, 0 ], [ 0, 13, 4, 0 ]
29 / 4950: [ 0, 4, 0, 0, 0 ], [ 0, 14, 4, 0 ]
30 / 4950: [ 0, 4, 0, 0, 0 ], [ 0, 15, 4, 0 ]
31 / 4950: [ 0, 4, 0, 0, 0 ], [ 0, 16, 4, 0 ]
32 / 4950: [ 0, 0, 1, 0, 0 ], [ 0, 16, 4, 0 ]
33 / 4950: [ 0, 4, 0, 0, 0 ], [ 0, 17, 4, 0 ]
34 / 4950: [ 0, 4, 0, 0, 0 ], [ 0, 18, 4, 0 ]
35 / 4950: [ 0, 0, 0, 0, 0 ], [ 0, 18, 4, 0 ]
36 / 4950: [ 0, 0, 0, 0, 0 ], [ 0, 18, 4, 0 ]
37 / 4950: [ 0, 0, 0, 0, 0 ], [ 0, 18, 4, 0 ]
38 / 4950: [ 0, 3, 1, 0, 0 ], [ 0, 18, 5, 0 ]
39 / 4950: [ 0, 4, 0, 0, 0 ], [ 0, 19, 5, 0 ]
40 / 4950: [ 0, 4, 0, 0, 0 ], [ 0, 20, 5, 0 ]
41 / 4950: [ 0, 0, 0, 0, 0 ], [ 0, 20, 5, 0 ]
42 / 4950: [ 0, 4, 0, 0, 0 ], [ 0, 21, 5, 0 ]
43 / 4950: [ 0, 4, 0, 0, 0 ], [ 0, 22, 5, 0 ]
44 / 4950: [ 0, 4, 0, 0, 0 ], [ 0, 23, 5, 0 ]
45 / 4950: [ 0, 4, 0, 0, 0 ], [ 0, 24, 5, 0 ]
46 / 4950: [ 0, 4, 0, 0, 0 ], [ 0, 25, 5, 0 ]
47 / 4950: [ 0, 1, 0, 0, 0 ], [ 0, 25, 5, 0 ]
48 / 4950: [ 0, 4, 0, 0, 0 ], [ 0, 26, 5, 0 ]
49 / 4950: [ 0, 3, 0, 0, 0 ], [ 0, 26, 5, 0 ]
50 / 4950: [ 0, 2, 0, 0, 0 ], [ 0, 26, 5, 0 ]
51 / 4950: [ 0, 4, 0, 0, 0 ], [ 0, 27, 5, 0 ]
52 / 4950: [ 0, 2, 0, 0, 0 ], [ 0, 27, 5, 0 ]
53 / 4950: [ 0, 3, 0, 0, 0 ], [ 0, 27, 5, 0 ]
54 / 4950: [ 0, 4, 0, 0, 0 ], [ 0, 28, 5, 0 ]
55 / 4950: [ 0, 3, 0, 0, 0 ], [ 0, 28, 5, 0 ]
56 / 4950: [ 0, 4, 0, 0, 0 ], [ 0, 29, 5, 0 ]
57 / 4950: [ 0, 3, 0, 0, 0 ], [ 0, 29, 5, 0 ]
58 / 4950: [ 0, 4, 0, 0, 0 ], [ 0, 30, 5, 0 ]
59 / 4950: [ 0, 4, 0, 0, 0 ], [ 0, 31, 5, 0 ]
60 / 4950: [ 0, 4, 0, 0, 0 ], [ 0, 32, 5, 0 ]
61 / 4950: [ 0, 4, 0, 0, 0 ], [ 0, 33, 5, 0 ]
62 / 4950: [ 0, 3, 1, 0, 0 ], [ 0, 33, 6, 0 ]
63 / 4950: [ 0, 4, 0, 0, 0 ], [ 0, 34, 6, 0 ]
64 / 4950: [ 0, 4, 0, 0, 0 ], [ 0, 35, 6, 0 ]
65 / 4950: [ 0, 4, 0, 0, 0 ], [ 0, 36, 6, 0 ]
66 / 4950: [ 0, 4, 0, 0, 0 ], [ 0, 37, 6, 0 ]
67 / 4950: [ 0, 4, 0, 0, 0 ], [ 0, 38, 6, 0 ]
68 / 4950: [ 0, 4, 0, 0, 0 ], [ 0, 39, 6, 0 ]
69 / 4950: [ 0, 4, 0, 0, 0 ], [ 0, 40, 6, 0 ]
70 / 4950: [ 0, 0, 1, 0, 0 ], [ 0, 40, 6, 0 ]
71 / 4950: [ 0, 4, 0, 0, 0 ], [ 0, 41, 6, 0 ]
72 / 4950: [ 0, 2, 0, 0, 0 ], [ 0, 41, 6, 0 ]
73 / 4950: [ 0, 3, 0, 0, 0 ], [ 0, 41, 6, 0 ]
74 / 4950: [ 0, 3, 0, 0, 0 ], [ 0, 41, 6, 0 ]
75 / 4950: [ 0, 4, 0, 0, 0 ], [ 0, 42, 6, 0 ]
76 / 4950: [ 0, 3, 0, 0, 0 ], [ 0, 42, 6, 0 ]
77 / 4950: [ 0, 4, 0, 0, 0 ], [ 0, 43, 6, 0 ]
78 / 4950: [ 0, 4, 0, 0, 0 ], [ 0, 44, 6, 0 ]
79 / 4950: [ 0, 4, 0, 0, 0 ], [ 0, 45, 6, 0 ]
80 / 4950: [ 0, 3, 0, 0, 0 ], [ 0, 45, 6, 0 ]
81 / 4950: [ 0, 4, 0, 0, 0 ], [ 0, 46, 6, 0 ]
82 / 4950: [ 0, 0, 0, 0, 0 ], [ 0, 46, 6, 0 ]
83 / 4950: [ 0, 4, 0, 0, 0 ], [ 0, 47, 6, 0 ]
84 / 4950: [ 0, 3, 1, 0, 0 ], [ 0, 47, 7, 0 ]
85 / 4950: [ 0, 1, 0, 0, 0 ], [ 0, 47, 7, 0 ]
86 / 4950: [ 0, 2, 0, 0, 0 ], [ 0, 47, 7, 0 ]
87 / 4950: [ 0, 4, 0, 0, 0 ], [ 0, 48, 7, 0 ]
88 / 4950: [ 0, 4, 0, 0, 0 ], [ 0, 49, 7, 0 ]
89 / 4950: [ 0, 4, 0, 0, 0 ], [ 0, 50, 7, 0 ]
90 / 4950: [ 0, 4, 0, 0, 0 ], [ 0, 51, 7, 0 ]
91 / 4950: [ 0, 4, 0, 0, 0 ], [ 0, 52, 7, 0 ]
92 / 4950: [ 0, 4, 0, 0, 0 ], [ 0, 53, 7, 0 ]
93 / 4950: [ 0, 4, 0, 0, 0 ], [ 0, 54, 7, 0 ]
94 / 4950: [ 0, 3, 1, 0, 0 ], [ 0, 54, 8, 0 ]
95 / 4950: [ 0, 0, 0, 0, 0 ], [ 0, 54, 8, 0 ]
96 / 4950: [ 0, 3, 0, 0, 0 ], [ 0, 54, 8, 0 ]
97 / 4950: [ 0, 3, 0, 0, 0 ], [ 0, 54, 8, 0 ]
98 / 4950: [ 0, 4, 0, 0, 0 ], [ 0, 55, 8, 0 ]
99 / 4950: [ 0, 0, 0, 0, 0 ], [ 0, 55, 8, 0 ]
100 / 4950: [ 0, 3, 0, 0, 0 ], [ 0, 55, 8, 0 ]
101 / 4950: [ 0, 4, 0, 0, 0 ], [ 0, 56, 8, 0 ]
102 / 4950: [ 0, 4, 0, 0, 0 ], [ 0, 57, 8, 0 ]
103 / 4950: [ 0, 4, 0, 0, 0 ], [ 0, 58, 8, 0 ]
104 / 4950: [ 0, 4, 0, 0, 0 ], [ 0, 59, 8, 0 ]
105 / 4950: [ 0, 3, 0, 0, 0 ], [ 0, 59, 8, 0 ]
106 / 4950: [ 0, 1, 0, 0, 0 ], [ 0, 59, 8, 0 ]
107 / 4950: [ 0, 2, 0, 0, 0 ], [ 0, 59, 8, 0 ]
108 / 4950: [ 0, 4, 0, 0, 0 ], [ 0, 60, 8, 0 ]
109 / 4950: [ 0, 4, 0, 0, 0 ], [ 0, 61, 8, 0 ]
110 / 4950: [ 0, 0, 0, 0, 0 ], [ 0, 61, 8, 0 ]
111 / 4950: [ 0, 3, 0, 0, 0 ], [ 0, 61, 8, 0 ]
112 / 4950: [ 0, 3, 0, 0, 0 ], [ 0, 61, 8, 0 ]
113 / 4950: [ 0, 4, 0, 0, 0 ], [ 0, 62, 8, 0 ]
114 / 4950: [ 0, 0, 0, 0, 0 ], [ 0, 62, 8, 0 ]
115 / 4950: [ 0, 4, 0, 0, 0 ], [ 0, 63, 8, 0 ]
116 / 4950: [ 0, 4, 0, 0, 0 ], [ 0, 64, 8, 0 ]
117 / 4950: [ 0, 3, 0, 0, 0 ], [ 0, 64, 8, 0 ]
118 / 4950: [ 0, 0, 0, 0, 0 ], [ 0, 64, 8, 0 ]
119 / 4950: [ 0, 0, 0, 0, 0 ], [ 0, 64, 8, 0 ]
120 / 4950: [ 0, 4, 0, 0, 0 ], [ 0, 65, 8, 0 ]
121 / 4950: [ 0, 1, 0, 0, 0 ], [ 0, 65, 8, 0 ]
122 / 4950: [ 0, 3, 0, 0, 0 ], [ 0, 65, 8, 0 ]
123 / 4950: [ 0, 4, 0, 0, 0 ], [ 0, 66, 8, 0 ]
124 / 4950: [ 0, 4, 0, 0, 0 ], [ 0, 67, 8, 0 ]
125 / 4950: [ 0, 0, 0, 0, 0 ], [ 0, 67, 8, 0 ]
126 / 4950: [ 0, 2, 0, 0, 0 ], [ 0, 67, 8, 0 ]
127 / 4950: [ 0, 2, 1, 0, 0 ], [ 0, 67, 8, 0 ]
128 / 4950: [ 0, 4, 0, 0, 0 ], [ 0, 68, 8, 0 ]
129 / 4950: [ 0, 0, 0, 0, 0 ], [ 0, 68, 8, 0 ]
130 / 4950: [ 0, 4, 0, 0, 0 ], [ 0, 69, 8, 0 ]
131 / 4950: [ 0, 2, 0, 0, 0 ], [ 0, 69, 8, 0 ]
132 / 4950: [ 0, 3, 0, 0, 0 ], [ 0, 69, 8, 0 ]
133 / 4950: [ 0, 0, 0, 0, 0 ], [ 0, 69, 8, 0 ]
134 / 4950: [ 0, 3, 0, 0, 0 ], [ 0, 69, 8, 0 ]
135 / 4950: [ 0, 0, 0, 0, 0 ], [ 0, 69, 8, 0 ]
136 / 4950: [ 0, 4, 0, 0, 0 ], [ 0, 70, 8, 0 ]
137 / 4950: [ 0, 2, 0, 0, 0 ], [ 0, 70, 8, 0 ]
138 / 4950: [ 0, 3, 0, 0, 0 ], [ 0, 70, 8, 0 ]
139 / 4950: [ 0, 0, 0, 0, 0 ], [ 0, 70, 8, 0 ]
140 / 4950: [ 0, 2, 1, 0, 0 ], [ 0, 70, 8, 0 ]
141 / 4950: [ 0, 1, 0, 0, 0 ], [ 0, 70, 8, 0 ]
142 / 4950: [ 0, 4, 0, 0, 0 ], [ 0, 71, 8, 0 ]
143 / 4950: [ 0, 2, 1, 0, 0 ], [ 0, 71, 8, 0 ]
144 / 4950: [ 0, 0, 0, 0, 0 ], [ 0, 71, 8, 0 ]
145 / 4950: [ 0, 3, 0, 0, 0 ], [ 0, 71, 8, 0 ]
146 / 4950: [ 0, 3, 1, 0, 0 ], [ 0, 71, 9, 0 ]
147 / 4950: [ 0, 1, 0, 0, 0 ], [ 0, 71, 9, 0 ]
148 / 4950: [ 0, 0, 0, 0, 0 ], [ 0, 71, 9, 0 ]
149 / 4950: [ 0, 2, 0, 0, 0 ], [ 0, 71, 9, 0 ]
150 / 4950: [ 0, 0, 0, 0, 0 ], [ 0, 71, 9, 0 ]
151 / 4950: [ 0, 1, 0, 0, 0 ], [ 0, 71, 9, 0 ]
152 / 4950: [ 0, 0, 0, 0, 0 ], [ 0, 71, 9, 0 ]
153 / 4950: [ 0, 0, 0, 0, 0 ], [ 0, 71, 9, 0 ]
154 / 4950: [ 0, 0, 0, 0, 0 ], [ 0, 71, 9, 0 ]
155 / 4950: [ 0, 0, 0, 0, 0 ], [ 0, 71, 9, 0 ]
156 / 4950: [ 0, 4, 0, 0, 0 ], [ 0, 72, 9, 0 ]
157 / 4950: [ 0, 4, 0, 0, 0 ], [ 0, 73, 9, 0 ]
158 / 4950: [ 0, 0, 0, 0, 0 ], [ 0, 73, 9, 0 ]
159 / 4950: [ 0, 2, 0, 0, 0 ], [ 0, 73, 9, 0 ]
160 / 4950: [ 0, 2, 0, 0, 0 ], [ 0, 73, 9, 0 ]
161 / 4950: [ 0, 4, 0, 0, 0 ], [ 0, 74, 9, 0 ]
162 / 4950: [ 0, 0, 0, 0, 0 ], [ 0, 74, 9, 0 ]
163 / 4950: [ 0, 4, 0, 0, 0 ], [ 0, 75, 9, 0 ]
164 / 4950: [ 0, 4, 0, 0, 0 ], [ 0, 76, 9, 0 ]
165 / 4950: [ 0, 4, 0, 0, 0 ], [ 0, 77, 9, 0 ]
166 / 4950: [ 0, 0, 0, 0, 0 ], [ 0, 77, 9, 0 ]
167 / 4950: [ 0, 0, 0, 0, 0 ], [ 0, 77, 9, 0 ]
168 / 4950: [ 0, 4, 0, 0, 0 ], [ 0, 78, 9, 0 ]
169 / 4950: [ 0, 4, 0, 0, 0 ], [ 0, 79, 9, 0 ]
170 / 4950: [ 0, 4, 0, 0, 0 ], [ 0, 80, 9, 0 ]
171 / 4950: [ 0, 0, 0, 0, 0 ], [ 0, 80, 9, 0 ]
172 / 4950: [ 0, 0, 0, 0, 0 ], [ 0, 80, 9, 0 ]
173 / 4950: [ 0, 4, 0, 0, 0 ], [ 0, 81, 9, 0 ]
174 / 4950: [ 0, 2, 0, 0, 0 ], [ 0, 81, 9, 0 ]
175 / 4950: [ 0, 0, 1, 0, 0 ], [ 0, 81, 9, 0 ]
176 / 4950: [ 0, 0, 0, 0, 0 ], [ 0, 81, 9, 0 ]
177 / 4950: [ 0, 0, 0, 0, 0 ], [ 0, 81, 9, 0 ]
178 / 4950: [ 0, 1, 0, 0, 0 ], [ 0, 81, 9, 0 ]
179 / 4950: [ 0, 4, 0, 0, 0 ], [ 0, 82, 9, 0 ]
180 / 4950: [ 0, 4, 0, 0, 0 ], [ 0, 83, 9, 0 ]
181 / 4950: [ 0, 4, 0, 0, 0 ], [ 0, 84, 9, 0 ]
182 / 4950: [ 0, 1, 0, 0, 0 ], [ 0, 84, 9, 0 ]
183 / 4950: [ 0, 0, 1, 0, 0 ], [ 0, 84, 9, 0 ]
184 / 4950: [ 0, 4, 0, 0, 0 ], [ 0, 85, 9, 0 ]
185 / 4950: [ 0, 3, 0, 0, 0 ], [ 0, 85, 9, 0 ]
186 / 4950: [ 0, 3, 0, 0, 0 ], [ 0, 85, 9, 0 ]
187 / 4950: [ 0, 3, 0, 0, 0 ], [ 0, 85, 9, 0 ]
188 / 4950: [ 0, 1, 0, 0, 0 ], [ 0, 85, 9, 0 ]
189 / 4950: [ 0, 2, 0, 0, 0 ], [ 0, 85, 9, 0 ]
190 / 4950: [ 0, 0, 0, 0, 0 ], [ 0, 85, 9, 0 ]
191 / 4950: [ 0, 2, 0, 0, 0 ], [ 0, 85, 9, 0 ]
192 / 4950: [ 0, 3, 0, 0, 0 ], [ 0, 85, 9, 0 ]
193 / 4950: [ 0, 2, 0, 0, 0 ], [ 0, 85, 9, 0 ]
194 / 4950: [ 0, 2, 0, 0, 0 ], [ 0, 85, 9, 0 ]
195 / 4950: [ 0, 0, 0, 0, 0 ], [ 0, 85, 9, 0 ]
196 / 4950: [ 0, 1, 0, 0, 0 ], [ 0, 85, 9, 0 ]
197 / 4950: [ 0, 2, 1, 0, 0 ], [ 0, 85, 9, 0 ]
198 / 4950: [ 0, 4, 0, 0, 0 ], [ 0, 86, 9, 0 ]
199 / 4950: [ 0, 3, 0, 0, 0 ], [ 0, 86, 9, 0 ]
200 / 4950: [ 0, 4, 0, 0, 0 ], [ 0, 87, 9, 0 ]
201 / 4950: [ 0, 4, 0, 0, 0 ], [ 0, 88, 9, 0 ]
202 / 4950: [ 0, 3, 0, 0, 0 ], [ 0, 88, 9, 0 ]
203 / 4950: [ 0, 3, 0, 0, 0 ], [ 0, 88, 9, 0 ]
204 / 4950: [ 0, 0, 0, 0, 0 ], [ 0, 88, 9, 0 ]
205 / 4950: [ 0, 4, 0, 0, 0 ], [ 0, 89, 9, 0 ]
206 / 4950: [ 0, 4, 0, 0, 0 ], [ 0, 90, 9, 0 ]
207 / 4950: [ 0, 3, 0, 0, 0 ], [ 0, 90, 9, 0 ]
208 / 4950: [ 0, 2, 0, 0, 0 ], [ 0, 90, 9, 0 ]
209 / 4950: [ 0, 4, 0, 0, 0 ], [ 0, 91, 9, 0 ]
210 / 4950: [ 0, 2, 0, 0, 0 ], [ 0, 91, 9, 0 ]
211 / 4950: [ 0, 0, 1, 0, 0 ], [ 0, 91, 9, 0 ]
212 / 4950: [ 0, 0, 0, 0, 0 ], [ 0, 91, 9, 0 ]
213 / 4950: [ 0, 2, 0, 0, 0 ], [ 0, 91, 9, 0 ]
214 / 4950: [ 0, 4, 0, 0, 0 ], [ 0, 92, 9, 0 ]
215 / 4950: [ 0, 0, 0, 0, 0 ], [ 0, 92, 9, 0 ]
216 / 4950: [ 0, 3, 0, 0, 0 ], [ 0, 92, 9, 0 ]
217 / 4950: [ 0, 1, 0, 0, 0 ], [ 0, 92, 9, 0 ]
218 / 4950: [ 0, 3, 0, 0, 0 ], [ 0, 92, 9, 0 ]
219 / 4950: [ 0, 0, 0, 0, 0 ], [ 0, 92, 9, 0 ]
220 / 4950: [ 0, 0, 0, 0, 0 ], [ 0, 92, 9, 0 ]
221 / 4950: [ 0, 1, 0, 0, 0 ], [ 0, 92, 9, 0 ]
222 / 4950: [ 0, 1, 0, 0, 0 ], [ 0, 92, 9, 0 ]
223 / 4950: [ 0, 2, 0, 0, 0 ], [ 0, 92, 9, 0 ]
224 / 4950: [ 0, 2, 0, 0, 0 ], [ 0, 92, 9, 0 ]
225 / 4950: [ 0, 3, 0, 0, 0 ], [ 0, 92, 9, 0 ]
226 / 4950: [ 0, 4, 0, 0, 0 ], [ 0, 93, 9, 0 ]
227 / 4950: [ 0, 1, 0, 0, 0 ], [ 0, 93, 9, 0 ]
228 / 4950: [ 0, 1, 0, 0, 0 ], [ 0, 93, 9, 0 ]
229 / 4950: [ 0, 4, 0, 0, 0 ], [ 0, 94, 9, 0 ]
230 / 4950: [ 0, 3, 0, 0, 0 ], [ 0, 94, 9, 0 ]
231 / 4950: [ 0, 2, 0, 0, 0 ], [ 0, 94, 9, 0 ]
232 / 4950: [ 0, 4, 0, 0, 0 ], [ 0, 95, 9, 0 ]
233 / 4950: [ 0, 4, 0, 0, 0 ], [ 0, 96, 9, 0 ]
234 / 4950: [ 0, 2, 0, 0, 0 ], [ 0, 96, 9, 0 ]
235 / 4950: [ 0, 0, 0, 0, 0 ], [ 0, 96, 9, 0 ]
236 / 4950: [ 0, 3, 0, 0, 0 ], [ 0, 96, 9, 0 ]
237 / 4950: [ 0, 2, 0, 0, 0 ], [ 0, 96, 9, 0 ]
238 / 4950: [ 0, 0, 0, 0, 0 ], [ 0, 96, 9, 0 ]
239 / 4950: [ 0, 0, 0, 0, 0 ], [ 0, 96, 9, 0 ]
240 / 4950: [ 0, 4, 0, 0, 0 ], [ 0, 97, 9, 0 ]
241 / 4950: [ 0, 2, 0, 0, 0 ], [ 0, 97, 9, 0 ]
242 / 4950: [ 0, 3, 0, 0, 0 ], [ 0, 97, 9, 0 ]
243 / 4950: [ 0, 4, 0, 0, 0 ], [ 0, 98, 9, 0 ]
244 / 4950: [ 0, 4, 0, 0, 0 ], [ 0, 99, 9, 0 ]
245 / 4950: [ 0, 3, 0, 0, 0 ], [ 0, 99, 9, 0 ]
246 / 4950: [ 0, 3, 0, 0, 0 ], [ 0, 99, 9, 0 ]
247 / 4950: [ 0, 0, 0, 0, 0 ], [ 0, 99, 9, 0 ]
248 / 4950: [ 0, 0, 1, 0, 0 ], [ 0, 99, 9, 0 ]
249 / 4950: [ 0, 1, 0, 0, 0 ], [ 0, 99, 9, 0 ]
250 / 4950: [ 0, 0, 0, 0, 0 ], [ 0, 99, 9, 0 ]
251 / 4950: [ 0, 3, 0, 0, 0 ], [ 0, 99, 9, 0 ]
252 / 4950: [ 0, 1, 0, 0, 0 ], [ 0, 99, 9, 0 ]
253 / 4950: [ 0, 0, 0, 0, 0 ], [ 0, 99, 9, 0 ]
254 / 4950: [ 0, 4, 0, 0, 0 ], [ 0, 100, 9, 0 ]
255 / 4950: [ 0, 4, 0, 0, 0 ], [ 0, 101, 9, 0 ]
256 / 4950: [ 0, 4, 0, 0, 0 ], [ 0, 102, 9, 0 ]
257 / 4950: [ 0, 3, 0, 0, 0 ], [ 0, 102, 9, 0 ]
258 / 4950: [ 0, 2, 0, 0, 0 ], [ 0, 102, 9, 0 ]
259 / 4950: [ 0, 4, 0, 0, 0 ], [ 0, 103, 9, 0 ]
260 / 4950: [ 0, 4, 0, 0, 0 ], [ 0, 104, 9, 0 ]
261 / 4950: [ 0, 1, 0, 0, 0 ], [ 0, 104, 9, 0 ]
262 / 4950: [ 0, 3, 0, 0, 0 ], [ 0, 104, 9, 0 ]
263 / 4950: [ 0, 2, 0, 0, 0 ], [ 0, 104, 9, 0 ]
264 / 4950: [ 0, 3, 0, 0, 0 ], [ 0, 104, 9, 0 ]
265 / 4950: [ 0, 0, 0, 0, 0 ], [ 0, 104, 9, 0 ]
266 / 4950: [ 0, 4, 0, 0, 0 ], [ 0, 105, 9, 0 ]
267 / 4950: [ 0, 3, 0, 0, 0 ], [ 0, 105, 9, 0 ]
268 / 4950: [ 0, 1, 0, 0, 0 ], [ 0, 105, 9, 0 ]
269 / 4950: [ 0, 1, 0, 0, 0 ], [ 0, 105, 9, 0 ]
270 / 4950: [ 0, 1, 0, 0, 0 ], [ 0, 105, 9, 0 ]
271 / 4950: [ 0, 4, 0, 0, 0 ], [ 0, 106, 9, 0 ]
272 / 4950: [ 0, 0, 0, 0, 0 ], [ 0, 106, 9, 0 ]
273 / 4950: [ 0, 2, 0, 0, 0 ], [ 0, 106, 9, 0 ]
274 / 4950: [ 0, 2, 0, 0, 0 ], [ 0, 106, 9, 0 ]
275 / 4950: [ 0, 0, 0, 0, 0 ], [ 0, 106, 9, 0 ]
276 / 4950: [ 0, 3, 0, 0, 0 ], [ 0, 106, 9, 0 ]
277 / 4950: [ 0, 2, 0, 0, 0 ], [ 0, 106, 9, 0 ]
278 / 4950: [ 0, 4, 0, 0, 0 ], [ 0, 107, 9, 0 ]
279 / 4950: [ 0, 0, 0, 2, 0 ], [ 0, 107, 9, 0 ]
280 / 4950: [ 0, 1, 1, 0, 0 ], [ 0, 107, 9, 0 ]
281 / 4950: [ 0, 2, 0, 0, 0 ], [ 0, 107, 9, 0 ]
282 / 4950: [ 0, 2, 0, 0, 0 ], [ 0, 107, 9, 0 ]
283 / 4950: [ 0, 3, 0, 0, 0 ], [ 0, 107, 9, 0 ]
284 / 4950: [ 0, 1, 0, 0, 0 ], [ 0, 107, 9, 0 ]
285 / 4950: [ 0, 3, 1, 0, 0 ], [ 0, 107, 10, 0 ]
286 / 4950: [ 0, 2, 0, 2, 0 ], [ 0, 107, 10, 1 ]
287 / 4950: [ 0, 1, 0, 3, 0 ], [ 0, 107, 10, 2 ]
288 / 4950: [ 0, 2, 0, 2, 0 ], [ 0, 107, 10, 3 ]
289 / 4950: [ 0, 4, 0, 0, 0 ], [ 0, 108, 10, 3 ]
290 / 4950: [ 0, 0, 0, 3, 0 ], [ 0, 108, 10, 3 ]
291 / 4950: [ 0, 3, 1, 0, 0 ], [ 0, 108, 11, 3 ]
292 / 4950: [ 0, 1, 0, 1, 1 ], [ 0, 108, 11, 3 ]
293 / 4950: [ 0, 0, 1, 1, 0 ], [ 0, 108, 11, 3 ]
294 / 4950: [ 0, 2, 0, 1, 0 ], [ 0, 108, 11, 3 ]
295 / 4950: [ 0, 3, 1, 0, 0 ], [ 0, 108, 12, 3 ]
296 / 4950: [ 0, 2, 0, 2, 0 ], [ 0, 108, 12, 4 ]
297 / 4950: [ 0, 4, 0, 0, 0 ], [ 0, 109, 12, 4 ]
298 / 4950: [ 0, 1, 0, 2, 0 ], [ 0, 109, 12, 4 ]
299 / 4950: [ 0, 1, 0, 1, 0 ], [ 0, 109, 12, 4 ]
300 / 4950: [ 0, 3, 0, 0, 0 ], [ 0, 109, 12, 4 ]
301 / 4950: [ 0, 0, 1, 1, 0 ], [ 0, 109, 12, 4 ]
302 / 4950: [ 0, 4, 0, 0, 0 ], [ 0, 110, 12, 4 ]
303 / 4950: [ 0, 2, 0, 0, 0 ], [ 0, 110, 12, 4 ]
304 / 4950: [ 0, 1, 0, 1, 0 ], [ 0, 110, 12, 4 ]
305 / 4950: [ 0, 0, 0, 2, 0 ], [ 0, 110, 12, 4 ]
306 / 4950: [ 0, 0, 0, 2, 0 ], [ 0, 110, 12, 4 ]
307 / 4950: [ 0, 1, 1, 1, 0 ], [ 0, 110, 12, 4 ]
308 / 4950: [ 0, 1, 0, 0, 0 ], [ 0, 110, 12, 4 ]
309 / 4950: [ 0, 2, 1, 1, 0 ], [ 0, 110, 12, 5 ]
310 / 4950: [ 0, 3, 0, 1, 0 ], [ 0, 110, 12, 6 ]
311 / 4950: [ 0, 4, 0, 0, 0 ], [ 0, 111, 12, 6 ]
312 / 4950: [ 0, 2, 1, 1, 0 ], [ 0, 111, 12, 7 ]
313 / 4950: [ 0, 3, 0, 1, 0 ], [ 0, 111, 12, 8 ]
314 / 4950: [ 0, 3, 0, 0, 0 ], [ 0, 111, 12, 8 ]
315 / 4950: [ 0, 4, 0, 0, 0 ], [ 0, 112, 12, 8 ]
316 / 4950: [ 0, 1, 1, 1, 0 ], [ 0, 112, 12, 8 ]
317 / 4950: [ 0, 1, 0, 0, 1 ], [ 0, 112, 12, 8 ]
318 / 4950: [ 0, 1, 0, 2, 0 ], [ 0, 112, 12, 8 ]
319 / 4950: [ 0, 4, 0, 0, 0 ], [ 0, 113, 12, 8 ]
320 / 4950: [ 0, 3, 0, 1, 0 ], [ 0, 113, 12, 9 ]
321 / 4950: [ 0, 4, 0, 0, 0 ], [ 0, 114, 12, 9 ]
322 / 4950: [ 0, 2, 0, 1, 0 ], [ 0, 114, 12, 9 ]
323 / 4950: [ 0, 1, 0, 1, 0 ], [ 0, 114, 12, 9 ]
324 / 4950: [ 0, 1, 0, 2, 0 ], [ 0, 114, 12, 9 ]
325 / 4950: [ 2, 2, 0, 0, 0 ], [ 0, 115, 12, 9 ]
326 / 4950: [ 0, 4, 0, 0, 0 ], [ 0, 116, 12, 9 ]
327 / 4950: [ 0, 0, 0, 0, 0 ], [ 0, 116, 12, 9 ]
328 / 4950: [ 0, 4, 0, 0, 0 ], [ 0, 117, 12, 9 ]
329 / 4950: [ 0, 0, 0, 0, 0 ], [ 0, 117, 12, 9 ]
330 / 4950: [ 0, 4, 0, 0, 0 ], [ 0, 118, 12, 9 ]
331 / 4950: [ 0, 1, 0, 0, 0 ], [ 0, 118, 12, 9 ]
332 / 4950: [ 0, 0, 0, 0, 0 ], [ 0, 118, 12, 9 ]
333 / 4950: [ 0, 1, 0, 0, 0 ], [ 0, 118, 12, 9 ]
334 / 4950: [ 0, 4, 0, 0, 0 ], [ 0, 119, 12, 9 ]
335 / 4950: [ 0, 0, 0, 0, 0 ], [ 0, 119, 12, 9 ]
336 / 4950: [ 0, 2, 0, 0, 0 ], [ 0, 119, 12, 9 ]
337 / 4950: [ 0, 4, 0, 0, 0 ], [ 0, 120, 12, 9 ]
338 / 4950: [ 0, 3, 0, 0, 0 ], [ 0, 120, 12, 9 ]
339 / 4950: [ 0, 4, 0, 0, 0 ], [ 0, 121, 12, 9 ]
340 / 4950: [ 0, 1, 0, 0, 0 ], [ 0, 121, 12, 9 ]
341 / 4950: [ 0, 0, 0, 0, 0 ], [ 0, 121, 12, 9 ]
342 / 4950: [ 0, 1, 0, 0, 0 ], [ 0, 121, 12, 9 ]
343 / 4950: [ 0, 0, 0, 0, 0 ], [ 0, 121, 12, 9 ]
344 / 4950: [ 0, 0, 0, 0, 0 ], [ 0, 121, 12, 9 ]
345 / 4950: [ 0, 1, 0, 0, 0 ], [ 0, 121, 12, 9 ]
346 / 4950: [ 0, 0, 0, 0, 0 ], [ 0, 121, 12, 9 ]
347 / 4950: [ 0, 1, 0, 0, 0 ], [ 0, 121, 12, 9 ]
348 / 4950: [ 0, 4, 0, 0, 0 ], [ 0, 122, 12, 9 ]
349 / 4950: [ 0, 0, 0, 0, 0 ], [ 0, 122, 12, 9 ]
350 / 4950: [ 0, 0, 0, 0, 0 ], [ 0, 122, 12, 9 ]
351 / 4950: [ 0, 0, 0, 0, 0 ], [ 0, 122, 12, 9 ]
352 / 4950: [ 0, 3, 0, 0, 0 ], [ 0, 122, 12, 9 ]
353 / 4950: [ 0, 2, 1, 0, 0 ], [ 0, 122, 12, 9 ]
354 / 4950: [ 0, 3, 0, 0, 0 ], [ 0, 122, 12, 9 ]
355 / 4950: [ 0, 4, 0, 0, 0 ], [ 0, 123, 12, 9 ]
356 / 4950: [ 0, 1, 0, 0, 0 ], [ 0, 123, 12, 9 ]
357 / 4950: [ 0, 3, 0, 0, 0 ], [ 0, 123, 12, 9 ]
358 / 4950: [ 0, 4, 0, 0, 0 ], [ 0, 124, 12, 9 ]
359 / 4950: [ 0, 3, 0, 0, 0 ], [ 0, 124, 12, 9 ]
360 / 4950: [ 0, 0, 0, 0, 0 ], [ 0, 124, 12, 9 ]
361 / 4950: [ 0, 4, 0, 0, 0 ], [ 0, 125, 12, 9 ]
362 / 4950: [ 0, 4, 0, 0, 0 ], [ 0, 126, 12, 9 ]
363 / 4950: [ 0, 2, 1, 0, 0 ], [ 0, 126, 12, 9 ]
364 / 4950: [ 0, 0, 0, 0, 0 ], [ 0, 126, 12, 9 ]
365 / 4950: [ 0, 0, 0, 0, 0 ], [ 0, 126, 12, 9 ]
366 / 4950: [ 0, 4, 0, 0, 0 ], [ 0, 127, 12, 9 ]
367 / 4950: [ 0, 4, 0, 0, 0 ], [ 0, 128, 12, 9 ]
368 / 4950: [ 0, 3, 0, 0, 0 ], [ 0, 128, 12, 9 ]
369 / 4950: [ 0, 1, 0, 0, 0 ], [ 0, 128, 12, 9 ]
370 / 4950: [ 0, 4, 0, 0, 0 ], [ 0, 129, 12, 9 ]
371 / 4950: [ 0, 0, 0, 0, 0 ], [ 0, 129, 12, 9 ]
372 / 4950: [ 0, 4, 0, 0, 0 ], [ 0, 130, 12, 9 ]
373 / 4950: [ 0, 3, 0, 0, 0 ], [ 0, 130, 12, 9 ]
374 / 4950: [ 0, 0, 0, 0, 0 ], [ 0, 130, 12, 9 ]
375 / 4950: [ 0, 4, 0, 0, 0 ], [ 0, 131, 12, 9 ]
376 / 4950: [ 0, 4, 0, 0, 0 ], [ 0, 132, 12, 9 ]
377 / 4950: [ 0, 4, 0, 0, 0 ], [ 0, 133, 12, 9 ]
378 / 4950: [ 0, 0, 0, 0, 0 ], [ 0, 133, 12, 9 ]
379 / 4950: [ 0, 1, 1, 0, 0 ], [ 0, 133, 12, 9 ]
380 / 4950: [ 0, 4, 0, 0, 0 ], [ 0, 134, 12, 9 ]
381 / 4950: [ 0, 4, 0, 0, 0 ], [ 0, 135, 12, 9 ]
382 / 4950: [ 0, 4, 0, 0, 0 ], [ 0, 136, 12, 9 ]
383 / 4950: [ 0, 0, 0, 0, 0 ], [ 0, 136, 12, 9 ]
384 / 4950: [ 0, 2, 0, 0, 0 ], [ 0, 136, 12, 9 ]
385 / 4950: [ 0, 4, 0, 0, 0 ], [ 0, 137, 12, 9 ]
386 / 4950: [ 0, 4, 0, 0, 0 ], [ 0, 138, 12, 9 ]
387 / 4950: [ 0, 1, 0, 0, 0 ], [ 0, 138, 12, 9 ]
388 / 4950: [ 0, 4, 0, 0, 0 ], [ 0, 139, 12, 9 ]
389 / 4950: [ 0, 3, 0, 0, 0 ], [ 0, 139, 12, 9 ]
390 / 4950: [ 0, 4, 0, 0, 0 ], [ 0, 140, 12, 9 ]
391 / 4950: [ 0, 3, 0, 0, 0 ], [ 0, 140, 12, 9 ]
392 / 4950: [ 0, 0, 0, 0, 0 ], [ 0, 140, 12, 9 ]
393 / 4950: [ 0, 4, 0, 0, 0 ], [ 0, 141, 12, 9 ]
394 / 4950: [ 0, 4, 0, 0, 0 ], [ 0, 142, 12, 9 ]
395 / 4950: [ 0, 4, 0, 0, 0 ], [ 0, 143, 12, 9 ]
396 / 4950: [ 0, 0, 0, 0, 0 ], [ 0, 143, 12, 9 ]
397 / 4950: [ 0, 4, 0, 0, 0 ], [ 0, 144, 12, 9 ]
398 / 4950: [ 0, 0, 1, 0, 0 ], [ 0, 144, 12, 9 ]
399 / 4950: [ 0, 4, 0, 0, 0 ], [ 0, 145, 12, 9 ]
400 / 4950: [ 0, 1, 0, 0, 0 ], [ 0, 145, 12, 9 ]
401 / 4950: [ 0, 0, 0, 0, 0 ], [ 0, 145, 12, 9 ]
402 / 4950: [ 0, 0, 0, 0, 0 ], [ 0, 145, 12, 9 ]
403 / 4950: [ 0, 4, 0, 0, 0 ], [ 0, 146, 12, 9 ]
404 / 4950: [ 0, 4, 0, 0, 0 ], [ 0, 147, 12, 9 ]
405 / 4950: [ 0, 0, 1, 0, 0 ], [ 0, 147, 12, 9 ]
406 / 4950: [ 0, 3, 0, 0, 0 ], [ 0, 147, 12, 9 ]
407 / 4950: [ 0, 2, 0, 0, 0 ], [ 0, 147, 12, 9 ]
408 / 4950: [ 0, 4, 0, 0, 0 ], [ 0, 148, 12, 9 ]
409 / 4950: [ 0, 0, 0, 0, 0 ], [ 0, 148, 12, 9 ]
410 / 4950: [ 0, 1, 0, 0, 0 ], [ 0, 148, 12, 9 ]
411 / 4950: [ 0, 1, 0, 0, 0 ], [ 0, 148, 12, 9 ]
412 / 4950: [ 0, 2, 0, 0, 0 ], [ 0, 148, 12, 9 ]
413 / 4950: [ 0, 3, 0, 0, 0 ], [ 0, 148, 12, 9 ]
414 / 4950: [ 0, 2, 0, 0, 0 ], [ 0, 148, 12, 9 ]
415 / 4950: [ 0, 2, 0, 0, 0 ], [ 0, 148, 12, 9 ]
416 / 4950: [ 0, 3, 0, 0, 0 ], [ 0, 148, 12, 9 ]
417 / 4950: [ 0, 2, 0, 0, 0 ], [ 0, 148, 12, 9 ]
418 / 4950: [ 0, 1, 0, 0, 0 ], [ 0, 148, 12, 9 ]
419 / 4950: [ 0, 3, 0, 0, 0 ], [ 0, 148, 12, 9 ]
420 / 4950: [ 0, 0, 0, 0, 0 ], [ 0, 148, 12, 9 ]
421 / 4950: [ 0, 4, 0, 0, 0 ], [ 0, 149, 12, 9 ]
422 / 4950: [ 0, 1, 1, 0, 0 ], [ 0, 149, 12, 9 ]
423 / 4950: [ 0, 0, 0, 0, 0 ], [ 0, 149, 12, 9 ]
424 / 4950: [ 0, 2, 0, 0, 0 ], [ 0, 149, 12, 9 ]
425 / 4950: [ 0, 1, 0, 0, 0 ], [ 0, 149, 12, 9 ]
426 / 4950: [ 0, 3, 0, 0, 0 ], [ 0, 149, 12, 9 ]
427 / 4950: [ 0, 3, 0, 0, 0 ], [ 0, 149, 12, 9 ]
428 / 4950: [ 0, 1, 0, 0, 0 ], [ 0, 149, 12, 9 ]
429 / 4950: [ 0, 2, 0, 0, 0 ], [ 0, 149, 12, 9 ]
430 / 4950: [ 0, 3, 0, 0, 0 ], [ 0, 149, 12, 9 ]
431 / 4950: [ 0, 4, 0, 0, 0 ], [ 0, 150, 12, 9 ]
432 / 4950: [ 0, 4, 0, 0, 0 ], [ 0, 151, 12, 9 ]
433 / 4950: [ 0, 0, 0, 0, 0 ], [ 0, 151, 12, 9 ]
434 / 4950: [ 0, 1, 0, 0, 0 ], [ 0, 151, 12, 9 ]
435 / 4950: [ 0, 3, 1, 0, 0 ], [ 0, 151, 13, 9 ]
436 / 4950: [ 0, 3, 1, 0, 0 ], [ 0, 151, 14, 9 ]
437 / 4950: [ 0, 4, 0, 0, 0 ], [ 0, 152, 14, 9 ]
438 / 4950: [ 0, 2, 2, 0, 0 ], [ 0, 152, 15, 9 ]
439 / 4950: [ 0, 2, 0, 0, 0 ], [ 0, 152, 15, 9 ]
440 / 4950: [ 0, 1, 0, 0, 0 ], [ 0, 152, 15, 9 ]
441 / 4950: [ 0, 3, 0, 0, 0 ], [ 0, 152, 15, 9 ]
442 / 4950: [ 0, 4, 0, 0, 0 ], [ 0, 153, 15, 9 ]
443 / 4950: [ 0, 3, 0, 0, 0 ], [ 0, 153, 15, 9 ]
444 / 4950: [ 0, 3, 0, 0, 0 ], [ 0, 153, 15, 9 ]
445 / 4950: [ 0, 4, 0, 0, 0 ], [ 0, 154, 15, 9 ]
446 / 4950: [ 0, 0, 0, 0, 0 ], [ 0, 154, 15, 9 ]
447 / 4950: [ 0, 4, 0, 0, 0 ], [ 0, 155, 15, 9 ]
448 / 4950: [ 0, 1, 1, 0, 0 ], [ 0, 155, 15, 9 ]
449 / 4950: [ 0, 1, 2, 0, 0 ], [ 0, 155, 15, 9 ]
450 / 4950: [ 0, 4, 0, 0, 0 ], [ 0, 156, 15, 9 ]
451 / 4950: [ 0, 0, 0, 0, 0 ], [ 0, 156, 15, 9 ]
452 / 4950: [ 0, 1, 0, 0, 0 ], [ 0, 156, 15, 9 ]
453 / 4950: [ 0, 0, 0, 0, 0 ], [ 0, 156, 15, 9 ]
454 / 4950: [ 0, 2, 1, 0, 0 ], [ 0, 156, 15, 9 ]
455 / 4950: [ 0, 0, 0, 0, 0 ], [ 0, 156, 15, 9 ]
456 / 4950: [ 0, 1, 0, 0, 0 ], [ 0, 156, 15, 9 ]
457 / 4950: [ 0, 2, 0, 0, 0 ], [ 0, 156, 15, 9 ]
458 / 4950: [ 0, 1, 0, 0, 0 ], [ 0, 156, 15, 9 ]
459 / 4950: [ 0, 0, 0, 0, 0 ], [ 0, 156, 15, 9 ]
460 / 4950: [ 0, 3, 1, 0, 0 ], [ 0, 156, 16, 9 ]
461 / 4950: [ 0, 3, 1, 0, 0 ], [ 0, 156, 17, 9 ]
462 / 4950: [ 0, 3, 0, 0, 0 ], [ 0, 156, 17, 9 ]
463 / 4950: [ 0, 3, 1, 0, 0 ], [ 0, 156, 18, 9 ]
464 / 4950: [ 0, 4, 0, 0, 0 ], [ 0, 157, 18, 9 ]
465 / 4950: [ 0, 2, 0, 0, 0 ], [ 0, 157, 18, 9 ]
466 / 4950: [ 0, 3, 0, 0, 0 ], [ 0, 157, 18, 9 ]
467 / 4950: [ 0, 2, 0, 0, 0 ], [ 0, 157, 18, 9 ]
468 / 4950: [ 0, 2, 0, 0, 0 ], [ 0, 157, 18, 9 ]
469 / 4950: [ 0, 4, 0, 0, 0 ], [ 0, 158, 18, 9 ]
470 / 4950: [ 0, 2, 0, 0, 0 ], [ 0, 158, 18, 9 ]
471 / 4950: [ 0, 3, 0, 0, 0 ], [ 0, 158, 18, 9 ]
472 / 4950: [ 0, 4, 0, 0, 0 ], [ 0, 159, 18, 9 ]
473 / 4950: [ 0, 4, 0, 0, 0 ], [ 0, 160, 18, 9 ]
474 / 4950: [ 0, 0, 0, 0, 0 ], [ 0, 160, 18, 9 ]
475 / 4950: [ 0, 2, 0, 0, 0 ], [ 0, 160, 18, 9 ]
476 / 4950: [ 0, 4, 0, 0, 0 ], [ 0, 161, 18, 9 ]
477 / 4950: [ 0, 1, 0, 0, 0 ], [ 0, 161, 18, 9 ]
478 / 4950: [ 0, 0, 0, 0, 0 ], [ 0, 161, 18, 9 ]
479 / 4950: [ 0, 0, 0, 0, 0 ], [ 0, 161, 18, 9 ]
480 / 4950: [ 0, 3, 0, 0, 0 ], [ 0, 161, 18, 9 ]
481 / 4950: [ 0, 4, 0, 0, 0 ], [ 0, 162, 18, 9 ]
482 / 4950: [ 0, 3, 0, 0, 0 ], [ 0, 162, 18, 9 ]
483 / 4950: [ 0, 1, 0, 0, 0 ], [ 0, 162, 18, 9 ]
484 / 4950: [ 0, 4, 0, 0, 0 ], [ 0, 163, 18, 9 ]
485 / 4950: [ 0, 0, 0, 0, 0 ], [ 0, 163, 18, 9 ]
486 / 4950: [ 0, 4, 0, 0, 0 ], [ 0, 164, 18, 9 ]
487 / 4950: [ 0, 4, 0, 0, 0 ], [ 0, 165, 18, 9 ]
488 / 4950: [ 0, 0, 0, 0, 0 ], [ 0, 165, 18, 9 ]
489 / 4950: [ 0, 3, 0, 0, 0 ], [ 0, 165, 18, 9 ]
490 / 4950: [ 0, 4, 0, 0, 0 ], [ 0, 166, 18, 9 ]
491 / 4950: [ 0, 4, 0, 0, 0 ], [ 0, 167, 18, 9 ]
492 / 4950: [ 0, 0, 0, 0, 0 ], [ 0, 167, 18, 9 ]
493 / 4950: [ 0, 4, 0, 0, 0 ], [ 0, 168, 18, 9 ]
494 / 4950: [ 0, 4, 0, 0, 0 ], [ 0, 169, 18, 9 ]
495 / 4950: [ 0, 3, 0, 0, 0 ], [ 0, 169, 18, 9 ]
496 / 4950: [ 0, 2, 0, 0, 0 ], [ 0, 169, 18, 9 ]
497 / 4950: [ 0, 4, 0, 0, 0 ], [ 0, 170, 18, 9 ]
498 / 4950: [ 0, 4, 0, 0, 0 ], [ 0, 171, 18, 9 ]
499 / 4950: [ 0, 3, 0, 0, 0 ], [ 0, 171, 18, 9 ]
500 / 4950: [ 0, 0, 0, 0, 0 ], [ 0, 171, 18, 9 ]
501 / 4950: [ 0, 2, 0, 0, 0 ], [ 0, 171, 18, 9 ]
502 / 4950: [ 0, 3, 0, 0, 0 ], [ 0, 171, 18, 9 ]
503 / 4950: [ 0, 4, 0, 0, 0 ], [ 0, 172, 18, 9 ]
504 / 4950: [ 0, 2, 0, 0, 0 ], [ 0, 172, 18, 9 ]
505 / 4950: [ 0, 4, 0, 0, 0 ], [ 0, 173, 18, 9 ]
506 / 4950: [ 0, 3, 1, 0, 0 ], [ 0, 173, 19, 9 ]
507 / 4950: [ 0, 4, 0, 0, 0 ], [ 0, 174, 19, 9 ]
508 / 4950: [ 0, 4, 0, 0, 0 ], [ 0, 175, 19, 9 ]
509 / 4950: [ 0, 4, 0, 0, 0 ], [ 0, 176, 19, 9 ]
510 / 4950: [ 0, 4, 0, 0, 0 ], [ 0, 177, 19, 9 ]
511 / 4950: [ 0, 4, 0, 0, 0 ], [ 0, 178, 19, 9 ]
512 / 4950: [ 0, 2, 0, 0, 0 ], [ 0, 178, 19, 9 ]
513 / 4950: [ 0, 3, 1, 0, 0 ], [ 0, 178, 20, 9 ]
514 / 4950: [ 0, 0, 0, 0, 0 ], [ 0, 178, 20, 9 ]
515 / 4950: [ 0, 4, 0, 0, 0 ], [ 0, 179, 20, 9 ]
516 / 4950: [ 0, 0, 0, 0, 0 ], [ 0, 179, 20, 9 ]
517 / 4950: [ 0, 3, 0, 0, 0 ], [ 0, 179, 20, 9 ]
518 / 4950: [ 0, 2, 1, 0, 0 ], [ 0, 179, 20, 9 ]
519 / 4950: [ 0, 2, 1, 0, 0 ], [ 0, 179, 20, 9 ]
520 / 4950: [ 0, 0, 0, 0, 0 ], [ 0, 179, 20, 9 ]
521 / 4950: [ 0, 3, 0, 1, 0 ], [ 0, 179, 20, 10 ]
522 / 4950: [ 0, 2, 1, 1, 0 ], [ 0, 179, 20, 11 ]
523 / 4950: [ 0, 3, 0, 0, 0 ], [ 0, 179, 20, 11 ]
524 / 4950: [ 0, 4, 0, 0, 0 ], [ 0, 180, 20, 11 ]
525 / 4950: [ 0, 2, 0, 0, 0 ], [ 0, 180, 20, 11 ]
526 / 4950: [ 0, 1, 0, 0, 0 ], [ 0, 180, 20, 11 ]
527 / 4950: [ 0, 4, 0, 0, 0 ], [ 0, 181, 20, 11 ]
528 / 4950: [ 0, 4, 0, 0, 0 ], [ 0, 182, 20, 11 ]
529 / 4950: [ 0, 4, 0, 0, 0 ], [ 0, 183, 20, 11 ]
530 / 4950: [ 0, 3, 0, 0, 0 ], [ 0, 183, 20, 11 ]
531 / 4950: [ 0, 4, 0, 0, 0 ], [ 0, 184, 20, 11 ]
532 / 4950: [ 0, 2, 0, 0, 0 ], [ 0, 184, 20, 11 ]
533 / 4950: [ 0, 4, 0, 0, 0 ], [ 0, 185, 20, 11 ]
534 / 4950: [ 0, 3, 0, 0, 0 ], [ 0, 185, 20, 11 ]
535 / 4950: [ 0, 4, 0, 0, 0 ], [ 0, 186, 20, 11 ]
536 / 4950: [ 0, 3, 1, 0, 0 ], [ 0, 186, 21, 11 ]
537 / 4950: [ 0, 4, 0, 0, 0 ], [ 0, 187, 21, 11 ]
538 / 4950: [ 0, 0, 0, 0, 0 ], [ 0, 187, 21, 11 ]
539 / 4950: [ 0, 4, 0, 0, 0 ], [ 0, 188, 21, 11 ]
540 / 4950: [ 0, 4, 0, 0, 0 ], [ 0, 189, 21, 11 ]
541 / 4950: [ 0, 4, 0, 0, 0 ], [ 0, 190, 21, 11 ]
542 / 4950: [ 0, 4, 0, 0, 0 ], [ 0, 191, 21, 11 ]
543 / 4950: [ 0, 2, 0, 0, 0 ], [ 0, 191, 21, 11 ]
544 / 4950: [ 0, 1, 0, 0, 0 ], [ 0, 191, 21, 11 ]
545 / 4950: [ 0, 3, 1, 0, 0 ], [ 0, 191, 22, 11 ]
546 / 4950: [ 0, 1, 0, 0, 0 ], [ 0, 191, 22, 11 ]
547 / 4950: [ 0, 0, 0, 0, 0 ], [ 0, 191, 22, 11 ]
548 / 4950: [ 0, 1, 0, 0, 0 ], [ 0, 191, 22, 11 ]
549 / 4950: [ 0, 4, 0, 0, 0 ], [ 0, 192, 22, 11 ]
550 / 4950: [ 0, 1, 0, 0, 0 ], [ 0, 192, 22, 11 ]
551 / 4950: [ 0, 4, 0, 0, 0 ], [ 0, 193, 22, 11 ]
552 / 4950: [ 0, 3, 0, 0, 0 ], [ 0, 193, 22, 11 ]
553 / 4950: [ 0, 2, 0, 0, 0 ], [ 0, 193, 22, 11 ]
554 / 4950: [ 0, 0, 0, 2, 0 ], [ 0, 193, 22, 11 ]
555 / 4950: [ 0, 4, 0, 0, 0 ], [ 0, 194, 22, 11 ]
556 / 4950: [ 0, 2, 0, 0, 0 ], [ 0, 194, 22, 11 ]
557 / 4950: [ 0, 4, 0, 0, 0 ], [ 0, 195, 22, 11 ]
558 / 4950: [ 0, 2, 0, 0, 0 ], [ 0, 195, 22, 11 ]
559 / 4950: [ 0, 1, 0, 0, 0 ], [ 0, 195, 22, 11 ]
560 / 4950: [ 0, 3, 0, 0, 0 ], [ 0, 195, 22, 11 ]
561 / 4950: [ 0, 4, 0, 0, 0 ], [ 0, 196, 22, 11 ]
562 / 4950: [ 0, 4, 0, 0, 0 ], [ 0, 197, 22, 11 ]
563 / 4950: [ 0, 0, 0, 0, 0 ], [ 0, 197, 22, 11 ]
564 / 4950: [ 0, 4, 0, 0, 0 ], [ 0, 198, 22, 11 ]
565 / 4950: [ 0, 4, 0, 0, 0 ], [ 0, 199, 22, 11 ]
566 / 4950: [ 0, 2, 1, 0, 0 ], [ 0, 199, 22, 11 ]
567 / 4950: [ 0, 4, 0, 0, 0 ], [ 0, 200, 22, 11 ]
568 / 4950: [ 0, 2, 0, 0, 0 ], [ 0, 200, 22, 11 ]
569 / 4950: [ 0, 4, 0, 0, 0 ], [ 0, 201, 22, 11 ]
570 / 4950: [ 0, 2, 0, 0, 0 ], [ 0, 201, 22, 11 ]
571 / 4950: [ 0, 4, 0, 0, 0 ], [ 0, 202, 22, 11 ]
572 / 4950: [ 0, 2, 0, 0, 0 ], [ 0, 202, 22, 11 ]
573 / 4950: [ 0, 4, 0, 0, 0 ], [ 0, 203, 22, 11 ]
574 / 4950: [ 0, 2, 0, 0, 0 ], [ 0, 203, 22, 11 ]
575 / 4950: [ 0, 2, 0, 0, 0 ], [ 0, 203, 22, 11 ]
576 / 4950: [ 0, 2, 1, 0, 0 ], [ 0, 203, 22, 11 ]
577 / 4950: [ 0, 4, 0, 0, 0 ], [ 0, 204, 22, 11 ]
578 / 4950: [ 0, 4, 0, 0, 0 ], [ 0, 205, 22, 11 ]
579 / 4950: [ 0, 0, 0, 0, 0 ], [ 0, 205, 22, 11 ]
580 / 4950: [ 0, 4, 0, 0, 0 ], [ 0, 206, 22, 11 ]
581 / 4950: [ 0, 0, 0, 0, 0 ], [ 0, 206, 22, 11 ]
582 / 4950: [ 0, 3, 0, 0, 0 ], [ 0, 206, 22, 11 ]
583 / 4950: [ 0, 2, 1, 0, 0 ], [ 0, 206, 22, 11 ]
584 / 4950: [ 0, 3, 0, 0, 0 ], [ 0, 206, 22, 11 ]
585 / 4950: [ 0, 0, 0, 0, 0 ], [ 0, 206, 22, 11 ]
586 / 4950: [ 0, 0, 0, 1, 0 ], [ 0, 206, 22, 11 ]
587 / 4950: [ 0, 1, 0, 0, 0 ], [ 0, 206, 22, 11 ]
588 / 4950: [ 0, 3, 0, 0, 0 ], [ 0, 206, 22, 11 ]
589 / 4950: [ 0, 2, 0, 0, 0 ], [ 0, 206, 22, 11 ]
590 / 4950: [ 0, 4, 0, 0, 0 ], [ 0, 207, 22, 11 ]
591 / 4950: [ 0, 0, 0, 0, 0 ], [ 0, 207, 22, 11 ]
592 / 4950: [ 0, 2, 1, 0, 0 ], [ 0, 207, 22, 11 ]
593 / 4950: [ 0, 2, 0, 0, 0 ], [ 0, 207, 22, 11 ]
594 / 4950: [ 0, 0, 0, 0, 0 ], [ 0, 207, 22, 11 ]
595 / 4950: [ 0, 2, 0, 0, 0 ], [ 0, 207, 22, 11 ]
596 / 4950: [ 0, 2, 0, 0, 0 ], [ 0, 207, 22, 11 ]
597 / 4950: [ 0, 2, 0, 0, 0 ], [ 0, 207, 22, 11 ]
598 / 4950: [ 0, 4, 0, 0, 0 ], [ 0, 208, 22, 11 ]
599 / 4950: [ 0, 4, 0, 0, 0 ], [ 0, 209, 22, 11 ]
600 / 4950: [ 0, 1, 0, 0, 0 ], [ 0, 209, 22, 11 ]
601 / 4950: [ 0, 4, 0, 0, 0 ], [ 0, 210, 22, 11 ]
602 / 4950: [ 0, 3, 0, 0, 0 ], [ 0, 210, 22, 11 ]
603 / 4950: [ 0, 4, 0, 0, 0 ], [ 0, 211, 22, 11 ]
604 / 4950: [ 0, 3, 0, 0, 0 ], [ 0, 211, 22, 11 ]
605 / 4950: [ 0, 4, 0, 0, 0 ], [ 0, 212, 22, 11 ]
606 / 4950: [ 0, 3, 1, 0, 0 ], [ 0, 212, 23, 11 ]
607 / 4950: [ 0, 2, 1, 0, 0 ], [ 0, 212, 23, 11 ]
608 / 4950: [ 0, 2, 0, 0, 0 ], [ 0, 212, 23, 11 ]
609 / 4950: [ 0, 3, 0, 0, 0 ], [ 0, 212, 23, 11 ]
610 / 4950: [ 0, 1, 1, 0, 0 ], [ 0, 212, 23, 11 ]
611 / 4950: [ 0, 4, 0, 0, 0 ], [ 0, 213, 23, 11 ]
612 / 4950: [ 0, 4, 0, 0, 0 ], [ 0, 214, 23, 11 ]
613 / 4950: [ 0, 2, 0, 0, 0 ], [ 0, 214, 23, 11 ]
614 / 4950: [ 0, 4, 0, 0, 0 ], [ 0, 215, 23, 11 ]
615 / 4950: [ 0, 3, 0, 0, 0 ], [ 0, 215, 23, 11 ]
616 / 4950: [ 0, 3, 0, 0, 0 ], [ 0, 215, 23, 11 ]
617 / 4950: [ 0, 0, 0, 0, 0 ], [ 0, 215, 23, 11 ]
618 / 4950: [ 0, 2, 0, 0, 0 ], [ 0, 215, 23, 11 ]
619 / 4950: [ 0, 3, 0, 0, 0 ], [ 0, 215, 23, 11 ]
620 / 4950: [ 0, 3, 0, 1, 0 ], [ 0, 215, 23, 12 ]
621 / 4950: [ 0, 3, 1, 0, 0 ], [ 0, 215, 24, 12 ]
622 / 4950: [ 0, 0, 0, 0, 0 ], [ 0, 215, 24, 12 ]
623 / 4950: [ 0, 3, 0, 0, 0 ], [ 0, 215, 24, 12 ]
624 / 4950: [ 0, 4, 0, 0, 0 ], [ 0, 216, 24, 12 ]
625 / 4950: [ 0, 2, 0, 0, 0 ], [ 0, 216, 24, 12 ]
626 / 4950: [ 0, 0, 0, 0, 0 ], [ 0, 216, 24, 12 ]
627 / 4950: [ 0, 3, 0, 0, 0 ], [ 0, 216, 24, 12 ]
628 / 4950: [ 0, 0, 1, 0, 0 ], [ 0, 216, 24, 12 ]
629 / 4950: [ 0, 1, 0, 0, 0 ], [ 0, 216, 24, 12 ]
630 / 4950: [ 0, 4, 0, 0, 0 ], [ 0, 217, 24, 12 ]
631 / 4950: [ 0, 4, 0, 0, 0 ], [ 0, 218, 24, 12 ]
632 / 4950: [ 0, 2, 0, 0, 0 ], [ 0, 218, 24, 12 ]
633 / 4950: [ 0, 4, 0, 0, 0 ], [ 0, 219, 24, 12 ]
634 / 4950: [ 0, 4, 0, 0, 0 ], [ 0, 220, 24, 12 ]
635 / 4950: [ 0, 2, 0, 0, 0 ], [ 0, 220, 24, 12 ]
636 / 4950: [ 0, 4, 0, 0, 0 ], [ 0, 221, 24, 12 ]
637 / 4950: [ 0, 3, 0, 0, 0 ], [ 0, 221, 24, 12 ]
638 / 4950: [ 0, 3, 0, 0, 0 ], [ 0, 221, 24, 12 ]
639 / 4950: [ 0, 3, 0, 0, 0 ], [ 0, 221, 24, 12 ]
640 / 4950: [ 0, 2, 0, 0, 0 ], [ 0, 221, 24, 12 ]
641 / 4950: [ 0, 4, 0, 0, 0 ], [ 0, 222, 24, 12 ]
642 / 4950: [ 0, 4, 0, 0, 0 ], [ 0, 223, 24, 12 ]
643 / 4950: [ 0, 4, 0, 0, 0 ], [ 0, 224, 24, 12 ]
644 / 4950: [ 0, 2, 0, 0, 0 ], [ 0, 224, 24, 12 ]
645 / 4950: [ 0, 2, 0, 0, 0 ], [ 0, 224, 24, 12 ]
646 / 4950: [ 0, 2, 0, 0, 0 ], [ 0, 224, 24, 12 ]
647 / 4950: [ 0, 3, 0, 0, 0 ], [ 0, 224, 24, 12 ]
648 / 4950: [ 0, 1, 0, 0, 0 ], [ 0, 224, 24, 12 ]
649 / 4950: [ 0, 2, 0, 0, 0 ], [ 0, 224, 24, 12 ]
650 / 4950: [ 0, 2, 1, 0, 0 ], [ 0, 224, 24, 12 ]
651 / 4950: [ 0, 1, 0, 0, 0 ], [ 0, 224, 24, 12 ]
652 / 4950: [ 0, 1, 0, 0, 0 ], [ 0, 224, 24, 12 ]
653 / 4950: [ 0, 1, 0, 0, 0 ], [ 0, 224, 24, 12 ]
654 / 4950: [ 0, 3, 0, 0, 0 ], [ 0, 224, 24, 12 ]
655 / 4950: [ 0, 1, 0, 1, 0 ], [ 0, 224, 24, 12 ]
656 / 4950: [ 0, 1, 0, 1, 0 ], [ 0, 224, 24, 12 ]
657 / 4950: [ 0, 4, 0, 0, 0 ], [ 0, 225, 24, 12 ]
658 / 4950: [ 0, 3, 0, 0, 0 ], [ 0, 225, 24, 12 ]
659 / 4950: [ 0, 2, 0, 0, 0 ], [ 0, 225, 24, 12 ]
660 / 4950: [ 0, 1, 0, 0, 0 ], [ 0, 225, 24, 12 ]
661 / 4950: [ 0, 0, 0, 0, 0 ], [ 0, 225, 24, 12 ]
662 / 4950: [ 0, 2, 0, 0, 0 ], [ 0, 225, 24, 12 ]
663 / 4950: [ 0, 3, 0, 0, 0 ], [ 0, 225, 24, 12 ]
664 / 4950: [ 0, 4, 0, 0, 0 ], [ 0, 226, 24, 12 ]
665 / 4950: [ 0, 3, 0, 0, 0 ], [ 0, 226, 24, 12 ]
666 / 4950: [ 0, 4, 0, 0, 0 ], [ 0, 227, 24, 12 ]
667 / 4950: [ 0, 1, 0, 0, 0 ], [ 0, 227, 24, 12 ]
668 / 4950: [ 0, 4, 0, 0, 0 ], [ 0, 228, 24, 12 ]
669 / 4950: [ 0, 2, 0, 0, 0 ], [ 0, 228, 24, 12 ]
670 / 4950: [ 0, 1, 0, 0, 0 ], [ 0, 228, 24, 12 ]
671 / 4950: [ 0, 0, 0, 0, 0 ], [ 0, 228, 24, 12 ]
672 / 4950: [ 0, 0, 0, 0, 0 ], [ 0, 228, 24, 12 ]
673 / 4950: [ 0, 2, 0, 0, 0 ], [ 0, 228, 24, 12 ]
674 / 4950: [ 0, 0, 1, 0, 0 ], [ 0, 228, 24, 12 ]
675 / 4950: [ 0, 2, 0, 0, 0 ], [ 0, 228, 24, 12 ]
676 / 4950: [ 0, 1, 0, 0, 0 ], [ 0, 228, 24, 12 ]
677 / 4950: [ 0, 0, 0, 0, 0 ], [ 0, 228, 24, 12 ]
678 / 4950: [ 0, 0, 0, 0, 0 ], [ 0, 228, 24, 12 ]
679 / 4950: [ 0, 4, 0, 0, 0 ], [ 0, 229, 24, 12 ]
680 / 4950: [ 0, 2, 0, 0, 0 ], [ 0, 229, 24, 12 ]
681 / 4950: [ 0, 2, 0, 0, 0 ], [ 0, 229, 24, 12 ]
682 / 4950: [ 0, 1, 0, 0, 0 ], [ 0, 229, 24, 12 ]
683 / 4950: [ 0, 1, 0, 0, 0 ], [ 0, 229, 24, 12 ]
684 / 4950: [ 0, 1, 0, 0, 0 ], [ 0, 229, 24, 12 ]
685 / 4950: [ 0, 0, 0, 0, 0 ], [ 0, 229, 24, 12 ]
686 / 4950: [ 0, 2, 0, 0, 0 ], [ 0, 229, 24, 12 ]
687 / 4950: [ 0, 2, 0, 0, 0 ], [ 0, 229, 24, 12 ]
688 / 4950: [ 0, 0, 0, 0, 0 ], [ 0, 229, 24, 12 ]
689 / 4950: [ 0, 4, 0, 0, 0 ], [ 0, 230, 24, 12 ]
690 / 4950: [ 0, 4, 0, 0, 0 ], [ 0, 231, 24, 12 ]
691 / 4950: [ 0, 1, 1, 1, 0 ], [ 0, 231, 24, 12 ]
692 / 4950: [ 0, 2, 0, 0, 1 ], [ 0, 231, 24, 12 ]
693 / 4950: [ 0, 0, 0, 0, 0 ], [ 0, 231, 24, 12 ]
694 / 4950: [ 0, 1, 0, 0, 0 ], [ 0, 231, 24, 12 ]
695 / 4950: [ 0, 1, 1, 0, 0 ], [ 0, 231, 24, 12 ]
696 / 4950: [ 0, 1, 0, 0, 0 ], [ 0, 231, 24, 12 ]
697 / 4950: [ 0, 0, 0, 0, 0 ], [ 0, 231, 24, 12 ]
698 / 4950: [ 0, 1, 0, 0, 0 ], [ 0, 231, 24, 12 ]
699 / 4950: [ 0, 0, 0, 0, 0 ], [ 0, 231, 24, 12 ]
700 / 4950: [ 0, 1, 1, 0, 0 ], [ 0, 231, 24, 12 ]
701 / 4950: [ 0, 0, 0, 0, 0 ], [ 0, 231, 24, 12 ]
702 / 4950: [ 0, 1, 0, 0, 0 ], [ 0, 231, 24, 12 ]
703 / 4950: [ 0, 0, 0, 0, 0 ], [ 0, 231, 24, 12 ]
704 / 4950: [ 0, 0, 0, 0, 0 ], [ 0, 231, 24, 12 ]
705 / 4950: [ 0, 0, 1, 0, 0 ], [ 0, 231, 24, 12 ]
706 / 4950: [ 0, 2, 0, 0, 0 ], [ 0, 231, 24, 12 ]
707 / 4950: [ 0, 0, 0, 0, 0 ], [ 0, 231, 24, 12 ]
708 / 4950: [ 0, 1, 0, 0, 0 ], [ 0, 231, 24, 12 ]
709 / 4950: [ 0, 0, 0, 0, 0 ], [ 0, 231, 24, 12 ]
710 / 4950: [ 0, 4, 0, 0, 0 ], [ 0, 232, 24, 12 ]
711 / 4950: [ 0, 4, 0, 0, 0 ], [ 0, 233, 24, 12 ]
712 / 4950: [ 0, 0, 0, 0, 0 ], [ 0, 233, 24, 12 ]
713 / 4950: [ 0, 1, 1, 0, 0 ], [ 0, 233, 24, 12 ]
714 / 4950: [ 0, 0, 0, 0, 0 ], [ 0, 233, 24, 12 ]
715 / 4950: [ 0, 1, 1, 0, 0 ], [ 0, 233, 24, 12 ]
716 / 4950: [ 0, 1, 0, 0, 0 ], [ 0, 233, 24, 12 ]
717 / 4950: [ 0, 4, 0, 0, 0 ], [ 0, 234, 24, 12 ]
718 / 4950: [ 0, 0, 0, 0, 0 ], [ 0, 234, 24, 12 ]
719 / 4950: [ 0, 0, 0, 0, 0 ], [ 0, 234, 24, 12 ]
720 / 4950: [ 0, 4, 0, 0, 0 ], [ 0, 235, 24, 12 ]
721 / 4950: [ 0, 0, 0, 0, 0 ], [ 0, 235, 24, 12 ]
722 / 4950: [ 0, 1, 0, 0, 0 ], [ 0, 235, 24, 12 ]
723 / 4950: [ 0, 2, 0, 0, 0 ], [ 0, 235, 24, 12 ]
724 / 4950: [ 0, 1, 0, 0, 0 ], [ 0, 235, 24, 12 ]
725 / 4950: [ 0, 2, 0, 0, 0 ], [ 0, 235, 24, 12 ]
726 / 4950: [ 0, 0, 0, 0, 0 ], [ 0, 235, 24, 12 ]
727 / 4950: [ 0, 0, 0, 0, 0 ], [ 0, 235, 24, 12 ]
728 / 4950: [ 0, 1, 0, 0, 0 ], [ 0, 235, 24, 12 ]
729 / 4950: [ 0, 0, 0, 1, 0 ], [ 0, 235, 24, 12 ]
730 / 4950: [ 0, 1, 0, 0, 0 ], [ 0, 235, 24, 12 ]
731 / 4950: [ 0, 0, 0, 0, 0 ], [ 0, 235, 24, 12 ]
732 / 4950: [ 0, 1, 0, 0, 0 ], [ 0, 235, 24, 12 ]
733 / 4950: [ 0, 0, 0, 0, 0 ], [ 0, 235, 24, 12 ]
734 / 4950: [ 0, 1, 0, 0, 0 ], [ 0, 235, 24, 12 ]
735 / 4950: [ 0, 1, 0, 0, 0 ], [ 0, 235, 24, 12 ]
736 / 4950: [ 0, 4, 0, 0, 0 ], [ 0, 236, 24, 12 ]
737 / 4950: [ 0, 2, 0, 0, 0 ], [ 0, 236, 24, 12 ]
738 / 4950: [ 0, 1, 0, 0, 0 ], [ 0, 236, 24, 12 ]
739 / 4950: [ 0, 0, 0, 0, 0 ], [ 0, 236, 24, 12 ]
740 / 4950: [ 0, 0, 0, 0, 0 ], [ 0, 236, 24, 12 ]
741 / 4950: [ 0, 0, 0, 0, 0 ], [ 0, 236, 24, 12 ]
742 / 4950: [ 0, 0, 0, 0, 0 ], [ 0, 236, 24, 12 ]
743 / 4950: [ 0, 1, 1, 0, 0 ], [ 0, 236, 24, 12 ]
744 / 4950: [ 0, 4, 0, 0, 0 ], [ 0, 237, 24, 12 ]
745 / 4950: [ 0, 4, 0, 0, 0 ], [ 0, 238, 24, 12 ]
746 / 4950: [ 0, 1, 0, 0, 0 ], [ 0, 238, 24, 12 ]
747 / 4950: [ 0, 2, 0, 0, 0 ], [ 0, 238, 24, 12 ]
748 / 4950: [ 0, 4, 0, 0, 0 ], [ 0, 239, 24, 12 ]
749 / 4950: [ 0, 4, 0, 0, 0 ], [ 0, 240, 24, 12 ]
750 / 4950: [ 0, 0, 0, 0, 0 ], [ 0, 240, 24, 12 ]
751 / 4950: [ 0, 4, 0, 0, 0 ], [ 0, 241, 24, 12 ]
752 / 4950: [ 0, 2, 0, 0, 0 ], [ 0, 241, 24, 12 ]
753 / 4950: [ 0, 3, 0, 0, 0 ], [ 0, 241, 24, 12 ]
754 / 4950: [ 0, 3, 0, 0, 0 ], [ 0, 241, 24, 12 ]
755 / 4950: [ 0, 2, 0, 0, 0 ], [ 0, 241, 24, 12 ]
756 / 4950: [ 0, 0, 0, 0, 0 ], [ 0, 241, 24, 12 ]
757 / 4950: [ 0, 4, 0, 0, 0 ], [ 0, 242, 24, 12 ]
758 / 4950: [ 0, 4, 0, 0, 0 ], [ 0, 243, 24, 12 ]
759 / 4950: [ 0, 0, 0, 0, 0 ], [ 0, 243, 24, 12 ]
760 / 4950: [ 0, 4, 0, 0, 0 ], [ 0, 244, 24, 12 ]
761 / 4950: [ 0, 3, 0, 0, 0 ], [ 0, 244, 24, 12 ]
762 / 4950: [ 0, 3, 0, 0, 0 ], [ 0, 244, 24, 12 ]
763 / 4950: [ 0, 2, 0, 0, 0 ], [ 0, 244, 24, 12 ]
764 / 4950: [ 0, 0, 0, 0, 0 ], [ 0, 244, 24, 12 ]
765 / 4950: [ 0, 0, 0, 0, 0 ], [ 0, 244, 24, 12 ]
766 / 4950: [ 0, 1, 1, 0, 0 ], [ 0, 244, 24, 12 ]
767 / 4950: [ 0, 0, 0, 1, 1 ], [ 0, 244, 24, 12 ]
768 / 4950: [ 0, 2, 0, 0, 0 ], [ 0, 244, 24, 12 ]
769 / 4950: [ 0, 2, 0, 0, 0 ], [ 0, 244, 24, 12 ]
770 / 4950: [ 0, 4, 0, 0, 0 ], [ 0, 245, 24, 12 ]
771 / 4950: [ 0, 0, 0, 0, 0 ], [ 0, 245, 24, 12 ]
772 / 4950: [ 0, 2, 0, 0, 0 ], [ 0, 245, 24, 12 ]
773 / 4950: [ 0, 4, 0, 0, 0 ], [ 0, 246, 24, 12 ]
774 / 4950: [ 0, 2, 0, 0, 0 ], [ 0, 246, 24, 12 ]
775 / 4950: [ 0, 3, 0, 0, 0 ], [ 0, 246, 24, 12 ]
776 / 4950: [ 0, 4, 0, 0, 0 ], [ 0, 247, 24, 12 ]
777 / 4950: [ 0, 4, 0, 0, 0 ], [ 0, 248, 24, 12 ]
778 / 4950: [ 0, 3, 0, 0, 0 ], [ 0, 248, 24, 12 ]
779 / 4950: [ 0, 0, 1, 0, 0 ], [ 0, 248, 24, 12 ]
780 / 4950: [ 0, 4, 0, 0, 0 ], [ 0, 249, 24, 12 ]
781 / 4950: [ 0, 4, 0, 0, 0 ], [ 0, 250, 24, 12 ]
782 / 4950: [ 0, 4, 0, 0, 0 ], [ 0, 251, 24, 12 ]
783 / 4950: [ 0, 4, 0, 0, 0 ], [ 0, 252, 24, 12 ]
784 / 4950: [ 0, 0, 2, 0, 0 ], [ 0, 252, 24, 12 ]
785 / 4950: [ 0, 2, 0, 0, 0 ], [ 0, 252, 24, 12 ]
786 / 4950: [ 0, 2, 0, 0, 0 ], [ 0, 252, 24, 12 ]
787 / 4950: [ 0, 4, 0, 0, 0 ], [ 0, 253, 24, 12 ]
788 / 4950: [ 0, 1, 1, 0, 0 ], [ 0, 253, 24, 12 ]
789 / 4950: [ 0, 4, 0, 0, 0 ], [ 0, 254, 24, 12 ]
790 / 4950: [ 0, 4, 0, 0, 0 ], [ 0, 255, 24, 12 ]
791 / 4950: [ 0, 3, 1, 0, 0 ], [ 0, 255, 25, 12 ]
792 / 4950: [ 0, 4, 0, 0, 0 ], [ 0, 256, 25, 12 ]
793 / 4950: [ 0, 4, 0, 0, 0 ], [ 0, 257, 25, 12 ]
794 / 4950: [ 0, 4, 0, 0, 0 ], [ 0, 258, 25, 12 ]
795 / 4950: [ 0, 3, 1, 0, 0 ], [ 0, 258, 26, 12 ]
796 / 4950: [ 0, 0, 0, 0, 0 ], [ 0, 258, 26, 12 ]
797 / 4950: [ 0, 1, 2, 0, 0 ], [ 0, 258, 26, 12 ]
798 / 4950: [ 0, 2, 0, 0, 0 ], [ 0, 258, 26, 12 ]
799 / 4950: [ 0, 0, 0, 0, 0 ], [ 0, 258, 26, 12 ]
800 / 4950: [ 0, 4, 0, 0, 0 ], [ 0, 259, 26, 12 ]
801 / 4950: [ 0, 2, 0, 0, 0 ], [ 0, 259, 26, 12 ]
802 / 4950: [ 0, 3, 0, 0, 0 ], [ 0, 259, 26, 12 ]
803 / 4950: [ 0, 4, 0, 0, 0 ], [ 0, 260, 26, 12 ]
804 / 4950: [ 0, 2, 0, 0, 0 ], [ 0, 260, 26, 12 ]
805 / 4950: [ 0, 2, 1, 1, 0 ], [ 0, 260, 26, 13 ]
806 / 4950: [ 0, 4, 0, 0, 0 ], [ 0, 261, 26, 13 ]
807 / 4950: [ 0, 3, 0, 0, 0 ], [ 0, 261, 26, 13 ]
808 / 4950: [ 0, 0, 0, 0, 0 ], [ 0, 261, 26, 13 ]
809 / 4950: [ 0, 2, 1, 0, 0 ], [ 0, 261, 26, 13 ]
810 / 4950: [ 0, 2, 0, 0, 0 ], [ 0, 261, 26, 13 ]
811 / 4950: [ 0, 4, 0, 0, 0 ], [ 0, 262, 26, 13 ]
812 / 4950: [ 0, 0, 4, 0, 0 ], [ 0, 262, 27, 13 ]
813 / 4950: [ 0, 4, 0, 0, 0 ], [ 0, 263, 27, 13 ]
814 / 4950: [ 0, 3, 1, 0, 0 ], [ 0, 263, 28, 13 ]
815 / 4950: [ 0, 1, 0, 0, 0 ], [ 0, 263, 28, 13 ]
816 / 4950: [ 0, 3, 0, 0, 0 ], [ 0, 263, 28, 13 ]
817 / 4950: [ 0, 1, 1, 0, 0 ], [ 0, 263, 28, 13 ]
818 / 4950: [ 0, 1, 0, 0, 0 ], [ 0, 263, 28, 13 ]
819 / 4950: [ 0, 2, 1, 0, 0 ], [ 0, 263, 28, 13 ]
820 / 4950: [ 0, 1, 1, 0, 0 ], [ 0, 263, 28, 13 ]
821 / 4950: [ 0, 1, 0, 0, 0 ], [ 0, 263, 28, 13 ]
822 / 4950: [ 0, 3, 0, 0, 0 ], [ 0, 263, 28, 13 ]
823 / 4950: [ 0, 0, 0, 0, 0 ], [ 0, 263, 28, 13 ]
824 / 4950: [ 0, 1, 0, 0, 0 ], [ 0, 263, 28, 13 ]
825 / 4950: [ 0, 0, 0, 0, 0 ], [ 0, 263, 28, 13 ]
826 / 4950: [ 0, 0, 0, 0, 0 ], [ 0, 263, 28, 13 ]
827 / 4950: [ 0, 1, 0, 0, 0 ], [ 0, 263, 28, 13 ]
828 / 4950: [ 0, 0, 0, 0, 0 ], [ 0, 263, 28, 13 ]
829 / 4950: [ 0, 0, 0, 0, 0 ], [ 0, 263, 28, 13 ]
830 / 4950: [ 0, 1, 0, 0, 0 ], [ 0, 263, 28, 13 ]
831 / 4950: [ 0, 2, 1, 0, 0 ], [ 0, 263, 28, 13 ]
832 / 4950: [ 0, 1, 0, 0, 0 ], [ 0, 263, 28, 13 ]
833 / 4950: [ 0, 1, 0, 0, 0 ], [ 0, 263, 28, 13 ]
834 / 4950: [ 0, 0, 0, 0, 0 ], [ 0, 263, 28, 13 ]
835 / 4950: [ 0, 3, 0, 0, 0 ], [ 0, 263, 28, 13 ]
836 / 4950: [ 0, 3, 0, 0, 0 ], [ 0, 263, 28, 13 ]
837 / 4950: [ 0, 1, 0, 0, 0 ], [ 0, 263, 28, 13 ]
838 / 4950: [ 0, 1, 0, 0, 0 ], [ 0, 263, 28, 13 ]
839 / 4950: [ 0, 3, 0, 0, 0 ], [ 0, 263, 28, 13 ]
840 / 4950: [ 0, 1, 0, 0, 0 ], [ 0, 263, 28, 13 ]
841 / 4950: [ 0, 1, 0, 0, 0 ], [ 0, 263, 28, 13 ]
842 / 4950: [ 0, 2, 0, 0, 0 ], [ 0, 263, 28, 13 ]
843 / 4950: [ 0, 1, 0, 0, 0 ], [ 0, 263, 28, 13 ]
844 / 4950: [ 0, 0, 0, 0, 0 ], [ 0, 263, 28, 13 ]
845 / 4950: [ 0, 4, 0, 0, 0 ], [ 0, 264, 28, 13 ]
846 / 4950: [ 0, 3, 1, 0, 0 ], [ 0, 264, 29, 13 ]
847 / 4950: [ 0, 0, 0, 0, 0 ], [ 0, 264, 29, 13 ]
848 / 4950: [ 0, 1, 0, 0, 0 ], [ 0, 264, 29, 13 ]
849 / 4950: [ 0, 2, 1, 0, 0 ], [ 0, 264, 29, 13 ]
850 / 4950: [ 0, 4, 0, 0, 0 ], [ 0, 265, 29, 13 ]
851 / 4950: [ 0, 2, 0, 0, 0 ], [ 0, 265, 29, 13 ]
852 / 4950: [ 0, 3, 0, 0, 0 ], [ 0, 265, 29, 13 ]
853 / 4950: [ 0, 3, 0, 0, 0 ], [ 0, 265, 29, 13 ]
854 / 4950: [ 0, 1, 0, 0, 0 ], [ 0, 265, 29, 13 ]
855 / 4950: [ 0, 0, 0, 0, 0 ], [ 0, 265, 29, 13 ]
856 / 4950: [ 0, 0, 0, 0, 0 ], [ 0, 265, 29, 13 ]
857 / 4950: [ 0, 0, 0, 0, 0 ], [ 0, 265, 29, 13 ]
858 / 4950: [ 0, 1, 0, 0, 0 ], [ 0, 265, 29, 13 ]
859 / 4950: [ 0, 0, 0, 0, 0 ], [ 0, 265, 29, 13 ]
860 / 4950: [ 0, 0, 0, 0, 0 ], [ 0, 265, 29, 13 ]
861 / 4950: [ 0, 1, 0, 0, 0 ], [ 0, 265, 29, 13 ]
862 / 4950: [ 0, 1, 1, 0, 0 ], [ 0, 265, 29, 13 ]
863 / 4950: [ 0, 0, 1, 0, 0 ], [ 0, 265, 29, 13 ]
864 / 4950: [ 0, 0, 0, 0, 0 ], [ 0, 265, 29, 13 ]
865 / 4950: [ 0, 4, 0, 0, 0 ], [ 0, 266, 29, 13 ]
866 / 4950: [ 0, 2, 0, 0, 0 ], [ 0, 266, 29, 13 ]
867 / 4950: [ 0, 4, 0, 0, 0 ], [ 0, 267, 29, 13 ]
868 / 4950: [ 0, 0, 0, 0, 0 ], [ 0, 267, 29, 13 ]
869 / 4950: [ 0, 2, 0, 0, 0 ], [ 0, 267, 29, 13 ]
870 / 4950: [ 0, 1, 0, 0, 0 ], [ 0, 267, 29, 13 ]
871 / 4950: [ 0, 0, 0, 0, 0 ], [ 0, 267, 29, 13 ]
872 / 4950: [ 0, 0, 1, 0, 0 ], [ 0, 267, 29, 13 ]
873 / 4950: [ 0, 2, 0, 0, 0 ], [ 0, 267, 29, 13 ]
874 / 4950: [ 0, 0, 1, 0, 0 ], [ 0, 267, 29, 13 ]
875 / 4950: [ 0, 1, 0, 0, 0 ], [ 0, 267, 29, 13 ]
876 / 4950: [ 0, 1, 0, 0, 0 ], [ 0, 267, 29, 13 ]
877 / 4950: [ 0, 0, 0, 0, 0 ], [ 0, 267, 29, 13 ]
878 / 4950: [ 0, 1, 0, 0, 0 ], [ 0, 267, 29, 13 ]
879 / 4950: [ 0, 0, 0, 0, 0 ], [ 0, 267, 29, 13 ]
880 / 4950: [ 0, 1, 0, 0, 0 ], [ 0, 267, 29, 13 ]
881 / 4950: [ 0, 0, 0, 0, 0 ], [ 0, 267, 29, 13 ]
882 / 4950: [ 0, 1, 0, 0, 0 ], [ 0, 267, 29, 13 ]
883 / 4950: [ 0, 4, 0, 0, 0 ], [ 0, 268, 29, 13 ]
884 / 4950: [ 0, 0, 0, 0, 0 ], [ 0, 268, 29, 13 ]
885 / 4950: [ 0, 0, 0, 0, 0 ], [ 0, 268, 29, 13 ]
886 / 4950: [ 0, 0, 0, 0, 0 ], [ 0, 268, 29, 13 ]
887 / 4950: [ 0, 0, 0, 0, 0 ], [ 0, 268, 29, 13 ]
888 / 4950: [ 0, 0, 0, 0, 0 ], [ 0, 268, 29, 13 ]
889 / 4950: [ 0, 0, 0, 0, 0 ], [ 0, 268, 29, 13 ]
890 / 4950: [ 0, 0, 0, 0, 0 ], [ 0, 268, 29, 13 ]
891 / 4950: [ 0, 0, 0, 0, 0 ], [ 0, 268, 29, 13 ]
892 / 4950: [ 0, 2, 0, 0, 0 ], [ 0, 268, 29, 13 ]
893 / 4950: [ 0, 1, 0, 0, 0 ], [ 0, 268, 29, 13 ]
894 / 4950: [ 0, 0, 0, 0, 0 ], [ 0, 268, 29, 13 ]
895 / 4950: [ 0, 0, 0, 0, 0 ], [ 0, 268, 29, 13 ]
896 / 4950: [ 0, 3, 1, 0, 0 ], [ 0, 268, 30, 13 ]
897 / 4950: [ 0, 1, 0, 0, 0 ], [ 0, 268, 30, 13 ]
898 / 4950: [ 0, 0, 0, 0, 0 ], [ 0, 268, 30, 13 ]
899 / 4950: [ 0, 0, 0, 0, 0 ], [ 0, 268, 30, 13 ]
900 / 4950: [ 0, 1, 0, 0, 0 ], [ 0, 268, 30, 13 ]
901 / 4950: [ 0, 1, 0, 0, 0 ], [ 0, 268, 30, 13 ]
902 / 4950: [ 0, 0, 1, 0, 0 ], [ 0, 268, 30, 13 ]
903 / 4950: [ 0, 0, 0, 0, 0 ], [ 0, 268, 30, 13 ]
904 / 4950: [ 0, 0, 1, 0, 0 ], [ 0, 268, 30, 13 ]
905 / 4950: [ 0, 0, 0, 0, 0 ], [ 0, 268, 30, 13 ]
906 / 4950: [ 0, 4, 0, 0, 0 ], [ 0, 269, 30, 13 ]
907 / 4950: [ 0, 4, 0, 0, 0 ], [ 0, 270, 30, 13 ]
908 / 4950: [ 0, 0, 0, 0, 0 ], [ 0, 270, 30, 13 ]
909 / 4950: [ 0, 4, 0, 0, 0 ], [ 0, 271, 30, 13 ]
910 / 4950: [ 0, 4, 0, 0, 0 ], [ 0, 272, 30, 13 ]
911 / 4950: [ 0, 4, 0, 0, 0 ], [ 0, 273, 30, 13 ]
912 / 4950: [ 0, 3, 0, 0, 0 ], [ 0, 273, 30, 13 ]
913 / 4950: [ 0, 4, 0, 0, 0 ], [ 0, 274, 30, 13 ]
914 / 4950: [ 0, 2, 0, 0, 0 ], [ 0, 274, 30, 13 ]
915 / 4950: [ 0, 4, 0, 0, 0 ], [ 0, 275, 30, 13 ]
916 / 4950: [ 0, 2, 2, 0, 0 ], [ 0, 275, 31, 13 ]
917 / 4950: [ 0, 2, 0, 0, 0 ], [ 0, 275, 31, 13 ]
918 / 4950: [ 0, 2, 1, 0, 0 ], [ 0, 275, 31, 13 ]
919 / 4950: [ 0, 4, 0, 0, 0 ], [ 0, 276, 31, 13 ]
920 / 4950: [ 0, 4, 0, 0, 0 ], [ 0, 277, 31, 13 ]
921 / 4950: [ 0, 0, 0, 0, 0 ], [ 0, 277, 31, 13 ]
922 / 4950: [ 0, 4, 0, 0, 0 ], [ 0, 278, 31, 13 ]
923 / 4950: [ 0, 2, 1, 0, 0 ], [ 0, 278, 31, 13 ]
924 / 4950: [ 0, 4, 0, 0, 0 ], [ 0, 279, 31, 13 ]
925 / 4950: [ 0, 1, 0, 0, 0 ], [ 0, 279, 31, 13 ]
926 / 4950: [ 0, 0, 1, 0, 0 ], [ 0, 279, 31, 13 ]
927 / 4950: [ 0, 0, 0, 0, 0 ], [ 0, 279, 31, 13 ]
928 / 4950: [ 0, 0, 0, 0, 0 ], [ 0, 279, 31, 13 ]
929 / 4950: [ 0, 0, 0, 0, 0 ], [ 0, 279, 31, 13 ]
930 / 4950: [ 0, 0, 0, 0, 0 ], [ 0, 279, 31, 13 ]
931 / 4950: [ 0, 2, 0, 0, 0 ], [ 0, 279, 31, 13 ]
932 / 4950: [ 0, 4, 0, 0, 0 ], [ 0, 280, 31, 13 ]
933 / 4950: [ 0, 0, 0, 0, 0 ], [ 0, 280, 31, 13 ]
934 / 4950: [ 0, 4, 0, 0, 0 ], [ 0, 281, 31, 13 ]
935 / 4950: [ 0, 4, 0, 0, 0 ], [ 0, 282, 31, 13 ]
936 / 4950: [ 0, 3, 1, 0, 0 ], [ 0, 282, 32, 13 ]
937 / 4950: [ 0, 1, 0, 0, 0 ], [ 0, 282, 32, 13 ]
938 / 4950: [ 0, 4, 0, 0, 0 ], [ 0, 283, 32, 13 ]
939 / 4950: [ 0, 4, 0, 0, 0 ], [ 0, 284, 32, 13 ]
940 / 4950: [ 0, 2, 0, 0, 0 ], [ 0, 284, 32, 13 ]
941 / 4950: [ 0, 0, 0, 0, 0 ], [ 0, 284, 32, 13 ]
942 / 4950: [ 0, 3, 0, 0, 0 ], [ 0, 284, 32, 13 ]
943 / 4950: [ 0, 4, 0, 0, 0 ], [ 0, 285, 32, 13 ]
944 / 4950: [ 0, 3, 1, 0, 0 ], [ 0, 285, 33, 13 ]
945 / 4950: [ 0, 0, 0, 0, 0 ], [ 0, 285, 33, 13 ]
946 / 4950: [ 0, 4, 0, 0, 0 ], [ 0, 286, 33, 13 ]
947 / 4950: [ 0, 0, 1, 0, 0 ], [ 0, 286, 33, 13 ]
948 / 4950: [ 0, 1, 1, 0, 0 ], [ 0, 286, 33, 13 ]
949 / 4950: [ 0, 0, 0, 0, 0 ], [ 0, 286, 33, 13 ]
950 / 4950: [ 0, 0, 0, 0, 0 ], [ 0, 286, 33, 13 ]
951 / 4950: [ 0, 0, 0, 0, 0 ], [ 0, 286, 33, 13 ]
952 / 4950: [ 0, 1, 0, 0, 0 ], [ 0, 286, 33, 13 ]
953 / 4950: [ 0, 0, 0, 0, 0 ], [ 0, 286, 33, 13 ]
954 / 4950: [ 0, 0, 0, 0, 0 ], [ 0, 286, 33, 13 ]
955 / 4950: [ 0, 0, 0, 0, 0 ], [ 0, 286, 33, 13 ]
956 / 4950: [ 0, 2, 0, 0, 0 ], [ 0, 286, 33, 13 ]
957 / 4950: [ 0, 3, 0, 0, 0 ], [ 0, 286, 33, 13 ]
958 / 4950: [ 0, 0, 0, 0, 0 ], [ 0, 286, 33, 13 ]
959 / 4950: [ 0, 1, 0, 0, 0 ], [ 0, 286, 33, 13 ]
960 / 4950: [ 0, 0, 0, 0, 0 ], [ 0, 286, 33, 13 ]
961 / 4950: [ 0, 3, 1, 0, 0 ], [ 0, 286, 34, 13 ]
962 / 4950: [ 0, 1, 0, 0, 0 ], [ 0, 286, 34, 13 ]
963 / 4950: [ 0, 0, 0, 0, 0 ], [ 0, 286, 34, 13 ]
964 / 4950: [ 0, 0, 0, 0, 0 ], [ 0, 286, 34, 13 ]
965 / 4950: [ 0, 3, 0, 0, 0 ], [ 0, 286, 34, 13 ]
966 / 4950: [ 0, 1, 0, 0, 0 ], [ 0, 286, 34, 13 ]
967 / 4950: [ 0, 4, 0, 0, 0 ], [ 0, 287, 34, 13 ]
968 / 4950: [ 0, 1, 0, 0, 0 ], [ 0, 287, 34, 13 ]
969 / 4950: [ 0, 1, 0, 0, 0 ], [ 0, 287, 34, 13 ]
970 / 4950: [ 0, 0, 0, 0, 0 ], [ 0, 287, 34, 13 ]
971 / 4950: [ 0, 4, 0, 0, 0 ], [ 0, 288, 34, 13 ]
972 / 4950: [ 0, 4, 0, 0, 0 ], [ 0, 289, 34, 13 ]
973 / 4950: [ 0, 0, 0, 0, 0 ], [ 0, 289, 34, 13 ]
974 / 4950: [ 0, 0, 0, 0, 0 ], [ 0, 289, 34, 13 ]
975 / 4950: [ 0, 1, 1, 0, 0 ], [ 0, 289, 34, 13 ]
976 / 4950: [ 0, 2, 0, 0, 0 ], [ 0, 289, 34, 13 ]
977 / 4950: [ 0, 0, 0, 0, 0 ], [ 0, 289, 34, 13 ]
978 / 4950: [ 0, 3, 1, 0, 0 ], [ 0, 289, 35, 13 ]
979 / 4950: [ 0, 3, 0, 0, 0 ], [ 0, 289, 35, 13 ]
980 / 4950: [ 0, 1, 0, 0, 0 ], [ 0, 289, 35, 13 ]
981 / 4950: [ 0, 0, 0, 0, 0 ], [ 0, 289, 35, 13 ]
982 / 4950: [ 0, 0, 0, 0, 0 ], [ 0, 289, 35, 13 ]
983 / 4950: [ 0, 0, 0, 0, 0 ], [ 0, 289, 35, 13 ]
984 / 4950: [ 0, 0, 0, 0, 0 ], [ 0, 289, 35, 13 ]
985 / 4950: [ 0, 0, 0, 0, 0 ], [ 0, 289, 35, 13 ]
986 / 4950: [ 0, 0, 0, 0, 0 ], [ 0, 289, 35, 13 ]
987 / 4950: [ 0, 0, 0, 0, 0 ], [ 0, 289, 35, 13 ]
988 / 4950: [ 0, 4, 0, 0, 0 ], [ 0, 290, 35, 13 ]
989 / 4950: [ 0, 4, 0, 0, 0 ], [ 0, 291, 35, 13 ]
990 / 4950: [ 0, 0, 0, 0, 0 ], [ 0, 291, 35, 13 ]
991 / 4950: [ 0, 0, 1, 0, 0 ], [ 0, 291, 35, 13 ]
992 / 4950: [ 0, 3, 1, 0, 0 ], [ 0, 291, 36, 13 ]
993 / 4950: [ 0, 3, 0, 0, 0 ], [ 0, 291, 36, 13 ]
994 / 4950: [ 0, 0, 2, 0, 0 ], [ 0, 291, 36, 13 ]
995 / 4950: [ 0, 0, 0, 0, 0 ], [ 0, 291, 36, 13 ]
996 / 4950: [ 0, 0, 0, 0, 0 ], [ 0, 291, 36, 13 ]
997 / 4950: [ 0, 4, 0, 0, 0 ], [ 0, 292, 36, 13 ]
998 / 4950: [ 0, 3, 0, 0, 0 ], [ 0, 292, 36, 13 ]
999 / 4950: [ 0, 2, 0, 0, 0 ], [ 0, 292, 36, 13 ]
1000 / 4950: [ 0, 4, 0, 0, 0 ], [ 0, 293, 36, 13 ]
1001 / 4950: [ 0, 3, 0, 0, 0 ], [ 0, 293, 36, 13 ]
1002 / 4950: [ 0, 0, 0, 0, 0 ], [ 0, 293, 36, 13 ]
1003 / 4950: [ 0, 4, 0, 0, 0 ], [ 0, 294, 36, 13 ]
1004 / 4950: [ 0, 4, 0, 0, 0 ], [ 0, 295, 36, 13 ]
1005 / 4950: [ 0, 4, 0, 0, 0 ], [ 0, 296, 36, 13 ]
1006 / 4950: [ 0, 1, 0, 0, 0 ], [ 0, 296, 36, 13 ]
1007 / 4950: [ 0, 2, 2, 0, 0 ], [ 0, 296, 37, 13 ]
1008 / 4950: [ 0, 1, 0, 0, 0 ], [ 0, 296, 37, 13 ]
1009 / 4950: [ 0, 4, 0, 0, 0 ], [ 0, 297, 37, 13 ]
1010 / 4950: [ 0, 4, 0, 0, 0 ], [ 0, 298, 37, 13 ]
1011 / 4950: [ 0, 4, 0, 0, 0 ], [ 0, 299, 37, 13 ]
1012 / 4950: [ 0, 4, 0, 0, 0 ], [ 0, 300, 37, 13 ]
1013 / 4950: [ 0, 2, 0, 0, 0 ], [ 0, 300, 37, 13 ]
1014 / 4950: [ 0, 1, 0, 0, 0 ], [ 0, 300, 37, 13 ]
1015 / 4950: [ 0, 2, 2, 0, 0 ], [ 0, 300, 38, 13 ]
1016 / 4950: [ 0, 4, 0, 0, 0 ], [ 0, 301, 38, 13 ]
1017 / 4950: [ 0, 1, 1, 0, 0 ], [ 0, 301, 38, 13 ]
1018 / 4950: [ 0, 4, 0, 0, 0 ], [ 0, 302, 38, 13 ]
1019 / 4950: [ 0, 1, 0, 0, 0 ], [ 0, 302, 38, 13 ]
1020 / 4950: [ 0, 2, 0, 0, 0 ], [ 0, 302, 38, 13 ]
1021 / 4950: [ 0, 3, 0, 0, 0 ], [ 0, 302, 38, 13 ]
1022 / 4950: [ 0, 4, 0, 0, 0 ], [ 0, 303, 38, 13 ]
1023 / 4950: [ 0, 4, 0, 0, 0 ], [ 0, 304, 38, 13 ]
1024 / 4950: [ 0, 1, 0, 0, 0 ], [ 0, 304, 38, 13 ]
1025 / 4950: [ 0, 0, 0, 0, 0 ], [ 0, 304, 38, 13 ]
1026 / 4950: [ 0, 2, 0, 0, 0 ], [ 0, 304, 38, 13 ]
1027 / 4950: [ 0, 1, 0, 0, 0 ], [ 0, 304, 38, 13 ]
1028 / 4950: [ 0, 1, 0, 0, 0 ], [ 0, 304, 38, 13 ]
1029 / 4950: [ 0, 4, 0, 0, 0 ], [ 0, 305, 38, 13 ]
1030 / 4950: [ 0, 3, 0, 0, 0 ], [ 0, 305, 38, 13 ]
1031 / 4950: [ 0, 4, 0, 0, 0 ], [ 0, 306, 38, 13 ]
1032 / 4950: [ 0, 3, 0, 0, 0 ], [ 0, 306, 38, 13 ]
1033 / 4950: [ 0, 0, 0, 0, 0 ], [ 0, 306, 38, 13 ]
1034 / 4950: [ 0, 2, 0, 0, 0 ], [ 0, 306, 38, 13 ]
1035 / 4950: [ 0, 2, 0, 0, 0 ], [ 0, 306, 38, 13 ]
1036 / 4950: [ 0, 2, 0, 0, 0 ], [ 0, 306, 38, 13 ]
1037 / 4950: [ 0, 4, 0, 0, 0 ], [ 0, 307, 38, 13 ]
1038 / 4950: [ 0, 0, 0, 0, 0 ], [ 0, 307, 38, 13 ]
1039 / 4950: [ 0, 1, 0, 0, 0 ], [ 0, 307, 38, 13 ]
1040 / 4950: [ 0, 2, 0, 0, 0 ], [ 0, 307, 38, 13 ]
1041 / 4950: [ 0, 2, 0, 0, 0 ], [ 0, 307, 38, 13 ]
1042 / 4950: [ 0, 4, 0, 0, 0 ], [ 0, 308, 38, 13 ]
1043 / 4950: [ 0, 1, 0, 0, 0 ], [ 0, 308, 38, 13 ]
1044 / 4950: [ 0, 2, 0, 0, 0 ], [ 0, 308, 38, 13 ]
1045 / 4950: [ 0, 3, 0, 0, 0 ], [ 0, 308, 38, 13 ]
1046 / 4950: [ 0, 3, 0, 0, 0 ], [ 0, 308, 38, 13 ]
1047 / 4950: [ 0, 1, 0, 0, 0 ], [ 0, 308, 38, 13 ]
1048 / 4950: [ 0, 3, 0, 0, 0 ], [ 0, 308, 38, 13 ]
1049 / 4950: [ 0, 0, 0, 0, 0 ], [ 0, 308, 38, 13 ]
1050 / 4950: [ 0, 4, 0, 0, 0 ], [ 0, 309, 38, 13 ]
1051 / 4950: [ 0, 0, 0, 0, 0 ], [ 0, 309, 38, 13 ]
1052 / 4950: [ 0, 0, 0, 0, 0 ], [ 0, 309, 38, 13 ]
1053 / 4950: [ 0, 2, 0, 0, 0 ], [ 0, 309, 38, 13 ]
1054 / 4950: [ 0, 0, 0, 0, 0 ], [ 0, 309, 38, 13 ]
1055 / 4950: [ 0, 3, 0, 0, 0 ], [ 0, 309, 38, 13 ]
1056 / 4950: [ 0, 1, 0, 0, 0 ], [ 0, 309, 38, 13 ]
1057 / 4950: [ 0, 0, 0, 0, 0 ], [ 0, 309, 38, 13 ]
1058 / 4950: [ 0, 2, 0, 0, 0 ], [ 0, 309, 38, 13 ]
1059 / 4950: [ 0, 4, 0, 0, 0 ], [ 0, 310, 38, 13 ]
1060 / 4950: [ 0, 4, 0, 0, 0 ], [ 0, 311, 38, 13 ]
1061 / 4950: [ 0, 2, 0, 2, 0 ], [ 0, 311, 38, 14 ]
1062 / 4950: [ 0, 0, 0, 0, 0 ], [ 0, 311, 38, 14 ]
1063 / 4950: [ 0, 1, 0, 0, 0 ], [ 0, 311, 38, 14 ]
1064 / 4950: [ 0, 2, 0, 0, 0 ], [ 0, 311, 38, 14 ]
1065 / 4950: [ 0, 4, 0, 0, 0 ], [ 0, 312, 38, 14 ]
1066 / 4950: [ 0, 4, 0, 0, 0 ], [ 0, 313, 38, 14 ]
1067 / 4950: [ 0, 2, 0, 0, 0 ], [ 0, 313, 38, 14 ]
1068 / 4950: [ 0, 3, 0, 0, 0 ], [ 0, 313, 38, 14 ]
1069 / 4950: [ 0, 2, 0, 0, 0 ], [ 0, 313, 38, 14 ]
1070 / 4950: [ 0, 0, 0, 0, 0 ], [ 0, 313, 38, 14 ]
1071 / 4950: [ 0, 2, 0, 0, 0 ], [ 0, 313, 38, 14 ]
1072 / 4950: [ 0, 1, 0, 0, 0 ], [ 0, 313, 38, 14 ]
1073 / 4950: [ 0, 1, 0, 0, 0 ], [ 0, 313, 38, 14 ]
1074 / 4950: [ 0, 1, 1, 0, 0 ], [ 0, 313, 38, 14 ]
1075 / 4950: [ 0, 1, 0, 0, 0 ], [ 0, 313, 38, 14 ]
1076 / 4950: [ 0, 3, 0, 0, 0 ], [ 0, 313, 38, 14 ]
1077 / 4950: [ 0, 2, 0, 0, 0 ], [ 0, 313, 38, 14 ]
1078 / 4950: [ 0, 0, 0, 0, 0 ], [ 0, 313, 38, 14 ]
1079 / 4950: [ 0, 0, 0, 0, 0 ], [ 0, 313, 38, 14 ]
1080 / 4950: [ 0, 1, 0, 0, 0 ], [ 0, 313, 38, 14 ]
1081 / 4950: [ 0, 2, 0, 0, 0 ], [ 0, 313, 38, 14 ]
1082 / 4950: [ 0, 1, 0, 0, 0 ], [ 0, 313, 38, 14 ]
1083 / 4950: [ 0, 4, 0, 0, 0 ], [ 0, 314, 38, 14 ]
1084 / 4950: [ 0, 0, 0, 0, 0 ], [ 0, 314, 38, 14 ]
1085 / 4950: [ 0, 0, 0, 0, 0 ], [ 0, 314, 38, 14 ]
1086 / 4950: [ 0, 1, 0, 0, 0 ], [ 0, 314, 38, 14 ]
1087 / 4950: [ 0, 0, 0, 0, 0 ], [ 0, 314, 38, 14 ]
1088 / 4950: [ 0, 2, 0, 0, 0 ], [ 0, 314, 38, 14 ]
1089 / 4950: [ 0, 0, 0, 0, 0 ], [ 0, 314, 38, 14 ]
1090 / 4950: [ 0, 4, 0, 0, 0 ], [ 0, 315, 38, 14 ]
1091 / 4950: [ 0, 2, 1, 0, 0 ], [ 0, 315, 38, 14 ]
1092 / 4950: [ 0, 0, 0, 0, 0 ], [ 0, 315, 38, 14 ]
1093 / 4950: [ 0, 2, 1, 0, 0 ], [ 0, 315, 38, 14 ]
1094 / 4950: [ 0, 2, 0, 0, 0 ], [ 0, 315, 38, 14 ]
1095 / 4950: [ 0, 0, 0, 0, 0 ], [ 0, 315, 38, 14 ]
1096 / 4950: [ 0, 3, 1, 0, 0 ], [ 0, 315, 39, 14 ]
1097 / 4950: [ 0, 0, 0, 0, 0 ], [ 0, 315, 39, 14 ]
1098 / 4950: [ 0, 0, 0, 0, 0 ], [ 0, 315, 39, 14 ]
1099 / 4950: [ 0, 1, 0, 0, 0 ], [ 0, 315, 39, 14 ]
1100 / 4950: [ 0, 0, 0, 0, 0 ], [ 0, 315, 39, 14 ]
1101 / 4950: [ 0, 2, 0, 0, 0 ], [ 0, 315, 39, 14 ]
1102 / 4950: [ 0, 1, 0, 0, 0 ], [ 0, 315, 39, 14 ]
1103 / 4950: [ 0, 0, 0, 0, 0 ], [ 0, 315, 39, 14 ]
1104 / 4950: [ 0, 2, 0, 0, 0 ], [ 0, 315, 39, 14 ]
1105 / 4950: [ 0, 1, 0, 0, 0 ], [ 0, 315, 39, 14 ]
1106 / 4950: [ 0, 3, 0, 1, 0 ], [ 0, 315, 39, 15 ]
1107 / 4950: [ 0, 2, 0, 2, 0 ], [ 0, 315, 39, 16 ]
1108 / 4950: [ 0, 1, 0, 0, 0 ], [ 0, 315, 39, 16 ]
1109 / 4950: [ 0, 0, 0, 0, 0 ], [ 0, 315, 39, 16 ]
1110 / 4950: [ 0, 3, 0, 0, 0 ], [ 0, 315, 39, 16 ]
1111 / 4950: [ 0, 2, 0, 0, 0 ], [ 0, 315, 39, 16 ]
1112 / 4950: [ 0, 4, 0, 0, 0 ], [ 0, 316, 39, 16 ]
1113 / 4950: [ 0, 0, 0, 0, 0 ], [ 0, 316, 39, 16 ]
1114 / 4950: [ 0, 2, 0, 0, 0 ], [ 0, 316, 39, 16 ]
1115 / 4950: [ 0, 1, 0, 0, 0 ], [ 0, 316, 39, 16 ]
1116 / 4950: [ 0, 1, 0, 0, 0 ], [ 0, 316, 39, 16 ]
1117 / 4950: [ 0, 1, 0, 0, 0 ], [ 0, 316, 39, 16 ]
1118 / 4950: [ 0, 0, 0, 0, 0 ], [ 0, 316, 39, 16 ]
1119 / 4950: [ 0, 1, 0, 0, 0 ], [ 0, 316, 39, 16 ]
1120 / 4950: [ 0, 0, 0, 0, 0 ], [ 0, 316, 39, 16 ]
1121 / 4950: [ 0, 0, 0, 0, 0 ], [ 0, 316, 39, 16 ]
1122 / 4950: [ 0, 3, 0, 0, 0 ], [ 0, 316, 39, 16 ]
1123 / 4950: [ 0, 1, 0, 0, 0 ], [ 0, 316, 39, 16 ]
1124 / 4950: [ 0, 0, 0, 0, 0 ], [ 0, 316, 39, 16 ]
1125 / 4950: [ 0, 1, 0, 0, 0 ], [ 0, 316, 39, 16 ]
1126 / 4950: [ 0, 0, 0, 0, 0 ], [ 0, 316, 39, 16 ]
1127 / 4950: [ 0, 1, 0, 0, 0 ], [ 0, 316, 39, 16 ]
1128 / 4950: [ 0, 4, 0, 0, 0 ], [ 0, 317, 39, 16 ]
1129 / 4950: [ 0, 4, 0, 0, 0 ], [ 0, 318, 39, 16 ]
1130 / 4950: [ 0, 2, 0, 0, 0 ], [ 0, 318, 39, 16 ]
1131 / 4950: [ 0, 4, 0, 0, 0 ], [ 0, 319, 39, 16 ]
1132 / 4950: [ 0, 3, 1, 0, 0 ], [ 0, 319, 40, 16 ]
1133 / 4950: [ 0, 4, 0, 0, 0 ], [ 0, 320, 40, 16 ]
1134 / 4950: [ 0, 4, 0, 0, 0 ], [ 0, 321, 40, 16 ]
1135 / 4950: [ 0, 2, 0, 0, 0 ], [ 0, 321, 40, 16 ]
1136 / 4950: [ 0, 0, 0, 0, 0 ], [ 0, 321, 40, 16 ]
1137 / 4950: [ 0, 4, 0, 0, 0 ], [ 0, 322, 40, 16 ]
1138 / 4950: [ 0, 1, 1, 0, 0 ], [ 0, 322, 40, 16 ]
1139 / 4950: [ 0, 4, 0, 0, 0 ], [ 0, 323, 40, 16 ]
1140 / 4950: [ 0, 4, 0, 0, 0 ], [ 0, 324, 40, 16 ]
1141 / 4950: [ 0, 4, 0, 0, 0 ], [ 0, 325, 40, 16 ]
1142 / 4950: [ 0, 4, 0, 0, 0 ], [ 0, 326, 40, 16 ]
1143 / 4950: [ 0, 3, 0, 0, 0 ], [ 0, 326, 40, 16 ]
1144 / 4950: [ 0, 1, 0, 0, 0 ], [ 0, 326, 40, 16 ]
1145 / 4950: [ 0, 0, 0, 0, 0 ], [ 0, 326, 40, 16 ]
1146 / 4950: [ 0, 3, 0, 0, 0 ], [ 0, 326, 40, 16 ]
1147 / 4950: [ 0, 0, 0, 0, 0 ], [ 0, 326, 40, 16 ]
1148 / 4950: [ 0, 0, 0, 0, 0 ], [ 0, 326, 40, 16 ]
1149 / 4950: [ 0, 0, 0, 0, 0 ], [ 0, 326, 40, 16 ]
1150 / 4950: [ 0, 1, 1, 0, 0 ], [ 0, 326, 40, 16 ]
1151 / 4950: [ 0, 4, 0, 0, 0 ], [ 0, 327, 40, 16 ]
1152 / 4950: [ 0, 3, 0, 0, 0 ], [ 0, 327, 40, 16 ]
1153 / 4950: [ 0, 1, 0, 0, 0 ], [ 0, 327, 40, 16 ]
1154 / 4950: [ 0, 0, 0, 1, 0 ], [ 0, 327, 40, 16 ]
1155 / 4950: [ 0, 4, 0, 0, 0 ], [ 0, 328, 40, 16 ]
1156 / 4950: [ 0, 1, 0, 0, 0 ], [ 0, 328, 40, 16 ]
1157 / 4950: [ 0, 0, 1, 0, 0 ], [ 0, 328, 40, 16 ]
1158 / 4950: [ 0, 1, 0, 0, 0 ], [ 0, 328, 40, 16 ]
1159 / 4950: [ 0, 4, 0, 0, 0 ], [ 0, 329, 40, 16 ]
1160 / 4950: [ 0, 1, 0, 0, 0 ], [ 0, 329, 40, 16 ]
1161 / 4950: [ 0, 4, 0, 0, 0 ], [ 0, 330, 40, 16 ]
1162 / 4950: [ 0, 4, 0, 0, 0 ], [ 0, 331, 40, 16 ]
1163 / 4950: [ 0, 3, 1, 0, 0 ], [ 0, 331, 41, 16 ]
1164 / 4950: [ 0, 1, 0, 0, 0 ], [ 0, 331, 41, 16 ]
1165 / 4950: [ 0, 4, 0, 0, 0 ], [ 0, 332, 41, 16 ]
1166 / 4950: [ 0, 0, 0, 0, 0 ], [ 0, 332, 41, 16 ]
1167 / 4950: [ 0, 0, 1, 0, 0 ], [ 0, 332, 41, 16 ]
1168 / 4950: [ 0, 0, 0, 0, 0 ], [ 0, 332, 41, 16 ]
1169 / 4950: [ 0, 4, 0, 0, 0 ], [ 0, 333, 41, 16 ]
1170 / 4950: [ 0, 0, 0, 0, 0 ], [ 0, 333, 41, 16 ]
1171 / 4950: [ 0, 0, 0, 0, 0 ], [ 0, 333, 41, 16 ]
1172 / 4950: [ 0, 0, 1, 0, 0 ], [ 0, 333, 41, 16 ]
1173 / 4950: [ 0, 0, 0, 0, 0 ], [ 0, 333, 41, 16 ]
1174 / 4950: [ 0, 0, 0, 0, 0 ], [ 0, 333, 41, 16 ]
1175 / 4950: [ 0, 1, 0, 0, 0 ], [ 0, 333, 41, 16 ]
1176 / 4950: [ 0, 1, 0, 0, 0 ], [ 0, 333, 41, 16 ]
1177 / 4950: [ 0, 4, 0, 0, 0 ], [ 0, 334, 41, 16 ]
1178 / 4950: [ 0, 0, 0, 0, 0 ], [ 0, 334, 41, 16 ]
1179 / 4950: [ 0, 4, 0, 0, 0 ], [ 0, 335, 41, 16 ]
1180 / 4950: [ 0, 4, 0, 0, 0 ], [ 0, 336, 41, 16 ]
1181 / 4950: [ 0, 3, 0, 0, 0 ], [ 0, 336, 41, 16 ]
1182 / 4950: [ 0, 4, 0, 0, 0 ], [ 0, 337, 41, 16 ]
1183 / 4950: [ 0, 3, 0, 0, 0 ], [ 0, 337, 41, 16 ]
1184 / 4950: [ 0, 4, 0, 0, 0 ], [ 0, 338, 41, 16 ]
1185 / 4950: [ 0, 4, 0, 0, 0 ], [ 0, 339, 41, 16 ]
1186 / 4950: [ 0, 2, 0, 0, 0 ], [ 0, 339, 41, 16 ]
1187 / 4950: [ 0, 4, 0, 0, 0 ], [ 0, 340, 41, 16 ]
1188 / 4950: [ 0, 4, 0, 0, 0 ], [ 0, 341, 41, 16 ]
1189 / 4950: [ 0, 4, 0, 0, 0 ], [ 0, 342, 41, 16 ]
1190 / 4950: [ 0, 4, 0, 0, 0 ], [ 0, 343, 41, 16 ]
1191 / 4950: [ 0, 4, 0, 0, 0 ], [ 0, 344, 41, 16 ]
1192 / 4950: [ 0, 4, 0, 0, 0 ], [ 0, 345, 41, 16 ]
1193 / 4950: [ 0, 2, 0, 0, 0 ], [ 0, 345, 41, 16 ]
1194 / 4950: [ 0, 0, 0, 0, 0 ], [ 0, 345, 41, 16 ]
1195 / 4950: [ 0, 2, 0, 0, 0 ], [ 0, 345, 41, 16 ]
1196 / 4950: [ 0, 2, 0, 0, 0 ], [ 0, 345, 41, 16 ]
1197 / 4950: [ 0, 4, 0, 0, 0 ], [ 0, 346, 41, 16 ]
1198 / 4950: [ 0, 2, 0, 0, 0 ], [ 0, 346, 41, 16 ]
1199 / 4950: [ 0, 2, 0, 0, 0 ], [ 0, 346, 41, 16 ]
1200 / 4950: [ 0, 0, 0, 0, 0 ], [ 0, 346, 41, 16 ]
1201 / 4950: [ 0, 3, 0, 1, 0 ], [ 0, 346, 41, 17 ]
1202 / 4950: [ 0, 3, 0, 1, 0 ], [ 0, 346, 41, 18 ]
1203 / 4950: [ 0, 3, 1, 0, 0 ], [ 0, 346, 42, 18 ]
1204 / 4950: [ 0, 2, 0, 0, 0 ], [ 0, 346, 42, 18 ]
1205 / 4950: [ 0, 4, 0, 0, 0 ], [ 0, 347, 42, 18 ]
1206 / 4950: [ 0, 1, 0, 0, 0 ], [ 0, 347, 42, 18 ]
1207 / 4950: [ 0, 4, 0, 0, 0 ], [ 0, 348, 42, 18 ]
1208 / 4950: [ 0, 2, 0, 0, 0 ], [ 0, 348, 42, 18 ]
1209 / 4950: [ 0, 4, 0, 0, 0 ], [ 0, 349, 42, 18 ]
1210 / 4950: [ 0, 4, 0, 0, 0 ], [ 0, 350, 42, 18 ]
1211 / 4950: [ 0, 2, 1, 0, 0 ], [ 0, 350, 42, 18 ]
1212 / 4950: [ 0, 2, 0, 0, 0 ], [ 0, 350, 42, 18 ]
1213 / 4950: [ 0, 4, 0, 0, 0 ], [ 0, 351, 42, 18 ]
1214 / 4950: [ 0, 0, 0, 0, 0 ], [ 0, 351, 42, 18 ]
1215 / 4950: [ 0, 0, 0, 0, 0 ], [ 0, 351, 42, 18 ]
1216 / 4950: [ 0, 4, 0, 0, 0 ], [ 0, 352, 42, 18 ]
1217 / 4950: [ 0, 4, 0, 0, 0 ], [ 0, 353, 42, 18 ]
1218 / 4950: [ 0, 0, 0, 0, 0 ], [ 0, 353, 42, 18 ]
1219 / 4950: [ 0, 1, 0, 0, 0 ], [ 0, 353, 42, 18 ]
1220 / 4950: [ 0, 4, 0, 0, 0 ], [ 0, 354, 42, 18 ]
1221 / 4950: [ 0, 1, 0, 0, 0 ], [ 0, 354, 42, 18 ]
1222 / 4950: [ 0, 3, 1, 0, 0 ], [ 0, 354, 43, 18 ]
1223 / 4950: [ 0, 0, 0, 0, 0 ], [ 0, 354, 43, 18 ]
1224 / 4950: [ 0, 1, 0, 0, 0 ], [ 0, 354, 43, 18 ]
1225 / 4950: [ 0, 4, 0, 0, 0 ], [ 0, 355, 43, 18 ]
1226 / 4950: [ 0, 4, 0, 0, 0 ], [ 0, 356, 43, 18 ]
1227 / 4950: [ 0, 0, 1, 0, 0 ], [ 0, 356, 43, 18 ]
1228 / 4950: [ 0, 4, 0, 0, 0 ], [ 0, 357, 43, 18 ]
1229 / 4950: [ 0, 4, 0, 0, 0 ], [ 0, 358, 43, 18 ]
1230 / 4950: [ 0, 2, 0, 0, 0 ], [ 0, 358, 43, 18 ]
1231 / 4950: [ 0, 1, 0, 0, 0 ], [ 0, 358, 43, 18 ]
1232 / 4950: [ 0, 4, 0, 0, 0 ], [ 0, 359, 43, 18 ]
1233 / 4950: [ 0, 4, 0, 0, 0 ], [ 0, 360, 43, 18 ]
1234 / 4950: [ 0, 3, 0, 0, 0 ], [ 0, 360, 43, 18 ]
1235 / 4950: [ 0, 4, 0, 0, 0 ], [ 0, 361, 43, 18 ]
1236 / 4950: [ 0, 4, 0, 0, 0 ], [ 0, 362, 43, 18 ]
1237 / 4950: [ 0, 4, 0, 0, 0 ], [ 0, 363, 43, 18 ]
1238 / 4950: [ 0, 1, 2, 0, 0 ], [ 0, 363, 43, 18 ]
1239 / 4950: [ 0, 1, 0, 0, 0 ], [ 0, 363, 43, 18 ]
1240 / 4950: [ 0, 4, 0, 0, 0 ], [ 0, 364, 43, 18 ]
1241 / 4950: [ 0, 3, 0, 0, 0 ], [ 0, 364, 43, 18 ]
1242 / 4950: [ 0, 3, 0, 0, 0 ], [ 0, 364, 43, 18 ]
1243 / 4950: [ 0, 1, 2, 0, 0 ], [ 0, 364, 43, 18 ]
1244 / 4950: [ 0, 4, 0, 0, 0 ], [ 0, 365, 43, 18 ]
1245 / 4950: [ 0, 0, 0, 0, 0 ], [ 0, 365, 43, 18 ]
1246 / 4950: [ 0, 3, 0, 0, 0 ], [ 0, 365, 43, 18 ]
1247 / 4950: [ 0, 0, 0, 0, 0 ], [ 0, 365, 43, 18 ]
1248 / 4950: [ 0, 2, 0, 0, 0 ], [ 0, 365, 43, 18 ]
1249 / 4950: [ 0, 1, 0, 0, 0 ], [ 0, 365, 43, 18 ]
1250 / 4950: [ 0, 0, 0, 0, 0 ], [ 0, 365, 43, 18 ]
1251 / 4950: [ 0, 0, 0, 0, 0 ], [ 0, 365, 43, 18 ]
1252 / 4950: [ 0, 3, 0, 0, 0 ], [ 0, 365, 43, 18 ]
1253 / 4950: [ 0, 4, 0, 0, 0 ], [ 0, 366, 43, 18 ]
1254 / 4950: [ 0, 3, 0, 0, 0 ], [ 0, 366, 43, 18 ]
1255 / 4950: [ 0, 0, 0, 0, 0 ], [ 0, 366, 43, 18 ]
1256 / 4950: [ 0, 4, 0, 0, 0 ], [ 0, 367, 43, 18 ]
1257 / 4950: [ 0, 1, 0, 0, 0 ], [ 0, 367, 43, 18 ]
1258 / 4950: [ 0, 2, 1, 0, 0 ], [ 0, 367, 43, 18 ]
1259 / 4950: [ 0, 3, 0, 0, 0 ], [ 0, 367, 43, 18 ]
1260 / 4950: [ 0, 4, 0, 0, 0 ], [ 0, 368, 43, 18 ]
1261 / 4950: [ 0, 2, 0, 0, 0 ], [ 0, 368, 43, 18 ]
1262 / 4950: [ 0, 2, 0, 0, 0 ], [ 0, 368, 43, 18 ]
1263 / 4950: [ 0, 0, 0, 0, 0 ], [ 0, 368, 43, 18 ]
1264 / 4950: [ 0, 1, 0, 0, 0 ], [ 0, 368, 43, 18 ]
1265 / 4950: [ 0, 3, 0, 0, 0 ], [ 0, 368, 43, 18 ]
1266 / 4950: [ 0, 3, 0, 0, 0 ], [ 0, 368, 43, 18 ]
1267 / 4950: [ 0, 0, 0, 0, 0 ], [ 0, 368, 43, 18 ]
1268 / 4950: [ 0, 1, 0, 0, 0 ], [ 0, 368, 43, 18 ]
1269 / 4950: [ 0, 4, 0, 0, 0 ], [ 0, 369, 43, 18 ]
1270 / 4950: [ 0, 0, 0, 0, 0 ], [ 0, 369, 43, 18 ]
1271 / 4950: [ 0, 2, 0, 0, 0 ], [ 0, 369, 43, 18 ]
1272 / 4950: [ 0, 0, 0, 0, 0 ], [ 0, 369, 43, 18 ]
1273 / 4950: [ 0, 1, 0, 0, 0 ], [ 0, 369, 43, 18 ]
1274 / 4950: [ 0, 3, 0, 0, 0 ], [ 0, 369, 43, 18 ]
1275 / 4950: [ 0, 4, 0, 0, 0 ], [ 0, 370, 43, 18 ]
1276 / 4950: [ 0, 0, 0, 0, 0 ], [ 0, 370, 43, 18 ]
1277 / 4950: [ 0, 4, 0, 0, 0 ], [ 0, 371, 43, 18 ]
1278 / 4950: [ 0, 1, 1, 0, 0 ], [ 0, 371, 43, 18 ]
1279 / 4950: [ 0, 2, 0, 0, 0 ], [ 0, 371, 43, 18 ]
1280 / 4950: [ 0, 0, 0, 0, 0 ], [ 0, 371, 43, 18 ]
1281 / 4950: [ 0, 0, 0, 0, 0 ], [ 0, 371, 43, 18 ]
1282 / 4950: [ 0, 3, 1, 0, 0 ], [ 0, 371, 44, 18 ]
1283 / 4950: [ 0, 3, 0, 0, 0 ], [ 0, 371, 44, 18 ]
1284 / 4950: [ 0, 3, 0, 0, 0 ], [ 0, 371, 44, 18 ]
1285 / 4950: [ 0, 4, 0, 0, 0 ], [ 0, 372, 44, 18 ]
1286 / 4950: [ 0, 3, 0, 0, 0 ], [ 0, 372, 44, 18 ]
1287 / 4950: [ 0, 2, 0, 0, 0 ], [ 0, 372, 44, 18 ]
1288 / 4950: [ 0, 4, 0, 0, 0 ], [ 0, 373, 44, 18 ]
1289 / 4950: [ 0, 3, 0, 0, 0 ], [ 0, 373, 44, 18 ]
1290 / 4950: [ 0, 4, 0, 0, 0 ], [ 0, 374, 44, 18 ]
1291 / 4950: [ 0, 2, 0, 0, 0 ], [ 0, 374, 44, 18 ]
1292 / 4950: [ 0, 1, 0, 0, 0 ], [ 0, 374, 44, 18 ]
1293 / 4950: [ 0, 3, 0, 0, 0 ], [ 0, 374, 44, 18 ]
1294 / 4950: [ 0, 1, 0, 0, 0 ], [ 0, 374, 44, 18 ]
1295 / 4950: [ 0, 3, 0, 0, 0 ], [ 0, 374, 44, 18 ]
1296 / 4950: [ 0, 4, 0, 0, 0 ], [ 0, 375, 44, 18 ]
1297 / 4950: [ 0, 0, 0, 0, 0 ], [ 0, 375, 44, 18 ]
1298 / 4950: [ 0, 1, 0, 0, 0 ], [ 0, 375, 44, 18 ]
1299 / 4950: [ 0, 4, 0, 0, 0 ], [ 0, 376, 44, 18 ]
1300 / 4950: [ 0, 2, 0, 2, 0 ], [ 0, 376, 44, 19 ]
1301 / 4950: [ 0, 3, 0, 1, 0 ], [ 0, 376, 44, 20 ]
1302 / 4950: [ 0, 0, 0, 0, 0 ], [ 0, 376, 44, 20 ]
1303 / 4950: [ 0, 4, 0, 0, 0 ], [ 0, 377, 44, 20 ]
1304 / 4950: [ 0, 3, 0, 0, 0 ], [ 0, 377, 44, 20 ]
1305 / 4950: [ 0, 1, 0, 0, 0 ], [ 0, 377, 44, 20 ]
1306 / 4950: [ 0, 3, 0, 0, 0 ], [ 0, 377, 44, 20 ]
1307 / 4950: [ 0, 0, 0, 0, 0 ], [ 0, 377, 44, 20 ]
1308 / 4950: [ 0, 2, 0, 0, 0 ], [ 0, 377, 44, 20 ]
1309 / 4950: [ 0, 0, 0, 0, 0 ], [ 0, 377, 44, 20 ]
1310 / 4950: [ 0, 0, 0, 0, 0 ], [ 0, 377, 44, 20 ]
1311 / 4950: [ 0, 2, 0, 0, 0 ], [ 0, 377, 44, 20 ]
1312 / 4950: [ 0, 1, 0, 0, 0 ], [ 0, 377, 44, 20 ]
1313 / 4950: [ 0, 2, 0, 0, 0 ], [ 0, 377, 44, 20 ]
1314 / 4950: [ 0, 1, 0, 0, 0 ], [ 0, 377, 44, 20 ]
1315 / 4950: [ 0, 1, 1, 0, 0 ], [ 0, 377, 44, 20 ]
1316 / 4950: [ 0, 4, 0, 0, 0 ], [ 0, 378, 44, 20 ]
1317 / 4950: [ 0, 0, 0, 0, 0 ], [ 0, 378, 44, 20 ]
1318 / 4950: [ 0, 1, 0, 0, 0 ], [ 0, 378, 44, 20 ]
1319 / 4950: [ 0, 2, 0, 0, 0 ], [ 0, 378, 44, 20 ]
1320 / 4950: [ 0, 0, 0, 0, 0 ], [ 0, 378, 44, 20 ]
1321 / 4950: [ 0, 4, 0, 0, 0 ], [ 0, 379, 44, 20 ]
1322 / 4950: [ 0, 1, 0, 0, 0 ], [ 0, 379, 44, 20 ]
1323 / 4950: [ 0, 1, 0, 0, 0 ], [ 0, 379, 44, 20 ]
1324 / 4950: [ 0, 2, 0, 0, 0 ], [ 0, 379, 44, 20 ]
1325 / 4950: [ 0, 1, 1, 0, 0 ], [ 0, 379, 44, 20 ]
1326 / 4950: [ 0, 4, 0, 0, 0 ], [ 0, 380, 44, 20 ]
1327 / 4950: [ 0, 0, 0, 0, 0 ], [ 0, 380, 44, 20 ]
1328 / 4950: [ 0, 4, 0, 0, 0 ], [ 0, 381, 44, 20 ]
1329 / 4950: [ 0, 2, 0, 0, 0 ], [ 0, 381, 44, 20 ]
1330 / 4950: [ 0, 0, 0, 0, 0 ], [ 0, 381, 44, 20 ]
1331 / 4950: [ 0, 0, 0, 0, 0 ], [ 0, 381, 44, 20 ]
1332 / 4950: [ 0, 0, 0, 0, 0 ], [ 0, 381, 44, 20 ]
1333 / 4950: [ 0, 4, 0, 0, 0 ], [ 0, 382, 44, 20 ]
1334 / 4950: [ 0, 1, 0, 0, 0 ], [ 0, 382, 44, 20 ]
1335 / 4950: [ 0, 4, 0, 0, 0 ], [ 0, 383, 44, 20 ]
1336 / 4950: [ 0, 4, 0, 0, 0 ], [ 0, 384, 44, 20 ]
1337 / 4950: [ 0, 2, 0, 0, 0 ], [ 0, 384, 44, 20 ]
1338 / 4950: [ 0, 1, 0, 0, 0 ], [ 0, 384, 44, 20 ]
1339 / 4950: [ 0, 4, 0, 0, 0 ], [ 0, 385, 44, 20 ]
1340 / 4950: [ 0, 2, 0, 0, 0 ], [ 0, 385, 44, 20 ]
1341 / 4950: [ 0, 4, 0, 0, 0 ], [ 0, 386, 44, 20 ]
1342 / 4950: [ 0, 0, 0, 0, 0 ], [ 0, 386, 44, 20 ]
1343 / 4950: [ 0, 2, 0, 0, 0 ], [ 0, 386, 44, 20 ]
1344 / 4950: [ 0, 3, 0, 0, 0 ], [ 0, 386, 44, 20 ]
1345 / 4950: [ 0, 0, 0, 0, 0 ], [ 0, 386, 44, 20 ]
1346 / 4950: [ 0, 4, 0, 0, 0 ], [ 0, 387, 44, 20 ]
1347 / 4950: [ 0, 3, 0, 0, 0 ], [ 0, 387, 44, 20 ]
1348 / 4950: [ 0, 1, 0, 0, 0 ], [ 0, 387, 44, 20 ]
1349 / 4950: [ 0, 4, 0, 0, 0 ], [ 0, 388, 44, 20 ]
1350 / 4950: [ 0, 4, 0, 0, 0 ], [ 0, 389, 44, 20 ]
1351 / 4950: [ 0, 4, 0, 0, 0 ], [ 0, 390, 44, 20 ]
1352 / 4950: [ 0, 3, 0, 1, 0 ], [ 0, 390, 44, 21 ]
1353 / 4950: [ 0, 2, 0, 0, 0 ], [ 0, 390, 44, 21 ]
1354 / 4950: [ 0, 0, 3, 0, 0 ], [ 0, 390, 44, 21 ]
1355 / 4950: [ 0, 2, 0, 0, 0 ], [ 0, 390, 44, 21 ]
1356 / 4950: [ 0, 4, 0, 0, 0 ], [ 0, 391, 44, 21 ]
1357 / 4950: [ 0, 2, 0, 0, 0 ], [ 0, 391, 44, 21 ]
1358 / 4950: [ 0, 0, 0, 0, 0 ], [ 0, 391, 44, 21 ]
1359 / 4950: [ 0, 2, 0, 0, 0 ], [ 0, 391, 44, 21 ]
1360 / 4950: [ 0, 2, 0, 0, 0 ], [ 0, 391, 44, 21 ]
1361 / 4950: [ 0, 0, 0, 0, 0 ], [ 0, 391, 44, 21 ]
1362 / 4950: [ 0, 2, 0, 0, 0 ], [ 0, 391, 44, 21 ]
1363 / 4950: [ 0, 1, 1, 0, 0 ], [ 0, 391, 44, 21 ]
1364 / 4950: [ 0, 3, 0, 0, 0 ], [ 0, 391, 44, 21 ]
1365 / 4950: [ 0, 1, 0, 0, 0 ], [ 0, 391, 44, 21 ]
1366 / 4950: [ 0, 2, 0, 0, 0 ], [ 0, 391, 44, 21 ]
1367 / 4950: [ 0, 4, 0, 0, 0 ], [ 0, 392, 44, 21 ]
1368 / 4950: [ 0, 2, 0, 0, 0 ], [ 0, 392, 44, 21 ]
1369 / 4950: [ 0, 0, 0, 0, 0 ], [ 0, 392, 44, 21 ]
1370 / 4950: [ 0, 0, 0, 0, 0 ], [ 0, 392, 44, 21 ]
1371 / 4950: [ 0, 1, 0, 0, 0 ], [ 0, 392, 44, 21 ]
1372 / 4950: [ 0, 4, 0, 0, 0 ], [ 0, 393, 44, 21 ]
1373 / 4950: [ 0, 4, 0, 0, 0 ], [ 0, 394, 44, 21 ]
1374 / 4950: [ 0, 3, 0, 0, 0 ], [ 0, 394, 44, 21 ]
1375 / 4950: [ 0, 0, 0, 0, 0 ], [ 0, 394, 44, 21 ]
1376 / 4950: [ 0, 2, 0, 0, 0 ], [ 0, 394, 44, 21 ]
1377 / 4950: [ 0, 1, 0, 0, 0 ], [ 0, 394, 44, 21 ]
1378 / 4950: [ 0, 4, 0, 0, 0 ], [ 0, 395, 44, 21 ]
1379 / 4950: [ 0, 4, 0, 0, 0 ], [ 0, 396, 44, 21 ]
1380 / 4950: [ 0, 4, 0, 0, 0 ], [ 0, 397, 44, 21 ]
1381 / 4950: [ 0, 2, 1, 0, 0 ], [ 0, 397, 44, 21 ]
1382 / 4950: [ 0, 4, 0, 0, 0 ], [ 0, 398, 44, 21 ]
1383 / 4950: [ 0, 2, 0, 0, 0 ], [ 0, 398, 44, 21 ]
1384 / 4950: [ 0, 4, 0, 0, 0 ], [ 0, 399, 44, 21 ]
1385 / 4950: [ 0, 4, 0, 0, 0 ], [ 0, 400, 44, 21 ]
1386 / 4950: [ 0, 4, 0, 0, 0 ], [ 0, 401, 44, 21 ]
1387 / 4950: [ 0, 3, 0, 0, 0 ], [ 0, 401, 44, 21 ]
1388 / 4950: [ 0, 4, 0, 0, 0 ], [ 0, 402, 44, 21 ]
1389 / 4950: [ 0, 3, 0, 0, 0 ], [ 0, 402, 44, 21 ]
1390 / 4950: [ 0, 2, 1, 0, 0 ], [ 0, 402, 44, 21 ]
1391 / 4950: [ 0, 4, 0, 0, 0 ], [ 0, 403, 44, 21 ]
1392 / 4950: [ 0, 1, 0, 0, 0 ], [ 0, 403, 44, 21 ]
1393 / 4950: [ 0, 4, 0, 0, 0 ], [ 0, 404, 44, 21 ]
1394 / 4950: [ 0, 3, 0, 0, 0 ], [ 0, 404, 44, 21 ]
1395 / 4950: [ 0, 4, 0, 0, 0 ], [ 0, 405, 44, 21 ]
1396 / 4950: [ 0, 4, 0, 0, 0 ], [ 0, 406, 44, 21 ]
1397 / 4950: [ 0, 4, 0, 0, 0 ], [ 0, 407, 44, 21 ]
1398 / 4950: [ 0, 4, 0, 0, 0 ], [ 0, 408, 44, 21 ]
1399 / 4950: [ 0, 4, 0, 0, 0 ], [ 0, 409, 44, 21 ]
1400 / 4950: [ 0, 2, 0, 0, 0 ], [ 0, 409, 44, 21 ]
1401 / 4950: [ 0, 2, 0, 0, 0 ], [ 0, 409, 44, 21 ]
1402 / 4950: [ 0, 4, 0, 0, 0 ], [ 0, 410, 44, 21 ]
1403 / 4950: [ 0, 3, 0, 0, 0 ], [ 0, 410, 44, 21 ]
1404 / 4950: [ 0, 1, 0, 2, 0 ], [ 0, 410, 44, 21 ]
1405 / 4950: [ 0, 2, 0, 0, 0 ], [ 0, 410, 44, 21 ]
1406 / 4950: [ 0, 4, 0, 0, 0 ], [ 0, 411, 44, 21 ]
1407 / 4950: [ 0, 3, 0, 0, 0 ], [ 0, 411, 44, 21 ]
1408 / 4950: [ 0, 4, 0, 0, 0 ], [ 0, 412, 44, 21 ]
1409 / 4950: [ 0, 2, 0, 0, 0 ], [ 0, 412, 44, 21 ]
1410 / 4950: [ 0, 4, 0, 0, 0 ], [ 0, 413, 44, 21 ]
1411 / 4950: [ 0, 2, 0, 0, 0 ], [ 0, 413, 44, 21 ]
1412 / 4950: [ 0, 3, 1, 0, 0 ], [ 0, 413, 45, 21 ]
1413 / 4950: [ 0, 4, 0, 0, 0 ], [ 0, 414, 45, 21 ]
1414 / 4950: [ 0, 3, 0, 0, 0 ], [ 0, 414, 45, 21 ]
1415 / 4950: [ 0, 4, 0, 0, 0 ], [ 0, 415, 45, 21 ]
1416 / 4950: [ 0, 2, 0, 0, 0 ], [ 0, 415, 45, 21 ]
1417 / 4950: [ 0, 3, 0, 0, 0 ], [ 0, 415, 45, 21 ]
1418 / 4950: [ 0, 4, 0, 0, 0 ], [ 0, 416, 45, 21 ]
1419 / 4950: [ 0, 3, 1, 0, 0 ], [ 0, 416, 46, 21 ]
1420 / 4950: [ 0, 2, 0, 0, 0 ], [ 0, 416, 46, 21 ]
1421 / 4950: [ 0, 0, 0, 0, 0 ], [ 0, 416, 46, 21 ]
1422 / 4950: [ 0, 4, 0, 0, 0 ], [ 0, 417, 46, 21 ]
1423 / 4950: [ 0, 1, 0, 0, 0 ], [ 0, 417, 46, 21 ]
1424 / 4950: [ 0, 4, 0, 0, 0 ], [ 0, 418, 46, 21 ]
1425 / 4950: [ 0, 4, 0, 0, 0 ], [ 0, 419, 46, 21 ]
1426 / 4950: [ 0, 1, 0, 0, 0 ], [ 0, 419, 46, 21 ]
1427 / 4950: [ 0, 2, 2, 0, 0 ], [ 0, 419, 47, 21 ]
1428 / 4950: [ 0, 4, 0, 0, 0 ], [ 0, 420, 47, 21 ]
1429 / 4950: [ 0, 3, 0, 0, 0 ], [ 0, 420, 47, 21 ]
1430 / 4950: [ 0, 4, 0, 0, 0 ], [ 0, 421, 47, 21 ]
1431 / 4950: [ 0, 4, 0, 0, 0 ], [ 0, 422, 47, 21 ]
1432 / 4950: [ 0, 3, 1, 0, 0 ], [ 0, 422, 48, 21 ]
1433 / 4950: [ 0, 3, 1, 0, 0 ], [ 0, 422, 49, 21 ]
1434 / 4950: [ 0, 3, 1, 0, 0 ], [ 0, 422, 50, 21 ]
1435 / 4950: [ 0, 2, 1, 0, 0 ], [ 0, 422, 50, 21 ]
1436 / 4950: [ 0, 1, 0, 0, 0 ], [ 0, 422, 50, 21 ]
1437 / 4950: [ 0, 2, 1, 0, 0 ], [ 0, 422, 50, 21 ]
1438 / 4950: [ 0, 3, 0, 0, 0 ], [ 0, 422, 50, 21 ]
1439 / 4950: [ 0, 3, 0, 0, 0 ], [ 0, 422, 50, 21 ]
1440 / 4950: [ 0, 3, 1, 0, 0 ], [ 0, 422, 51, 21 ]
1441 / 4950: [ 0, 4, 0, 0, 0 ], [ 0, 423, 51, 21 ]
1442 / 4950: [ 0, 3, 0, 0, 0 ], [ 0, 423, 51, 21 ]
1443 / 4950: [ 0, 4, 0, 0, 0 ], [ 0, 424, 51, 21 ]
1444 / 4950: [ 0, 4, 0, 0, 0 ], [ 0, 425, 51, 21 ]
1445 / 4950: [ 0, 2, 0, 0, 0 ], [ 0, 425, 51, 21 ]
1446 / 4950: [ 0, 4, 0, 0, 0 ], [ 0, 426, 51, 21 ]
1447 / 4950: [ 0, 3, 0, 0, 0 ], [ 0, 426, 51, 21 ]
1448 / 4950: [ 0, 3, 0, 0, 0 ], [ 0, 426, 51, 21 ]
1449 / 4950: [ 0, 1, 0, 0, 0 ], [ 0, 426, 51, 21 ]
1450 / 4950: [ 0, 2, 0, 0, 0 ], [ 0, 426, 51, 21 ]
1451 / 4950: [ 0, 3, 0, 0, 0 ], [ 0, 426, 51, 21 ]
1452 / 4950: [ 0, 2, 0, 0, 0 ], [ 0, 426, 51, 21 ]
1453 / 4950: [ 0, 0, 0, 0, 0 ], [ 0, 426, 51, 21 ]
1454 / 4950: [ 0, 3, 0, 0, 0 ], [ 0, 426, 51, 21 ]
1455 / 4950: [ 0, 1, 0, 0, 0 ], [ 0, 426, 51, 21 ]
1456 / 4950: [ 0, 1, 0, 1, 0 ], [ 0, 426, 51, 21 ]
1457 / 4950: [ 0, 1, 0, 1, 0 ], [ 0, 426, 51, 21 ]
1458 / 4950: [ 0, 3, 0, 0, 0 ], [ 0, 426, 51, 21 ]
1459 / 4950: [ 0, 4, 0, 0, 0 ], [ 0, 427, 51, 21 ]
1460 / 4950: [ 0, 3, 0, 0, 0 ], [ 0, 427, 51, 21 ]
1461 / 4950: [ 0, 2, 1, 0, 0 ], [ 0, 427, 51, 21 ]
1462 / 4950: [ 0, 4, 0, 0, 0 ], [ 0, 428, 51, 21 ]
1463 / 4950: [ 0, 1, 0, 0, 0 ], [ 0, 428, 51, 21 ]
1464 / 4950: [ 0, 4, 0, 0, 0 ], [ 0, 429, 51, 21 ]
1465 / 4950: [ 0, 2, 2, 0, 0 ], [ 0, 429, 52, 21 ]
1466 / 4950: [ 0, 4, 0, 0, 0 ], [ 0, 430, 52, 21 ]
1467 / 4950: [ 0, 3, 1, 0, 0 ], [ 0, 430, 53, 21 ]
1468 / 4950: [ 0, 3, 0, 0, 0 ], [ 0, 430, 53, 21 ]
1469 / 4950: [ 0, 1, 1, 0, 0 ], [ 0, 430, 53, 21 ]
1470 / 4950: [ 0, 1, 0, 0, 0 ], [ 0, 430, 53, 21 ]
1471 / 4950: [ 0, 2, 1, 0, 0 ], [ 0, 430, 53, 21 ]
1472 / 4950: [ 0, 4, 0, 0, 0 ], [ 0, 431, 53, 21 ]
1473 / 4950: [ 0, 1, 0, 0, 0 ], [ 0, 431, 53, 21 ]
1474 / 4950: [ 0, 0, 0, 0, 0 ], [ 0, 431, 53, 21 ]
1475 / 4950: [ 0, 3, 0, 0, 0 ], [ 0, 431, 53, 21 ]
1476 / 4950: [ 0, 1, 0, 0, 0 ], [ 0, 431, 53, 21 ]
1477 / 4950: [ 0, 4, 0, 0, 0 ], [ 0, 432, 53, 21 ]
1478 / 4950: [ 0, 2, 2, 0, 0 ], [ 0, 432, 54, 21 ]
1479 / 4950: [ 0, 2, 0, 0, 0 ], [ 0, 432, 54, 21 ]
1480 / 4950: [ 0, 2, 2, 0, 0 ], [ 0, 432, 55, 21 ]
1481 / 4950: [ 0, 4, 0, 0, 0 ], [ 0, 433, 55, 21 ]
1482 / 4950: [ 0, 4, 0, 0, 0 ], [ 0, 434, 55, 21 ]
1483 / 4950: [ 0, 3, 1, 0, 0 ], [ 0, 434, 56, 21 ]
1484 / 4950: [ 0, 3, 1, 0, 0 ], [ 0, 434, 57, 21 ]
1485 / 4950: [ 0, 3, 0, 0, 0 ], [ 0, 434, 57, 21 ]
1486 / 4950: [ 0, 2, 1, 0, 0 ], [ 0, 434, 57, 21 ]
1487 / 4950: [ 0, 1, 2, 0, 0 ], [ 0, 434, 57, 21 ]
1488 / 4950: [ 0, 0, 1, 0, 0 ], [ 0, 434, 57, 21 ]
1489 / 4950: [ 0, 1, 0, 0, 0 ], [ 0, 434, 57, 21 ]
1490 / 4950: [ 0, 1, 1, 0, 0 ], [ 0, 434, 57, 21 ]
1491 / 4950: [ 0, 3, 0, 0, 0 ], [ 0, 434, 57, 21 ]
1492 / 4950: [ 0, 2, 2, 0, 0 ], [ 0, 434, 58, 21 ]
1493 / 4950: [ 0, 0, 0, 0, 0 ], [ 0, 434, 58, 21 ]
1494 / 4950: [ 0, 3, 1, 0, 0 ], [ 0, 434, 59, 21 ]
1495 / 4950: [ 0, 3, 1, 0, 0 ], [ 0, 434, 60, 21 ]
1496 / 4950: [ 0, 1, 1, 0, 0 ], [ 0, 434, 60, 21 ]
1497 / 4950: [ 0, 4, 0, 0, 0 ], [ 0, 435, 60, 21 ]
1498 / 4950: [ 0, 0, 1, 0, 0 ], [ 0, 435, 60, 21 ]
1499 / 4950: [ 0, 4, 0, 0, 0 ], [ 0, 436, 60, 21 ]
1500 / 4950: [ 0, 3, 1, 0, 0 ], [ 0, 436, 61, 21 ]
1501 / 4950: [ 0, 0, 0, 0, 0 ], [ 0, 436, 61, 21 ]
1502 / 4950: [ 0, 0, 0, 0, 0 ], [ 0, 436, 61, 21 ]
1503 / 4950: [ 0, 1, 0, 0, 0 ], [ 0, 436, 61, 21 ]
1504 / 4950: [ 0, 0, 0, 0, 0 ], [ 0, 436, 61, 21 ]
1505 / 4950: [ 0, 1, 0, 0, 0 ], [ 0, 436, 61, 21 ]
1506 / 4950: [ 0, 0, 0, 0, 0 ], [ 0, 436, 61, 21 ]
1507 / 4950: [ 0, 0, 0, 0, 0 ], [ 0, 436, 61, 21 ]
1508 / 4950: [ 0, 0, 0, 0, 0 ], [ 0, 436, 61, 21 ]
1509 / 4950: [ 0, 2, 0, 0, 0 ], [ 0, 436, 61, 21 ]
1510 / 4950: [ 0, 1, 1, 2, 0 ], [ 0, 436, 61, 22 ]
1511 / 4950: [ 0, 2, 2, 0, 0 ], [ 0, 436, 62, 22 ]
1512 / 4950: [ 0, 0, 1, 0, 0 ], [ 0, 436, 62, 22 ]
1513 / 4950: [ 0, 1, 0, 0, 0 ], [ 0, 436, 62, 22 ]
1514 / 4950: [ 0, 0, 1, 0, 0 ], [ 0, 436, 62, 22 ]
1515 / 4950: [ 0, 1, 1, 0, 0 ], [ 0, 436, 62, 22 ]
1516 / 4950: [ 0, 3, 1, 0, 0 ], [ 0, 436, 63, 22 ]
1517 / 4950: [ 0, 1, 0, 0, 0 ], [ 0, 436, 63, 22 ]
1518 / 4950: [ 0, 2, 0, 0, 0 ], [ 0, 436, 63, 22 ]
1519 / 4950: [ 0, 1, 1, 0, 0 ], [ 0, 436, 63, 22 ]
1520 / 4950: [ 0, 1, 0, 0, 0 ], [ 0, 436, 63, 22 ]
1521 / 4950: [ 0, 3, 0, 0, 0 ], [ 0, 436, 63, 22 ]
1522 / 4950: [ 0, 3, 0, 0, 0 ], [ 0, 436, 63, 22 ]
1523 / 4950: [ 0, 0, 1, 0, 0 ], [ 0, 436, 63, 22 ]
1524 / 4950: [ 0, 0, 1, 0, 0 ], [ 0, 436, 63, 22 ]
1525 / 4950: [ 0, 0, 1, 0, 0 ], [ 0, 436, 63, 22 ]
1526 / 4950: [ 0, 4, 0, 0, 0 ], [ 0, 437, 63, 22 ]
1527 / 4950: [ 0, 0, 0, 0, 0 ], [ 0, 437, 63, 22 ]
1528 / 4950: [ 0, 0, 0, 0, 0 ], [ 0, 437, 63, 22 ]
1529 / 4950: [ 0, 2, 0, 0, 0 ], [ 0, 437, 63, 22 ]
1530 / 4950: [ 0, 0, 0, 0, 0 ], [ 0, 437, 63, 22 ]
1531 / 4950: [ 0, 2, 1, 0, 0 ], [ 0, 437, 63, 22 ]
1532 / 4950: [ 0, 1, 1, 0, 0 ], [ 0, 437, 63, 22 ]
1533 / 4950: [ 0, 2, 0, 0, 0 ], [ 0, 437, 63, 22 ]
1534 / 4950: [ 0, 1, 3, 0, 0 ], [ 0, 437, 64, 22 ]
1535 / 4950: [ 0, 4, 0, 0, 0 ], [ 0, 438, 64, 22 ]
1536 / 4950: [ 0, 2, 1, 0, 0 ], [ 0, 438, 64, 22 ]
1537 / 4950: [ 0, 2, 1, 0, 0 ], [ 0, 438, 64, 22 ]
1538 / 4950: [ 0, 0, 0, 0, 0 ], [ 0, 438, 64, 22 ]
1539 / 4950: [ 0, 2, 1, 0, 0 ], [ 0, 438, 64, 22 ]
1540 / 4950: [ 0, 4, 0, 0, 0 ], [ 0, 439, 64, 22 ]
1541 / 4950: [ 0, 0, 2, 0, 0 ], [ 0, 439, 64, 22 ]
1542 / 4950: [ 0, 4, 0, 0, 0 ], [ 0, 440, 64, 22 ]
1543 / 4950: [ 0, 2, 1, 0, 0 ], [ 0, 440, 64, 22 ]
1544 / 4950: [ 0, 3, 0, 0, 0 ], [ 0, 440, 64, 22 ]
1545 / 4950: [ 0, 0, 0, 0, 0 ], [ 0, 440, 64, 22 ]
1546 / 4950: [ 0, 0, 0, 0, 0 ], [ 0, 440, 64, 22 ]
1547 / 4950: [ 0, 3, 0, 0, 0 ], [ 0, 440, 64, 22 ]
1548 / 4950: [ 0, 4, 0, 0, 0 ], [ 0, 441, 64, 22 ]
1549 / 4950: [ 0, 4, 0, 0, 0 ], [ 0, 442, 64, 22 ]
1550 / 4950: [ 0, 4, 0, 0, 0 ], [ 0, 443, 64, 22 ]
1551 / 4950: [ 0, 1, 0, 0, 0 ], [ 0, 443, 64, 22 ]
1552 / 4950: [ 0, 0, 0, 0, 0 ], [ 0, 443, 64, 22 ]
1553 / 4950: [ 0, 4, 0, 0, 0 ], [ 0, 444, 64, 22 ]
1554 / 4950: [ 0, 4, 0, 0, 0 ], [ 0, 445, 64, 22 ]
1555 / 4950: [ 0, 2, 1, 0, 0 ], [ 0, 445, 64, 22 ]
1556 / 4950: [ 0, 0, 0, 0, 0 ], [ 0, 445, 64, 22 ]
1557 / 4950: [ 0, 2, 0, 0, 0 ], [ 0, 445, 64, 22 ]
1558 / 4950: [ 0, 3, 0, 0, 0 ], [ 0, 445, 64, 22 ]
1559 / 4950: [ 0, 0, 0, 0, 0 ], [ 0, 445, 64, 22 ]
1560 / 4950: [ 0, 4, 0, 0, 0 ], [ 0, 446, 64, 22 ]
1561 / 4950: [ 0, 3, 0, 0, 0 ], [ 0, 446, 64, 22 ]
1562 / 4950: [ 0, 1, 0, 0, 0 ], [ 0, 446, 64, 22 ]
1563 / 4950: [ 0, 3, 0, 0, 0 ], [ 0, 446, 64, 22 ]
1564 / 4950: [ 0, 3, 0, 0, 0 ], [ 0, 446, 64, 22 ]
1565 / 4950: [ 0, 2, 0, 2, 0 ], [ 0, 446, 64, 23 ]
1566 / 4950: [ 0, 4, 0, 0, 0 ], [ 0, 447, 64, 23 ]
1567 / 4950: [ 0, 0, 0, 0, 0 ], [ 0, 447, 64, 23 ]
1568 / 4950: [ 0, 0, 0, 0, 0 ], [ 0, 447, 64, 23 ]
1569 / 4950: [ 0, 0, 0, 0, 0 ], [ 0, 447, 64, 23 ]
1570 / 4950: [ 0, 2, 0, 0, 0 ], [ 0, 447, 64, 23 ]
1571 / 4950: [ 0, 0, 0, 0, 0 ], [ 0, 447, 64, 23 ]
1572 / 4950: [ 0, 4, 0, 0, 0 ], [ 0, 448, 64, 23 ]
1573 / 4950: [ 0, 2, 1, 0, 0 ], [ 0, 448, 64, 23 ]
1574 / 4950: [ 0, 2, 0, 0, 0 ], [ 0, 448, 64, 23 ]
1575 / 4950: [ 0, 0, 0, 0, 0 ], [ 0, 448, 64, 23 ]
1576 / 4950: [ 0, 4, 0, 0, 0 ], [ 0, 449, 64, 23 ]
1577 / 4950: [ 0, 1, 0, 0, 0 ], [ 0, 449, 64, 23 ]
1578 / 4950: [ 0, 2, 0, 0, 0 ], [ 0, 449, 64, 23 ]
1579 / 4950: [ 0, 3, 0, 0, 0 ], [ 0, 449, 64, 23 ]
1580 / 4950: [ 0, 2, 0, 0, 0 ], [ 0, 449, 64, 23 ]
1581 / 4950: [ 0, 4, 0, 0, 0 ], [ 0, 450, 64, 23 ]
1582 / 4950: [ 0, 0, 0, 0, 0 ], [ 0, 450, 64, 23 ]
1583 / 4950: [ 0, 0, 1, 0, 0 ], [ 0, 450, 64, 23 ]
1584 / 4950: [ 0, 2, 0, 0, 0 ], [ 0, 450, 64, 23 ]
1585 / 4950: [ 0, 0, 0, 0, 0 ], [ 0, 450, 64, 23 ]
1586 / 4950: [ 0, 4, 0, 0, 0 ], [ 0, 451, 64, 23 ]
1587 / 4950: [ 0, 2, 0, 0, 0 ], [ 0, 451, 64, 23 ]
1588 / 4950: [ 0, 2, 0, 0, 0 ], [ 0, 451, 64, 23 ]
1589 / 4950: [ 0, 0, 1, 0, 0 ], [ 0, 451, 64, 23 ]
1590 / 4950: [ 0, 0, 1, 0, 0 ], [ 0, 451, 64, 23 ]
1591 / 4950: [ 0, 1, 0, 0, 0 ], [ 0, 451, 64, 23 ]
1592 / 4950: [ 0, 4, 0, 0, 0 ], [ 0, 452, 64, 23 ]
1593 / 4950: [ 0, 4, 0, 0, 0 ], [ 0, 453, 64, 23 ]
1594 / 4950: [ 0, 3, 0, 0, 0 ], [ 0, 453, 64, 23 ]
1595 / 4950: [ 0, 2, 0, 0, 0 ], [ 0, 453, 64, 23 ]
1596 / 4950: [ 0, 3, 0, 0, 0 ], [ 0, 453, 64, 23 ]
1597 / 4950: [ 0, 4, 0, 0, 0 ], [ 0, 454, 64, 23 ]
1598 / 4950: [ 0, 2, 0, 0, 0 ], [ 0, 454, 64, 23 ]
1599 / 4950: [ 0, 2, 0, 0, 0 ], [ 0, 454, 64, 23 ]
1600 / 4950: [ 0, 4, 0, 0, 0 ], [ 0, 455, 64, 23 ]
1601 / 4950: [ 0, 4, 0, 0, 0 ], [ 0, 456, 64, 23 ]
1602 / 4950: [ 0, 4, 0, 0, 0 ], [ 0, 457, 64, 23 ]
1603 / 4950: [ 0, 3, 0, 0, 0 ], [ 0, 457, 64, 23 ]
1604 / 4950: [ 0, 1, 0, 0, 0 ], [ 0, 457, 64, 23 ]
1605 / 4950: [ 0, 4, 0, 0, 0 ], [ 0, 458, 64, 23 ]
1606 / 4950: [ 0, 1, 0, 0, 0 ], [ 0, 458, 64, 23 ]
1607 / 4950: [ 0, 2, 0, 0, 0 ], [ 0, 458, 64, 23 ]
1608 / 4950: [ 0, 4, 0, 0, 0 ], [ 0, 459, 64, 23 ]
1609 / 4950: [ 0, 3, 0, 0, 0 ], [ 0, 459, 64, 23 ]
1610 / 4950: [ 0, 4, 0, 0, 0 ], [ 0, 460, 64, 23 ]
1611 / 4950: [ 0, 2, 0, 0, 0 ], [ 0, 460, 64, 23 ]
1612 / 4950: [ 0, 1, 0, 0, 0 ], [ 0, 460, 64, 23 ]
1613 / 4950: [ 0, 1, 0, 0, 0 ], [ 0, 460, 64, 23 ]
1614 / 4950: [ 0, 4, 0, 0, 0 ], [ 0, 461, 64, 23 ]
1615 / 4950: [ 0, 0, 0, 0, 0 ], [ 0, 461, 64, 23 ]
1616 / 4950: [ 0, 0, 0, 0, 0 ], [ 0, 461, 64, 23 ]
1617 / 4950: [ 0, 0, 0, 0, 0 ], [ 0, 461, 64, 23 ]
1618 / 4950: [ 0, 1, 0, 0, 0 ], [ 0, 461, 64, 23 ]
1619 / 4950: [ 0, 2, 0, 0, 0 ], [ 0, 461, 64, 23 ]
1620 / 4950: [ 0, 4, 0, 0, 0 ], [ 0, 462, 64, 23 ]
1621 / 4950: [ 0, 2, 0, 0, 0 ], [ 0, 462, 64, 23 ]
1622 / 4950: [ 0, 0, 0, 2, 0 ], [ 0, 462, 64, 23 ]
1623 / 4950: [ 0, 3, 0, 0, 0 ], [ 0, 462, 64, 23 ]
1624 / 4950: [ 0, 3, 0, 0, 0 ], [ 0, 462, 64, 23 ]
1625 / 4950: [ 0, 0, 0, 0, 0 ], [ 0, 462, 64, 23 ]
1626 / 4950: [ 0, 1, 0, 0, 0 ], [ 0, 462, 64, 23 ]
1627 / 4950: [ 0, 1, 0, 0, 0 ], [ 0, 462, 64, 23 ]
1628 / 4950: [ 0, 3, 0, 0, 0 ], [ 0, 462, 64, 23 ]
1629 / 4950: [ 0, 3, 0, 0, 0 ], [ 0, 462, 64, 23 ]
1630 / 4950: [ 0, 4, 0, 0, 0 ], [ 0, 463, 64, 23 ]
1631 / 4950: [ 0, 1, 0, 0, 0 ], [ 0, 463, 64, 23 ]
1632 / 4950: [ 0, 2, 0, 0, 0 ], [ 0, 463, 64, 23 ]
1633 / 4950: [ 0, 3, 0, 0, 0 ], [ 0, 463, 64, 23 ]
1634 / 4950: [ 0, 1, 0, 0, 0 ], [ 0, 463, 64, 23 ]
1635 / 4950: [ 0, 1, 0, 0, 0 ], [ 0, 463, 64, 23 ]
1636 / 4950: [ 0, 1, 0, 0, 0 ], [ 0, 463, 64, 23 ]
1637 / 4950: [ 0, 2, 0, 0, 0 ], [ 0, 463, 64, 23 ]
1638 / 4950: [ 0, 1, 0, 0, 0 ], [ 0, 463, 64, 23 ]
1639 / 4950: [ 0, 3, 0, 0, 0 ], [ 0, 463, 64, 23 ]
1640 / 4950: [ 0, 2, 1, 0, 0 ], [ 0, 463, 64, 23 ]
1641 / 4950: [ 0, 0, 0, 0, 0 ], [ 0, 463, 64, 23 ]
1642 / 4950: [ 0, 0, 0, 0, 0 ], [ 0, 463, 64, 23 ]
1643 / 4950: [ 0, 2, 0, 0, 0 ], [ 0, 463, 64, 23 ]
1644 / 4950: [ 0, 0, 0, 0, 0 ], [ 0, 463, 64, 23 ]
1645 / 4950: [ 0, 4, 0, 0, 0 ], [ 0, 464, 64, 23 ]
1646 / 4950: [ 0, 3, 1, 0, 0 ], [ 0, 464, 65, 23 ]
1647 / 4950: [ 0, 1, 0, 0, 0 ], [ 0, 464, 65, 23 ]
1648 / 4950: [ 0, 0, 0, 0, 0 ], [ 0, 464, 65, 23 ]
1649 / 4950: [ 0, 0, 0, 0, 0 ], [ 0, 464, 65, 23 ]
1650 / 4950: [ 0, 3, 0, 0, 0 ], [ 0, 464, 65, 23 ]
1651 / 4950: [ 0, 1, 0, 0, 0 ], [ 0, 464, 65, 23 ]
1652 / 4950: [ 0, 1, 0, 0, 0 ], [ 0, 464, 65, 23 ]
1653 / 4950: [ 0, 0, 0, 0, 0 ], [ 0, 464, 65, 23 ]
1654 / 4950: [ 0, 2, 1, 0, 0 ], [ 0, 464, 65, 23 ]
1655 / 4950: [ 0, 4, 0, 0, 0 ], [ 0, 465, 65, 23 ]
1656 / 4950: [ 0, 3, 0, 0, 0 ], [ 0, 465, 65, 23 ]
1657 / 4950: [ 0, 4, 0, 0, 0 ], [ 0, 466, 65, 23 ]
1658 / 4950: [ 0, 2, 0, 0, 0 ], [ 0, 466, 65, 23 ]
1659 / 4950: [ 0, 3, 0, 0, 0 ], [ 0, 466, 65, 23 ]
1660 / 4950: [ 0, 4, 0, 0, 0 ], [ 0, 467, 65, 23 ]
1661 / 4950: [ 0, 4, 0, 0, 0 ], [ 0, 468, 65, 23 ]
1662 / 4950: [ 0, 2, 0, 0, 0 ], [ 0, 468, 65, 23 ]
1663 / 4950: [ 0, 4, 0, 0, 0 ], [ 0, 469, 65, 23 ]
1664 / 4950: [ 0, 2, 0, 0, 0 ], [ 0, 469, 65, 23 ]
1665 / 4950: [ 0, 2, 1, 0, 0 ], [ 0, 469, 65, 23 ]
1666 / 4950: [ 0, 2, 0, 0, 0 ], [ 0, 469, 65, 23 ]
1667 / 4950: [ 0, 2, 0, 0, 0 ], [ 0, 469, 65, 23 ]
1668 / 4950: [ 0, 1, 0, 0, 0 ], [ 0, 469, 65, 23 ]
1669 / 4950: [ 0, 3, 0, 0, 0 ], [ 0, 469, 65, 23 ]
1670 / 4950: [ 0, 3, 0, 0, 0 ], [ 0, 469, 65, 23 ]
1671 / 4950: [ 0, 2, 0, 0, 0 ], [ 0, 469, 65, 23 ]
1672 / 4950: [ 0, 2, 0, 0, 0 ], [ 0, 469, 65, 23 ]
1673 / 4950: [ 0, 3, 0, 0, 0 ], [ 0, 469, 65, 23 ]
1674 / 4950: [ 0, 2, 0, 0, 0 ], [ 0, 469, 65, 23 ]
1675 / 4950: [ 0, 0, 0, 0, 0 ], [ 0, 469, 65, 23 ]
1676 / 4950: [ 0, 1, 0, 0, 0 ], [ 0, 469, 65, 23 ]
1677 / 4950: [ 0, 3, 0, 0, 0 ], [ 0, 469, 65, 23 ]
1678 / 4950: [ 0, 3, 0, 1, 0 ], [ 0, 469, 65, 24 ]
1679 / 4950: [ 0, 2, 0, 2, 0 ], [ 0, 469, 65, 25 ]
1680 / 4950: [ 0, 0, 0, 0, 0 ], [ 0, 469, 65, 25 ]
1681 / 4950: [ 0, 4, 0, 0, 0 ], [ 0, 470, 65, 25 ]
1682 / 4950: [ 0, 3, 0, 0, 0 ], [ 0, 470, 65, 25 ]
1683 / 4950: [ 0, 2, 0, 0, 0 ], [ 0, 470, 65, 25 ]
1684 / 4950: [ 0, 0, 0, 0, 0 ], [ 0, 470, 65, 25 ]
1685 / 4950: [ 0, 3, 1, 0, 0 ], [ 0, 470, 66, 25 ]
1686 / 4950: [ 0, 0, 0, 0, 0 ], [ 0, 470, 66, 25 ]
1687 / 4950: [ 0, 3, 0, 0, 0 ], [ 0, 470, 66, 25 ]
1688 / 4950: [ 0, 2, 0, 0, 0 ], [ 0, 470, 66, 25 ]
1689 / 4950: [ 0, 4, 0, 0, 0 ], [ 0, 471, 66, 25 ]
1690 / 4950: [ 0, 2, 0, 0, 0 ], [ 0, 471, 66, 25 ]
1691 / 4950: [ 0, 1, 0, 0, 0 ], [ 0, 471, 66, 25 ]
1692 / 4950: [ 0, 1, 0, 0, 0 ], [ 0, 471, 66, 25 ]
1693 / 4950: [ 0, 4, 0, 0, 0 ], [ 0, 472, 66, 25 ]
1694 / 4950: [ 0, 2, 0, 0, 0 ], [ 0, 472, 66, 25 ]
1695 / 4950: [ 0, 0, 0, 0, 0 ], [ 0, 472, 66, 25 ]
1696 / 4950: [ 0, 0, 0, 0, 0 ], [ 0, 472, 66, 25 ]
1697 / 4950: [ 0, 2, 0, 0, 0 ], [ 0, 472, 66, 25 ]
1698 / 4950: [ 0, 0, 0, 0, 0 ], [ 0, 472, 66, 25 ]
1699 / 4950: [ 0, 2, 0, 0, 0 ], [ 0, 472, 66, 25 ]
1700 / 4950: [ 0, 3, 0, 0, 0 ], [ 0, 472, 66, 25 ]
1701 / 4950: [ 0, 1, 0, 0, 0 ], [ 0, 472, 66, 25 ]
1702 / 4950: [ 0, 1, 0, 0, 0 ], [ 0, 472, 66, 25 ]
1703 / 4950: [ 0, 2, 1, 0, 0 ], [ 0, 472, 66, 25 ]
1704 / 4950: [ 0, 4, 0, 0, 0 ], [ 0, 473, 66, 25 ]
1705 / 4950: [ 0, 3, 0, 0, 0 ], [ 0, 473, 66, 25 ]
1706 / 4950: [ 0, 2, 0, 0, 0 ], [ 0, 473, 66, 25 ]
1707 / 4950: [ 0, 4, 0, 0, 0 ], [ 0, 474, 66, 25 ]
1708 / 4950: [ 0, 2, 0, 0, 0 ], [ 0, 474, 66, 25 ]
1709 / 4950: [ 0, 2, 0, 0, 0 ], [ 0, 474, 66, 25 ]
1710 / 4950: [ 0, 2, 0, 0, 0 ], [ 0, 474, 66, 25 ]
1711 / 4950: [ 0, 2, 0, 0, 0 ], [ 0, 474, 66, 25 ]
1712 / 4950: [ 0, 2, 0, 0, 0 ], [ 0, 474, 66, 25 ]
1713 / 4950: [ 0, 1, 0, 0, 0 ], [ 0, 474, 66, 25 ]
1714 / 4950: [ 0, 3, 0, 1, 0 ], [ 0, 474, 66, 26 ]
1715 / 4950: [ 0, 4, 0, 0, 0 ], [ 0, 475, 66, 26 ]
1716 / 4950: [ 0, 1, 0, 1, 0 ], [ 0, 475, 66, 26 ]
1717 / 4950: [ 0, 4, 0, 0, 0 ], [ 0, 476, 66, 26 ]
1718 / 4950: [ 0, 4, 0, 0, 0 ], [ 0, 477, 66, 26 ]
1719 / 4950: [ 0, 4, 0, 0, 0 ], [ 0, 478, 66, 26 ]
1720 / 4950: [ 0, 0, 0, 0, 0 ], [ 0, 478, 66, 26 ]
1721 / 4950: [ 0, 2, 0, 2, 0 ], [ 0, 478, 66, 27 ]
1722 / 4950: [ 0, 1, 0, 2, 0 ], [ 0, 478, 66, 27 ]
1723 / 4950: [ 0, 1, 0, 1, 0 ], [ 0, 478, 66, 27 ]
1724 / 4950: [ 0, 0, 0, 0, 0 ], [ 0, 478, 66, 27 ]
1725 / 4950: [ 0, 0, 0, 0, 0 ], [ 0, 478, 66, 27 ]
1726 / 4950: [ 0, 0, 0, 3, 0 ], [ 0, 478, 66, 27 ]
1727 / 4950: [ 0, 2, 0, 2, 0 ], [ 0, 478, 66, 28 ]
1728 / 4950: [ 0, 2, 0, 2, 0 ], [ 0, 478, 66, 29 ]
1729 / 4950: [ 0, 1, 0, 0, 0 ], [ 0, 478, 66, 29 ]
1730 / 4950: [ 0, 4, 0, 0, 0 ], [ 0, 479, 66, 29 ]
1731 / 4950: [ 0, 0, 0, 0, 0 ], [ 0, 479, 66, 29 ]
1732 / 4950: [ 0, 1, 0, 2, 0 ], [ 0, 479, 66, 29 ]
1733 / 4950: [ 0, 1, 0, 3, 0 ], [ 0, 479, 66, 30 ]
1734 / 4950: [ 0, 0, 0, 0, 0 ], [ 0, 479, 66, 30 ]
1735 / 4950: [ 0, 2, 0, 0, 0 ], [ 0, 479, 66, 30 ]
1736 / 4950: [ 0, 1, 0, 3, 0 ], [ 0, 479, 66, 31 ]
1737 / 4950: [ 0, 1, 0, 3, 0 ], [ 0, 479, 66, 32 ]
1738 / 4950: [ 0, 0, 0, 0, 0 ], [ 0, 479, 66, 32 ]
1739 / 4950: [ 0, 2, 0, 2, 0 ], [ 0, 479, 66, 33 ]
1740 / 4950: [ 0, 3, 0, 1, 0 ], [ 0, 479, 66, 34 ]
1741 / 4950: [ 0, 1, 0, 1, 0 ], [ 0, 479, 66, 34 ]
1742 / 4950: [ 0, 1, 0, 0, 0 ], [ 0, 479, 66, 34 ]
1743 / 4950: [ 0, 4, 0, 0, 0 ], [ 0, 480, 66, 34 ]
1744 / 4950: [ 0, 0, 0, 3, 0 ], [ 0, 480, 66, 34 ]
1745 / 4950: [ 0, 1, 0, 1, 0 ], [ 0, 480, 66, 34 ]
1746 / 4950: [ 0, 2, 0, 2, 0 ], [ 0, 480, 66, 35 ]
1747 / 4950: [ 0, 3, 0, 1, 0 ], [ 0, 480, 66, 36 ]
1748 / 4950: [ 0, 2, 0, 1, 0 ], [ 0, 480, 66, 36 ]
1749 / 4950: [ 0, 0, 0, 0, 0 ], [ 0, 480, 66, 36 ]
1750 / 4950: [ 0, 0, 0, 2, 0 ], [ 0, 480, 66, 36 ]
1751 / 4950: [ 0, 4, 0, 0, 0 ], [ 0, 481, 66, 36 ]
1752 / 4950: [ 0, 0, 0, 0, 0 ], [ 0, 481, 66, 36 ]
1753 / 4950: [ 0, 0, 0, 3, 0 ], [ 0, 481, 66, 36 ]
1754 / 4950: [ 0, 0, 0, 0, 0 ], [ 0, 481, 66, 36 ]
1755 / 4950: [ 0, 3, 0, 1, 0 ], [ 0, 481, 66, 37 ]
1756 / 4950: [ 0, 0, 0, 3, 0 ], [ 0, 481, 66, 37 ]
1757 / 4950: [ 0, 2, 0, 2, 0 ], [ 0, 481, 66, 38 ]
1758 / 4950: [ 0, 1, 0, 0, 0 ], [ 0, 481, 66, 38 ]
1759 / 4950: [ 0, 0, 0, 0, 0 ], [ 0, 481, 66, 38 ]
1760 / 4950: [ 0, 1, 0, 1, 0 ], [ 0, 481, 66, 38 ]
1761 / 4950: [ 0, 2, 0, 1, 0 ], [ 0, 481, 66, 38 ]
1762 / 4950: [ 0, 2, 0, 2, 0 ], [ 0, 481, 66, 39 ]
1763 / 4950: [ 0, 0, 0, 0, 0 ], [ 0, 481, 66, 39 ]
1764 / 4950: [ 0, 0, 0, 0, 0 ], [ 0, 481, 66, 39 ]
1765 / 4950: [ 0, 3, 0, 1, 0 ], [ 0, 481, 66, 40 ]
1766 / 4950: [ 0, 1, 0, 2, 0 ], [ 0, 481, 66, 40 ]
1767 / 4950: [ 0, 1, 0, 0, 0 ], [ 0, 481, 66, 40 ]
1768 / 4950: [ 0, 2, 0, 0, 0 ], [ 0, 481, 66, 40 ]
1769 / 4950: [ 0, 1, 0, 1, 0 ], [ 0, 481, 66, 40 ]
1770 / 4950: [ 0, 2, 0, 2, 0 ], [ 0, 481, 66, 41 ]
1771 / 4950: [ 0, 0, 0, 0, 0 ], [ 0, 481, 66, 41 ]
1772 / 4950: [ 0, 4, 0, 0, 0 ], [ 0, 482, 66, 41 ]
1773 / 4950: [ 0, 0, 0, 0, 0 ], [ 0, 482, 66, 41 ]
1774 / 4950: [ 0, 2, 0, 0, 0 ], [ 0, 482, 66, 41 ]
1775 / 4950: [ 0, 1, 0, 0, 0 ], [ 0, 482, 66, 41 ]
1776 / 4950: [ 0, 2, 0, 0, 0 ], [ 0, 482, 66, 41 ]
1777 / 4950: [ 0, 4, 0, 0, 0 ], [ 0, 483, 66, 41 ]
1778 / 4950: [ 0, 2, 0, 0, 0 ], [ 0, 483, 66, 41 ]
1779 / 4950: [ 0, 2, 0, 0, 0 ], [ 0, 483, 66, 41 ]
1780 / 4950: [ 0, 4, 0, 0, 0 ], [ 0, 484, 66, 41 ]
1781 / 4950: [ 0, 1, 2, 0, 0 ], [ 0, 484, 66, 41 ]
1782 / 4950: [ 0, 4, 0, 0, 0 ], [ 0, 485, 66, 41 ]
1783 / 4950: [ 0, 3, 0, 0, 0 ], [ 0, 485, 66, 41 ]
1784 / 4950: [ 0, 0, 1, 0, 0 ], [ 0, 485, 66, 41 ]
1785 / 4950: [ 0, 4, 0, 0, 0 ], [ 0, 486, 66, 41 ]
1786 / 4950: [ 0, 1, 2, 0, 0 ], [ 0, 486, 66, 41 ]
1787 / 4950: [ 0, 0, 0, 0, 0 ], [ 0, 486, 66, 41 ]
1788 / 4950: [ 0, 2, 0, 0, 0 ], [ 0, 486, 66, 41 ]
1789 / 4950: [ 0, 2, 2, 0, 0 ], [ 0, 486, 67, 41 ]
1790 / 4950: [ 0, 3, 0, 0, 0 ], [ 0, 486, 67, 41 ]
1791 / 4950: [ 0, 2, 0, 0, 0 ], [ 0, 486, 67, 41 ]
1792 / 4950: [ 0, 1, 0, 0, 0 ], [ 0, 486, 67, 41 ]
1793 / 4950: [ 0, 2, 0, 0, 0 ], [ 0, 486, 67, 41 ]
1794 / 4950: [ 0, 1, 0, 0, 0 ], [ 0, 486, 67, 41 ]
1795 / 4950: [ 0, 4, 0, 0, 0 ], [ 0, 487, 67, 41 ]
1796 / 4950: [ 0, 4, 0, 0, 0 ], [ 0, 488, 67, 41 ]
1797 / 4950: [ 0, 0, 0, 0, 0 ], [ 0, 488, 67, 41 ]
1798 / 4950: [ 0, 1, 2, 0, 0 ], [ 0, 488, 67, 41 ]
1799 / 4950: [ 0, 4, 0, 0, 0 ], [ 0, 489, 67, 41 ]
1800 / 4950: [ 0, 4, 0, 0, 0 ], [ 0, 490, 67, 41 ]
1801 / 4950: [ 0, 4, 0, 0, 0 ], [ 0, 491, 67, 41 ]
1802 / 4950: [ 0, 4, 0, 0, 0 ], [ 0, 492, 67, 41 ]
1803 / 4950: [ 0, 4, 0, 0, 0 ], [ 0, 493, 67, 41 ]
1804 / 4950: [ 0, 1, 0, 0, 0 ], [ 0, 493, 67, 41 ]
1805 / 4950: [ 0, 0, 1, 0, 0 ], [ 0, 493, 67, 41 ]
1806 / 4950: [ 0, 1, 0, 0, 0 ], [ 0, 493, 67, 41 ]
1807 / 4950: [ 0, 0, 0, 0, 0 ], [ 0, 493, 67, 41 ]
1808 / 4950: [ 0, 2, 0, 0, 0 ], [ 0, 493, 67, 41 ]
1809 / 4950: [ 0, 1, 1, 0, 0 ], [ 0, 493, 67, 41 ]
1810 / 4950: [ 0, 1, 0, 0, 0 ], [ 0, 493, 67, 41 ]
1811 / 4950: [ 0, 4, 0, 0, 0 ], [ 0, 494, 67, 41 ]
1812 / 4950: [ 0, 4, 0, 0, 0 ], [ 0, 495, 67, 41 ]
1813 / 4950: [ 0, 2, 0, 0, 0 ], [ 0, 495, 67, 41 ]
1814 / 4950: [ 0, 0, 0, 0, 0 ], [ 0, 495, 67, 41 ]
1815 / 4950: [ 0, 4, 0, 0, 0 ], [ 0, 496, 67, 41 ]
1816 / 4950: [ 0, 3, 1, 0, 0 ], [ 0, 496, 68, 41 ]
1817 / 4950: [ 0, 4, 0, 0, 0 ], [ 0, 497, 68, 41 ]
1818 / 4950: [ 0, 4, 0, 0, 0 ], [ 0, 498, 68, 41 ]
1819 / 4950: [ 0, 2, 1, 0, 0 ], [ 0, 498, 68, 41 ]
1820 / 4950: [ 0, 0, 0, 0, 0 ], [ 0, 498, 68, 41 ]
1821 / 4950: [ 0, 0, 0, 0, 0 ], [ 0, 498, 68, 41 ]
1822 / 4950: [ 0, 1, 0, 0, 0 ], [ 0, 498, 68, 41 ]
1823 / 4950: [ 0, 4, 0, 0, 0 ], [ 0, 499, 68, 41 ]
1824 / 4950: [ 0, 2, 0, 0, 0 ], [ 0, 499, 68, 41 ]
1825 / 4950: [ 0, 2, 0, 0, 0 ], [ 0, 499, 68, 41 ]
1826 / 4950: [ 0, 0, 0, 0, 0 ], [ 0, 499, 68, 41 ]
1827 / 4950: [ 0, 2, 0, 0, 0 ], [ 0, 499, 68, 41 ]
1828 / 4950: [ 0, 3, 0, 0, 0 ], [ 0, 499, 68, 41 ]
1829 / 4950: [ 0, 2, 0, 0, 0 ], [ 0, 499, 68, 41 ]
1830 / 4950: [ 0, 0, 0, 3, 1 ], [ 0, 499, 68, 42 ]
1831 / 4950: [ 0, 4, 0, 0, 0 ], [ 0, 500, 68, 42 ]
1832 / 4950: [ 0, 3, 1, 0, 0 ], [ 0, 500, 69, 42 ]
1833 / 4950: [ 0, 3, 1, 0, 0 ], [ 0, 500, 70, 42 ]
1834 / 4950: [ 0, 3, 0, 0, 0 ], [ 0, 500, 70, 42 ]
1835 / 4950: [ 0, 4, 0, 0, 0 ], [ 0, 501, 70, 42 ]
1836 / 4950: [ 0, 4, 0, 0, 0 ], [ 0, 502, 70, 42 ]
1837 / 4950: [ 0, 3, 0, 0, 0 ], [ 0, 502, 70, 42 ]
1838 / 4950: [ 0, 3, 0, 0, 0 ], [ 0, 502, 70, 42 ]
1839 / 4950: [ 0, 3, 1, 0, 0 ], [ 0, 502, 71, 42 ]
1840 / 4950: [ 0, 4, 0, 0, 0 ], [ 0, 503, 71, 42 ]
1841 / 4950: [ 0, 4, 0, 0, 0 ], [ 0, 504, 71, 42 ]
1842 / 4950: [ 0, 4, 0, 0, 0 ], [ 0, 505, 71, 42 ]
1843 / 4950: [ 0, 2, 0, 0, 0 ], [ 0, 505, 71, 42 ]
1844 / 4950: [ 0, 4, 0, 0, 0 ], [ 0, 506, 71, 42 ]
1845 / 4950: [ 0, 4, 0, 0, 0 ], [ 0, 507, 71, 42 ]
1846 / 4950: [ 0, 3, 0, 0, 0 ], [ 0, 507, 71, 42 ]
1847 / 4950: [ 0, 4, 0, 0, 0 ], [ 0, 508, 71, 42 ]
1848 / 4950: [ 0, 0, 0, 0, 0 ], [ 0, 508, 71, 42 ]
1849 / 4950: [ 0, 3, 0, 0, 0 ], [ 0, 508, 71, 42 ]
1850 / 4950: [ 0, 1, 0, 0, 0 ], [ 0, 508, 71, 42 ]
1851 / 4950: [ 0, 1, 0, 0, 0 ], [ 0, 508, 71, 42 ]
1852 / 4950: [ 0, 0, 0, 0, 0 ], [ 0, 508, 71, 42 ]
1853 / 4950: [ 0, 1, 0, 0, 0 ], [ 0, 508, 71, 42 ]
1854 / 4950: [ 0, 1, 0, 0, 0 ], [ 0, 508, 71, 42 ]
1855 / 4950: [ 0, 2, 0, 2, 0 ], [ 0, 508, 71, 43 ]
1856 / 4950: [ 0, 3, 1, 0, 0 ], [ 0, 508, 72, 43 ]
1857 / 4950: [ 0, 1, 0, 0, 0 ], [ 0, 508, 72, 43 ]
1858 / 4950: [ 0, 2, 0, 0, 0 ], [ 0, 508, 72, 43 ]
1859 / 4950: [ 0, 4, 0, 0, 0 ], [ 0, 509, 72, 43 ]
1860 / 4950: [ 0, 1, 0, 0, 0 ], [ 0, 509, 72, 43 ]
1861 / 4950: [ 0, 2, 2, 0, 0 ], [ 0, 509, 73, 43 ]
1862 / 4950: [ 0, 3, 0, 0, 0 ], [ 0, 509, 73, 43 ]
1863 / 4950: [ 0, 3, 1, 0, 0 ], [ 0, 509, 74, 43 ]
1864 / 4950: [ 0, 4, 0, 0, 0 ], [ 0, 510, 74, 43 ]
1865 / 4950: [ 0, 4, 0, 0, 0 ], [ 0, 511, 74, 43 ]
1866 / 4950: [ 0, 3, 0, 0, 0 ], [ 0, 511, 74, 43 ]
1867 / 4950: [ 0, 3, 0, 0, 0 ], [ 0, 511, 74, 43 ]
1868 / 4950: [ 0, 1, 0, 0, 0 ], [ 0, 511, 74, 43 ]
1869 / 4950: [ 0, 2, 0, 0, 0 ], [ 0, 511, 74, 43 ]
1870 / 4950: [ 0, 2, 0, 0, 0 ], [ 0, 511, 74, 43 ]
1871 / 4950: [ 0, 4, 0, 0, 0 ], [ 0, 512, 74, 43 ]
1872 / 4950: [ 0, 2, 0, 0, 0 ], [ 0, 512, 74, 43 ]
1873 / 4950: [ 0, 1, 0, 0, 0 ], [ 0, 512, 74, 43 ]
1874 / 4950: [ 0, 2, 0, 0, 0 ], [ 0, 512, 74, 43 ]
1875 / 4950: [ 0, 0, 0, 0, 0 ], [ 0, 512, 74, 43 ]
1876 / 4950: [ 0, 1, 0, 0, 0 ], [ 0, 512, 74, 43 ]
1877 / 4950: [ 0, 2, 0, 0, 0 ], [ 0, 512, 74, 43 ]
1878 / 4950: [ 0, 1, 0, 0, 0 ], [ 0, 512, 74, 43 ]
1879 / 4950: [ 0, 2, 0, 0, 0 ], [ 0, 512, 74, 43 ]
1880 / 4950: [ 0, 4, 0, 0, 0 ], [ 0, 513, 74, 43 ]
1881 / 4950: [ 0, 2, 1, 0, 0 ], [ 0, 513, 74, 43 ]
1882 / 4950: [ 0, 1, 1, 0, 0 ], [ 0, 513, 74, 43 ]
1883 / 4950: [ 0, 1, 0, 0, 0 ], [ 0, 513, 74, 43 ]
1884 / 4950: [ 0, 3, 0, 0, 0 ], [ 0, 513, 74, 43 ]
1885 / 4950: [ 0, 3, 0, 0, 0 ], [ 0, 513, 74, 43 ]
1886 / 4950: [ 0, 3, 0, 0, 0 ], [ 0, 513, 74, 43 ]
1887 / 4950: [ 0, 2, 0, 0, 0 ], [ 0, 513, 74, 43 ]
1888 / 4950: [ 0, 4, 0, 0, 0 ], [ 0, 514, 74, 43 ]
1889 / 4950: [ 0, 3, 0, 0, 0 ], [ 0, 514, 74, 43 ]
1890 / 4950: [ 0, 1, 0, 2, 0 ], [ 0, 514, 74, 43 ]
1891 / 4950: [ 0, 4, 0, 0, 0 ], [ 0, 515, 74, 43 ]
1892 / 4950: [ 0, 2, 0, 0, 0 ], [ 0, 515, 74, 43 ]
1893 / 4950: [ 0, 0, 0, 0, 0 ], [ 0, 515, 74, 43 ]
1894 / 4950: [ 0, 1, 0, 0, 0 ], [ 0, 515, 74, 43 ]
1895 / 4950: [ 0, 0, 0, 0, 0 ], [ 0, 515, 74, 43 ]
1896 / 4950: [ 0, 2, 0, 0, 0 ], [ 0, 515, 74, 43 ]
1897 / 4950: [ 0, 1, 0, 0, 0 ], [ 0, 515, 74, 43 ]
1898 / 4950: [ 0, 2, 0, 0, 0 ], [ 0, 515, 74, 43 ]
1899 / 4950: [ 0, 2, 0, 0, 0 ], [ 0, 515, 74, 43 ]
1900 / 4950: [ 0, 1, 0, 0, 0 ], [ 0, 515, 74, 43 ]
1901 / 4950: [ 0, 0, 0, 0, 0 ], [ 0, 515, 74, 43 ]
1902 / 4950: [ 0, 0, 0, 0, 0 ], [ 0, 515, 74, 43 ]
1903 / 4950: [ 0, 1, 0, 0, 0 ], [ 0, 515, 74, 43 ]
1904 / 4950: [ 0, 2, 0, 0, 0 ], [ 0, 515, 74, 43 ]
1905 / 4950: [ 0, 1, 0, 0, 0 ], [ 0, 515, 74, 43 ]
1906 / 4950: [ 0, 1, 0, 0, 0 ], [ 0, 515, 74, 43 ]
1907 / 4950: [ 0, 0, 0, 0, 0 ], [ 0, 515, 74, 43 ]
1908 / 4950: [ 0, 0, 0, 0, 0 ], [ 0, 515, 74, 43 ]
1909 / 4950: [ 0, 0, 0, 0, 0 ], [ 0, 515, 74, 43 ]
1910 / 4950: [ 0, 0, 0, 0, 0 ], [ 0, 515, 74, 43 ]
1911 / 4950: [ 0, 1, 0, 0, 0 ], [ 0, 515, 74, 43 ]
1912 / 4950: [ 0, 3, 0, 0, 0 ], [ 0, 515, 74, 43 ]
1913 / 4950: [ 0, 1, 0, 0, 0 ], [ 0, 515, 74, 43 ]
1914 / 4950: [ 0, 0, 0, 0, 0 ], [ 0, 515, 74, 43 ]
1915 / 4950: [ 0, 0, 0, 0, 0 ], [ 0, 515, 74, 43 ]
1916 / 4950: [ 0, 1, 0, 0, 0 ], [ 0, 515, 74, 43 ]
1917 / 4950: [ 0, 0, 0, 1, 0 ], [ 0, 515, 74, 43 ]
1918 / 4950: [ 0, 4, 0, 0, 0 ], [ 0, 516, 74, 43 ]
1919 / 4950: [ 0, 0, 0, 0, 0 ], [ 0, 516, 74, 43 ]
1920 / 4950: [ 0, 1, 0, 0, 0 ], [ 0, 516, 74, 43 ]
1921 / 4950: [ 0, 0, 0, 0, 0 ], [ 0, 516, 74, 43 ]
1922 / 4950: [ 0, 0, 0, 0, 0 ], [ 0, 516, 74, 43 ]
1923 / 4950: [ 0, 1, 0, 0, 0 ], [ 0, 516, 74, 43 ]
1924 / 4950: [ 0, 1, 0, 0, 0 ], [ 0, 516, 74, 43 ]
1925 / 4950: [ 0, 4, 0, 0, 0 ], [ 0, 517, 74, 43 ]
1926 / 4950: [ 0, 0, 0, 0, 0 ], [ 0, 517, 74, 43 ]
1927 / 4950: [ 0, 0, 0, 0, 0 ], [ 0, 517, 74, 43 ]
1928 / 4950: [ 0, 2, 0, 0, 0 ], [ 0, 517, 74, 43 ]
1929 / 4950: [ 0, 0, 0, 0, 0 ], [ 0, 517, 74, 43 ]
1930 / 4950: [ 0, 1, 0, 0, 0 ], [ 0, 517, 74, 43 ]
1931 / 4950: [ 0, 2, 0, 0, 0 ], [ 0, 517, 74, 43 ]
1932 / 4950: [ 0, 0, 0, 0, 0 ], [ 0, 517, 74, 43 ]
1933 / 4950: [ 0, 0, 0, 0, 0 ], [ 0, 517, 74, 43 ]
1934 / 4950: [ 0, 1, 0, 0, 0 ], [ 0, 517, 74, 43 ]
1935 / 4950: [ 0, 0, 0, 0, 0 ], [ 0, 517, 74, 43 ]
1936 / 4950: [ 0, 0, 0, 0, 0 ], [ 0, 517, 74, 43 ]
1937 / 4950: [ 0, 1, 0, 0, 0 ], [ 0, 517, 74, 43 ]
1938 / 4950: [ 0, 1, 0, 0, 0 ], [ 0, 517, 74, 43 ]
1939 / 4950: [ 0, 0, 0, 0, 0 ], [ 0, 517, 74, 43 ]
1940 / 4950: [ 0, 0, 0, 0, 0 ], [ 0, 517, 74, 43 ]
1941 / 4950: [ 0, 3, 0, 0, 0 ], [ 0, 517, 74, 43 ]
1942 / 4950: [ 0, 0, 0, 0, 0 ], [ 0, 517, 74, 43 ]
1943 / 4950: [ 0, 0, 0, 0, 0 ], [ 0, 517, 74, 43 ]
1944 / 4950: [ 0, 2, 0, 0, 0 ], [ 0, 517, 74, 43 ]
1945 / 4950: [ 0, 2, 0, 0, 0 ], [ 0, 517, 74, 43 ]
1946 / 4950: [ 0, 0, 0, 0, 0 ], [ 0, 517, 74, 43 ]
1947 / 4950: [ 0, 0, 0, 0, 0 ], [ 0, 517, 74, 43 ]
1948 / 4950: [ 0, 0, 0, 0, 0 ], [ 0, 517, 74, 43 ]
1949 / 4950: [ 0, 2, 0, 0, 0 ], [ 0, 517, 74, 43 ]
1950 / 4950: [ 0, 1, 0, 0, 0 ], [ 0, 517, 74, 43 ]
1951 / 4950: [ 0, 0, 0, 0, 0 ], [ 0, 517, 74, 43 ]
1952 / 4950: [ 0, 1, 0, 0, 0 ], [ 0, 517, 74, 43 ]
1953 / 4950: [ 0, 2, 0, 0, 0 ], [ 0, 517, 74, 43 ]
1954 / 4950: [ 0, 2, 0, 0, 0 ], [ 0, 517, 74, 43 ]
1955 / 4950: [ 0, 4, 0, 0, 0 ], [ 0, 518, 74, 43 ]
1956 / 4950: [ 0, 0, 0, 0, 0 ], [ 0, 518, 74, 43 ]
1957 / 4950: [ 0, 1, 0, 0, 0 ], [ 0, 518, 74, 43 ]
1958 / 4950: [ 0, 2, 0, 0, 0 ], [ 0, 518, 74, 43 ]
1959 / 4950: [ 0, 2, 0, 0, 0 ], [ 0, 518, 74, 43 ]
1960 / 4950: [ 0, 3, 0, 0, 0 ], [ 0, 518, 74, 43 ]
1961 / 4950: [ 0, 2, 0, 0, 0 ], [ 0, 518, 74, 43 ]
1962 / 4950: [ 0, 0, 0, 0, 0 ], [ 0, 518, 74, 43 ]
1963 / 4950: [ 0, 1, 0, 0, 0 ], [ 0, 518, 74, 43 ]
1964 / 4950: [ 0, 1, 0, 0, 0 ], [ 0, 518, 74, 43 ]
1965 / 4950: [ 0, 1, 0, 0, 0 ], [ 0, 518, 74, 43 ]
1966 / 4950: [ 0, 1, 0, 0, 0 ], [ 0, 518, 74, 43 ]
1967 / 4950: [ 0, 0, 0, 0, 0 ], [ 0, 518, 74, 43 ]
1968 / 4950: [ 0, 2, 0, 0, 0 ], [ 0, 518, 74, 43 ]
1969 / 4950: [ 0, 0, 0, 0, 0 ], [ 0, 518, 74, 43 ]
1970 / 4950: [ 0, 0, 0, 0, 0 ], [ 0, 518, 74, 43 ]
1971 / 4950: [ 0, 1, 0, 0, 0 ], [ 0, 518, 74, 43 ]
1972 / 4950: [ 0, 0, 0, 0, 0 ], [ 0, 518, 74, 43 ]
1973 / 4950: [ 0, 1, 0, 0, 0 ], [ 0, 518, 74, 43 ]
1974 / 4950: [ 0, 0, 0, 0, 0 ], [ 0, 518, 74, 43 ]
1975 / 4950: [ 0, 0, 0, 0, 0 ], [ 0, 518, 74, 43 ]
1976 / 4950: [ 0, 1, 0, 0, 0 ], [ 0, 518, 74, 43 ]
1977 / 4950: [ 0, 3, 0, 0, 0 ], [ 0, 518, 74, 43 ]
1978 / 4950: [ 0, 3, 0, 1, 0 ], [ 0, 518, 74, 44 ]
1979 / 4950: [ 0, 1, 0, 3, 0 ], [ 0, 518, 74, 45 ]
1980 / 4950: [ 0, 0, 0, 0, 0 ], [ 0, 518, 74, 45 ]
1981 / 4950: [ 0, 2, 0, 0, 0 ], [ 0, 518, 74, 45 ]
1982 / 4950: [ 0, 1, 0, 0, 0 ], [ 0, 518, 74, 45 ]
1983 / 4950: [ 0, 3, 0, 0, 0 ], [ 0, 518, 74, 45 ]
1984 / 4950: [ 0, 2, 0, 0, 0 ], [ 0, 518, 74, 45 ]
1985 / 4950: [ 0, 2, 0, 0, 0 ], [ 0, 518, 74, 45 ]
1986 / 4950: [ 0, 1, 0, 0, 0 ], [ 0, 518, 74, 45 ]
1987 / 4950: [ 0, 2, 0, 0, 0 ], [ 0, 518, 74, 45 ]
1988 / 4950: [ 0, 1, 0, 0, 0 ], [ 0, 518, 74, 45 ]
1989 / 4950: [ 0, 2, 0, 0, 0 ], [ 0, 518, 74, 45 ]
1990 / 4950: [ 0, 2, 0, 0, 0 ], [ 0, 518, 74, 45 ]
1991 / 4950: [ 0, 0, 0, 0, 0 ], [ 0, 518, 74, 45 ]
1992 / 4950: [ 0, 1, 0, 0, 0 ], [ 0, 518, 74, 45 ]
1993 / 4950: [ 0, 1, 0, 0, 0 ], [ 0, 518, 74, 45 ]
1994 / 4950: [ 0, 1, 0, 0, 0 ], [ 0, 518, 74, 45 ]
1995 / 4950: [ 0, 3, 0, 0, 0 ], [ 0, 518, 74, 45 ]
1996 / 4950: [ 0, 0, 0, 0, 0 ], [ 0, 518, 74, 45 ]
1997 / 4950: [ 0, 0, 0, 0, 0 ], [ 0, 518, 74, 45 ]
1998 / 4950: [ 0, 1, 0, 0, 0 ], [ 0, 518, 74, 45 ]
1999 / 4950: [ 0, 2, 0, 0, 0 ], [ 0, 518, 74, 45 ]
2000 / 4950: [ 0, 4, 0, 0, 0 ], [ 0, 519, 74, 45 ]
2001 / 4950: [ 0, 1, 0, 0, 0 ], [ 0, 519, 74, 45 ]
2002 / 4950: [ 0, 1, 0, 0, 0 ], [ 0, 519, 74, 45 ]
2003 / 4950: [ 0, 0, 0, 0, 0 ], [ 0, 519, 74, 45 ]
2004 / 4950: [ 0, 0, 0, 0, 0 ], [ 0, 519, 74, 45 ]
2005 / 4950: [ 0, 0, 0, 0, 0 ], [ 0, 519, 74, 45 ]
2006 / 4950: [ 0, 2, 0, 0, 0 ], [ 0, 519, 74, 45 ]
2007 / 4950: [ 0, 4, 0, 0, 0 ], [ 0, 520, 74, 45 ]
2008 / 4950: [ 0, 1, 0, 0, 0 ], [ 0, 520, 74, 45 ]
2009 / 4950: [ 0, 1, 0, 0, 0 ], [ 0, 520, 74, 45 ]
2010 / 4950: [ 0, 0, 0, 0, 0 ], [ 0, 520, 74, 45 ]
2011 / 4950: [ 0, 2, 0, 0, 0 ], [ 0, 520, 74, 45 ]
2012 / 4950: [ 0, 2, 0, 0, 0 ], [ 0, 520, 74, 45 ]
2013 / 4950: [ 0, 1, 0, 0, 0 ], [ 0, 520, 74, 45 ]
2014 / 4950: [ 0, 4, 0, 0, 0 ], [ 0, 521, 74, 45 ]
2015 / 4950: [ 0, 2, 0, 0, 0 ], [ 0, 521, 74, 45 ]
2016 / 4950: [ 0, 1, 0, 0, 0 ], [ 0, 521, 74, 45 ]
2017 / 4950: [ 0, 2, 0, 0, 0 ], [ 0, 521, 74, 45 ]
2018 / 4950: [ 0, 2, 0, 0, 0 ], [ 0, 521, 74, 45 ]
2019 / 4950: [ 0, 3, 0, 0, 0 ], [ 0, 521, 74, 45 ]
2020 / 4950: [ 0, 2, 1, 0, 0 ], [ 0, 521, 74, 45 ]
2021 / 4950: [ 0, 1, 0, 0, 0 ], [ 0, 521, 74, 45 ]
2022 / 4950: [ 0, 1, 0, 0, 0 ], [ 0, 521, 74, 45 ]
2023 / 4950: [ 0, 1, 0, 0, 0 ], [ 0, 521, 74, 45 ]
2024 / 4950: [ 0, 3, 0, 0, 0 ], [ 0, 521, 74, 45 ]
2025 / 4950: [ 0, 4, 0, 0, 0 ], [ 0, 522, 74, 45 ]
2026 / 4950: [ 0, 4, 0, 0, 0 ], [ 0, 523, 74, 45 ]
2027 / 4950: [ 0, 1, 0, 0, 0 ], [ 0, 523, 74, 45 ]
2028 / 4950: [ 0, 3, 0, 0, 0 ], [ 0, 523, 74, 45 ]
2029 / 4950: [ 0, 3, 0, 0, 0 ], [ 0, 523, 74, 45 ]
2030 / 4950: [ 0, 2, 0, 0, 0 ], [ 0, 523, 74, 45 ]
2031 / 4950: [ 0, 2, 0, 0, 0 ], [ 0, 523, 74, 45 ]
2032 / 4950: [ 0, 2, 0, 0, 0 ], [ 0, 523, 74, 45 ]
2033 / 4950: [ 0, 3, 0, 0, 0 ], [ 0, 523, 74, 45 ]
2034 / 4950: [ 0, 1, 0, 0, 0 ], [ 0, 523, 74, 45 ]
2035 / 4950: [ 0, 2, 0, 0, 0 ], [ 0, 523, 74, 45 ]
2036 / 4950: [ 0, 3, 0, 0, 0 ], [ 0, 523, 74, 45 ]
2037 / 4950: [ 0, 2, 0, 0, 0 ], [ 0, 523, 74, 45 ]
2038 / 4950: [ 0, 0, 0, 0, 0 ], [ 0, 523, 74, 45 ]
2039 / 4950: [ 0, 2, 0, 0, 0 ], [ 0, 523, 74, 45 ]
2040 / 4950: [ 0, 1, 0, 0, 0 ], [ 0, 523, 74, 45 ]
2041 / 4950: [ 0, 1, 0, 2, 0 ], [ 0, 523, 74, 45 ]
2042 / 4950: [ 0, 2, 0, 1, 0 ], [ 0, 523, 74, 45 ]
2043 / 4950: [ 0, 2, 0, 0, 0 ], [ 0, 523, 74, 45 ]
2044 / 4950: [ 0, 1, 2, 0, 0 ], [ 0, 523, 74, 45 ]
2045 / 4950: [ 0, 3, 0, 0, 0 ], [ 0, 523, 74, 45 ]
2046 / 4950: [ 0, 1, 0, 0, 0 ], [ 0, 523, 74, 45 ]
2047 / 4950: [ 0, 2, 0, 0, 0 ], [ 0, 523, 74, 45 ]
2048 / 4950: [ 0, 1, 0, 0, 0 ], [ 0, 523, 74, 45 ]
2049 / 4950: [ 0, 0, 0, 0, 0 ], [ 0, 523, 74, 45 ]
2050 / 4950: [ 0, 1, 0, 0, 0 ], [ 0, 523, 74, 45 ]
2051 / 4950: [ 0, 4, 0, 0, 0 ], [ 0, 524, 74, 45 ]
2052 / 4950: [ 0, 4, 0, 0, 0 ], [ 0, 525, 74, 45 ]
2053 / 4950: [ 0, 2, 0, 0, 0 ], [ 0, 525, 74, 45 ]
2054 / 4950: [ 0, 1, 0, 0, 0 ], [ 0, 525, 74, 45 ]
2055 / 4950: [ 0, 1, 0, 0, 0 ], [ 0, 525, 74, 45 ]
2056 / 4950: [ 0, 2, 0, 0, 0 ], [ 0, 525, 74, 45 ]
2057 / 4950: [ 0, 3, 1, 0, 0 ], [ 0, 525, 75, 45 ]
2058 / 4950: [ 0, 0, 0, 0, 0 ], [ 0, 525, 75, 45 ]
2059 / 4950: [ 0, 0, 0, 0, 0 ], [ 0, 525, 75, 45 ]
2060 / 4950: [ 0, 3, 0, 0, 0 ], [ 0, 525, 75, 45 ]
2061 / 4950: [ 0, 0, 0, 0, 0 ], [ 0, 525, 75, 45 ]
2062 / 4950: [ 0, 2, 0, 0, 0 ], [ 0, 525, 75, 45 ]
2063 / 4950: [ 0, 1, 0, 0, 0 ], [ 0, 525, 75, 45 ]
2064 / 4950: [ 0, 1, 0, 0, 0 ], [ 0, 525, 75, 45 ]
2065 / 4950: [ 0, 2, 0, 0, 0 ], [ 0, 525, 75, 45 ]
2066 / 4950: [ 0, 1, 0, 0, 0 ], [ 0, 525, 75, 45 ]
2067 / 4950: [ 0, 3, 0, 0, 0 ], [ 0, 525, 75, 45 ]
2068 / 4950: [ 0, 3, 0, 0, 0 ], [ 0, 525, 75, 45 ]
2069 / 4950: [ 0, 2, 0, 0, 0 ], [ 0, 525, 75, 45 ]
2070 / 4950: [ 0, 3, 0, 0, 0 ], [ 0, 525, 75, 45 ]
2071 / 4950: [ 0, 3, 0, 0, 0 ], [ 0, 525, 75, 45 ]
2072 / 4950: [ 0, 2, 0, 0, 0 ], [ 0, 525, 75, 45 ]
2073 / 4950: [ 0, 3, 0, 0, 0 ], [ 0, 525, 75, 45 ]
2074 / 4950: [ 0, 2, 0, 0, 0 ], [ 0, 525, 75, 45 ]
2075 / 4950: [ 0, 4, 0, 0, 0 ], [ 0, 526, 75, 45 ]
2076 / 4950: [ 0, 1, 0, 2, 0 ], [ 0, 526, 75, 45 ]
2077 / 4950: [ 0, 1, 0, 0, 0 ], [ 0, 526, 75, 45 ]
2078 / 4950: [ 0, 3, 0, 0, 0 ], [ 0, 526, 75, 45 ]
2079 / 4950: [ 0, 1, 0, 0, 0 ], [ 0, 526, 75, 45 ]
2080 / 4950: [ 0, 0, 0, 0, 0 ], [ 0, 526, 75, 45 ]
2081 / 4950: [ 0, 2, 0, 0, 0 ], [ 0, 526, 75, 45 ]
2082 / 4950: [ 0, 3, 0, 0, 0 ], [ 0, 526, 75, 45 ]
2083 / 4950: [ 0, 4, 0, 0, 0 ], [ 0, 527, 75, 45 ]
2084 / 4950: [ 0, 4, 0, 0, 0 ], [ 0, 528, 75, 45 ]
2085 / 4950: [ 0, 2, 0, 0, 0 ], [ 0, 528, 75, 45 ]
2086 / 4950: [ 0, 3, 0, 0, 0 ], [ 0, 528, 75, 45 ]
2087 / 4950: [ 0, 4, 0, 0, 0 ], [ 0, 529, 75, 45 ]
2088 / 4950: [ 0, 4, 0, 0, 0 ], [ 0, 530, 75, 45 ]
2089 / 4950: [ 0, 0, 0, 0, 0 ], [ 0, 530, 75, 45 ]
2090 / 4950: [ 0, 4, 0, 0, 0 ], [ 0, 531, 75, 45 ]
2091 / 4950: [ 0, 3, 0, 0, 0 ], [ 0, 531, 75, 45 ]
2092 / 4950: [ 0, 2, 0, 0, 0 ], [ 0, 531, 75, 45 ]
2093 / 4950: [ 0, 2, 0, 0, 0 ], [ 0, 531, 75, 45 ]
2094 / 4950: [ 0, 1, 0, 0, 0 ], [ 0, 531, 75, 45 ]
2095 / 4950: [ 0, 2, 0, 0, 0 ], [ 0, 531, 75, 45 ]
2096 / 4950: [ 0, 3, 0, 0, 0 ], [ 0, 531, 75, 45 ]
2097 / 4950: [ 0, 2, 0, 0, 0 ], [ 0, 531, 75, 45 ]
2098 / 4950: [ 0, 1, 0, 0, 0 ], [ 0, 531, 75, 45 ]
2099 / 4950: [ 0, 3, 0, 0, 0 ], [ 0, 531, 75, 45 ]
2100 / 4950: [ 0, 1, 0, 0, 0 ], [ 0, 531, 75, 45 ]
2101 / 4950: [ 0, 1, 0, 0, 0 ], [ 0, 531, 75, 45 ]
2102 / 4950: [ 0, 0, 0, 0, 0 ], [ 0, 531, 75, 45 ]
2103 / 4950: [ 0, 2, 0, 0, 0 ], [ 0, 531, 75, 45 ]
2104 / 4950: [ 0, 4, 0, 0, 0 ], [ 0, 532, 75, 45 ]
2105 / 4950: [ 0, 2, 0, 0, 2 ], [ 0, 532, 75, 46 ]
2106 / 4950: [ 0, 0, 3, 1, 0 ], [ 0, 532, 75, 47 ]
2107 / 4950: [ 0, 0, 0, 0, 0 ], [ 0, 532, 75, 47 ]
2108 / 4950: [ 0, 4, 0, 0, 0 ], [ 0, 533, 75, 47 ]
2109 / 4950: [ 0, 3, 1, 0, 0 ], [ 0, 533, 76, 47 ]
2110 / 4950: [ 0, 2, 0, 0, 0 ], [ 0, 533, 76, 47 ]
2111 / 4950: [ 0, 1, 0, 0, 0 ], [ 0, 533, 76, 47 ]
2112 / 4950: [ 0, 3, 1, 0, 0 ], [ 0, 533, 77, 47 ]
2113 / 4950: [ 0, 1, 1, 0, 0 ], [ 0, 533, 77, 47 ]
2114 / 4950: [ 0, 2, 0, 0, 0 ], [ 0, 533, 77, 47 ]
2115 / 4950: [ 0, 2, 0, 0, 0 ], [ 0, 533, 77, 47 ]
2116 / 4950: [ 0, 3, 0, 0, 0 ], [ 0, 533, 77, 47 ]
2117 / 4950: [ 0, 2, 0, 0, 0 ], [ 0, 533, 77, 47 ]
2118 / 4950: [ 0, 1, 0, 0, 0 ], [ 0, 533, 77, 47 ]
2119 / 4950: [ 0, 1, 0, 0, 0 ], [ 0, 533, 77, 47 ]
2120 / 4950: [ 0, 3, 0, 0, 0 ], [ 0, 533, 77, 47 ]
2121 / 4950: [ 0, 0, 2, 0, 0 ], [ 0, 533, 77, 47 ]
2122 / 4950: [ 0, 1, 0, 0, 0 ], [ 0, 533, 77, 47 ]
2123 / 4950: [ 0, 0, 0, 0, 0 ], [ 0, 533, 77, 47 ]
2124 / 4950: [ 0, 2, 0, 0, 0 ], [ 0, 533, 77, 47 ]
2125 / 4950: [ 0, 1, 0, 0, 0 ], [ 0, 533, 77, 47 ]
2126 / 4950: [ 0, 2, 0, 0, 0 ], [ 0, 533, 77, 47 ]
2127 / 4950: [ 0, 3, 0, 0, 0 ], [ 0, 533, 77, 47 ]
2128 / 4950: [ 0, 0, 0, 0, 0 ], [ 0, 533, 77, 47 ]
2129 / 4950: [ 0, 1, 1, 0, 0 ], [ 0, 533, 77, 47 ]
2130 / 4950: [ 0, 2, 0, 0, 0 ], [ 0, 533, 77, 47 ]
2131 / 4950: [ 0, 4, 0, 0, 0 ], [ 0, 534, 77, 47 ]
2132 / 4950: [ 0, 3, 1, 0, 0 ], [ 0, 534, 78, 47 ]
2133 / 4950: [ 0, 2, 1, 0, 0 ], [ 0, 534, 78, 47 ]
2134 / 4950: [ 0, 4, 0, 0, 0 ], [ 0, 535, 78, 47 ]
2135 / 4950: [ 0, 3, 0, 0, 0 ], [ 0, 535, 78, 47 ]
2136 / 4950: [ 0, 1, 0, 0, 0 ], [ 0, 535, 78, 47 ]
2137 / 4950: [ 0, 0, 0, 0, 0 ], [ 0, 535, 78, 47 ]
2138 / 4950: [ 0, 2, 0, 0, 0 ], [ 0, 535, 78, 47 ]
2139 / 4950: [ 0, 4, 0, 0, 0 ], [ 0, 536, 78, 47 ]
2140 / 4950: [ 0, 2, 0, 2, 0 ], [ 0, 536, 78, 48 ]
2141 / 4950: [ 0, 2, 0, 0, 0 ], [ 0, 536, 78, 48 ]
2142 / 4950: [ 0, 2, 0, 0, 0 ], [ 0, 536, 78, 48 ]
2143 / 4950: [ 0, 1, 0, 0, 0 ], [ 0, 536, 78, 48 ]
2144 / 4950: [ 0, 3, 0, 0, 0 ], [ 0, 536, 78, 48 ]
2145 / 4950: [ 0, 1, 0, 0, 0 ], [ 0, 536, 78, 48 ]
2146 / 4950: [ 0, 0, 2, 0, 0 ], [ 0, 536, 78, 48 ]
2147 / 4950: [ 0, 2, 1, 0, 0 ], [ 0, 536, 78, 48 ]
2148 / 4950: [ 0, 0, 1, 0, 0 ], [ 0, 536, 78, 48 ]
2149 / 4950: [ 0, 1, 1, 0, 0 ], [ 0, 536, 78, 48 ]
2150 / 4950: [ 0, 0, 0, 0, 0 ], [ 0, 536, 78, 48 ]
2151 / 4950: [ 0, 0, 0, 0, 0 ], [ 0, 536, 78, 48 ]
2152 / 4950: [ 0, 0, 0, 0, 0 ], [ 0, 536, 78, 48 ]
2153 / 4950: [ 0, 0, 0, 0, 0 ], [ 0, 536, 78, 48 ]
2154 / 4950: [ 0, 0, 0, 0, 0 ], [ 0, 536, 78, 48 ]
2155 / 4950: [ 0, 1, 0, 0, 0 ], [ 0, 536, 78, 48 ]
2156 / 4950: [ 0, 4, 0, 0, 0 ], [ 0, 537, 78, 48 ]
2157 / 4950: [ 0, 0, 0, 0, 0 ], [ 0, 537, 78, 48 ]
2158 / 4950: [ 0, 1, 1, 0, 0 ], [ 0, 537, 78, 48 ]
2159 / 4950: [ 0, 0, 0, 0, 0 ], [ 0, 537, 78, 48 ]
2160 / 4950: [ 0, 3, 0, 0, 0 ], [ 0, 537, 78, 48 ]
2161 / 4950: [ 0, 1, 0, 0, 0 ], [ 0, 537, 78, 48 ]
2162 / 4950: [ 0, 0, 0, 0, 0 ], [ 0, 537, 78, 48 ]
2163 / 4950: [ 0, 0, 0, 0, 0 ], [ 0, 537, 78, 48 ]
2164 / 4950: [ 0, 4, 0, 0, 0 ], [ 0, 538, 78, 48 ]
2165 / 4950: [ 0, 1, 0, 0, 0 ], [ 0, 538, 78, 48 ]
2166 / 4950: [ 0, 4, 0, 0, 0 ], [ 0, 539, 78, 48 ]
2167 / 4950: [ 0, 2, 0, 0, 0 ], [ 0, 539, 78, 48 ]
2168 / 4950: [ 0, 4, 0, 0, 0 ], [ 0, 540, 78, 48 ]
2169 / 4950: [ 0, 0, 0, 0, 0 ], [ 0, 540, 78, 48 ]
2170 / 4950: [ 0, 4, 0, 0, 0 ], [ 0, 541, 78, 48 ]
2171 / 4950: [ 0, 4, 0, 0, 0 ], [ 0, 542, 78, 48 ]
2172 / 4950: [ 0, 0, 0, 0, 0 ], [ 0, 542, 78, 48 ]
2173 / 4950: [ 0, 3, 0, 0, 0 ], [ 0, 542, 78, 48 ]
2174 / 4950: [ 0, 3, 0, 0, 0 ], [ 0, 542, 78, 48 ]
2175 / 4950: [ 0, 1, 0, 0, 0 ], [ 0, 542, 78, 48 ]
2176 / 4950: [ 0, 0, 2, 0, 0 ], [ 0, 542, 78, 48 ]
2177 / 4950: [ 0, 4, 0, 0, 0 ], [ 0, 543, 78, 48 ]
2178 / 4950: [ 0, 3, 0, 0, 0 ], [ 0, 543, 78, 48 ]
2179 / 4950: [ 0, 0, 0, 0, 0 ], [ 0, 543, 78, 48 ]
2180 / 4950: [ 0, 0, 0, 0, 0 ], [ 0, 543, 78, 48 ]
2181 / 4950: [ 0, 0, 0, 0, 0 ], [ 0, 543, 78, 48 ]
2182 / 4950: [ 0, 0, 0, 0, 0 ], [ 0, 543, 78, 48 ]
2183 / 4950: [ 0, 1, 0, 0, 0 ], [ 0, 543, 78, 48 ]
2184 / 4950: [ 0, 0, 0, 0, 0 ], [ 0, 543, 78, 48 ]
2185 / 4950: [ 0, 0, 0, 0, 0 ], [ 0, 543, 78, 48 ]
2186 / 4950: [ 0, 0, 0, 0, 0 ], [ 0, 543, 78, 48 ]
2187 / 4950: [ 0, 1, 0, 0, 0 ], [ 0, 543, 78, 48 ]
2188 / 4950: [ 0, 0, 1, 0, 0 ], [ 0, 543, 78, 48 ]
2189 / 4950: [ 0, 1, 0, 0, 0 ], [ 0, 543, 78, 48 ]
2190 / 4950: [ 0, 2, 0, 0, 0 ], [ 0, 543, 78, 48 ]
2191 / 4950: [ 0, 4, 0, 0, 0 ], [ 0, 544, 78, 48 ]
2192 / 4950: [ 0, 1, 0, 0, 0 ], [ 0, 544, 78, 48 ]
2193 / 4950: [ 0, 0, 0, 0, 0 ], [ 0, 544, 78, 48 ]
2194 / 4950: [ 0, 0, 1, 0, 0 ], [ 0, 544, 78, 48 ]
2195 / 4950: [ 0, 3, 0, 0, 0 ], [ 0, 544, 78, 48 ]
2196 / 4950: [ 0, 1, 0, 0, 0 ], [ 0, 544, 78, 48 ]
2197 / 4950: [ 0, 0, 0, 0, 0 ], [ 0, 544, 78, 48 ]
2198 / 4950: [ 0, 1, 0, 0, 0 ], [ 0, 544, 78, 48 ]
2199 / 4950: [ 0, 1, 0, 0, 0 ], [ 0, 544, 78, 48 ]
2200 / 4950: [ 0, 1, 0, 0, 0 ], [ 0, 544, 78, 48 ]
2201 / 4950: [ 0, 0, 2, 0, 0 ], [ 0, 544, 78, 48 ]
2202 / 4950: [ 0, 0, 1, 0, 0 ], [ 0, 544, 78, 48 ]
2203 / 4950: [ 0, 0, 0, 0, 0 ], [ 0, 544, 78, 48 ]
2204 / 4950: [ 0, 0, 0, 0, 0 ], [ 0, 544, 78, 48 ]
2205 / 4950: [ 0, 2, 0, 2, 0 ], [ 0, 544, 78, 49 ]
2206 / 4950: [ 0, 1, 0, 0, 0 ], [ 0, 544, 78, 49 ]
2207 / 4950: [ 0, 0, 0, 0, 0 ], [ 0, 544, 78, 49 ]
2208 / 4950: [ 0, 0, 0, 0, 0 ], [ 0, 544, 78, 49 ]
2209 / 4950: [ 0, 1, 0, 0, 0 ], [ 0, 544, 78, 49 ]
2210 / 4950: [ 0, 0, 0, 0, 0 ], [ 0, 544, 78, 49 ]
2211 / 4950: [ 0, 1, 0, 0, 0 ], [ 0, 544, 78, 49 ]
2212 / 4950: [ 0, 4, 0, 0, 0 ], [ 0, 545, 78, 49 ]
2213 / 4950: [ 0, 4, 0, 0, 0 ], [ 0, 546, 78, 49 ]
2214 / 4950: [ 0, 4, 0, 0, 0 ], [ 0, 547, 78, 49 ]
2215 / 4950: [ 0, 0, 1, 0, 0 ], [ 0, 547, 78, 49 ]
2216 / 4950: [ 0, 3, 0, 0, 0 ], [ 0, 547, 78, 49 ]
2217 / 4950: [ 0, 3, 0, 0, 0 ], [ 0, 547, 78, 49 ]
2218 / 4950: [ 0, 4, 0, 0, 0 ], [ 0, 548, 78, 49 ]
2219 / 4950: [ 0, 3, 0, 0, 0 ], [ 0, 548, 78, 49 ]
2220 / 4950: [ 0, 4, 0, 0, 0 ], [ 0, 549, 78, 49 ]
2221 / 4950: [ 0, 1, 0, 0, 0 ], [ 0, 549, 78, 49 ]
2222 / 4950: [ 0, 4, 0, 0, 0 ], [ 0, 550, 78, 49 ]
2223 / 4950: [ 0, 4, 0, 0, 0 ], [ 0, 551, 78, 49 ]
2224 / 4950: [ 0, 4, 0, 0, 0 ], [ 0, 552, 78, 49 ]
2225 / 4950: [ 0, 4, 0, 0, 0 ], [ 0, 553, 78, 49 ]
2226 / 4950: [ 0, 4, 0, 0, 0 ], [ 0, 554, 78, 49 ]
2227 / 4950: [ 0, 0, 0, 0, 0 ], [ 0, 554, 78, 49 ]
2228 / 4950: [ 0, 0, 0, 0, 0 ], [ 0, 554, 78, 49 ]
2229 / 4950: [ 0, 1, 0, 0, 0 ], [ 0, 554, 78, 49 ]
2230 / 4950: [ 0, 0, 0, 0, 0 ], [ 0, 554, 78, 49 ]
2231 / 4950: [ 0, 4, 0, 0, 0 ], [ 0, 555, 78, 49 ]
2232 / 4950: [ 0, 2, 0, 0, 0 ], [ 0, 555, 78, 49 ]
2233 / 4950: [ 0, 2, 0, 0, 0 ], [ 0, 555, 78, 49 ]
2234 / 4950: [ 0, 4, 0, 0, 0 ], [ 0, 556, 78, 49 ]
2235 / 4950: [ 0, 1, 0, 0, 0 ], [ 0, 556, 78, 49 ]
2236 / 4950: [ 0, 3, 0, 1, 0 ], [ 0, 556, 78, 50 ]
2237 / 4950: [ 0, 3, 0, 1, 0 ], [ 0, 556, 78, 51 ]
2238 / 4950: [ 0, 4, 0, 0, 0 ], [ 0, 557, 78, 51 ]
2239 / 4950: [ 0, 0, 0, 0, 0 ], [ 0, 557, 78, 51 ]
2240 / 4950: [ 0, 2, 0, 0, 0 ], [ 0, 557, 78, 51 ]
2241 / 4950: [ 0, 2, 0, 0, 0 ], [ 0, 557, 78, 51 ]
2242 / 4950: [ 0, 3, 1, 0, 0 ], [ 0, 557, 79, 51 ]
2243 / 4950: [ 0, 0, 0, 0, 0 ], [ 0, 557, 79, 51 ]
2244 / 4950: [ 0, 4, 0, 0, 0 ], [ 0, 558, 79, 51 ]
2245 / 4950: [ 0, 4, 0, 0, 0 ], [ 0, 559, 79, 51 ]
2246 / 4950: [ 0, 3, 0, 0, 0 ], [ 0, 559, 79, 51 ]
2247 / 4950: [ 0, 1, 0, 0, 0 ], [ 0, 559, 79, 51 ]
2248 / 4950: [ 0, 4, 0, 0, 0 ], [ 0, 560, 79, 51 ]
2249 / 4950: [ 0, 3, 0, 0, 0 ], [ 0, 560, 79, 51 ]
2250 / 4950: [ 0, 2, 1, 0, 0 ], [ 0, 560, 79, 51 ]
2251 / 4950: [ 0, 1, 0, 0, 0 ], [ 0, 560, 79, 51 ]
2252 / 4950: [ 0, 4, 0, 0, 0 ], [ 0, 561, 79, 51 ]
2253 / 4950: [ 0, 2, 0, 0, 0 ], [ 0, 561, 79, 51 ]
2254 / 4950: [ 0, 0, 1, 0, 0 ], [ 0, 561, 79, 51 ]
2255 / 4950: [ 0, 2, 0, 0, 0 ], [ 0, 561, 79, 51 ]
2256 / 4950: [ 0, 0, 0, 0, 0 ], [ 0, 561, 79, 51 ]
2257 / 4950: [ 0, 3, 0, 0, 0 ], [ 0, 561, 79, 51 ]
2258 / 4950: [ 0, 2, 1, 0, 0 ], [ 0, 561, 79, 51 ]
2259 / 4950: [ 0, 2, 0, 0, 0 ], [ 0, 561, 79, 51 ]
2260 / 4950: [ 0, 4, 0, 0, 0 ], [ 0, 562, 79, 51 ]
2261 / 4950: [ 0, 4, 0, 0, 0 ], [ 0, 563, 79, 51 ]
2262 / 4950: [ 0, 3, 0, 0, 0 ], [ 0, 563, 79, 51 ]
2263 / 4950: [ 0, 2, 1, 0, 0 ], [ 0, 563, 79, 51 ]
2264 / 4950: [ 0, 3, 0, 0, 0 ], [ 0, 563, 79, 51 ]
2265 / 4950: [ 0, 2, 0, 0, 0 ], [ 0, 563, 79, 51 ]
2266 / 4950: [ 0, 4, 0, 0, 0 ], [ 0, 564, 79, 51 ]
2267 / 4950: [ 0, 4, 0, 0, 0 ], [ 0, 565, 79, 51 ]
2268 / 4950: [ 0, 3, 1, 0, 0 ], [ 0, 565, 80, 51 ]
2269 / 4950: [ 0, 2, 0, 0, 0 ], [ 0, 565, 80, 51 ]
2270 / 4950: [ 0, 1, 0, 0, 0 ], [ 0, 565, 80, 51 ]
2271 / 4950: [ 0, 0, 0, 0, 0 ], [ 0, 565, 80, 51 ]
2272 / 4950: [ 0, 3, 0, 0, 0 ], [ 0, 565, 80, 51 ]
2273 / 4950: [ 0, 4, 0, 0, 0 ], [ 0, 566, 80, 51 ]
2274 / 4950: [ 0, 3, 0, 0, 0 ], [ 0, 566, 80, 51 ]
2275 / 4950: [ 0, 1, 0, 0, 0 ], [ 0, 566, 80, 51 ]
2276 / 4950: [ 0, 2, 0, 0, 0 ], [ 0, 566, 80, 51 ]
2277 / 4950: [ 0, 0, 0, 0, 0 ], [ 0, 566, 80, 51 ]
2278 / 4950: [ 0, 1, 2, 0, 0 ], [ 0, 566, 80, 51 ]
2279 / 4950: [ 0, 4, 0, 0, 0 ], [ 0, 567, 80, 51 ]
2280 / 4950: [ 0, 1, 0, 0, 0 ], [ 0, 567, 80, 51 ]
2281 / 4950: [ 0, 3, 0, 0, 0 ], [ 0, 567, 80, 51 ]
2282 / 4950: [ 0, 1, 1, 0, 0 ], [ 0, 567, 80, 51 ]
2283 / 4950: [ 0, 4, 0, 0, 0 ], [ 0, 568, 80, 51 ]
2284 / 4950: [ 0, 4, 0, 0, 0 ], [ 0, 569, 80, 51 ]
2285 / 4950: [ 0, 1, 0, 0, 0 ], [ 0, 569, 80, 51 ]
2286 / 4950: [ 0, 1, 0, 0, 0 ], [ 0, 569, 80, 51 ]
2287 / 4950: [ 0, 4, 0, 0, 0 ], [ 0, 570, 80, 51 ]
2288 / 4950: [ 0, 0, 0, 0, 0 ], [ 0, 570, 80, 51 ]
2289 / 4950: [ 0, 2, 0, 0, 0 ], [ 0, 570, 80, 51 ]
2290 / 4950: [ 0, 4, 0, 0, 0 ], [ 0, 571, 80, 51 ]
2291 / 4950: [ 0, 4, 0, 0, 0 ], [ 0, 572, 80, 51 ]
2292 / 4950: [ 0, 4, 0, 0, 0 ], [ 0, 573, 80, 51 ]
2293 / 4950: [ 0, 2, 1, 0, 0 ], [ 0, 573, 80, 51 ]
2294 / 4950: [ 0, 1, 0, 0, 0 ], [ 0, 573, 80, 51 ]
2295 / 4950: [ 0, 1, 0, 0, 0 ], [ 0, 573, 80, 51 ]
2296 / 4950: [ 0, 1, 0, 0, 0 ], [ 0, 573, 80, 51 ]
2297 / 4950: [ 0, 2, 2, 0, 0 ], [ 0, 573, 81, 51 ]
2298 / 4950: [ 0, 0, 0, 0, 0 ], [ 0, 573, 81, 51 ]
2299 / 4950: [ 0, 0, 0, 0, 0 ], [ 0, 573, 81, 51 ]
2300 / 4950: [ 0, 1, 0, 0, 0 ], [ 0, 573, 81, 51 ]
2301 / 4950: [ 0, 3, 0, 0, 0 ], [ 0, 573, 81, 51 ]
2302 / 4950: [ 0, 1, 0, 0, 0 ], [ 0, 573, 81, 51 ]
2303 / 4950: [ 0, 1, 0, 0, 0 ], [ 0, 573, 81, 51 ]
2304 / 4950: [ 0, 0, 0, 1, 0 ], [ 0, 573, 81, 51 ]
2305 / 4950: [ 0, 4, 0, 0, 0 ], [ 0, 574, 81, 51 ]
2306 / 4950: [ 0, 1, 0, 0, 0 ], [ 0, 574, 81, 51 ]
2307 / 4950: [ 0, 0, 0, 0, 0 ], [ 0, 574, 81, 51 ]
2308 / 4950: [ 0, 0, 0, 0, 0 ], [ 0, 574, 81, 51 ]
2309 / 4950: [ 0, 3, 1, 0, 0 ], [ 0, 574, 82, 51 ]
2310 / 4950: [ 0, 2, 0, 0, 0 ], [ 0, 574, 82, 51 ]
2311 / 4950: [ 0, 2, 0, 0, 0 ], [ 0, 574, 82, 51 ]
2312 / 4950: [ 0, 4, 0, 0, 0 ], [ 0, 575, 82, 51 ]
2313 / 4950: [ 0, 3, 0, 0, 0 ], [ 0, 575, 82, 51 ]
2314 / 4950: [ 0, 0, 0, 0, 0 ], [ 0, 575, 82, 51 ]
2315 / 4950: [ 0, 1, 1, 0, 0 ], [ 0, 575, 82, 51 ]
2316 / 4950: [ 0, 1, 0, 0, 0 ], [ 0, 575, 82, 51 ]
2317 / 4950: [ 0, 1, 0, 0, 0 ], [ 0, 575, 82, 51 ]
2318 / 4950: [ 0, 1, 0, 0, 0 ], [ 0, 575, 82, 51 ]
2319 / 4950: [ 0, 3, 0, 0, 0 ], [ 0, 575, 82, 51 ]
2320 / 4950: [ 0, 1, 0, 0, 0 ], [ 0, 575, 82, 51 ]
2321 / 4950: [ 0, 1, 0, 0, 0 ], [ 0, 575, 82, 51 ]
2322 / 4950: [ 0, 1, 0, 0, 0 ], [ 0, 575, 82, 51 ]
2323 / 4950: [ 0, 0, 0, 0, 0 ], [ 0, 575, 82, 51 ]
2324 / 4950: [ 0, 0, 0, 0, 0 ], [ 0, 575, 82, 51 ]
2325 / 4950: [ 0, 1, 0, 0, 0 ], [ 0, 575, 82, 51 ]
2326 / 4950: [ 0, 0, 0, 0, 0 ], [ 0, 575, 82, 51 ]
2327 / 4950: [ 0, 4, 0, 0, 0 ], [ 0, 576, 82, 51 ]
2328 / 4950: [ 0, 3, 1, 0, 0 ], [ 0, 576, 83, 51 ]
2329 / 4950: [ 0, 2, 0, 0, 0 ], [ 0, 576, 83, 51 ]
2330 / 4950: [ 0, 0, 0, 0, 0 ], [ 0, 576, 83, 51 ]
2331 / 4950: [ 0, 0, 0, 0, 0 ], [ 0, 576, 83, 51 ]
2332 / 4950: [ 0, 1, 0, 0, 0 ], [ 0, 576, 83, 51 ]
2333 / 4950: [ 0, 3, 1, 0, 0 ], [ 0, 576, 84, 51 ]
2334 / 4950: [ 0, 0, 4, 0, 0 ], [ 0, 576, 85, 51 ]
2335 / 4950: [ 0, 0, 0, 0, 0 ], [ 0, 576, 85, 51 ]
2336 / 4950: [ 0, 4, 0, 0, 0 ], [ 0, 577, 85, 51 ]
2337 / 4950: [ 0, 1, 0, 0, 0 ], [ 0, 577, 85, 51 ]
2338 / 4950: [ 0, 0, 0, 3, 0 ], [ 0, 577, 85, 51 ]
2339 / 4950: [ 0, 1, 2, 0, 0 ], [ 0, 577, 85, 51 ]
2340 / 4950: [ 0, 4, 0, 0, 0 ], [ 0, 578, 85, 51 ]
2341 / 4950: [ 0, 2, 0, 0, 0 ], [ 0, 578, 85, 51 ]
2342 / 4950: [ 0, 1, 0, 0, 0 ], [ 0, 578, 85, 51 ]
2343 / 4950: [ 0, 2, 0, 0, 0 ], [ 0, 578, 85, 51 ]
2344 / 4950: [ 0, 2, 0, 0, 0 ], [ 0, 578, 85, 51 ]
2345 / 4950: [ 0, 0, 1, 0, 0 ], [ 0, 578, 85, 51 ]
2346 / 4950: [ 0, 2, 0, 0, 0 ], [ 0, 578, 85, 51 ]
2347 / 4950: [ 0, 4, 0, 0, 0 ], [ 0, 579, 85, 51 ]
2348 / 4950: [ 0, 0, 0, 0, 0 ], [ 0, 579, 85, 51 ]
2349 / 4950: [ 0, 4, 0, 0, 0 ], [ 0, 580, 85, 51 ]
2350 / 4950: [ 0, 1, 1, 0, 0 ], [ 0, 580, 85, 51 ]
2351 / 4950: [ 0, 4, 0, 0, 0 ], [ 0, 581, 85, 51 ]
2352 / 4950: [ 0, 4, 0, 0, 0 ], [ 0, 582, 85, 51 ]
2353 / 4950: [ 0, 1, 0, 0, 0 ], [ 0, 582, 85, 51 ]
2354 / 4950: [ 0, 1, 0, 0, 0 ], [ 0, 582, 85, 51 ]
2355 / 4950: [ 0, 4, 0, 0, 0 ], [ 0, 583, 85, 51 ]
2356 / 4950: [ 0, 1, 0, 0, 0 ], [ 0, 583, 85, 51 ]
2357 / 4950: [ 0, 2, 0, 0, 0 ], [ 0, 583, 85, 51 ]
2358 / 4950: [ 0, 4, 0, 0, 0 ], [ 0, 584, 85, 51 ]
2359 / 4950: [ 0, 4, 0, 0, 0 ], [ 0, 585, 85, 51 ]
2360 / 4950: [ 0, 4, 0, 0, 0 ], [ 0, 586, 85, 51 ]
2361 / 4950: [ 0, 2, 0, 0, 0 ], [ 0, 586, 85, 51 ]
2362 / 4950: [ 0, 0, 0, 0, 0 ], [ 0, 586, 85, 51 ]
2363 / 4950: [ 0, 0, 1, 0, 0 ], [ 0, 586, 85, 51 ]
2364 / 4950: [ 0, 1, 0, 0, 0 ], [ 0, 586, 85, 51 ]
2365 / 4950: [ 0, 0, 1, 0, 0 ], [ 0, 586, 85, 51 ]
2366 / 4950: [ 0, 0, 0, 0, 0 ], [ 0, 586, 85, 51 ]
2367 / 4950: [ 0, 0, 0, 0, 0 ], [ 0, 586, 85, 51 ]
2368 / 4950: [ 0, 0, 0, 0, 0 ], [ 0, 586, 85, 51 ]
2369 / 4950: [ 0, 4, 0, 0, 0 ], [ 0, 587, 85, 51 ]
2370 / 4950: [ 0, 0, 0, 0, 0 ], [ 0, 587, 85, 51 ]
2371 / 4950: [ 0, 1, 0, 0, 1 ], [ 0, 587, 85, 51 ]
2372 / 4950: [ 0, 0, 1, 1, 0 ], [ 0, 587, 85, 51 ]
2373 / 4950: [ 0, 4, 0, 0, 0 ], [ 0, 588, 85, 51 ]
2374 / 4950: [ 0, 0, 0, 0, 0 ], [ 0, 588, 85, 51 ]
2375 / 4950: [ 0, 0, 0, 0, 0 ], [ 0, 588, 85, 51 ]
2376 / 4950: [ 0, 0, 0, 0, 0 ], [ 0, 588, 85, 51 ]
2377 / 4950: [ 0, 2, 0, 0, 0 ], [ 0, 588, 85, 51 ]
2378 / 4950: [ 0, 1, 0, 0, 0 ], [ 0, 588, 85, 51 ]
2379 / 4950: [ 0, 2, 1, 0, 0 ], [ 0, 588, 85, 51 ]
2380 / 4950: [ 0, 4, 0, 0, 0 ], [ 0, 589, 85, 51 ]
2381 / 4950: [ 0, 3, 1, 0, 0 ], [ 0, 589, 86, 51 ]
2382 / 4950: [ 0, 0, 0, 0, 0 ], [ 0, 589, 86, 51 ]
2383 / 4950: [ 0, 2, 0, 0, 0 ], [ 0, 589, 86, 51 ]
2384 / 4950: [ 0, 0, 0, 0, 0 ], [ 0, 589, 86, 51 ]
2385 / 4950: [ 0, 1, 0, 0, 0 ], [ 0, 589, 86, 51 ]
2386 / 4950: [ 0, 1, 0, 0, 0 ], [ 0, 589, 86, 51 ]
2387 / 4950: [ 0, 3, 0, 0, 0 ], [ 0, 589, 86, 51 ]
2388 / 4950: [ 0, 0, 0, 0, 0 ], [ 0, 589, 86, 51 ]
2389 / 4950: [ 0, 2, 0, 0, 0 ], [ 0, 589, 86, 51 ]
2390 / 4950: [ 0, 0, 0, 0, 0 ], [ 0, 589, 86, 51 ]
2391 / 4950: [ 0, 0, 0, 0, 0 ], [ 0, 589, 86, 51 ]
2392 / 4950: [ 0, 0, 0, 0, 0 ], [ 0, 589, 86, 51 ]
2393 / 4950: [ 0, 1, 0, 0, 0 ], [ 0, 589, 86, 51 ]
2394 / 4950: [ 0, 1, 0, 0, 0 ], [ 0, 589, 86, 51 ]
2395 / 4950: [ 0, 4, 0, 0, 0 ], [ 0, 590, 86, 51 ]
2396 / 4950: [ 0, 3, 1, 0, 0 ], [ 0, 590, 87, 51 ]
2397 / 4950: [ 0, 3, 0, 0, 0 ], [ 0, 590, 87, 51 ]
2398 / 4950: [ 0, 0, 0, 0, 0 ], [ 0, 590, 87, 51 ]
2399 / 4950: [ 0, 0, 0, 0, 0 ], [ 0, 590, 87, 51 ]
2400 / 4950: [ 0, 0, 0, 0, 0 ], [ 0, 590, 87, 51 ]
2401 / 4950: [ 0, 2, 0, 0, 0 ], [ 0, 590, 87, 51 ]
2402 / 4950: [ 0, 0, 0, 0, 0 ], [ 0, 590, 87, 51 ]
2403 / 4950: [ 0, 0, 0, 0, 0 ], [ 0, 590, 87, 51 ]
2404 / 4950: [ 0, 4, 0, 0, 0 ], [ 0, 591, 87, 51 ]
2405 / 4950: [ 0, 1, 0, 0, 0 ], [ 0, 591, 87, 51 ]
2406 / 4950: [ 0, 0, 0, 2, 0 ], [ 0, 591, 87, 51 ]
2407 / 4950: [ 0, 2, 1, 0, 0 ], [ 0, 591, 87, 51 ]
2408 / 4950: [ 0, 3, 0, 0, 0 ], [ 0, 591, 87, 51 ]
2409 / 4950: [ 0, 2, 0, 0, 0 ], [ 0, 591, 87, 51 ]
2410 / 4950: [ 0, 1, 0, 0, 0 ], [ 0, 591, 87, 51 ]
2411 / 4950: [ 0, 2, 0, 0, 0 ], [ 0, 591, 87, 51 ]
2412 / 4950: [ 0, 1, 0, 0, 0 ], [ 0, 591, 87, 51 ]
2413 / 4950: [ 0, 0, 0, 0, 0 ], [ 0, 591, 87, 51 ]
2414 / 4950: [ 0, 4, 0, 0, 0 ], [ 0, 592, 87, 51 ]
2415 / 4950: [ 0, 4, 0, 0, 0 ], [ 0, 593, 87, 51 ]
2416 / 4950: [ 0, 0, 0, 0, 0 ], [ 0, 593, 87, 51 ]
2417 / 4950: [ 0, 2, 1, 0, 0 ], [ 0, 593, 87, 51 ]
2418 / 4950: [ 0, 0, 0, 0, 0 ], [ 0, 593, 87, 51 ]
2419 / 4950: [ 0, 0, 0, 0, 0 ], [ 0, 593, 87, 51 ]
2420 / 4950: [ 0, 0, 0, 0, 0 ], [ 0, 593, 87, 51 ]
2421 / 4950: [ 0, 0, 0, 0, 0 ], [ 0, 593, 87, 51 ]
2422 / 4950: [ 0, 1, 0, 0, 0 ], [ 0, 593, 87, 51 ]
2423 / 4950: [ 0, 0, 0, 0, 0 ], [ 0, 593, 87, 51 ]
2424 / 4950: [ 0, 0, 0, 0, 0 ], [ 0, 593, 87, 51 ]
2425 / 4950: [ 0, 1, 1, 0, 0 ], [ 0, 593, 87, 51 ]
2426 / 4950: [ 0, 2, 0, 0, 0 ], [ 0, 593, 87, 51 ]
2427 / 4950: [ 0, 0, 0, 0, 0 ], [ 0, 593, 87, 51 ]
2428 / 4950: [ 0, 1, 0, 0, 0 ], [ 0, 593, 87, 51 ]
2429 / 4950: [ 0, 0, 0, 0, 0 ], [ 0, 593, 87, 51 ]
2430 / 4950: [ 0, 3, 1, 0, 0 ], [ 0, 593, 88, 51 ]
2431 / 4950: [ 0, 0, 0, 0, 0 ], [ 0, 593, 88, 51 ]
2432 / 4950: [ 0, 0, 0, 0, 0 ], [ 0, 593, 88, 51 ]
2433 / 4950: [ 0, 0, 0, 0, 0 ], [ 0, 593, 88, 51 ]
2434 / 4950: [ 0, 1, 0, 0, 0 ], [ 0, 593, 88, 51 ]
2435 / 4950: [ 0, 1, 0, 0, 0 ], [ 0, 593, 88, 51 ]
2436 / 4950: [ 0, 3, 0, 0, 0 ], [ 0, 593, 88, 51 ]
2437 / 4950: [ 0, 0, 0, 0, 0 ], [ 0, 593, 88, 51 ]
2438 / 4950: [ 0, 1, 0, 0, 0 ], [ 0, 593, 88, 51 ]
2439 / 4950: [ 0, 1, 0, 0, 0 ], [ 0, 593, 88, 51 ]
2440 / 4950: [ 0, 4, 0, 0, 0 ], [ 0, 594, 88, 51 ]
2441 / 4950: [ 0, 4, 0, 0, 0 ], [ 0, 595, 88, 51 ]
2442 / 4950: [ 0, 0, 0, 0, 0 ], [ 0, 595, 88, 51 ]
2443 / 4950: [ 0, 3, 0, 0, 0 ], [ 0, 595, 88, 51 ]
2444 / 4950: [ 0, 3, 0, 0, 0 ], [ 0, 595, 88, 51 ]
2445 / 4950: [ 0, 2, 2, 0, 0 ], [ 0, 595, 89, 51 ]
2446 / 4950: [ 0, 2, 0, 0, 0 ], [ 0, 595, 89, 51 ]
2447 / 4950: [ 0, 1, 0, 0, 0 ], [ 0, 595, 89, 51 ]
2448 / 4950: [ 0, 2, 0, 0, 0 ], [ 0, 595, 89, 51 ]
2449 / 4950: [ 0, 0, 0, 0, 0 ], [ 0, 595, 89, 51 ]
2450 / 4950: [ 0, 0, 0, 0, 0 ], [ 0, 595, 89, 51 ]
2451 / 4950: [ 0, 1, 0, 0, 0 ], [ 0, 595, 89, 51 ]
2452 / 4950: [ 0, 1, 0, 0, 0 ], [ 0, 595, 89, 51 ]
2453 / 4950: [ 0, 0, 1, 0, 0 ], [ 0, 595, 89, 51 ]
2454 / 4950: [ 0, 0, 0, 0, 0 ], [ 0, 595, 89, 51 ]
2455 / 4950: [ 0, 0, 1, 0, 0 ], [ 0, 595, 89, 51 ]
2456 / 4950: [ 0, 1, 0, 0, 0 ], [ 0, 595, 89, 51 ]
2457 / 4950: [ 0, 4, 0, 0, 0 ], [ 0, 596, 89, 51 ]
2458 / 4950: [ 0, 0, 0, 0, 0 ], [ 0, 596, 89, 51 ]
2459 / 4950: [ 0, 0, 0, 0, 0 ], [ 0, 596, 89, 51 ]
2460 / 4950: [ 0, 4, 0, 0, 0 ], [ 0, 597, 89, 51 ]
2461 / 4950: [ 0, 2, 1, 0, 0 ], [ 0, 597, 89, 51 ]
2462 / 4950: [ 0, 2, 2, 0, 0 ], [ 0, 597, 90, 51 ]
2463 / 4950: [ 0, 1, 0, 0, 0 ], [ 0, 597, 90, 51 ]
2464 / 4950: [ 0, 0, 0, 0, 0 ], [ 0, 597, 90, 51 ]
2465 / 4950: [ 0, 1, 0, 0, 0 ], [ 0, 597, 90, 51 ]
2466 / 4950: [ 0, 0, 0, 0, 0 ], [ 0, 597, 90, 51 ]
2467 / 4950: [ 0, 0, 0, 0, 0 ], [ 0, 597, 90, 51 ]
2468 / 4950: [ 0, 1, 1, 0, 0 ], [ 0, 597, 90, 51 ]
2469 / 4950: [ 0, 1, 0, 0, 0 ], [ 0, 597, 90, 51 ]
2470 / 4950: [ 0, 1, 1, 0, 0 ], [ 0, 597, 90, 51 ]
2471 / 4950: [ 0, 0, 2, 0, 0 ], [ 0, 597, 90, 51 ]
2472 / 4950: [ 0, 0, 0, 0, 0 ], [ 0, 597, 90, 51 ]
2473 / 4950: [ 0, 1, 0, 0, 0 ], [ 0, 597, 90, 51 ]
2474 / 4950: [ 0, 0, 0, 0, 0 ], [ 0, 597, 90, 51 ]
2475 / 4950: [ 0, 0, 0, 1, 0 ], [ 0, 597, 90, 51 ]
2476 / 4950: [ 0, 4, 0, 0, 0 ], [ 0, 598, 90, 51 ]
2477 / 4950: [ 0, 0, 1, 0, 0 ], [ 0, 598, 90, 51 ]
2478 / 4950: [ 0, 0, 0, 0, 0 ], [ 0, 598, 90, 51 ]
2479 / 4950: [ 0, 2, 0, 0, 0 ], [ 0, 598, 90, 51 ]
2480 / 4950: [ 0, 0, 0, 0, 0 ], [ 0, 598, 90, 51 ]
2481 / 4950: [ 0, 1, 0, 0, 0 ], [ 0, 598, 90, 51 ]
2482 / 4950: [ 0, 2, 0, 0, 0 ], [ 0, 598, 90, 51 ]
2483 / 4950: [ 0, 0, 0, 0, 0 ], [ 0, 598, 90, 51 ]
2484 / 4950: [ 0, 0, 0, 0, 0 ], [ 0, 598, 90, 51 ]
2485 / 4950: [ 0, 0, 0, 0, 0 ], [ 0, 598, 90, 51 ]
2486 / 4950: [ 0, 1, 0, 0, 0 ], [ 0, 598, 90, 51 ]
2487 / 4950: [ 0, 2, 1, 0, 0 ], [ 0, 598, 90, 51 ]
2488 / 4950: [ 0, 1, 0, 0, 0 ], [ 0, 598, 90, 51 ]
2489 / 4950: [ 0, 0, 0, 0, 0 ], [ 0, 598, 90, 51 ]
2490 / 4950: [ 0, 0, 0, 0, 0 ], [ 0, 598, 90, 51 ]
2491 / 4950: [ 0, 0, 0, 0, 0 ], [ 0, 598, 90, 51 ]
2492 / 4950: [ 0, 1, 0, 0, 0 ], [ 0, 598, 90, 51 ]
2493 / 4950: [ 0, 0, 0, 0, 0 ], [ 0, 598, 90, 51 ]
2494 / 4950: [ 0, 2, 0, 0, 0 ], [ 0, 598, 90, 51 ]
2495 / 4950: [ 0, 0, 0, 0, 0 ], [ 0, 598, 90, 51 ]
2496 / 4950: [ 0, 1, 0, 0, 0 ], [ 0, 598, 90, 51 ]
2497 / 4950: [ 0, 1, 1, 0, 0 ], [ 0, 598, 90, 51 ]
2498 / 4950: [ 0, 0, 0, 0, 0 ], [ 0, 598, 90, 51 ]
2499 / 4950: [ 0, 0, 0, 0, 0 ], [ 0, 598, 90, 51 ]
2500 / 4950: [ 0, 4, 0, 0, 0 ], [ 0, 599, 90, 51 ]
2501 / 4950: [ 0, 1, 0, 0, 0 ], [ 0, 599, 90, 51 ]
2502 / 4950: [ 0, 0, 1, 0, 0 ], [ 0, 599, 90, 51 ]
2503 / 4950: [ 0, 0, 0, 0, 0 ], [ 0, 599, 90, 51 ]
2504 / 4950: [ 0, 1, 0, 0, 0 ], [ 0, 599, 90, 51 ]
2505 / 4950: [ 0, 0, 0, 0, 0 ], [ 0, 599, 90, 51 ]
2506 / 4950: [ 0, 2, 1, 0, 0 ], [ 0, 599, 90, 51 ]
2507 / 4950: [ 0, 1, 0, 0, 0 ], [ 0, 599, 90, 51 ]
2508 / 4950: [ 0, 0, 0, 0, 0 ], [ 0, 599, 90, 51 ]
2509 / 4950: [ 0, 0, 0, 0, 0 ], [ 0, 599, 90, 51 ]
2510 / 4950: [ 0, 4, 0, 0, 0 ], [ 0, 600, 90, 51 ]
2511 / 4950: [ 0, 3, 1, 0, 0 ], [ 0, 600, 91, 51 ]
2512 / 4950: [ 0, 1, 0, 0, 0 ], [ 0, 600, 91, 51 ]
2513 / 4950: [ 0, 2, 1, 0, 0 ], [ 0, 600, 91, 51 ]
2514 / 4950: [ 0, 3, 0, 0, 0 ], [ 0, 600, 91, 51 ]
2515 / 4950: [ 0, 2, 0, 0, 0 ], [ 0, 600, 91, 51 ]
2516 / 4950: [ 0, 3, 1, 0, 0 ], [ 0, 600, 92, 51 ]
2517 / 4950: [ 0, 3, 0, 0, 0 ], [ 0, 600, 92, 51 ]
2518 / 4950: [ 0, 4, 0, 0, 0 ], [ 0, 601, 92, 51 ]
2519 / 4950: [ 0, 0, 0, 0, 0 ], [ 0, 601, 92, 51 ]
2520 / 4950: [ 0, 0, 1, 0, 0 ], [ 0, 601, 92, 51 ]
2521 / 4950: [ 0, 0, 0, 0, 0 ], [ 0, 601, 92, 51 ]
2522 / 4950: [ 0, 0, 0, 0, 0 ], [ 0, 601, 92, 51 ]
2523 / 4950: [ 0, 0, 0, 0, 0 ], [ 0, 601, 92, 51 ]
2524 / 4950: [ 0, 0, 0, 0, 0 ], [ 0, 601, 92, 51 ]
2525 / 4950: [ 0, 0, 0, 0, 0 ], [ 0, 601, 92, 51 ]
2526 / 4950: [ 0, 2, 0, 0, 0 ], [ 0, 601, 92, 51 ]
2527 / 4950: [ 0, 2, 1, 0, 0 ], [ 0, 601, 92, 51 ]
2528 / 4950: [ 0, 0, 0, 0, 0 ], [ 0, 601, 92, 51 ]
2529 / 4950: [ 0, 1, 0, 0, 0 ], [ 0, 601, 92, 51 ]
2530 / 4950: [ 0, 2, 0, 0, 0 ], [ 0, 601, 92, 51 ]
2531 / 4950: [ 0, 0, 2, 0, 0 ], [ 0, 601, 92, 51 ]
2532 / 4950: [ 0, 1, 0, 0, 0 ], [ 0, 601, 92, 51 ]
2533 / 4950: [ 0, 2, 0, 0, 0 ], [ 0, 601, 92, 51 ]
2534 / 4950: [ 0, 1, 0, 0, 0 ], [ 0, 601, 92, 51 ]
2535 / 4950: [ 0, 4, 0, 0, 0 ], [ 0, 602, 92, 51 ]
2536 / 4950: [ 0, 1, 0, 0, 0 ], [ 0, 602, 92, 51 ]
2537 / 4950: [ 0, 0, 0, 0, 0 ], [ 0, 602, 92, 51 ]
2538 / 4950: [ 0, 0, 1, 0, 0 ], [ 0, 602, 92, 51 ]
2539 / 4950: [ 0, 0, 0, 0, 0 ], [ 0, 602, 92, 51 ]
2540 / 4950: [ 0, 0, 2, 0, 0 ], [ 0, 602, 92, 51 ]
2541 / 4950: [ 0, 1, 2, 0, 0 ], [ 0, 602, 92, 51 ]
2542 / 4950: [ 0, 0, 0, 0, 0 ], [ 0, 602, 92, 51 ]
2543 / 4950: [ 0, 0, 0, 0, 0 ], [ 0, 602, 92, 51 ]
2544 / 4950: [ 0, 0, 0, 0, 0 ], [ 0, 602, 92, 51 ]
2545 / 4950: [ 0, 0, 0, 1, 0 ], [ 0, 602, 92, 51 ]
2546 / 4950: [ 0, 4, 0, 0, 0 ], [ 0, 603, 92, 51 ]
2547 / 4950: [ 0, 0, 0, 0, 0 ], [ 0, 603, 92, 51 ]
2548 / 4950: [ 0, 0, 0, 0, 0 ], [ 0, 603, 92, 51 ]
2549 / 4950: [ 0, 0, 1, 0, 0 ], [ 0, 603, 92, 51 ]
2550 / 4950: [ 0, 0, 0, 0, 0 ], [ 0, 603, 92, 51 ]
2551 / 4950: [ 0, 0, 0, 0, 0 ], [ 0, 603, 92, 51 ]
2552 / 4950: [ 0, 2, 0, 0, 0 ], [ 0, 603, 92, 51 ]
2553 / 4950: [ 0, 1, 0, 0, 0 ], [ 0, 603, 92, 51 ]
2554 / 4950: [ 0, 0, 0, 0, 0 ], [ 0, 603, 92, 51 ]
2555 / 4950: [ 0, 0, 0, 0, 0 ], [ 0, 603, 92, 51 ]
2556 / 4950: [ 0, 4, 0, 0, 0 ], [ 0, 604, 92, 51 ]
2557 / 4950: [ 0, 2, 0, 0, 0 ], [ 0, 604, 92, 51 ]
2558 / 4950: [ 0, 4, 0, 0, 0 ], [ 0, 605, 92, 51 ]
2559 / 4950: [ 0, 1, 0, 0, 0 ], [ 0, 605, 92, 51 ]
2560 / 4950: [ 0, 2, 0, 0, 0 ], [ 0, 605, 92, 51 ]
2561 / 4950: [ 0, 1, 0, 0, 0 ], [ 0, 605, 92, 51 ]
2562 / 4950: [ 0, 2, 0, 0, 0 ], [ 0, 605, 92, 51 ]
2563 / 4950: [ 0, 4, 0, 0, 0 ], [ 0, 606, 92, 51 ]
2564 / 4950: [ 0, 3, 0, 0, 0 ], [ 0, 606, 92, 51 ]
2565 / 4950: [ 0, 0, 0, 0, 0 ], [ 0, 606, 92, 51 ]
2566 / 4950: [ 0, 1, 0, 0, 0 ], [ 0, 606, 92, 51 ]
2567 / 4950: [ 0, 4, 0, 0, 0 ], [ 0, 607, 92, 51 ]
2568 / 4950: [ 0, 4, 0, 0, 0 ], [ 0, 608, 92, 51 ]
2569 / 4950: [ 0, 0, 1, 0, 0 ], [ 0, 608, 92, 51 ]
2570 / 4950: [ 0, 0, 0, 0, 0 ], [ 0, 608, 92, 51 ]
2571 / 4950: [ 0, 4, 0, 0, 0 ], [ 0, 609, 92, 51 ]
2572 / 4950: [ 0, 3, 0, 0, 0 ], [ 0, 609, 92, 51 ]
2573 / 4950: [ 0, 2, 0, 0, 0 ], [ 0, 609, 92, 51 ]
2574 / 4950: [ 0, 1, 0, 0, 0 ], [ 0, 609, 92, 51 ]
2575 / 4950: [ 0, 3, 0, 0, 0 ], [ 0, 609, 92, 51 ]
2576 / 4950: [ 0, 0, 0, 0, 0 ], [ 0, 609, 92, 51 ]
2577 / 4950: [ 0, 4, 0, 0, 0 ], [ 0, 610, 92, 51 ]
2578 / 4950: [ 0, 2, 0, 0, 0 ], [ 0, 610, 92, 51 ]
2579 / 4950: [ 0, 0, 0, 0, 0 ], [ 0, 610, 92, 51 ]
2580 / 4950: [ 0, 3, 0, 0, 0 ], [ 0, 610, 92, 51 ]
2581 / 4950: [ 0, 4, 0, 0, 0 ], [ 0, 611, 92, 51 ]
2582 / 4950: [ 0, 4, 0, 0, 0 ], [ 0, 612, 92, 51 ]
2583 / 4950: [ 0, 0, 0, 0, 0 ], [ 0, 612, 92, 51 ]
2584 / 4950: [ 0, 4, 0, 0, 0 ], [ 0, 613, 92, 51 ]
2585 / 4950: [ 0, 3, 1, 0, 0 ], [ 0, 613, 93, 51 ]
2586 / 4950: [ 0, 4, 0, 0, 0 ], [ 0, 614, 93, 51 ]
2587 / 4950: [ 0, 3, 0, 0, 0 ], [ 0, 614, 93, 51 ]
2588 / 4950: [ 0, 4, 0, 0, 0 ], [ 0, 615, 93, 51 ]
2589 / 4950: [ 0, 4, 0, 0, 0 ], [ 0, 616, 93, 51 ]
2590 / 4950: [ 0, 2, 0, 0, 0 ], [ 0, 616, 93, 51 ]
2591 / 4950: [ 0, 0, 0, 0, 0 ], [ 0, 616, 93, 51 ]
2592 / 4950: [ 0, 2, 0, 0, 0 ], [ 0, 616, 93, 51 ]
2593 / 4950: [ 0, 2, 0, 0, 0 ], [ 0, 616, 93, 51 ]
2594 / 4950: [ 0, 0, 0, 0, 0 ], [ 0, 616, 93, 51 ]
2595 / 4950: [ 0, 1, 0, 0, 0 ], [ 0, 616, 93, 51 ]
2596 / 4950: [ 0, 2, 0, 0, 0 ], [ 0, 616, 93, 51 ]
2597 / 4950: [ 0, 1, 1, 0, 0 ], [ 0, 616, 93, 51 ]
2598 / 4950: [ 0, 3, 0, 0, 0 ], [ 0, 616, 93, 51 ]
2599 / 4950: [ 0, 1, 0, 0, 0 ], [ 0, 616, 93, 51 ]
2600 / 4950: [ 0, 2, 0, 0, 0 ], [ 0, 616, 93, 51 ]
2601 / 4950: [ 0, 2, 0, 0, 0 ], [ 0, 616, 93, 51 ]
2602 / 4950: [ 0, 2, 1, 0, 0 ], [ 0, 616, 93, 51 ]
2603 / 4950: [ 0, 2, 0, 0, 0 ], [ 0, 616, 93, 51 ]
2604 / 4950: [ 0, 1, 0, 0, 0 ], [ 0, 616, 93, 51 ]
2605 / 4950: [ 0, 1, 0, 0, 0 ], [ 0, 616, 93, 51 ]
2606 / 4950: [ 0, 2, 0, 0, 0 ], [ 0, 616, 93, 51 ]
2607 / 4950: [ 0, 2, 0, 0, 0 ], [ 0, 616, 93, 51 ]
2608 / 4950: [ 0, 2, 1, 0, 0 ], [ 0, 616, 93, 51 ]
2609 / 4950: [ 0, 1, 0, 0, 0 ], [ 0, 616, 93, 51 ]
2610 / 4950: [ 0, 2, 0, 0, 0 ], [ 0, 616, 93, 51 ]
2611 / 4950: [ 0, 0, 0, 0, 0 ], [ 0, 616, 93, 51 ]
2612 / 4950: [ 0, 1, 0, 0, 0 ], [ 0, 616, 93, 51 ]
2613 / 4950: [ 0, 0, 0, 0, 0 ], [ 0, 616, 93, 51 ]
2614 / 4950: [ 0, 2, 0, 0, 0 ], [ 0, 616, 93, 51 ]
2615 / 4950: [ 0, 3, 1, 0, 0 ], [ 0, 616, 94, 51 ]
2616 / 4950: [ 0, 2, 0, 1, 0 ], [ 0, 616, 94, 51 ]
2617 / 4950: [ 0, 3, 0, 0, 0 ], [ 0, 616, 94, 51 ]
2618 / 4950: [ 0, 1, 0, 0, 0 ], [ 0, 616, 94, 51 ]
2619 / 4950: [ 0, 0, 0, 0, 0 ], [ 0, 616, 94, 51 ]
2620 / 4950: [ 0, 2, 0, 0, 0 ], [ 0, 616, 94, 51 ]
2621 / 4950: [ 0, 0, 0, 0, 0 ], [ 0, 616, 94, 51 ]
2622 / 4950: [ 0, 2, 1, 0, 0 ], [ 0, 616, 94, 51 ]
2623 / 4950: [ 0, 2, 0, 0, 0 ], [ 0, 616, 94, 51 ]
2624 / 4950: [ 0, 2, 0, 0, 0 ], [ 0, 616, 94, 51 ]
2625 / 4950: [ 0, 0, 0, 0, 0 ], [ 0, 616, 94, 51 ]
2626 / 4950: [ 0, 0, 0, 0, 0 ], [ 0, 616, 94, 51 ]
2627 / 4950: [ 0, 2, 0, 0, 0 ], [ 0, 616, 94, 51 ]
2628 / 4950: [ 0, 2, 0, 0, 0 ], [ 0, 616, 94, 51 ]
2629 / 4950: [ 0, 4, 0, 0, 0 ], [ 0, 617, 94, 51 ]
2630 / 4950: [ 0, 0, 0, 0, 0 ], [ 0, 617, 94, 51 ]
2631 / 4950: [ 0, 3, 0, 0, 0 ], [ 0, 617, 94, 51 ]
2632 / 4950: [ 0, 0, 0, 0, 0 ], [ 0, 617, 94, 51 ]
2633 / 4950: [ 0, 3, 0, 0, 0 ], [ 0, 617, 94, 51 ]
2634 / 4950: [ 0, 3, 0, 0, 0 ], [ 0, 617, 94, 51 ]
2635 / 4950: [ 0, 0, 0, 0, 0 ], [ 0, 617, 94, 51 ]
2636 / 4950: [ 0, 2, 0, 0, 0 ], [ 0, 617, 94, 51 ]
2637 / 4950: [ 0, 3, 0, 0, 0 ], [ 0, 617, 94, 51 ]
2638 / 4950: [ 0, 0, 0, 0, 0 ], [ 0, 617, 94, 51 ]
2639 / 4950: [ 0, 2, 0, 0, 0 ], [ 0, 617, 94, 51 ]
2640 / 4950: [ 0, 4, 0, 0, 0 ], [ 0, 618, 94, 51 ]
2641 / 4950: [ 0, 3, 0, 0, 0 ], [ 0, 618, 94, 51 ]
2642 / 4950: [ 0, 4, 0, 0, 0 ], [ 0, 619, 94, 51 ]
2643 / 4950: [ 0, 2, 0, 0, 0 ], [ 0, 619, 94, 51 ]
2644 / 4950: [ 0, 0, 0, 0, 0 ], [ 0, 619, 94, 51 ]
2645 / 4950: [ 0, 0, 0, 0, 0 ], [ 0, 619, 94, 51 ]
2646 / 4950: [ 0, 1, 0, 0, 0 ], [ 0, 619, 94, 51 ]
2647 / 4950: [ 0, 0, 0, 0, 0 ], [ 0, 619, 94, 51 ]
2648 / 4950: [ 0, 0, 0, 0, 0 ], [ 0, 619, 94, 51 ]
2649 / 4950: [ 0, 2, 0, 0, 0 ], [ 0, 619, 94, 51 ]
2650 / 4950: [ 0, 1, 0, 0, 0 ], [ 0, 619, 94, 51 ]
2651 / 4950: [ 0, 2, 0, 0, 0 ], [ 0, 619, 94, 51 ]
2652 / 4950: [ 0, 0, 0, 0, 0 ], [ 0, 619, 94, 51 ]
2653 / 4950: [ 0, 0, 0, 0, 1 ], [ 0, 619, 94, 51 ]
2654 / 4950: [ 0, 0, 1, 0, 0 ], [ 0, 619, 94, 51 ]
2655 / 4950: [ 0, 4, 0, 0, 0 ], [ 0, 620, 94, 51 ]
2656 / 4950: [ 0, 0, 0, 0, 0 ], [ 0, 620, 94, 51 ]
2657 / 4950: [ 0, 1, 0, 0, 0 ], [ 0, 620, 94, 51 ]
2658 / 4950: [ 0, 0, 0, 0, 0 ], [ 0, 620, 94, 51 ]
2659 / 4950: [ 0, 1, 0, 0, 0 ], [ 0, 620, 94, 51 ]
2660 / 4950: [ 0, 0, 0, 0, 0 ], [ 0, 620, 94, 51 ]
2661 / 4950: [ 0, 2, 0, 0, 0 ], [ 0, 620, 94, 51 ]
2662 / 4950: [ 0, 4, 0, 0, 0 ], [ 0, 621, 94, 51 ]
2663 / 4950: [ 0, 1, 0, 0, 0 ], [ 0, 621, 94, 51 ]
2664 / 4950: [ 0, 0, 0, 0, 0 ], [ 0, 621, 94, 51 ]
2665 / 4950: [ 0, 2, 0, 0, 0 ], [ 0, 621, 94, 51 ]
2666 / 4950: [ 0, 0, 0, 0, 0 ], [ 0, 621, 94, 51 ]
2667 / 4950: [ 0, 0, 0, 0, 0 ], [ 0, 621, 94, 51 ]
2668 / 4950: [ 0, 0, 0, 0, 0 ], [ 0, 621, 94, 51 ]
2669 / 4950: [ 0, 2, 0, 0, 0 ], [ 0, 621, 94, 51 ]
2670 / 4950: [ 0, 0, 0, 0, 0 ], [ 0, 621, 94, 51 ]
2671 / 4950: [ 0, 0, 0, 0, 0 ], [ 0, 621, 94, 51 ]
2672 / 4950: [ 0, 0, 0, 0, 0 ], [ 0, 621, 94, 51 ]
2673 / 4950: [ 0, 0, 0, 0, 0 ], [ 0, 621, 94, 51 ]
2674 / 4950: [ 0, 0, 0, 0, 0 ], [ 0, 621, 94, 51 ]
2675 / 4950: [ 0, 0, 0, 0, 0 ], [ 0, 621, 94, 51 ]
2676 / 4950: [ 0, 1, 0, 0, 0 ], [ 0, 621, 94, 51 ]
2677 / 4950: [ 0, 4, 0, 0, 0 ], [ 0, 622, 94, 51 ]
2678 / 4950: [ 0, 2, 0, 0, 0 ], [ 0, 622, 94, 51 ]
2679 / 4950: [ 0, 1, 0, 0, 0 ], [ 0, 622, 94, 51 ]
2680 / 4950: [ 0, 0, 0, 0, 0 ], [ 0, 622, 94, 51 ]
2681 / 4950: [ 0, 0, 0, 0, 0 ], [ 0, 622, 94, 51 ]
2682 / 4950: [ 0, 0, 0, 0, 0 ], [ 0, 622, 94, 51 ]
2683 / 4950: [ 0, 0, 0, 0, 0 ], [ 0, 622, 94, 51 ]
2684 / 4950: [ 0, 0, 0, 0, 0 ], [ 0, 622, 94, 51 ]
2685 / 4950: [ 0, 0, 0, 0, 0 ], [ 0, 622, 94, 51 ]
2686 / 4950: [ 0, 2, 0, 0, 0 ], [ 0, 622, 94, 51 ]
2687 / 4950: [ 0, 0, 1, 0, 0 ], [ 0, 622, 94, 51 ]
2688 / 4950: [ 0, 0, 0, 0, 0 ], [ 0, 622, 94, 51 ]
2689 / 4950: [ 0, 1, 0, 0, 0 ], [ 0, 622, 94, 51 ]
2690 / 4950: [ 0, 1, 0, 0, 0 ], [ 0, 622, 94, 51 ]
2691 / 4950: [ 0, 2, 0, 0, 0 ], [ 0, 622, 94, 51 ]
2692 / 4950: [ 0, 0, 0, 0, 0 ], [ 0, 622, 94, 51 ]
2693 / 4950: [ 0, 0, 0, 0, 0 ], [ 0, 622, 94, 51 ]
2694 / 4950: [ 0, 0, 0, 0, 0 ], [ 0, 622, 94, 51 ]
2695 / 4950: [ 0, 0, 0, 0, 0 ], [ 0, 622, 94, 51 ]
2696 / 4950: [ 0, 3, 0, 0, 0 ], [ 0, 622, 94, 51 ]
2697 / 4950: [ 0, 4, 0, 0, 0 ], [ 0, 623, 94, 51 ]
2698 / 4950: [ 0, 4, 0, 0, 0 ], [ 0, 624, 94, 51 ]
2699 / 4950: [ 0, 0, 0, 0, 0 ], [ 0, 624, 94, 51 ]
2700 / 4950: [ 0, 0, 0, 0, 0 ], [ 0, 624, 94, 51 ]
2701 / 4950: [ 0, 0, 1, 0, 0 ], [ 0, 624, 94, 51 ]
2702 / 4950: [ 0, 0, 0, 0, 0 ], [ 0, 624, 94, 51 ]
2703 / 4950: [ 0, 0, 0, 0, 0 ], [ 0, 624, 94, 51 ]
2704 / 4950: [ 0, 4, 0, 0, 0 ], [ 0, 625, 94, 51 ]
2705 / 4950: [ 0, 3, 0, 0, 0 ], [ 0, 625, 94, 51 ]
2706 / 4950: [ 0, 0, 0, 0, 0 ], [ 0, 625, 94, 51 ]
2707 / 4950: [ 0, 1, 0, 0, 0 ], [ 0, 625, 94, 51 ]
2708 / 4950: [ 0, 2, 0, 0, 0 ], [ 0, 625, 94, 51 ]
2709 / 4950: [ 0, 4, 0, 0, 0 ], [ 0, 626, 94, 51 ]
2710 / 4950: [ 0, 0, 0, 0, 0 ], [ 0, 626, 94, 51 ]
2711 / 4950: [ 0, 3, 0, 0, 0 ], [ 0, 626, 94, 51 ]
2712 / 4950: [ 0, 1, 0, 0, 0 ], [ 0, 626, 94, 51 ]
2713 / 4950: [ 0, 2, 0, 0, 0 ], [ 0, 626, 94, 51 ]
2714 / 4950: [ 0, 0, 0, 0, 0 ], [ 0, 626, 94, 51 ]
2715 / 4950: [ 0, 1, 0, 0, 0 ], [ 0, 626, 94, 51 ]
2716 / 4950: [ 0, 0, 0, 0, 0 ], [ 0, 626, 94, 51 ]
2717 / 4950: [ 0, 2, 0, 0, 0 ], [ 0, 626, 94, 51 ]
2718 / 4950: [ 0, 4, 0, 0, 0 ], [ 0, 627, 94, 51 ]
2719 / 4950: [ 0, 0, 0, 0, 0 ], [ 0, 627, 94, 51 ]
2720 / 4950: [ 0, 4, 0, 0, 0 ], [ 0, 628, 94, 51 ]
2721 / 4950: [ 0, 2, 0, 0, 0 ], [ 0, 628, 94, 51 ]
2722 / 4950: [ 0, 2, 0, 0, 0 ], [ 0, 628, 94, 51 ]
2723 / 4950: [ 0, 2, 0, 0, 0 ], [ 0, 628, 94, 51 ]
2724 / 4950: [ 0, 0, 0, 0, 0 ], [ 0, 628, 94, 51 ]
2725 / 4950: [ 0, 0, 0, 0, 0 ], [ 0, 628, 94, 51 ]
2726 / 4950: [ 0, 0, 0, 1, 0 ], [ 0, 628, 94, 51 ]
2727 / 4950: [ 0, 1, 0, 0, 0 ], [ 0, 628, 94, 51 ]
2728 / 4950: [ 0, 0, 0, 0, 0 ], [ 0, 628, 94, 51 ]
2729 / 4950: [ 0, 1, 0, 0, 0 ], [ 0, 628, 94, 51 ]
2730 / 4950: [ 0, 3, 0, 0, 0 ], [ 0, 628, 94, 51 ]
2731 / 4950: [ 0, 0, 0, 0, 0 ], [ 0, 628, 94, 51 ]
2732 / 4950: [ 0, 1, 0, 0, 0 ], [ 0, 628, 94, 51 ]
2733 / 4950: [ 0, 1, 0, 0, 0 ], [ 0, 628, 94, 51 ]
2734 / 4950: [ 0, 0, 0, 0, 0 ], [ 0, 628, 94, 51 ]
2735 / 4950: [ 0, 0, 0, 0, 0 ], [ 0, 628, 94, 51 ]
2736 / 4950: [ 0, 3, 0, 0, 0 ], [ 0, 628, 94, 51 ]
2737 / 4950: [ 0, 2, 0, 0, 0 ], [ 0, 628, 94, 51 ]
2738 / 4950: [ 0, 3, 0, 0, 0 ], [ 0, 628, 94, 51 ]
2739 / 4950: [ 0, 0, 0, 0, 0 ], [ 0, 628, 94, 51 ]
2740 / 4950: [ 0, 3, 0, 0, 0 ], [ 0, 628, 94, 51 ]
2741 / 4950: [ 0, 4, 0, 0, 0 ], [ 0, 629, 94, 51 ]
2742 / 4950: [ 0, 2, 0, 0, 0 ], [ 0, 629, 94, 51 ]
2743 / 4950: [ 0, 0, 0, 0, 0 ], [ 0, 629, 94, 51 ]
2744 / 4950: [ 0, 1, 0, 0, 0 ], [ 0, 629, 94, 51 ]
2745 / 4950: [ 0, 4, 0, 0, 0 ], [ 0, 630, 94, 51 ]
2746 / 4950: [ 0, 0, 0, 0, 0 ], [ 0, 630, 94, 51 ]
2747 / 4950: [ 0, 4, 0, 0, 0 ], [ 0, 631, 94, 51 ]
2748 / 4950: [ 0, 0, 0, 0, 0 ], [ 0, 631, 94, 51 ]
2749 / 4950: [ 0, 0, 0, 0, 0 ], [ 0, 631, 94, 51 ]
2750 / 4950: [ 0, 0, 0, 0, 0 ], [ 0, 631, 94, 51 ]
2751 / 4950: [ 0, 1, 0, 0, 0 ], [ 0, 631, 94, 51 ]
2752 / 4950: [ 0, 2, 0, 0, 0 ], [ 0, 631, 94, 51 ]
2753 / 4950: [ 0, 1, 0, 0, 0 ], [ 0, 631, 94, 51 ]
2754 / 4950: [ 0, 0, 0, 0, 0 ], [ 0, 631, 94, 51 ]
2755 / 4950: [ 0, 2, 0, 0, 0 ], [ 0, 631, 94, 51 ]
2756 / 4950: [ 0, 2, 0, 0, 0 ], [ 0, 631, 94, 51 ]
2757 / 4950: [ 0, 0, 0, 0, 0 ], [ 0, 631, 94, 51 ]
2758 / 4950: [ 0, 1, 0, 0, 0 ], [ 0, 631, 94, 51 ]
2759 / 4950: [ 0, 0, 0, 0, 0 ], [ 0, 631, 94, 51 ]
2760 / 4950: [ 0, 1, 0, 0, 0 ], [ 0, 631, 94, 51 ]
2761 / 4950: [ 0, 1, 0, 2, 0 ], [ 0, 631, 94, 51 ]
2762 / 4950: [ 0, 0, 0, 0, 0 ], [ 0, 631, 94, 51 ]
2763 / 4950: [ 0, 3, 0, 0, 0 ], [ 0, 631, 94, 51 ]
2764 / 4950: [ 0, 0, 0, 0, 0 ], [ 0, 631, 94, 51 ]
2765 / 4950: [ 0, 0, 0, 0, 0 ], [ 0, 631, 94, 51 ]
2766 / 4950: [ 0, 2, 0, 0, 0 ], [ 0, 631, 94, 51 ]
2767 / 4950: [ 0, 1, 0, 0, 0 ], [ 0, 631, 94, 51 ]
2768 / 4950: [ 0, 0, 0, 0, 0 ], [ 0, 631, 94, 51 ]
2769 / 4950: [ 0, 1, 0, 0, 0 ], [ 0, 631, 94, 51 ]
2770 / 4950: [ 0, 0, 0, 0, 0 ], [ 0, 631, 94, 51 ]
2771 / 4950: [ 0, 0, 0, 0, 0 ], [ 0, 631, 94, 51 ]
2772 / 4950: [ 0, 0, 0, 0, 0 ], [ 0, 631, 94, 51 ]
2773 / 4950: [ 0, 0, 0, 0, 0 ], [ 0, 631, 94, 51 ]
2774 / 4950: [ 0, 1, 0, 0, 0 ], [ 0, 631, 94, 51 ]
2775 / 4950: [ 0, 0, 0, 0, 0 ], [ 0, 631, 94, 51 ]
2776 / 4950: [ 0, 0, 0, 0, 0 ], [ 0, 631, 94, 51 ]
2777 / 4950: [ 0, 1, 0, 0, 0 ], [ 0, 631, 94, 51 ]
2778 / 4950: [ 0, 1, 0, 0, 0 ], [ 0, 631, 94, 51 ]
2779 / 4950: [ 0, 2, 2, 0, 0 ], [ 0, 631, 95, 51 ]
2780 / 4950: [ 0, 0, 1, 0, 0 ], [ 0, 631, 95, 51 ]
2781 / 4950: [ 0, 0, 0, 0, 0 ], [ 0, 631, 95, 51 ]
2782 / 4950: [ 0, 1, 0, 0, 0 ], [ 0, 631, 95, 51 ]
2783 / 4950: [ 0, 2, 0, 0, 0 ], [ 0, 631, 95, 51 ]
2784 / 4950: [ 0, 0, 0, 0, 0 ], [ 0, 631, 95, 51 ]
2785 / 4950: [ 0, 1, 0, 0, 0 ], [ 0, 631, 95, 51 ]
2786 / 4950: [ 0, 2, 0, 0, 0 ], [ 0, 631, 95, 51 ]
2787 / 4950: [ 0, 1, 0, 0, 0 ], [ 0, 631, 95, 51 ]
2788 / 4950: [ 0, 0, 0, 0, 0 ], [ 0, 631, 95, 51 ]
2789 / 4950: [ 0, 0, 0, 0, 0 ], [ 0, 631, 95, 51 ]
2790 / 4950: [ 0, 1, 0, 0, 0 ], [ 0, 631, 95, 51 ]
2791 / 4950: [ 0, 2, 0, 0, 0 ], [ 0, 631, 95, 51 ]
2792 / 4950: [ 0, 2, 1, 0, 0 ], [ 0, 631, 95, 51 ]
2793 / 4950: [ 0, 0, 0, 0, 0 ], [ 0, 631, 95, 51 ]
2794 / 4950: [ 0, 4, 0, 0, 0 ], [ 0, 632, 95, 51 ]
2795 / 4950: [ 0, 0, 0, 0, 0 ], [ 0, 632, 95, 51 ]
2796 / 4950: [ 0, 4, 0, 0, 0 ], [ 0, 633, 95, 51 ]
2797 / 4950: [ 0, 4, 0, 0, 0 ], [ 0, 634, 95, 51 ]
2798 / 4950: [ 0, 0, 0, 0, 0 ], [ 0, 634, 95, 51 ]
2799 / 4950: [ 0, 0, 0, 0, 0 ], [ 0, 634, 95, 51 ]
2800 / 4950: [ 0, 2, 0, 2, 0 ], [ 0, 634, 95, 52 ]
2801 / 4950: [ 0, 4, 0, 0, 0 ], [ 0, 635, 95, 52 ]
2802 / 4950: [ 0, 0, 0, 0, 0 ], [ 0, 635, 95, 52 ]
2803 / 4950: [ 0, 3, 0, 0, 0 ], [ 0, 635, 95, 52 ]
2804 / 4950: [ 0, 4, 0, 0, 0 ], [ 0, 636, 95, 52 ]
2805 / 4950: [ 0, 1, 0, 0, 0 ], [ 0, 636, 95, 52 ]
2806 / 4950: [ 0, 0, 0, 0, 0 ], [ 0, 636, 95, 52 ]
2807 / 4950: [ 0, 4, 0, 0, 0 ], [ 0, 637, 95, 52 ]
2808 / 4950: [ 0, 4, 0, 0, 0 ], [ 0, 638, 95, 52 ]
2809 / 4950: [ 0, 1, 0, 0, 0 ], [ 0, 638, 95, 52 ]
2810 / 4950: [ 0, 1, 1, 0, 0 ], [ 0, 638, 95, 52 ]
2811 / 4950: [ 0, 0, 0, 0, 0 ], [ 0, 638, 95, 52 ]
2812 / 4950: [ 0, 0, 0, 0, 0 ], [ 0, 638, 95, 52 ]
2813 / 4950: [ 0, 0, 0, 0, 0 ], [ 0, 638, 95, 52 ]
2814 / 4950: [ 0, 1, 0, 0, 0 ], [ 0, 638, 95, 52 ]
2815 / 4950: [ 0, 1, 0, 0, 0 ], [ 0, 638, 95, 52 ]
2816 / 4950: [ 0, 0, 0, 0, 0 ], [ 0, 638, 95, 52 ]
2817 / 4950: [ 0, 1, 0, 0, 0 ], [ 0, 638, 95, 52 ]
2818 / 4950: [ 0, 0, 0, 0, 0 ], [ 0, 638, 95, 52 ]
2819 / 4950: [ 0, 0, 0, 0, 0 ], [ 0, 638, 95, 52 ]
2820 / 4950: [ 0, 2, 0, 0, 0 ], [ 0, 638, 95, 52 ]
2821 / 4950: [ 0, 4, 0, 0, 0 ], [ 0, 639, 95, 52 ]
2822 / 4950: [ 0, 0, 0, 0, 0 ], [ 0, 639, 95, 52 ]
2823 / 4950: [ 0, 0, 0, 0, 0 ], [ 0, 639, 95, 52 ]
2824 / 4950: [ 0, 0, 0, 0, 0 ], [ 0, 639, 95, 52 ]
2825 / 4950: [ 0, 1, 0, 0, 0 ], [ 0, 639, 95, 52 ]
2826 / 4950: [ 0, 1, 0, 0, 0 ], [ 0, 639, 95, 52 ]
2827 / 4950: [ 0, 1, 0, 0, 0 ], [ 0, 639, 95, 52 ]
2828 / 4950: [ 0, 0, 0, 0, 0 ], [ 0, 639, 95, 52 ]
2829 / 4950: [ 0, 1, 0, 0, 0 ], [ 0, 639, 95, 52 ]
2830 / 4950: [ 0, 1, 0, 0, 0 ], [ 0, 639, 95, 52 ]
2831 / 4950: [ 0, 0, 0, 0, 0 ], [ 0, 639, 95, 52 ]
2832 / 4950: [ 0, 0, 0, 0, 0 ], [ 0, 639, 95, 52 ]
2833 / 4950: [ 0, 0, 0, 0, 0 ], [ 0, 639, 95, 52 ]
2834 / 4950: [ 0, 2, 0, 0, 0 ], [ 0, 639, 95, 52 ]
2835 / 4950: [ 0, 4, 0, 0, 0 ], [ 0, 640, 95, 52 ]
2836 / 4950: [ 0, 1, 1, 0, 0 ], [ 0, 640, 95, 52 ]
2837 / 4950: [ 0, 1, 0, 0, 0 ], [ 0, 640, 95, 52 ]
2838 / 4950: [ 0, 0, 0, 0, 0 ], [ 0, 640, 95, 52 ]
2839 / 4950: [ 0, 0, 0, 0, 0 ], [ 0, 640, 95, 52 ]
2840 / 4950: [ 0, 1, 0, 0, 0 ], [ 0, 640, 95, 52 ]
2841 / 4950: [ 0, 1, 1, 0, 0 ], [ 0, 640, 95, 52 ]
2842 / 4950: [ 0, 3, 0, 0, 0 ], [ 0, 640, 95, 52 ]
2843 / 4950: [ 0, 0, 0, 0, 0 ], [ 0, 640, 95, 52 ]
2844 / 4950: [ 0, 0, 0, 0, 0 ], [ 0, 640, 95, 52 ]
2845 / 4950: [ 0, 0, 0, 0, 0 ], [ 0, 640, 95, 52 ]
2846 / 4950: [ 0, 0, 0, 0, 0 ], [ 0, 640, 95, 52 ]
2847 / 4950: [ 0, 1, 0, 0, 0 ], [ 0, 640, 95, 52 ]
2848 / 4950: [ 0, 3, 0, 0, 0 ], [ 0, 640, 95, 52 ]
2849 / 4950: [ 0, 0, 0, 0, 0 ], [ 0, 640, 95, 52 ]
2850 / 4950: [ 0, 1, 0, 0, 0 ], [ 0, 640, 95, 52 ]
2851 / 4950: [ 0, 0, 0, 0, 0 ], [ 0, 640, 95, 52 ]
2852 / 4950: [ 0, 0, 0, 0, 0 ], [ 0, 640, 95, 52 ]
2853 / 4950: [ 0, 1, 0, 0, 0 ], [ 0, 640, 95, 52 ]
2854 / 4950: [ 0, 1, 1, 0, 0 ], [ 0, 640, 95, 52 ]
2855 / 4950: [ 0, 0, 0, 0, 0 ], [ 0, 640, 95, 52 ]
2856 / 4950: [ 0, 0, 0, 0, 0 ], [ 0, 640, 95, 52 ]
2857 / 4950: [ 0, 1, 0, 0, 0 ], [ 0, 640, 95, 52 ]
2858 / 4950: [ 0, 1, 0, 0, 0 ], [ 0, 640, 95, 52 ]
2859 / 4950: [ 0, 0, 0, 0, 0 ], [ 0, 640, 95, 52 ]
2860 / 4950: [ 0, 0, 0, 0, 0 ], [ 0, 640, 95, 52 ]
2861 / 4950: [ 0, 3, 0, 0, 0 ], [ 0, 640, 95, 52 ]
2862 / 4950: [ 0, 1, 0, 0, 0 ], [ 0, 640, 95, 52 ]
2863 / 4950: [ 0, 0, 0, 0, 0 ], [ 0, 640, 95, 52 ]
2864 / 4950: [ 0, 0, 0, 0, 0 ], [ 0, 640, 95, 52 ]
2865 / 4950: [ 0, 2, 0, 0, 0 ], [ 0, 640, 95, 52 ]
2866 / 4950: [ 0, 3, 0, 0, 0 ], [ 0, 640, 95, 52 ]
2867 / 4950: [ 0, 0, 0, 0, 0 ], [ 0, 640, 95, 52 ]
2868 / 4950: [ 0, 0, 0, 0, 0 ], [ 0, 640, 95, 52 ]
2869 / 4950: [ 0, 3, 1, 0, 0 ], [ 0, 640, 96, 52 ]
2870 / 4950: [ 0, 0, 0, 0, 0 ], [ 0, 640, 96, 52 ]
2871 / 4950: [ 0, 4, 0, 0, 0 ], [ 0, 641, 96, 52 ]
2872 / 4950: [ 0, 3, 0, 0, 0 ], [ 0, 641, 96, 52 ]
2873 / 4950: [ 0, 0, 0, 0, 0 ], [ 0, 641, 96, 52 ]
2874 / 4950: [ 0, 0, 0, 0, 0 ], [ 0, 641, 96, 52 ]
2875 / 4950: [ 0, 2, 0, 2, 0 ], [ 0, 641, 96, 53 ]
2876 / 4950: [ 0, 2, 0, 2, 0 ], [ 0, 641, 96, 54 ]
2877 / 4950: [ 0, 0, 0, 0, 0 ], [ 0, 641, 96, 54 ]
2878 / 4950: [ 0, 3, 0, 0, 0 ], [ 0, 641, 96, 54 ]
2879 / 4950: [ 0, 1, 0, 0, 0 ], [ 0, 641, 96, 54 ]
2880 / 4950: [ 0, 1, 0, 0, 0 ], [ 0, 641, 96, 54 ]
2881 / 4950: [ 0, 0, 0, 0, 0 ], [ 0, 641, 96, 54 ]
2882 / 4950: [ 0, 4, 0, 0, 0 ], [ 0, 642, 96, 54 ]
2883 / 4950: [ 0, 4, 0, 0, 0 ], [ 0, 643, 96, 54 ]
2884 / 4950: [ 0, 0, 1, 0, 0 ], [ 0, 643, 96, 54 ]
2885 / 4950: [ 0, 0, 0, 0, 0 ], [ 0, 643, 96, 54 ]
2886 / 4950: [ 0, 0, 0, 0, 0 ], [ 0, 643, 96, 54 ]
2887 / 4950: [ 0, 0, 0, 0, 0 ], [ 0, 643, 96, 54 ]
2888 / 4950: [ 0, 0, 0, 0, 0 ], [ 0, 643, 96, 54 ]
2889 / 4950: [ 0, 0, 0, 0, 0 ], [ 0, 643, 96, 54 ]
2890 / 4950: [ 0, 0, 0, 0, 0 ], [ 0, 643, 96, 54 ]
2891 / 4950: [ 0, 0, 0, 0, 0 ], [ 0, 643, 96, 54 ]
2892 / 4950: [ 0, 2, 0, 0, 0 ], [ 0, 643, 96, 54 ]
2893 / 4950: [ 0, 0, 0, 0, 0 ], [ 0, 643, 96, 54 ]
2894 / 4950: [ 0, 0, 0, 0, 0 ], [ 0, 643, 96, 54 ]
2895 / 4950: [ 0, 2, 0, 0, 0 ], [ 0, 643, 96, 54 ]
2896 / 4950: [ 0, 3, 0, 0, 0 ], [ 0, 643, 96, 54 ]
2897 / 4950: [ 0, 0, 0, 0, 0 ], [ 0, 643, 96, 54 ]
2898 / 4950: [ 0, 0, 0, 0, 0 ], [ 0, 643, 96, 54 ]
2899 / 4950: [ 0, 0, 0, 0, 0 ], [ 0, 643, 96, 54 ]
2900 / 4950: [ 0, 1, 0, 0, 0 ], [ 0, 643, 96, 54 ]
2901 / 4950: [ 0, 1, 0, 0, 0 ], [ 0, 643, 96, 54 ]
2902 / 4950: [ 0, 1, 0, 0, 0 ], [ 0, 643, 96, 54 ]
2903 / 4950: [ 0, 0, 0, 0, 0 ], [ 0, 643, 96, 54 ]
2904 / 4950: [ 0, 0, 0, 0, 0 ], [ 0, 643, 96, 54 ]
2905 / 4950: [ 0, 0, 0, 0, 0 ], [ 0, 643, 96, 54 ]
2906 / 4950: [ 0, 0, 0, 0, 0 ], [ 0, 643, 96, 54 ]
2907 / 4950: [ 0, 0, 0, 0, 0 ], [ 0, 643, 96, 54 ]
2908 / 4950: [ 0, 0, 0, 0, 0 ], [ 0, 643, 96, 54 ]
2909 / 4950: [ 0, 1, 0, 0, 0 ], [ 0, 643, 96, 54 ]
2910 / 4950: [ 0, 2, 0, 2, 0 ], [ 0, 643, 96, 55 ]
2911 / 4950: [ 0, 2, 0, 0, 0 ], [ 0, 643, 96, 55 ]
2912 / 4950: [ 0, 0, 0, 0, 0 ], [ 0, 643, 96, 55 ]
2913 / 4950: [ 0, 0, 0, 0, 0 ], [ 0, 643, 96, 55 ]
2914 / 4950: [ 0, 0, 0, 0, 0 ], [ 0, 643, 96, 55 ]
2915 / 4950: [ 0, 0, 0, 0, 0 ], [ 0, 643, 96, 55 ]
2916 / 4950: [ 0, 1, 0, 0, 0 ], [ 0, 643, 96, 55 ]
2917 / 4950: [ 0, 3, 1, 0, 0 ], [ 0, 643, 97, 55 ]
2918 / 4950: [ 0, 0, 0, 0, 0 ], [ 0, 643, 97, 55 ]
2919 / 4950: [ 0, 0, 0, 0, 0 ], [ 0, 643, 97, 55 ]
2920 / 4950: [ 0, 0, 0, 0, 0 ], [ 0, 643, 97, 55 ]
2921 / 4950: [ 0, 1, 0, 0, 0 ], [ 0, 643, 97, 55 ]
2922 / 4950: [ 0, 1, 0, 0, 0 ], [ 0, 643, 97, 55 ]
2923 / 4950: [ 0, 4, 0, 0, 0 ], [ 0, 644, 97, 55 ]
2924 / 4950: [ 0, 0, 0, 0, 0 ], [ 0, 644, 97, 55 ]
2925 / 4950: [ 0, 0, 0, 0, 0 ], [ 0, 644, 97, 55 ]
2926 / 4950: [ 0, 2, 2, 0, 0 ], [ 0, 644, 98, 55 ]
2927 / 4950: [ 0, 0, 0, 0, 0 ], [ 0, 644, 98, 55 ]
2928 / 4950: [ 0, 4, 0, 0, 0 ], [ 0, 645, 98, 55 ]
2929 / 4950: [ 0, 4, 0, 0, 0 ], [ 0, 646, 98, 55 ]
2930 / 4950: [ 0, 4, 0, 0, 0 ], [ 0, 647, 98, 55 ]
2931 / 4950: [ 0, 0, 0, 0, 0 ], [ 0, 647, 98, 55 ]
2932 / 4950: [ 0, 1, 0, 0, 0 ], [ 0, 647, 98, 55 ]
2933 / 4950: [ 0, 4, 0, 0, 0 ], [ 0, 648, 98, 55 ]
2934 / 4950: [ 0, 2, 0, 0, 0 ], [ 0, 648, 98, 55 ]
2935 / 4950: [ 0, 0, 1, 0, 0 ], [ 0, 648, 98, 55 ]
2936 / 4950: [ 0, 4, 0, 0, 0 ], [ 0, 649, 98, 55 ]
2937 / 4950: [ 0, 2, 1, 0, 0 ], [ 0, 649, 98, 55 ]
2938 / 4950: [ 0, 2, 1, 0, 0 ], [ 0, 649, 98, 55 ]
2939 / 4950: [ 0, 2, 1, 0, 0 ], [ 0, 649, 98, 55 ]
2940 / 4950: [ 0, 3, 1, 0, 0 ], [ 0, 649, 99, 55 ]
2941 / 4950: [ 0, 4, 0, 0, 0 ], [ 0, 650, 99, 55 ]
2942 / 4950: [ 0, 3, 0, 0, 0 ], [ 0, 650, 99, 55 ]
2943 / 4950: [ 0, 3, 0, 0, 0 ], [ 0, 650, 99, 55 ]
2944 / 4950: [ 0, 0, 0, 0, 0 ], [ 0, 650, 99, 55 ]
2945 / 4950: [ 0, 3, 0, 0, 0 ], [ 0, 650, 99, 55 ]
2946 / 4950: [ 0, 2, 0, 0, 0 ], [ 0, 650, 99, 55 ]
2947 / 4950: [ 0, 1, 0, 0, 0 ], [ 0, 650, 99, 55 ]
2948 / 4950: [ 0, 0, 0, 0, 0 ], [ 0, 650, 99, 55 ]
2949 / 4950: [ 0, 3, 0, 0, 0 ], [ 0, 650, 99, 55 ]
2950 / 4950: [ 0, 3, 0, 0, 0 ], [ 0, 650, 99, 55 ]
2951 / 4950: [ 0, 1, 1, 2, 0 ], [ 0, 650, 99, 56 ]
2952 / 4950: [ 0, 3, 0, 1, 0 ], [ 0, 650, 99, 57 ]
2953 / 4950: [ 0, 0, 0, 0, 0 ], [ 0, 650, 99, 57 ]
2954 / 4950: [ 0, 4, 0, 0, 0 ], [ 0, 651, 99, 57 ]
2955 / 4950: [ 0, 4, 0, 0, 0 ], [ 0, 652, 99, 57 ]
2956 / 4950: [ 0, 2, 1, 0, 0 ], [ 0, 652, 99, 57 ]
2957 / 4950: [ 0, 4, 0, 0, 0 ], [ 0, 653, 99, 57 ]
2958 / 4950: [ 0, 2, 0, 0, 0 ], [ 0, 653, 99, 57 ]
2959 / 4950: [ 0, 4, 0, 0, 0 ], [ 0, 654, 99, 57 ]
2960 / 4950: [ 0, 0, 0, 0, 0 ], [ 0, 654, 99, 57 ]
2961 / 4950: [ 0, 2, 1, 0, 0 ], [ 0, 654, 99, 57 ]
2962 / 4950: [ 0, 3, 0, 0, 0 ], [ 0, 654, 99, 57 ]
2963 / 4950: [ 0, 3, 1, 0, 0 ], [ 0, 654, 100, 57 ]
2964 / 4950: [ 0, 3, 1, 0, 0 ], [ 0, 654, 101, 57 ]
2965 / 4950: [ 0, 0, 1, 0, 0 ], [ 0, 654, 101, 57 ]
2966 / 4950: [ 0, 2, 1, 0, 0 ], [ 0, 654, 101, 57 ]
2967 / 4950: [ 0, 4, 0, 0, 0 ], [ 0, 655, 101, 57 ]
2968 / 4950: [ 0, 2, 0, 0, 0 ], [ 0, 655, 101, 57 ]
2969 / 4950: [ 0, 0, 0, 0, 0 ], [ 0, 655, 101, 57 ]
2970 / 4950: [ 0, 3, 0, 0, 0 ], [ 0, 655, 101, 57 ]
2971 / 4950: [ 0, 1, 0, 0, 0 ], [ 0, 655, 101, 57 ]
2972 / 4950: [ 0, 3, 0, 0, 0 ], [ 0, 655, 101, 57 ]
2973 / 4950: [ 0, 3, 0, 0, 0 ], [ 0, 655, 101, 57 ]
2974 / 4950: [ 0, 3, 1, 0, 0 ], [ 0, 655, 102, 57 ]
2975 / 4950: [ 0, 1, 0, 0, 0 ], [ 0, 655, 102, 57 ]
2976 / 4950: [ 0, 1, 0, 0, 0 ], [ 0, 655, 102, 57 ]
2977 / 4950: [ 0, 3, 0, 0, 0 ], [ 0, 655, 102, 57 ]
2978 / 4950: [ 0, 3, 0, 0, 0 ], [ 0, 655, 102, 57 ]
2979 / 4950: [ 0, 3, 0, 0, 0 ], [ 0, 655, 102, 57 ]
2980 / 4950: [ 0, 4, 0, 0, 0 ], [ 0, 656, 102, 57 ]
2981 / 4950: [ 0, 3, 1, 0, 0 ], [ 0, 656, 103, 57 ]
2982 / 4950: [ 0, 1, 2, 0, 0 ], [ 0, 656, 103, 57 ]
2983 / 4950: [ 0, 2, 0, 0, 0 ], [ 0, 656, 103, 57 ]
2984 / 4950: [ 0, 0, 0, 0, 0 ], [ 0, 656, 103, 57 ]
2985 / 4950: [ 0, 2, 0, 0, 0 ], [ 0, 656, 103, 57 ]
2986 / 4950: [ 0, 1, 0, 1, 0 ], [ 0, 656, 103, 57 ]
2987 / 4950: [ 0, 4, 0, 0, 0 ], [ 0, 657, 103, 57 ]
2988 / 4950: [ 0, 3, 0, 0, 0 ], [ 0, 657, 103, 57 ]
2989 / 4950: [ 0, 0, 0, 0, 0 ], [ 0, 657, 103, 57 ]
2990 / 4950: [ 0, 2, 0, 0, 0 ], [ 0, 657, 103, 57 ]
2991 / 4950: [ 0, 2, 0, 0, 0 ], [ 0, 657, 103, 57 ]
2992 / 4950: [ 0, 4, 0, 0, 0 ], [ 0, 658, 103, 57 ]
2993 / 4950: [ 0, 2, 0, 0, 0 ], [ 0, 658, 103, 57 ]
2994 / 4950: [ 0, 2, 0, 0, 0 ], [ 0, 658, 103, 57 ]
2995 / 4950: [ 0, 0, 0, 0, 0 ], [ 0, 658, 103, 57 ]
2996 / 4950: [ 0, 0, 0, 0, 0 ], [ 0, 658, 103, 57 ]
2997 / 4950: [ 0, 3, 1, 0, 0 ], [ 0, 658, 104, 57 ]
2998 / 4950: [ 0, 2, 1, 0, 0 ], [ 0, 658, 104, 57 ]
2999 / 4950: [ 0, 2, 0, 0, 0 ], [ 0, 658, 104, 57 ]
3000 / 4950: [ 0, 1, 0, 0, 0 ], [ 0, 658, 104, 57 ]
3001 / 4950: [ 0, 2, 0, 0, 0 ], [ 0, 658, 104, 57 ]
3002 / 4950: [ 0, 0, 0, 0, 0 ], [ 0, 658, 104, 57 ]
3003 / 4950: [ 0, 0, 0, 0, 0 ], [ 0, 658, 104, 57 ]
3004 / 4950: [ 0, 4, 0, 0, 0 ], [ 0, 659, 104, 57 ]
3005 / 4950: [ 0, 1, 0, 0, 0 ], [ 0, 659, 104, 57 ]
3006 / 4950: [ 0, 3, 0, 0, 0 ], [ 0, 659, 104, 57 ]
3007 / 4950: [ 0, 0, 0, 0, 0 ], [ 0, 659, 104, 57 ]
3008 / 4950: [ 0, 4, 0, 0, 0 ], [ 0, 660, 104, 57 ]
3009 / 4950: [ 0, 1, 0, 0, 0 ], [ 0, 660, 104, 57 ]
3010 / 4950: [ 0, 2, 0, 0, 0 ], [ 0, 660, 104, 57 ]
3011 / 4950: [ 0, 0, 0, 0, 0 ], [ 0, 660, 104, 57 ]
3012 / 4950: [ 0, 4, 0, 0, 0 ], [ 0, 661, 104, 57 ]
3013 / 4950: [ 0, 0, 1, 0, 0 ], [ 0, 661, 104, 57 ]
3014 / 4950: [ 0, 2, 0, 0, 0 ], [ 0, 661, 104, 57 ]
3015 / 4950: [ 0, 4, 0, 0, 0 ], [ 0, 662, 104, 57 ]
3016 / 4950: [ 0, 3, 0, 0, 0 ], [ 0, 662, 104, 57 ]
3017 / 4950: [ 0, 3, 0, 0, 0 ], [ 0, 662, 104, 57 ]
3018 / 4950: [ 0, 3, 0, 0, 0 ], [ 0, 662, 104, 57 ]
3019 / 4950: [ 0, 0, 0, 0, 0 ], [ 0, 662, 104, 57 ]
3020 / 4950: [ 0, 0, 0, 0, 0 ], [ 0, 662, 104, 57 ]
3021 / 4950: [ 0, 0, 2, 0, 0 ], [ 0, 662, 104, 57 ]
3022 / 4950: [ 0, 0, 0, 0, 0 ], [ 0, 662, 104, 57 ]
3023 / 4950: [ 0, 0, 0, 0, 0 ], [ 0, 662, 104, 57 ]
3024 / 4950: [ 0, 0, 0, 0, 0 ], [ 0, 662, 104, 57 ]
3025 / 4950: [ 0, 0, 0, 0, 0 ], [ 0, 662, 104, 57 ]
3026 / 4950: [ 0, 4, 0, 0, 0 ], [ 0, 663, 104, 57 ]
3027 / 4950: [ 0, 0, 0, 0, 0 ], [ 0, 663, 104, 57 ]
3028 / 4950: [ 0, 0, 0, 0, 0 ], [ 0, 663, 104, 57 ]
3029 / 4950: [ 0, 0, 0, 0, 0 ], [ 0, 663, 104, 57 ]
3030 / 4950: [ 0, 4, 0, 0, 0 ], [ 0, 664, 104, 57 ]
3031 / 4950: [ 0, 0, 1, 0, 0 ], [ 0, 664, 104, 57 ]
3032 / 4950: [ 0, 1, 0, 0, 0 ], [ 0, 664, 104, 57 ]
3033 / 4950: [ 0, 0, 0, 0, 0 ], [ 0, 664, 104, 57 ]
3034 / 4950: [ 0, 4, 0, 0, 0 ], [ 0, 665, 104, 57 ]
3035 / 4950: [ 0, 0, 0, 0, 0 ], [ 0, 665, 104, 57 ]
3036 / 4950: [ 0, 4, 0, 0, 0 ], [ 0, 666, 104, 57 ]
3037 / 4950: [ 0, 4, 0, 0, 0 ], [ 0, 667, 104, 57 ]
3038 / 4950: [ 0, 3, 0, 0, 0 ], [ 0, 667, 104, 57 ]
3039 / 4950: [ 0, 1, 0, 0, 0 ], [ 0, 667, 104, 57 ]
3040 / 4950: [ 0, 1, 0, 0, 0 ], [ 0, 667, 104, 57 ]
3041 / 4950: [ 0, 0, 0, 0, 0 ], [ 0, 667, 104, 57 ]
3042 / 4950: [ 0, 0, 0, 0, 0 ], [ 0, 667, 104, 57 ]
3043 / 4950: [ 0, 0, 0, 0, 0 ], [ 0, 667, 104, 57 ]
3044 / 4950: [ 0, 4, 0, 0, 0 ], [ 0, 668, 104, 57 ]
3045 / 4950: [ 0, 0, 0, 0, 0 ], [ 0, 668, 104, 57 ]
3046 / 4950: [ 0, 0, 0, 0, 0 ], [ 0, 668, 104, 57 ]
3047 / 4950: [ 0, 2, 0, 0, 0 ], [ 0, 668, 104, 57 ]
3048 / 4950: [ 0, 0, 0, 0, 0 ], [ 0, 668, 104, 57 ]
3049 / 4950: [ 0, 0, 0, 0, 0 ], [ 0, 668, 104, 57 ]
3050 / 4950: [ 0, 3, 0, 0, 0 ], [ 0, 668, 104, 57 ]
3051 / 4950: [ 0, 3, 0, 0, 0 ], [ 0, 668, 104, 57 ]
3052 / 4950: [ 0, 4, 0, 0, 0 ], [ 0, 669, 104, 57 ]
3053 / 4950: [ 0, 3, 0, 0, 0 ], [ 0, 669, 104, 57 ]
3054 / 4950: [ 0, 3, 0, 0, 0 ], [ 0, 669, 104, 57 ]
3055 / 4950: [ 0, 0, 0, 0, 0 ], [ 0, 669, 104, 57 ]
3056 / 4950: [ 0, 0, 0, 0, 0 ], [ 0, 669, 104, 57 ]
3057 / 4950: [ 0, 0, 0, 0, 0 ], [ 0, 669, 104, 57 ]
3058 / 4950: [ 0, 3, 1, 0, 0 ], [ 0, 669, 105, 57 ]
3059 / 4950: [ 0, 2, 2, 0, 0 ], [ 0, 669, 106, 57 ]
3060 / 4950: [ 0, 1, 0, 0, 0 ], [ 0, 669, 106, 57 ]
3061 / 4950: [ 0, 3, 0, 0, 0 ], [ 0, 669, 106, 57 ]
3062 / 4950: [ 0, 0, 0, 0, 0 ], [ 0, 669, 106, 57 ]
3063 / 4950: [ 0, 0, 0, 0, 0 ], [ 0, 669, 106, 57 ]
3064 / 4950: [ 0, 2, 0, 0, 0 ], [ 0, 669, 106, 57 ]
3065 / 4950: [ 0, 2, 0, 0, 0 ], [ 0, 669, 106, 57 ]
3066 / 4950: [ 0, 0, 0, 0, 0 ], [ 0, 669, 106, 57 ]
3067 / 4950: [ 0, 0, 1, 0, 0 ], [ 0, 669, 106, 57 ]
3068 / 4950: [ 0, 4, 0, 0, 0 ], [ 0, 670, 106, 57 ]
3069 / 4950: [ 0, 0, 0, 0, 0 ], [ 0, 670, 106, 57 ]
3070 / 4950: [ 0, 0, 0, 0, 0 ], [ 0, 670, 106, 57 ]
3071 / 4950: [ 0, 3, 0, 0, 0 ], [ 0, 670, 106, 57 ]
3072 / 4950: [ 0, 4, 0, 0, 0 ], [ 0, 671, 106, 57 ]
3073 / 4950: [ 0, 4, 0, 0, 0 ], [ 0, 672, 106, 57 ]
3074 / 4950: [ 0, 1, 0, 0, 0 ], [ 0, 672, 106, 57 ]
3075 / 4950: [ 0, 2, 0, 0, 0 ], [ 0, 672, 106, 57 ]
3076 / 4950: [ 0, 0, 0, 0, 0 ], [ 0, 672, 106, 57 ]
3077 / 4950: [ 0, 2, 0, 0, 0 ], [ 0, 672, 106, 57 ]
3078 / 4950: [ 0, 0, 0, 0, 0 ], [ 0, 672, 106, 57 ]
3079 / 4950: [ 0, 0, 0, 0, 0 ], [ 0, 672, 106, 57 ]
3080 / 4950: [ 0, 0, 0, 0, 0 ], [ 0, 672, 106, 57 ]
3081 / 4950: [ 0, 2, 0, 0, 0 ], [ 0, 672, 106, 57 ]
3082 / 4950: [ 0, 0, 0, 0, 0 ], [ 0, 672, 106, 57 ]
3083 / 4950: [ 0, 3, 0, 0, 0 ], [ 0, 672, 106, 57 ]
3084 / 4950: [ 0, 4, 0, 0, 0 ], [ 0, 673, 106, 57 ]
3085 / 4950: [ 0, 3, 0, 0, 0 ], [ 0, 673, 106, 57 ]
3086 / 4950: [ 0, 0, 0, 0, 0 ], [ 0, 673, 106, 57 ]
3087 / 4950: [ 0, 1, 0, 0, 0 ], [ 0, 673, 106, 57 ]
3088 / 4950: [ 0, 4, 0, 0, 0 ], [ 0, 674, 106, 57 ]
3089 / 4950: [ 0, 4, 0, 0, 0 ], [ 0, 675, 106, 57 ]
3090 / 4950: [ 0, 0, 0, 0, 0 ], [ 0, 675, 106, 57 ]
3091 / 4950: [ 0, 4, 0, 0, 0 ], [ 0, 676, 106, 57 ]
3092 / 4950: [ 0, 3, 0, 0, 0 ], [ 0, 676, 106, 57 ]
3093 / 4950: [ 0, 3, 0, 0, 0 ], [ 0, 676, 106, 57 ]
3094 / 4950: [ 0, 1, 1, 0, 0 ], [ 0, 676, 106, 57 ]
3095 / 4950: [ 0, 4, 0, 0, 0 ], [ 0, 677, 106, 57 ]
3096 / 4950: [ 0, 1, 2, 0, 0 ], [ 0, 677, 106, 57 ]
3097 / 4950: [ 0, 3, 0, 0, 0 ], [ 0, 677, 106, 57 ]
3098 / 4950: [ 0, 3, 0, 0, 0 ], [ 0, 677, 106, 57 ]
3099 / 4950: [ 0, 0, 0, 0, 0 ], [ 0, 677, 106, 57 ]
3100 / 4950: [ 0, 4, 0, 0, 0 ], [ 0, 678, 106, 57 ]
3101 / 4950: [ 0, 2, 0, 0, 0 ], [ 0, 678, 106, 57 ]
3102 / 4950: [ 0, 4, 0, 0, 0 ], [ 0, 679, 106, 57 ]
3103 / 4950: [ 0, 1, 0, 0, 0 ], [ 0, 679, 106, 57 ]
3104 / 4950: [ 0, 1, 0, 0, 0 ], [ 0, 679, 106, 57 ]
3105 / 4950: [ 0, 4, 0, 0, 0 ], [ 0, 680, 106, 57 ]
3106 / 4950: [ 0, 4, 0, 0, 0 ], [ 0, 681, 106, 57 ]
3107 / 4950: [ 0, 4, 0, 0, 0 ], [ 0, 682, 106, 57 ]
3108 / 4950: [ 0, 0, 0, 0, 0 ], [ 0, 682, 106, 57 ]
3109 / 4950: [ 0, 3, 0, 0, 0 ], [ 0, 682, 106, 57 ]
3110 / 4950: [ 0, 4, 0, 0, 0 ], [ 0, 683, 106, 57 ]
3111 / 4950: [ 0, 2, 1, 0, 0 ], [ 0, 683, 106, 57 ]
3112 / 4950: [ 0, 1, 0, 0, 0 ], [ 0, 683, 106, 57 ]
3113 / 4950: [ 0, 3, 0, 0, 0 ], [ 0, 683, 106, 57 ]
3114 / 4950: [ 0, 1, 0, 0, 0 ], [ 0, 683, 106, 57 ]
3115 / 4950: [ 0, 0, 0, 0, 0 ], [ 0, 683, 106, 57 ]
3116 / 4950: [ 0, 4, 0, 0, 0 ], [ 0, 684, 106, 57 ]
3117 / 4950: [ 0, 3, 0, 0, 0 ], [ 0, 684, 106, 57 ]
3118 / 4950: [ 0, 1, 0, 0, 0 ], [ 0, 684, 106, 57 ]
3119 / 4950: [ 0, 2, 0, 0, 0 ], [ 0, 684, 106, 57 ]
3120 / 4950: [ 0, 1, 0, 0, 0 ], [ 0, 684, 106, 57 ]
3121 / 4950: [ 0, 3, 0, 0, 0 ], [ 0, 684, 106, 57 ]
3122 / 4950: [ 0, 1, 0, 0, 0 ], [ 0, 684, 106, 57 ]
3123 / 4950: [ 0, 1, 0, 0, 0 ], [ 0, 684, 106, 57 ]
3124 / 4950: [ 0, 1, 0, 0, 0 ], [ 0, 684, 106, 57 ]
3125 / 4950: [ 0, 4, 0, 0, 0 ], [ 0, 685, 106, 57 ]
3126 / 4950: [ 0, 2, 0, 0, 0 ], [ 0, 685, 106, 57 ]
3127 / 4950: [ 0, 1, 0, 0, 0 ], [ 0, 685, 106, 57 ]
3128 / 4950: [ 0, 0, 0, 0, 0 ], [ 0, 685, 106, 57 ]
3129 / 4950: [ 0, 0, 0, 0, 0 ], [ 0, 685, 106, 57 ]
3130 / 4950: [ 0, 0, 0, 0, 0 ], [ 0, 685, 106, 57 ]
3131 / 4950: [ 0, 4, 0, 0, 0 ], [ 0, 686, 106, 57 ]
3132 / 4950: [ 0, 3, 0, 0, 0 ], [ 0, 686, 106, 57 ]
3133 / 4950: [ 0, 3, 0, 0, 0 ], [ 0, 686, 106, 57 ]
3134 / 4950: [ 0, 1, 0, 0, 0 ], [ 0, 686, 106, 57 ]
3135 / 4950: [ 0, 2, 0, 0, 0 ], [ 0, 686, 106, 57 ]
3136 / 4950: [ 0, 1, 2, 0, 0 ], [ 0, 686, 106, 57 ]
3137 / 4950: [ 0, 1, 0, 0, 0 ], [ 0, 686, 106, 57 ]
3138 / 4950: [ 0, 1, 0, 0, 0 ], [ 0, 686, 106, 57 ]
3139 / 4950: [ 0, 0, 0, 0, 0 ], [ 0, 686, 106, 57 ]
3140 / 4950: [ 0, 3, 0, 0, 0 ], [ 0, 686, 106, 57 ]
3141 / 4950: [ 0, 1, 0, 2, 0 ], [ 0, 686, 106, 57 ]
3142 / 4950: [ 0, 1, 1, 0, 0 ], [ 0, 686, 106, 57 ]
3143 / 4950: [ 0, 2, 2, 0, 0 ], [ 0, 686, 107, 57 ]
3144 / 4950: [ 0, 0, 0, 0, 0 ], [ 0, 686, 107, 57 ]
3145 / 4950: [ 0, 0, 0, 0, 0 ], [ 0, 686, 107, 57 ]
3146 / 4950: [ 0, 2, 0, 0, 0 ], [ 0, 686, 107, 57 ]
3147 / 4950: [ 0, 4, 0, 0, 0 ], [ 0, 687, 107, 57 ]
3148 / 4950: [ 0, 2, 0, 0, 0 ], [ 0, 687, 107, 57 ]
3149 / 4950: [ 0, 0, 0, 0, 0 ], [ 0, 687, 107, 57 ]
3150 / 4950: [ 0, 0, 0, 0, 0 ], [ 0, 687, 107, 57 ]
3151 / 4950: [ 0, 0, 0, 0, 0 ], [ 0, 687, 107, 57 ]
3152 / 4950: [ 0, 1, 0, 0, 0 ], [ 0, 687, 107, 57 ]
3153 / 4950: [ 0, 2, 0, 0, 0 ], [ 0, 687, 107, 57 ]
3154 / 4950: [ 0, 4, 0, 0, 0 ], [ 0, 688, 107, 57 ]
3155 / 4950: [ 0, 0, 0, 0, 0 ], [ 0, 688, 107, 57 ]
3156 / 4950: [ 0, 2, 0, 0, 0 ], [ 0, 688, 107, 57 ]
3157 / 4950: [ 0, 2, 0, 0, 0 ], [ 0, 688, 107, 57 ]
3158 / 4950: [ 0, 2, 0, 0, 0 ], [ 0, 688, 107, 57 ]
3159 / 4950: [ 0, 2, 0, 0, 0 ], [ 0, 688, 107, 57 ]
3160 / 4950: [ 0, 0, 0, 0, 0 ], [ 0, 688, 107, 57 ]
3161 / 4950: [ 0, 3, 0, 0, 0 ], [ 0, 688, 107, 57 ]
3162 / 4950: [ 0, 1, 0, 0, 0 ], [ 0, 688, 107, 57 ]
3163 / 4950: [ 0, 3, 1, 0, 0 ], [ 0, 688, 108, 57 ]
3164 / 4950: [ 0, 2, 0, 0, 0 ], [ 0, 688, 108, 57 ]
3165 / 4950: [ 0, 4, 0, 0, 0 ], [ 0, 689, 108, 57 ]
3166 / 4950: [ 0, 3, 0, 0, 0 ], [ 0, 689, 108, 57 ]
3167 / 4950: [ 0, 3, 0, 0, 0 ], [ 0, 689, 108, 57 ]
3168 / 4950: [ 0, 4, 0, 0, 0 ], [ 0, 690, 108, 57 ]
3169 / 4950: [ 0, 2, 0, 0, 0 ], [ 0, 690, 108, 57 ]
3170 / 4950: [ 0, 4, 0, 0, 0 ], [ 0, 691, 108, 57 ]
3171 / 4950: [ 0, 2, 1, 0, 0 ], [ 0, 691, 108, 57 ]
3172 / 4950: [ 0, 4, 0, 0, 0 ], [ 0, 692, 108, 57 ]
3173 / 4950: [ 0, 2, 0, 0, 0 ], [ 0, 692, 108, 57 ]
3174 / 4950: [ 0, 4, 0, 0, 0 ], [ 0, 693, 108, 57 ]
3175 / 4950: [ 0, 4, 0, 0, 0 ], [ 0, 694, 108, 57 ]
3176 / 4950: [ 0, 3, 0, 0, 0 ], [ 0, 694, 108, 57 ]
3177 / 4950: [ 0, 4, 0, 0, 0 ], [ 0, 695, 108, 57 ]
3178 / 4950: [ 0, 0, 0, 0, 0 ], [ 0, 695, 108, 57 ]
3179 / 4950: [ 0, 3, 0, 0, 0 ], [ 0, 695, 108, 57 ]
3180 / 4950: [ 0, 1, 0, 0, 0 ], [ 0, 695, 108, 57 ]
3181 / 4950: [ 0, 2, 0, 0, 0 ], [ 0, 695, 108, 57 ]
3182 / 4950: [ 0, 0, 0, 0, 0 ], [ 0, 695, 108, 57 ]
3183 / 4950: [ 0, 2, 0, 0, 0 ], [ 0, 695, 108, 57 ]
3184 / 4950: [ 0, 0, 0, 0, 0 ], [ 0, 695, 108, 57 ]
3185 / 4950: [ 0, 1, 0, 1, 1 ], [ 0, 695, 108, 57 ]
3186 / 4950: [ 0, 1, 1, 1, 0 ], [ 0, 695, 108, 57 ]
3187 / 4950: [ 0, 3, 0, 0, 0 ], [ 0, 695, 108, 57 ]
3188 / 4950: [ 0, 4, 0, 0, 0 ], [ 0, 696, 108, 57 ]
3189 / 4950: [ 0, 2, 1, 0, 0 ], [ 0, 696, 108, 57 ]
3190 / 4950: [ 0, 0, 3, 0, 0 ], [ 0, 696, 108, 57 ]
3191 / 4950: [ 0, 4, 0, 0, 0 ], [ 0, 697, 108, 57 ]
3192 / 4950: [ 0, 2, 0, 0, 0 ], [ 0, 697, 108, 57 ]
3193 / 4950: [ 0, 3, 1, 0, 0 ], [ 0, 697, 109, 57 ]
3194 / 4950: [ 0, 3, 0, 0, 0 ], [ 0, 697, 109, 57 ]
3195 / 4950: [ 0, 4, 0, 0, 0 ], [ 0, 698, 109, 57 ]
3196 / 4950: [ 0, 4, 0, 0, 0 ], [ 0, 699, 109, 57 ]
3197 / 4950: [ 0, 2, 0, 0, 0 ], [ 0, 699, 109, 57 ]
3198 / 4950: [ 0, 0, 0, 0, 0 ], [ 0, 699, 109, 57 ]
3199 / 4950: [ 0, 2, 0, 0, 0 ], [ 0, 699, 109, 57 ]
3200 / 4950: [ 0, 3, 0, 0, 0 ], [ 0, 699, 109, 57 ]
3201 / 4950: [ 0, 4, 0, 0, 0 ], [ 0, 700, 109, 57 ]
3202 / 4950: [ 0, 0, 0, 0, 0 ], [ 0, 700, 109, 57 ]
3203 / 4950: [ 0, 1, 0, 0, 0 ], [ 0, 700, 109, 57 ]
3204 / 4950: [ 0, 4, 0, 0, 0 ], [ 0, 701, 109, 57 ]
3205 / 4950: [ 0, 0, 0, 0, 0 ], [ 0, 701, 109, 57 ]
3206 / 4950: [ 0, 4, 0, 0, 0 ], [ 0, 702, 109, 57 ]
3207 / 4950: [ 0, 1, 0, 0, 0 ], [ 0, 702, 109, 57 ]
3208 / 4950: [ 0, 1, 0, 0, 0 ], [ 0, 702, 109, 57 ]
3209 / 4950: [ 0, 3, 0, 0, 0 ], [ 0, 702, 109, 57 ]
3210 / 4950: [ 0, 2, 0, 0, 0 ], [ 0, 702, 109, 57 ]
3211 / 4950: [ 0, 4, 0, 0, 0 ], [ 0, 703, 109, 57 ]
3212 / 4950: [ 0, 4, 0, 0, 0 ], [ 0, 704, 109, 57 ]
3213 / 4950: [ 0, 0, 0, 0, 0 ], [ 0, 704, 109, 57 ]
3214 / 4950: [ 0, 4, 0, 0, 0 ], [ 0, 705, 109, 57 ]
3215 / 4950: [ 0, 4, 0, 0, 0 ], [ 0, 706, 109, 57 ]
3216 / 4950: [ 0, 4, 0, 0, 0 ], [ 0, 707, 109, 57 ]
3217 / 4950: [ 0, 2, 0, 0, 0 ], [ 0, 707, 109, 57 ]
3218 / 4950: [ 0, 2, 0, 0, 0 ], [ 0, 707, 109, 57 ]
3219 / 4950: [ 0, 3, 0, 0, 0 ], [ 0, 707, 109, 57 ]
3220 / 4950: [ 0, 1, 0, 1, 0 ], [ 0, 707, 109, 57 ]
3221 / 4950: [ 0, 1, 0, 0, 0 ], [ 0, 707, 109, 57 ]
3222 / 4950: [ 0, 3, 0, 0, 0 ], [ 0, 707, 109, 57 ]
3223 / 4950: [ 0, 1, 0, 0, 0 ], [ 0, 707, 109, 57 ]
3224 / 4950: [ 0, 1, 0, 0, 0 ], [ 0, 707, 109, 57 ]
3225 / 4950: [ 0, 4, 0, 0, 0 ], [ 0, 708, 109, 57 ]
3226 / 4950: [ 0, 3, 0, 0, 0 ], [ 0, 708, 109, 57 ]
3227 / 4950: [ 0, 0, 0, 0, 0 ], [ 0, 708, 109, 57 ]
3228 / 4950: [ 0, 4, 0, 0, 0 ], [ 0, 709, 109, 57 ]
3229 / 4950: [ 0, 4, 0, 0, 0 ], [ 0, 710, 109, 57 ]
3230 / 4950: [ 0, 4, 0, 0, 0 ], [ 0, 711, 109, 57 ]
3231 / 4950: [ 0, 0, 0, 0, 0 ], [ 0, 711, 109, 57 ]
3232 / 4950: [ 0, 0, 0, 0, 0 ], [ 0, 711, 109, 57 ]
3233 / 4950: [ 0, 1, 0, 0, 0 ], [ 0, 711, 109, 57 ]
3234 / 4950: [ 0, 1, 0, 0, 0 ], [ 0, 711, 109, 57 ]
3235 / 4950: [ 0, 1, 0, 0, 0 ], [ 0, 711, 109, 57 ]
3236 / 4950: [ 0, 0, 0, 0, 0 ], [ 0, 711, 109, 57 ]
3237 / 4950: [ 0, 0, 0, 0, 0 ], [ 0, 711, 109, 57 ]
3238 / 4950: [ 0, 4, 0, 0, 0 ], [ 0, 712, 109, 57 ]
3239 / 4950: [ 0, 3, 0, 0, 0 ], [ 0, 712, 109, 57 ]
3240 / 4950: [ 0, 3, 1, 0, 0 ], [ 0, 712, 110, 57 ]
3241 / 4950: [ 0, 0, 0, 0, 0 ], [ 0, 712, 110, 57 ]
3242 / 4950: [ 0, 2, 0, 0, 0 ], [ 0, 712, 110, 57 ]
3243 / 4950: [ 0, 4, 0, 0, 0 ], [ 0, 713, 110, 57 ]
3244 / 4950: [ 0, 4, 0, 0, 0 ], [ 0, 714, 110, 57 ]
3245 / 4950: [ 0, 0, 0, 0, 0 ], [ 0, 714, 110, 57 ]
3246 / 4950: [ 0, 2, 0, 0, 0 ], [ 0, 714, 110, 57 ]
3247 / 4950: [ 0, 3, 0, 0, 0 ], [ 0, 714, 110, 57 ]
3248 / 4950: [ 0, 4, 0, 0, 0 ], [ 0, 715, 110, 57 ]
3249 / 4950: [ 0, 1, 0, 0, 0 ], [ 0, 715, 110, 57 ]
3250 / 4950: [ 0, 4, 0, 0, 0 ], [ 0, 716, 110, 57 ]
3251 / 4950: [ 0, 2, 0, 0, 0 ], [ 0, 716, 110, 57 ]
3252 / 4950: [ 0, 2, 2, 0, 0 ], [ 0, 716, 111, 57 ]
3253 / 4950: [ 0, 2, 0, 0, 0 ], [ 0, 716, 111, 57 ]
3254 / 4950: [ 0, 4, 0, 0, 0 ], [ 0, 717, 111, 57 ]
3255 / 4950: [ 0, 0, 0, 0, 0 ], [ 0, 717, 111, 57 ]
3256 / 4950: [ 0, 4, 0, 0, 0 ], [ 0, 718, 111, 57 ]
3257 / 4950: [ 0, 4, 0, 0, 0 ], [ 0, 719, 111, 57 ]
3258 / 4950: [ 0, 0, 0, 0, 0 ], [ 0, 719, 111, 57 ]
3259 / 4950: [ 0, 4, 0, 0, 0 ], [ 0, 720, 111, 57 ]
3260 / 4950: [ 0, 1, 0, 0, 0 ], [ 0, 720, 111, 57 ]
3261 / 4950: [ 0, 2, 0, 0, 0 ], [ 0, 720, 111, 57 ]
3262 / 4950: [ 0, 0, 0, 0, 0 ], [ 0, 720, 111, 57 ]
3263 / 4950: [ 0, 1, 0, 0, 0 ], [ 0, 720, 111, 57 ]
3264 / 4950: [ 0, 4, 0, 0, 0 ], [ 0, 721, 111, 57 ]
3265 / 4950: [ 0, 0, 0, 1, 0 ], [ 0, 721, 111, 57 ]
3266 / 4950: [ 0, 1, 0, 0, 0 ], [ 0, 721, 111, 57 ]
3267 / 4950: [ 0, 0, 0, 0, 0 ], [ 0, 721, 111, 57 ]
3268 / 4950: [ 0, 2, 1, 0, 0 ], [ 0, 721, 111, 57 ]
3269 / 4950: [ 0, 4, 0, 0, 0 ], [ 0, 722, 111, 57 ]
3270 / 4950: [ 0, 0, 0, 0, 0 ], [ 0, 722, 111, 57 ]
3271 / 4950: [ 0, 0, 0, 0, 0 ], [ 0, 722, 111, 57 ]
3272 / 4950: [ 0, 3, 0, 0, 0 ], [ 0, 722, 111, 57 ]
3273 / 4950: [ 0, 0, 0, 0, 0 ], [ 0, 722, 111, 57 ]
3274 / 4950: [ 0, 0, 0, 0, 0 ], [ 0, 722, 111, 57 ]
3275 / 4950: [ 0, 4, 0, 0, 0 ], [ 0, 723, 111, 57 ]
3276 / 4950: [ 0, 4, 0, 0, 0 ], [ 0, 724, 111, 57 ]
3277 / 4950: [ 0, 2, 0, 0, 0 ], [ 0, 724, 111, 57 ]
3278 / 4950: [ 0, 2, 0, 0, 0 ], [ 0, 724, 111, 57 ]
3279 / 4950: [ 0, 0, 0, 0, 0 ], [ 0, 724, 111, 57 ]
3280 / 4950: [ 0, 4, 0, 0, 0 ], [ 0, 725, 111, 57 ]
3281 / 4950: [ 0, 3, 1, 0, 0 ], [ 0, 725, 112, 57 ]
3282 / 4950: [ 0, 0, 0, 0, 0 ], [ 0, 725, 112, 57 ]
3283 / 4950: [ 0, 0, 0, 0, 0 ], [ 0, 725, 112, 57 ]
3284 / 4950: [ 0, 4, 0, 0, 0 ], [ 0, 726, 112, 57 ]
3285 / 4950: [ 0, 0, 0, 0, 0 ], [ 0, 726, 112, 57 ]
3286 / 4950: [ 0, 2, 0, 0, 0 ], [ 0, 726, 112, 57 ]
3287 / 4950: [ 0, 1, 0, 0, 0 ], [ 0, 726, 112, 57 ]
3288 / 4950: [ 0, 0, 0, 0, 0 ], [ 0, 726, 112, 57 ]
3289 / 4950: [ 0, 0, 0, 0, 0 ], [ 0, 726, 112, 57 ]
3290 / 4950: [ 0, 3, 0, 0, 0 ], [ 0, 726, 112, 57 ]
3291 / 4950: [ 0, 3, 0, 0, 0 ], [ 0, 726, 112, 57 ]
3292 / 4950: [ 0, 2, 0, 0, 0 ], [ 0, 726, 112, 57 ]
3293 / 4950: [ 0, 2, 0, 0, 0 ], [ 0, 726, 112, 57 ]
3294 / 4950: [ 0, 3, 0, 0, 0 ], [ 0, 726, 112, 57 ]
3295 / 4950: [ 0, 2, 0, 0, 0 ], [ 0, 726, 112, 57 ]
3296 / 4950: [ 0, 2, 0, 0, 0 ], [ 0, 726, 112, 57 ]
3297 / 4950: [ 0, 1, 0, 0, 0 ], [ 0, 726, 112, 57 ]
3298 / 4950: [ 0, 0, 0, 0, 0 ], [ 0, 726, 112, 57 ]
3299 / 4950: [ 0, 3, 0, 0, 0 ], [ 0, 726, 112, 57 ]
3300 / 4950: [ 0, 2, 0, 2, 0 ], [ 0, 726, 112, 58 ]
3301 / 4950: [ 0, 0, 2, 0, 0 ], [ 0, 726, 112, 58 ]
3302 / 4950: [ 0, 3, 0, 0, 0 ], [ 0, 726, 112, 58 ]
3303 / 4950: [ 0, 0, 0, 0, 0 ], [ 0, 726, 112, 58 ]
3304 / 4950: [ 0, 1, 0, 0, 0 ], [ 0, 726, 112, 58 ]
3305 / 4950: [ 0, 3, 0, 0, 0 ], [ 0, 726, 112, 58 ]
3306 / 4950: [ 0, 3, 0, 0, 0 ], [ 0, 726, 112, 58 ]
3307 / 4950: [ 0, 1, 0, 0, 0 ], [ 0, 726, 112, 58 ]
3308 / 4950: [ 0, 0, 2, 0, 0 ], [ 0, 726, 112, 58 ]
3309 / 4950: [ 0, 0, 0, 0, 0 ], [ 0, 726, 112, 58 ]
3310 / 4950: [ 0, 0, 0, 0, 0 ], [ 0, 726, 112, 58 ]
3311 / 4950: [ 0, 0, 0, 0, 0 ], [ 0, 726, 112, 58 ]
3312 / 4950: [ 0, 0, 0, 0, 0 ], [ 0, 726, 112, 58 ]
3313 / 4950: [ 0, 0, 0, 0, 0 ], [ 0, 726, 112, 58 ]
3314 / 4950: [ 0, 0, 0, 0, 0 ], [ 0, 726, 112, 58 ]
3315 / 4950: [ 0, 2, 0, 0, 0 ], [ 0, 726, 112, 58 ]
3316 / 4950: [ 0, 0, 0, 0, 0 ], [ 0, 726, 112, 58 ]
3317 / 4950: [ 0, 0, 0, 0, 0 ], [ 0, 726, 112, 58 ]
3318 / 4950: [ 0, 4, 0, 0, 0 ], [ 0, 727, 112, 58 ]
3319 / 4950: [ 0, 0, 0, 0, 0 ], [ 0, 727, 112, 58 ]
3320 / 4950: [ 0, 4, 0, 0, 0 ], [ 0, 728, 112, 58 ]
3321 / 4950: [ 0, 3, 0, 0, 0 ], [ 0, 728, 112, 58 ]
3322 / 4950: [ 0, 0, 0, 0, 0 ], [ 0, 728, 112, 58 ]
3323 / 4950: [ 0, 3, 0, 0, 0 ], [ 0, 728, 112, 58 ]
3324 / 4950: [ 0, 0, 0, 0, 0 ], [ 0, 728, 112, 58 ]
3325 / 4950: [ 0, 1, 0, 0, 0 ], [ 0, 728, 112, 58 ]
3326 / 4950: [ 0, 0, 0, 0, 0 ], [ 0, 728, 112, 58 ]
3327 / 4950: [ 0, 3, 0, 0, 0 ], [ 0, 728, 112, 58 ]
3328 / 4950: [ 0, 0, 0, 0, 0 ], [ 0, 728, 112, 58 ]
3329 / 4950: [ 0, 2, 0, 0, 0 ], [ 0, 728, 112, 58 ]
3330 / 4950: [ 0, 3, 0, 0, 0 ], [ 0, 728, 112, 58 ]
3331 / 4950: [ 0, 4, 0, 0, 0 ], [ 0, 729, 112, 58 ]
3332 / 4950: [ 0, 1, 0, 0, 0 ], [ 0, 729, 112, 58 ]
3333 / 4950: [ 0, 1, 0, 0, 0 ], [ 0, 729, 112, 58 ]
3334 / 4950: [ 0, 2, 0, 0, 0 ], [ 0, 729, 112, 58 ]
3335 / 4950: [ 0, 0, 0, 0, 0 ], [ 0, 729, 112, 58 ]
3336 / 4950: [ 0, 2, 0, 0, 0 ], [ 0, 729, 112, 58 ]
3337 / 4950: [ 0, 1, 0, 0, 0 ], [ 0, 729, 112, 58 ]
3338 / 4950: [ 0, 1, 0, 0, 0 ], [ 0, 729, 112, 58 ]
3339 / 4950: [ 0, 2, 0, 0, 0 ], [ 0, 729, 112, 58 ]
3340 / 4950: [ 0, 4, 0, 0, 0 ], [ 0, 730, 112, 58 ]
3341 / 4950: [ 0, 2, 0, 0, 0 ], [ 0, 730, 112, 58 ]
3342 / 4950: [ 0, 4, 0, 0, 0 ], [ 0, 731, 112, 58 ]
3343 / 4950: [ 0, 2, 0, 0, 0 ], [ 0, 731, 112, 58 ]
3344 / 4950: [ 0, 2, 0, 0, 0 ], [ 0, 731, 112, 58 ]
3345 / 4950: [ 0, 1, 0, 0, 0 ], [ 0, 731, 112, 58 ]
3346 / 4950: [ 0, 4, 0, 0, 0 ], [ 0, 732, 112, 58 ]
3347 / 4950: [ 0, 4, 0, 0, 0 ], [ 0, 733, 112, 58 ]
3348 / 4950: [ 0, 0, 0, 0, 0 ], [ 0, 733, 112, 58 ]
3349 / 4950: [ 0, 1, 0, 0, 0 ], [ 0, 733, 112, 58 ]
3350 / 4950: [ 0, 4, 0, 0, 0 ], [ 0, 734, 112, 58 ]
3351 / 4950: [ 0, 2, 0, 0, 0 ], [ 0, 734, 112, 58 ]
3352 / 4950: [ 0, 2, 0, 0, 0 ], [ 0, 734, 112, 58 ]
3353 / 4950: [ 0, 1, 0, 0, 0 ], [ 0, 734, 112, 58 ]
3354 / 4950: [ 0, 0, 0, 0, 0 ], [ 0, 734, 112, 58 ]
3355 / 4950: [ 0, 0, 0, 0, 0 ], [ 0, 734, 112, 58 ]
3356 / 4950: [ 0, 1, 0, 0, 0 ], [ 0, 734, 112, 58 ]
3357 / 4950: [ 0, 3, 0, 0, 0 ], [ 0, 734, 112, 58 ]
3358 / 4950: [ 0, 0, 0, 0, 0 ], [ 0, 734, 112, 58 ]
3359 / 4950: [ 0, 2, 0, 0, 0 ], [ 0, 734, 112, 58 ]
3360 / 4950: [ 0, 1, 0, 0, 0 ], [ 0, 734, 112, 58 ]
3361 / 4950: [ 0, 1, 0, 0, 0 ], [ 0, 734, 112, 58 ]
3362 / 4950: [ 0, 1, 0, 0, 0 ], [ 0, 734, 112, 58 ]
3363 / 4950: [ 0, 0, 0, 0, 0 ], [ 0, 734, 112, 58 ]
3364 / 4950: [ 0, 3, 0, 0, 0 ], [ 0, 734, 112, 58 ]
3365 / 4950: [ 0, 4, 0, 0, 0 ], [ 0, 735, 112, 58 ]
3366 / 4950: [ 0, 3, 0, 0, 0 ], [ 0, 735, 112, 58 ]
3367 / 4950: [ 0, 3, 0, 0, 0 ], [ 0, 735, 112, 58 ]
3368 / 4950: [ 0, 1, 0, 0, 0 ], [ 0, 735, 112, 58 ]
3369 / 4950: [ 0, 1, 0, 0, 0 ], [ 0, 735, 112, 58 ]
3370 / 4950: [ 0, 1, 0, 0, 0 ], [ 0, 735, 112, 58 ]
3371 / 4950: [ 0, 2, 0, 0, 0 ], [ 0, 735, 112, 58 ]
3372 / 4950: [ 0, 1, 0, 0, 0 ], [ 0, 735, 112, 58 ]
3373 / 4950: [ 0, 2, 0, 0, 0 ], [ 0, 735, 112, 58 ]
3374 / 4950: [ 0, 2, 0, 0, 0 ], [ 0, 735, 112, 58 ]
3375 / 4950: [ 0, 1, 0, 0, 0 ], [ 0, 735, 112, 58 ]
3376 / 4950: [ 0, 2, 0, 0, 0 ], [ 0, 735, 112, 58 ]
3377 / 4950: [ 0, 0, 0, 0, 0 ], [ 0, 735, 112, 58 ]
3378 / 4950: [ 0, 2, 0, 0, 0 ], [ 0, 735, 112, 58 ]
3379 / 4950: [ 0, 2, 0, 0, 0 ], [ 0, 735, 112, 58 ]
3380 / 4950: [ 0, 1, 0, 0, 0 ], [ 0, 735, 112, 58 ]
3381 / 4950: [ 0, 4, 0, 0, 0 ], [ 0, 736, 112, 58 ]
3382 / 4950: [ 0, 2, 0, 0, 0 ], [ 0, 736, 112, 58 ]
3383 / 4950: [ 0, 0, 0, 0, 0 ], [ 0, 736, 112, 58 ]
3384 / 4950: [ 0, 0, 0, 0, 0 ], [ 0, 736, 112, 58 ]
3385 / 4950: [ 0, 0, 0, 0, 0 ], [ 0, 736, 112, 58 ]
3386 / 4950: [ 0, 1, 0, 0, 0 ], [ 0, 736, 112, 58 ]
3387 / 4950: [ 0, 0, 0, 0, 0 ], [ 0, 736, 112, 58 ]
3388 / 4950: [ 0, 4, 0, 0, 0 ], [ 0, 737, 112, 58 ]
3389 / 4950: [ 0, 2, 0, 0, 0 ], [ 0, 737, 112, 58 ]
3390 / 4950: [ 0, 1, 0, 0, 0 ], [ 0, 737, 112, 58 ]
3391 / 4950: [ 0, 0, 0, 0, 0 ], [ 0, 737, 112, 58 ]
3392 / 4950: [ 0, 1, 0, 0, 0 ], [ 0, 737, 112, 58 ]
3393 / 4950: [ 0, 1, 0, 0, 0 ], [ 0, 737, 112, 58 ]
3394 / 4950: [ 0, 2, 0, 0, 0 ], [ 0, 737, 112, 58 ]
3395 / 4950: [ 0, 1, 0, 0, 0 ], [ 0, 737, 112, 58 ]
3396 / 4950: [ 0, 1, 0, 0, 0 ], [ 0, 737, 112, 58 ]
3397 / 4950: [ 0, 3, 0, 0, 0 ], [ 0, 737, 112, 58 ]
3398 / 4950: [ 0, 2, 0, 0, 0 ], [ 0, 737, 112, 58 ]
3399 / 4950: [ 0, 1, 0, 0, 0 ], [ 0, 737, 112, 58 ]
3400 / 4950: [ 0, 0, 0, 0, 0 ], [ 0, 737, 112, 58 ]
3401 / 4950: [ 0, 3, 0, 0, 0 ], [ 0, 737, 112, 58 ]
3402 / 4950: [ 0, 1, 0, 0, 0 ], [ 0, 737, 112, 58 ]
3403 / 4950: [ 0, 0, 0, 0, 0 ], [ 0, 737, 112, 58 ]
3404 / 4950: [ 0, 1, 0, 0, 0 ], [ 0, 737, 112, 58 ]
3405 / 4950: [ 0, 4, 0, 0, 0 ], [ 0, 738, 112, 58 ]
3406 / 4950: [ 0, 0, 0, 0, 0 ], [ 0, 738, 112, 58 ]
3407 / 4950: [ 0, 1, 0, 0, 0 ], [ 0, 738, 112, 58 ]
3408 / 4950: [ 0, 1, 0, 0, 0 ], [ 0, 738, 112, 58 ]
3409 / 4950: [ 0, 1, 0, 0, 0 ], [ 0, 738, 112, 58 ]
3410 / 4950: [ 0, 1, 0, 0, 0 ], [ 0, 738, 112, 58 ]
3411 / 4950: [ 0, 1, 1, 0, 0 ], [ 0, 738, 112, 58 ]
3412 / 4950: [ 0, 3, 0, 0, 0 ], [ 0, 738, 112, 58 ]
3413 / 4950: [ 0, 2, 0, 0, 0 ], [ 0, 738, 112, 58 ]
3414 / 4950: [ 0, 3, 0, 0, 0 ], [ 0, 738, 112, 58 ]
3415 / 4950: [ 0, 0, 0, 0, 0 ], [ 0, 738, 112, 58 ]
3416 / 4950: [ 0, 3, 0, 0, 0 ], [ 0, 738, 112, 58 ]
3417 / 4950: [ 0, 0, 0, 0, 0 ], [ 0, 738, 112, 58 ]
3418 / 4950: [ 0, 3, 0, 0, 0 ], [ 0, 738, 112, 58 ]
3419 / 4950: [ 0, 2, 0, 0, 0 ], [ 0, 738, 112, 58 ]
3420 / 4950: [ 0, 1, 0, 0, 0 ], [ 0, 738, 112, 58 ]
3421 / 4950: [ 0, 1, 0, 0, 0 ], [ 0, 738, 112, 58 ]
3422 / 4950: [ 0, 1, 0, 0, 0 ], [ 0, 738, 112, 58 ]
3423 / 4950: [ 0, 3, 0, 0, 0 ], [ 0, 738, 112, 58 ]
3424 / 4950: [ 0, 3, 0, 0, 0 ], [ 0, 738, 112, 58 ]
3425 / 4950: [ 0, 1, 0, 0, 0 ], [ 0, 738, 112, 58 ]
3426 / 4950: [ 0, 2, 0, 0, 0 ], [ 0, 738, 112, 58 ]
3427 / 4950: [ 0, 3, 0, 0, 0 ], [ 0, 738, 112, 58 ]
3428 / 4950: [ 0, 4, 0, 0, 0 ], [ 0, 739, 112, 58 ]
3429 / 4950: [ 0, 3, 0, 1, 0 ], [ 0, 739, 112, 59 ]
3430 / 4950: [ 0, 0, 0, 0, 0 ], [ 0, 739, 112, 59 ]
3431 / 4950: [ 0, 1, 0, 0, 0 ], [ 0, 739, 112, 59 ]
3432 / 4950: [ 0, 1, 0, 0, 0 ], [ 0, 739, 112, 59 ]
3433 / 4950: [ 0, 3, 0, 0, 0 ], [ 0, 739, 112, 59 ]
3434 / 4950: [ 0, 0, 0, 0, 0 ], [ 0, 739, 112, 59 ]
3435 / 4950: [ 0, 4, 0, 0, 0 ], [ 0, 740, 112, 59 ]
3436 / 4950: [ 0, 1, 0, 0, 0 ], [ 0, 740, 112, 59 ]
3437 / 4950: [ 0, 2, 0, 0, 0 ], [ 0, 740, 112, 59 ]
3438 / 4950: [ 0, 0, 0, 0, 0 ], [ 0, 740, 112, 59 ]
3439 / 4950: [ 0, 1, 0, 0, 0 ], [ 0, 740, 112, 59 ]
3440 / 4950: [ 0, 0, 0, 0, 0 ], [ 0, 740, 112, 59 ]
3441 / 4950: [ 0, 3, 0, 0, 0 ], [ 0, 740, 112, 59 ]
3442 / 4950: [ 0, 1, 0, 0, 0 ], [ 0, 740, 112, 59 ]
3443 / 4950: [ 0, 1, 0, 0, 0 ], [ 0, 740, 112, 59 ]
3444 / 4950: [ 0, 1, 0, 0, 0 ], [ 0, 740, 112, 59 ]
3445 / 4950: [ 0, 3, 0, 0, 0 ], [ 0, 740, 112, 59 ]
3446 / 4950: [ 0, 0, 0, 0, 0 ], [ 0, 740, 112, 59 ]
3447 / 4950: [ 0, 0, 0, 0, 0 ], [ 0, 740, 112, 59 ]
3448 / 4950: [ 0, 3, 0, 0, 0 ], [ 0, 740, 112, 59 ]
3449 / 4950: [ 0, 2, 0, 0, 0 ], [ 0, 740, 112, 59 ]
3450 / 4950: [ 0, 4, 0, 0, 0 ], [ 0, 741, 112, 59 ]
3451 / 4950: [ 0, 1, 0, 0, 0 ], [ 0, 741, 112, 59 ]
3452 / 4950: [ 0, 0, 0, 0, 0 ], [ 0, 741, 112, 59 ]
3453 / 4950: [ 0, 1, 1, 0, 0 ], [ 0, 741, 112, 59 ]
3454 / 4950: [ 0, 0, 0, 0, 0 ], [ 0, 741, 112, 59 ]
3455 / 4950: [ 0, 1, 0, 0, 0 ], [ 0, 741, 112, 59 ]
3456 / 4950: [ 0, 3, 0, 0, 0 ], [ 0, 741, 112, 59 ]
3457 / 4950: [ 0, 3, 0, 0, 0 ], [ 0, 741, 112, 59 ]
3458 / 4950: [ 0, 2, 0, 0, 0 ], [ 0, 741, 112, 59 ]
3459 / 4950: [ 0, 0, 0, 0, 0 ], [ 0, 741, 112, 59 ]
3460 / 4950: [ 0, 2, 0, 0, 0 ], [ 0, 741, 112, 59 ]
3461 / 4950: [ 0, 2, 0, 0, 0 ], [ 0, 741, 112, 59 ]
3462 / 4950: [ 0, 2, 0, 0, 0 ], [ 0, 741, 112, 59 ]
3463 / 4950: [ 0, 0, 0, 2, 0 ], [ 0, 741, 112, 59 ]
3464 / 4950: [ 0, 4, 0, 0, 0 ], [ 0, 742, 112, 59 ]
3465 / 4950: [ 0, 3, 0, 0, 0 ], [ 0, 742, 112, 59 ]
3466 / 4950: [ 0, 1, 0, 0, 0 ], [ 0, 742, 112, 59 ]
3467 / 4950: [ 0, 3, 0, 0, 0 ], [ 0, 742, 112, 59 ]
3468 / 4950: [ 0, 1, 0, 0, 0 ], [ 0, 742, 112, 59 ]
3469 / 4950: [ 0, 2, 0, 0, 0 ], [ 0, 742, 112, 59 ]
3470 / 4950: [ 0, 3, 0, 0, 0 ], [ 0, 742, 112, 59 ]
3471 / 4950: [ 0, 1, 0, 0, 0 ], [ 0, 742, 112, 59 ]
3472 / 4950: [ 0, 2, 0, 0, 0 ], [ 0, 742, 112, 59 ]
3473 / 4950: [ 0, 2, 0, 0, 0 ], [ 0, 742, 112, 59 ]
3474 / 4950: [ 0, 3, 0, 0, 0 ], [ 0, 742, 112, 59 ]
3475 / 4950: [ 0, 3, 0, 0, 0 ], [ 0, 742, 112, 59 ]
3476 / 4950: [ 0, 1, 0, 0, 0 ], [ 0, 742, 112, 59 ]
3477 / 4950: [ 0, 0, 0, 0, 0 ], [ 0, 742, 112, 59 ]
3478 / 4950: [ 0, 0, 0, 0, 0 ], [ 0, 742, 112, 59 ]
3479 / 4950: [ 0, 1, 0, 0, 0 ], [ 0, 742, 112, 59 ]
3480 / 4950: [ 0, 1, 0, 0, 0 ], [ 0, 742, 112, 59 ]
3481 / 4950: [ 0, 2, 0, 0, 0 ], [ 0, 742, 112, 59 ]
3482 / 4950: [ 0, 0, 0, 0, 0 ], [ 0, 742, 112, 59 ]
3483 / 4950: [ 0, 2, 0, 0, 0 ], [ 0, 742, 112, 59 ]
3484 / 4950: [ 0, 1, 0, 0, 0 ], [ 0, 742, 112, 59 ]
3485 / 4950: [ 0, 3, 1, 0, 0 ], [ 0, 742, 113, 59 ]
3486 / 4950: [ 0, 2, 0, 0, 0 ], [ 0, 742, 113, 59 ]
3487 / 4950: [ 0, 2, 0, 0, 0 ], [ 0, 742, 113, 59 ]
3488 / 4950: [ 0, 1, 0, 3, 0 ], [ 0, 742, 113, 60 ]
3489 / 4950: [ 0, 0, 0, 0, 0 ], [ 0, 742, 113, 60 ]
3490 / 4950: [ 0, 1, 0, 0, 0 ], [ 0, 742, 113, 60 ]
3491 / 4950: [ 0, 1, 0, 0, 0 ], [ 0, 742, 113, 60 ]
3492 / 4950: [ 0, 2, 0, 0, 0 ], [ 0, 742, 113, 60 ]
3493 / 4950: [ 0, 2, 0, 0, 0 ], [ 0, 742, 113, 60 ]
3494 / 4950: [ 0, 0, 0, 0, 0 ], [ 0, 742, 113, 60 ]
3495 / 4950: [ 0, 0, 0, 4, 0 ], [ 0, 742, 113, 61 ]
3496 / 4950: [ 0, 0, 0, 2, 0 ], [ 0, 742, 113, 61 ]
3497 / 4950: [ 0, 0, 0, 1, 0 ], [ 0, 742, 113, 61 ]
3498 / 4950: [ 0, 0, 0, 0, 0 ], [ 0, 742, 113, 61 ]
3499 / 4950: [ 0, 2, 0, 1, 0 ], [ 0, 742, 113, 61 ]
3500 / 4950: [ 0, 0, 0, 0, 0 ], [ 0, 742, 113, 61 ]
3501 / 4950: [ 0, 0, 0, 2, 0 ], [ 0, 742, 113, 61 ]
3502 / 4950: [ 0, 0, 0, 1, 0 ], [ 0, 742, 113, 61 ]
3503 / 4950: [ 0, 0, 0, 0, 0 ], [ 0, 742, 113, 61 ]
3504 / 4950: [ 0, 0, 0, 2, 0 ], [ 0, 742, 113, 61 ]
3505 / 4950: [ 0, 0, 0, 0, 0 ], [ 0, 742, 113, 61 ]
3506 / 4950: [ 0, 0, 0, 4, 0 ], [ 0, 742, 113, 62 ]
3507 / 4950: [ 0, 0, 0, 1, 0 ], [ 0, 742, 113, 62 ]
3508 / 4950: [ 0, 0, 0, 0, 0 ], [ 0, 742, 113, 62 ]
3509 / 4950: [ 0, 0, 0, 2, 0 ], [ 0, 742, 113, 62 ]
3510 / 4950: [ 0, 2, 0, 1, 0 ], [ 0, 742, 113, 62 ]
3511 / 4950: [ 0, 2, 0, 1, 0 ], [ 0, 742, 113, 62 ]
3512 / 4950: [ 0, 0, 0, 3, 0 ], [ 0, 742, 113, 62 ]
3513 / 4950: [ 0, 0, 0, 0, 0 ], [ 0, 742, 113, 62 ]
3514 / 4950: [ 0, 1, 0, 0, 0 ], [ 0, 742, 113, 62 ]
3515 / 4950: [ 0, 1, 0, 0, 0 ], [ 0, 742, 113, 62 ]
3516 / 4950: [ 0, 1, 0, 3, 0 ], [ 0, 742, 113, 63 ]
3517 / 4950: [ 0, 0, 0, 0, 0 ], [ 0, 742, 113, 63 ]
3518 / 4950: [ 0, 1, 0, 0, 0 ], [ 0, 742, 113, 63 ]
3519 / 4950: [ 0, 0, 0, 0, 0 ], [ 0, 742, 113, 63 ]
3520 / 4950: [ 0, 1, 0, 0, 0 ], [ 0, 742, 113, 63 ]
3521 / 4950: [ 0, 0, 0, 0, 0 ], [ 0, 742, 113, 63 ]
3522 / 4950: [ 0, 1, 0, 2, 0 ], [ 0, 742, 113, 63 ]
3523 / 4950: [ 0, 1, 0, 1, 0 ], [ 0, 742, 113, 63 ]
3524 / 4950: [ 0, 0, 0, 1, 0 ], [ 0, 742, 113, 63 ]
3525 / 4950: [ 0, 0, 0, 0, 0 ], [ 0, 742, 113, 63 ]
3526 / 4950: [ 0, 0, 0, 0, 0 ], [ 0, 742, 113, 63 ]
3527 / 4950: [ 0, 1, 0, 1, 0 ], [ 0, 742, 113, 63 ]
3528 / 4950: [ 0, 0, 0, 1, 0 ], [ 0, 742, 113, 63 ]
3529 / 4950: [ 0, 0, 0, 0, 0 ], [ 0, 742, 113, 63 ]
3530 / 4950: [ 0, 0, 0, 0, 0 ], [ 0, 742, 113, 63 ]
3531 / 4950: [ 0, 0, 0, 1, 0 ], [ 0, 742, 113, 63 ]
3532 / 4950: [ 0, 0, 0, 3, 0 ], [ 0, 742, 113, 63 ]
3533 / 4950: [ 0, 1, 0, 3, 0 ], [ 0, 742, 113, 64 ]
3534 / 4950: [ 0, 0, 0, 1, 0 ], [ 0, 742, 113, 64 ]
3535 / 4950: [ 0, 1, 0, 1, 0 ], [ 0, 742, 113, 64 ]
3536 / 4950: [ 0, 0, 0, 0, 0 ], [ 0, 742, 113, 64 ]
3537 / 4950: [ 0, 0, 0, 0, 0 ], [ 0, 742, 113, 64 ]
3538 / 4950: [ 0, 2, 0, 2, 0 ], [ 0, 742, 113, 65 ]
3539 / 4950: [ 0, 1, 0, 2, 0 ], [ 0, 742, 113, 65 ]
3540 / 4950: [ 0, 2, 0, 2, 0 ], [ 0, 742, 113, 66 ]
3541 / 4950: [ 0, 0, 0, 2, 0 ], [ 0, 742, 113, 66 ]
3542 / 4950: [ 0, 1, 0, 0, 0 ], [ 0, 742, 113, 66 ]
3543 / 4950: [ 0, 0, 0, 2, 0 ], [ 0, 742, 113, 66 ]
3544 / 4950: [ 0, 1, 0, 0, 0 ], [ 0, 742, 113, 66 ]
3545 / 4950: [ 0, 1, 0, 1, 0 ], [ 0, 742, 113, 66 ]
3546 / 4950: [ 0, 1, 0, 0, 0 ], [ 0, 742, 113, 66 ]
3547 / 4950: [ 0, 0, 1, 3, 0 ], [ 0, 742, 113, 67 ]
3548 / 4950: [ 0, 0, 0, 0, 0 ], [ 0, 742, 113, 67 ]
3549 / 4950: [ 0, 0, 0, 0, 0 ], [ 0, 742, 113, 67 ]
3550 / 4950: [ 0, 0, 0, 3, 0 ], [ 0, 742, 113, 67 ]
3551 / 4950: [ 0, 0, 0, 1, 0 ], [ 0, 742, 113, 67 ]
3552 / 4950: [ 0, 1, 0, 1, 0 ], [ 0, 742, 113, 67 ]
3553 / 4950: [ 0, 0, 0, 1, 0 ], [ 0, 742, 113, 67 ]
3554 / 4950: [ 0, 0, 0, 1, 0 ], [ 0, 742, 113, 67 ]
3555 / 4950: [ 0, 0, 0, 0, 0 ], [ 0, 742, 113, 67 ]
3556 / 4950: [ 0, 0, 0, 0, 0 ], [ 0, 742, 113, 67 ]
3557 / 4950: [ 0, 0, 0, 1, 0 ], [ 0, 742, 113, 67 ]
3558 / 4950: [ 0, 0, 0, 0, 0 ], [ 0, 742, 113, 67 ]
3559 / 4950: [ 0, 1, 0, 0, 0 ], [ 0, 742, 113, 67 ]
3560 / 4950: [ 0, 0, 0, 0, 0 ], [ 0, 742, 113, 67 ]
3561 / 4950: [ 0, 0, 0, 0, 0 ], [ 0, 742, 113, 67 ]
3562 / 4950: [ 0, 0, 0, 0, 0 ], [ 0, 742, 113, 67 ]
3563 / 4950: [ 0, 0, 0, 0, 0 ], [ 0, 742, 113, 67 ]
3564 / 4950: [ 0, 0, 0, 2, 0 ], [ 0, 742, 113, 67 ]
3565 / 4950: [ 0, 0, 0, 0, 0 ], [ 0, 742, 113, 67 ]
3566 / 4950: [ 0, 0, 0, 0, 0 ], [ 0, 742, 113, 67 ]
3567 / 4950: [ 0, 0, 0, 0, 0 ], [ 0, 742, 113, 67 ]
3568 / 4950: [ 0, 1, 0, 2, 0 ], [ 0, 742, 113, 67 ]
3569 / 4950: [ 0, 0, 0, 1, 0 ], [ 0, 742, 113, 67 ]
3570 / 4950: [ 0, 0, 0, 3, 0 ], [ 0, 742, 113, 67 ]
3571 / 4950: [ 0, 4, 0, 0, 0 ], [ 0, 743, 113, 67 ]
3572 / 4950: [ 0, 1, 0, 0, 0 ], [ 0, 743, 113, 67 ]
3573 / 4950: [ 0, 2, 0, 0, 0 ], [ 0, 743, 113, 67 ]
3574 / 4950: [ 0, 2, 0, 0, 0 ], [ 0, 743, 113, 67 ]
3575 / 4950: [ 0, 3, 0, 0, 0 ], [ 0, 743, 113, 67 ]
3576 / 4950: [ 0, 2, 0, 0, 0 ], [ 0, 743, 113, 67 ]
3577 / 4950: [ 0, 2, 0, 0, 0 ], [ 0, 743, 113, 67 ]
3578 / 4950: [ 0, 0, 0, 0, 0 ], [ 0, 743, 113, 67 ]
3579 / 4950: [ 0, 2, 0, 0, 0 ], [ 0, 743, 113, 67 ]
3580 / 4950: [ 0, 1, 0, 0, 0 ], [ 0, 743, 113, 67 ]
3581 / 4950: [ 0, 0, 0, 0, 0 ], [ 0, 743, 113, 67 ]
3582 / 4950: [ 0, 4, 0, 0, 0 ], [ 0, 744, 113, 67 ]
3583 / 4950: [ 0, 1, 0, 0, 0 ], [ 0, 744, 113, 67 ]
3584 / 4950: [ 0, 1, 0, 0, 0 ], [ 0, 744, 113, 67 ]
3585 / 4950: [ 0, 1, 0, 0, 0 ], [ 0, 744, 113, 67 ]
3586 / 4950: [ 0, 3, 0, 0, 0 ], [ 0, 744, 113, 67 ]
3587 / 4950: [ 0, 1, 0, 0, 0 ], [ 0, 744, 113, 67 ]
3588 / 4950: [ 0, 2, 0, 0, 0 ], [ 0, 744, 113, 67 ]
3589 / 4950: [ 0, 0, 0, 0, 0 ], [ 0, 744, 113, 67 ]
3590 / 4950: [ 0, 2, 0, 0, 0 ], [ 0, 744, 113, 67 ]
3591 / 4950: [ 0, 0, 0, 0, 0 ], [ 0, 744, 113, 67 ]
3592 / 4950: [ 0, 2, 0, 0, 0 ], [ 0, 744, 113, 67 ]
3593 / 4950: [ 0, 2, 0, 0, 0 ], [ 0, 744, 113, 67 ]
3594 / 4950: [ 0, 2, 0, 0, 0 ], [ 0, 744, 113, 67 ]
3595 / 4950: [ 0, 1, 0, 0, 0 ], [ 0, 744, 113, 67 ]
3596 / 4950: [ 0, 1, 0, 0, 0 ], [ 0, 744, 113, 67 ]
3597 / 4950: [ 0, 3, 0, 0, 0 ], [ 0, 744, 113, 67 ]
3598 / 4950: [ 0, 1, 0, 0, 0 ], [ 0, 744, 113, 67 ]
3599 / 4950: [ 0, 0, 0, 0, 0 ], [ 0, 744, 113, 67 ]
3600 / 4950: [ 0, 1, 0, 0, 0 ], [ 0, 744, 113, 67 ]
3601 / 4950: [ 0, 2, 1, 0, 0 ], [ 0, 744, 113, 67 ]
3602 / 4950: [ 0, 1, 0, 0, 0 ], [ 0, 744, 113, 67 ]
3603 / 4950: [ 0, 0, 0, 0, 0 ], [ 0, 744, 113, 67 ]
3604 / 4950: [ 0, 3, 0, 0, 0 ], [ 0, 744, 113, 67 ]
3605 / 4950: [ 0, 4, 0, 0, 0 ], [ 0, 745, 113, 67 ]
3606 / 4950: [ 0, 1, 0, 0, 0 ], [ 0, 745, 113, 67 ]
3607 / 4950: [ 0, 4, 0, 0, 0 ], [ 0, 746, 113, 67 ]
3608 / 4950: [ 0, 0, 0, 0, 0 ], [ 0, 746, 113, 67 ]
3609 / 4950: [ 0, 0, 0, 0, 0 ], [ 0, 746, 113, 67 ]
3610 / 4950: [ 0, 0, 0, 0, 0 ], [ 0, 746, 113, 67 ]
3611 / 4950: [ 0, 1, 0, 0, 0 ], [ 0, 746, 113, 67 ]
3612 / 4950: [ 0, 0, 0, 0, 0 ], [ 0, 746, 113, 67 ]
3613 / 4950: [ 0, 2, 0, 0, 0 ], [ 0, 746, 113, 67 ]
3614 / 4950: [ 0, 2, 0, 0, 0 ], [ 0, 746, 113, 67 ]
3615 / 4950: [ 0, 0, 0, 0, 0 ], [ 0, 746, 113, 67 ]
3616 / 4950: [ 0, 0, 0, 0, 0 ], [ 0, 746, 113, 67 ]
3617 / 4950: [ 0, 1, 0, 0, 0 ], [ 0, 746, 113, 67 ]
3618 / 4950: [ 0, 1, 0, 0, 0 ], [ 0, 746, 113, 67 ]
3619 / 4950: [ 0, 4, 0, 0, 0 ], [ 0, 747, 113, 67 ]
3620 / 4950: [ 0, 0, 0, 0, 0 ], [ 0, 747, 113, 67 ]
3621 / 4950: [ 0, 3, 0, 0, 0 ], [ 0, 747, 113, 67 ]
3622 / 4950: [ 0, 0, 0, 0, 0 ], [ 0, 747, 113, 67 ]
3623 / 4950: [ 0, 0, 0, 0, 0 ], [ 0, 747, 113, 67 ]
3624 / 4950: [ 0, 2, 0, 0, 0 ], [ 0, 747, 113, 67 ]
3625 / 4950: [ 0, 2, 0, 0, 0 ], [ 0, 747, 113, 67 ]
3626 / 4950: [ 0, 3, 0, 0, 0 ], [ 0, 747, 113, 67 ]
3627 / 4950: [ 0, 0, 0, 0, 0 ], [ 0, 747, 113, 67 ]
3628 / 4950: [ 0, 4, 0, 0, 0 ], [ 0, 748, 113, 67 ]
3629 / 4950: [ 0, 1, 0, 0, 0 ], [ 0, 748, 113, 67 ]
3630 / 4950: [ 0, 1, 0, 0, 0 ], [ 0, 748, 113, 67 ]
3631 / 4950: [ 0, 0, 0, 0, 0 ], [ 0, 748, 113, 67 ]
3632 / 4950: [ 0, 1, 0, 0, 0 ], [ 0, 748, 113, 67 ]
3633 / 4950: [ 0, 0, 0, 0, 0 ], [ 0, 748, 113, 67 ]
3634 / 4950: [ 0, 1, 0, 0, 0 ], [ 0, 748, 113, 67 ]
3635 / 4950: [ 0, 2, 0, 0, 0 ], [ 0, 748, 113, 67 ]
3636 / 4950: [ 0, 1, 0, 0, 0 ], [ 0, 748, 113, 67 ]
3637 / 4950: [ 0, 0, 0, 0, 0 ], [ 0, 748, 113, 67 ]
3638 / 4950: [ 0, 2, 0, 0, 0 ], [ 0, 748, 113, 67 ]
3639 / 4950: [ 0, 4, 0, 0, 0 ], [ 0, 749, 113, 67 ]
3640 / 4950: [ 0, 3, 0, 0, 0 ], [ 0, 749, 113, 67 ]
3641 / 4950: [ 0, 0, 0, 0, 0 ], [ 0, 749, 113, 67 ]
3642 / 4950: [ 0, 0, 0, 0, 0 ], [ 0, 749, 113, 67 ]
3643 / 4950: [ 0, 1, 0, 0, 0 ], [ 0, 749, 113, 67 ]
3644 / 4950: [ 0, 2, 0, 0, 0 ], [ 0, 749, 113, 67 ]
3645 / 4950: [ 0, 1, 0, 0, 0 ], [ 0, 749, 113, 67 ]
3646 / 4950: [ 0, 0, 0, 0, 0 ], [ 0, 749, 113, 67 ]
3647 / 4950: [ 0, 0, 0, 0, 0 ], [ 0, 749, 113, 67 ]
3648 / 4950: [ 0, 1, 0, 0, 0 ], [ 0, 749, 113, 67 ]
3649 / 4950: [ 0, 3, 0, 0, 0 ], [ 0, 749, 113, 67 ]
3650 / 4950: [ 0, 0, 0, 0, 0 ], [ 0, 749, 113, 67 ]
3651 / 4950: [ 0, 3, 0, 0, 0 ], [ 0, 749, 113, 67 ]
3652 / 4950: [ 0, 0, 0, 0, 0 ], [ 0, 749, 113, 67 ]
3653 / 4950: [ 0, 2, 0, 0, 0 ], [ 0, 749, 113, 67 ]
3654 / 4950: [ 0, 0, 0, 0, 0 ], [ 0, 749, 113, 67 ]
3655 / 4950: [ 0, 1, 0, 0, 0 ], [ 0, 749, 113, 67 ]
3656 / 4950: [ 0, 0, 0, 0, 0 ], [ 0, 749, 113, 67 ]
3657 / 4950: [ 0, 0, 1, 0, 0 ], [ 0, 749, 113, 67 ]
3658 / 4950: [ 0, 4, 0, 0, 0 ], [ 0, 750, 113, 67 ]
3659 / 4950: [ 0, 4, 0, 0, 0 ], [ 0, 751, 113, 67 ]
3660 / 4950: [ 0, 1, 0, 0, 0 ], [ 0, 751, 113, 67 ]
3661 / 4950: [ 0, 4, 0, 0, 0 ], [ 0, 752, 113, 67 ]
3662 / 4950: [ 0, 4, 0, 0, 0 ], [ 0, 753, 113, 67 ]
3663 / 4950: [ 0, 4, 0, 0, 0 ], [ 0, 754, 113, 67 ]
3664 / 4950: [ 0, 0, 0, 0, 0 ], [ 0, 754, 113, 67 ]
3665 / 4950: [ 0, 4, 0, 0, 0 ], [ 0, 755, 113, 67 ]
3666 / 4950: [ 0, 3, 0, 0, 0 ], [ 0, 755, 113, 67 ]
3667 / 4950: [ 0, 4, 0, 0, 0 ], [ 0, 756, 113, 67 ]
3668 / 4950: [ 0, 0, 0, 0, 0 ], [ 0, 756, 113, 67 ]
3669 / 4950: [ 0, 2, 0, 0, 0 ], [ 0, 756, 113, 67 ]
3670 / 4950: [ 0, 0, 0, 0, 0 ], [ 0, 756, 113, 67 ]
3671 / 4950: [ 0, 3, 0, 0, 0 ], [ 0, 756, 113, 67 ]
3672 / 4950: [ 0, 4, 0, 0, 0 ], [ 0, 757, 113, 67 ]
3673 / 4950: [ 0, 0, 0, 0, 0 ], [ 0, 757, 113, 67 ]
3674 / 4950: [ 0, 2, 1, 0, 0 ], [ 0, 757, 113, 67 ]
3675 / 4950: [ 0, 0, 0, 0, 0 ], [ 0, 757, 113, 67 ]
3676 / 4950: [ 0, 1, 0, 0, 0 ], [ 0, 757, 113, 67 ]
3677 / 4950: [ 0, 4, 0, 0, 0 ], [ 0, 758, 113, 67 ]
3678 / 4950: [ 0, 0, 0, 0, 0 ], [ 0, 758, 113, 67 ]
3679 / 4950: [ 0, 0, 0, 0, 0 ], [ 0, 758, 113, 67 ]
3680 / 4950: [ 0, 1, 1, 0, 2 ], [ 0, 758, 113, 68 ]
3681 / 4950: [ 0, 0, 2, 1, 1 ], [ 0, 758, 113, 69 ]
3682 / 4950: [ 0, 1, 0, 0, 0 ], [ 0, 758, 113, 69 ]
3683 / 4950: [ 0, 3, 0, 0, 0 ], [ 0, 758, 113, 69 ]
3684 / 4950: [ 0, 3, 0, 0, 0 ], [ 0, 758, 113, 69 ]
3685 / 4950: [ 0, 0, 0, 0, 0 ], [ 0, 758, 113, 69 ]
3686 / 4950: [ 0, 1, 0, 0, 0 ], [ 0, 758, 113, 69 ]
3687 / 4950: [ 0, 2, 0, 0, 0 ], [ 0, 758, 113, 69 ]
3688 / 4950: [ 0, 4, 0, 0, 0 ], [ 0, 759, 113, 69 ]
3689 / 4950: [ 0, 1, 1, 0, 0 ], [ 0, 759, 113, 69 ]
3690 / 4950: [ 0, 4, 0, 0, 0 ], [ 0, 760, 113, 69 ]
3691 / 4950: [ 0, 2, 0, 0, 0 ], [ 0, 760, 113, 69 ]
3692 / 4950: [ 0, 1, 0, 0, 0 ], [ 0, 760, 113, 69 ]
3693 / 4950: [ 0, 0, 0, 0, 0 ], [ 0, 760, 113, 69 ]
3694 / 4950: [ 0, 4, 0, 0, 0 ], [ 0, 761, 113, 69 ]
3695 / 4950: [ 0, 4, 0, 0, 0 ], [ 0, 762, 113, 69 ]
3696 / 4950: [ 0, 0, 0, 0, 0 ], [ 0, 762, 113, 69 ]
3697 / 4950: [ 0, 0, 0, 0, 0 ], [ 0, 762, 113, 69 ]
3698 / 4950: [ 0, 2, 0, 0, 0 ], [ 0, 762, 113, 69 ]
3699 / 4950: [ 0, 4, 0, 0, 0 ], [ 0, 763, 113, 69 ]
3700 / 4950: [ 0, 1, 0, 0, 0 ], [ 0, 763, 113, 69 ]
3701 / 4950: [ 0, 1, 0, 0, 0 ], [ 0, 763, 113, 69 ]
3702 / 4950: [ 0, 1, 0, 0, 0 ], [ 0, 763, 113, 69 ]
3703 / 4950: [ 0, 0, 0, 0, 0 ], [ 0, 763, 113, 69 ]
3704 / 4950: [ 0, 0, 1, 0, 0 ], [ 0, 763, 113, 69 ]
3705 / 4950: [ 0, 4, 0, 0, 0 ], [ 0, 764, 113, 69 ]
3706 / 4950: [ 0, 3, 0, 0, 0 ], [ 0, 764, 113, 69 ]
3707 / 4950: [ 0, 2, 0, 0, 0 ], [ 0, 764, 113, 69 ]
3708 / 4950: [ 0, 1, 0, 0, 0 ], [ 0, 764, 113, 69 ]
3709 / 4950: [ 0, 1, 0, 0, 0 ], [ 0, 764, 113, 69 ]
3710 / 4950: [ 0, 1, 0, 0, 0 ], [ 0, 764, 113, 69 ]
3711 / 4950: [ 0, 0, 0, 0, 0 ], [ 0, 764, 113, 69 ]
3712 / 4950: [ 0, 3, 0, 0, 0 ], [ 0, 764, 113, 69 ]
3713 / 4950: [ 0, 2, 0, 0, 0 ], [ 0, 764, 113, 69 ]
3714 / 4950: [ 0, 4, 0, 0, 0 ], [ 0, 765, 113, 69 ]
3715 / 4950: [ 0, 1, 0, 3, 0 ], [ 0, 765, 113, 70 ]
3716 / 4950: [ 0, 1, 0, 0, 0 ], [ 0, 765, 113, 70 ]
3717 / 4950: [ 0, 2, 0, 0, 0 ], [ 0, 765, 113, 70 ]
3718 / 4950: [ 0, 1, 0, 0, 0 ], [ 0, 765, 113, 70 ]
3719 / 4950: [ 0, 1, 0, 0, 0 ], [ 0, 765, 113, 70 ]
3720 / 4950: [ 0, 1, 1, 0, 0 ], [ 0, 765, 113, 70 ]
3721 / 4950: [ 0, 4, 0, 0, 0 ], [ 0, 766, 113, 70 ]
3722 / 4950: [ 0, 1, 0, 0, 0 ], [ 0, 766, 113, 70 ]
3723 / 4950: [ 0, 1, 0, 0, 0 ], [ 0, 766, 113, 70 ]
3724 / 4950: [ 0, 1, 0, 0, 0 ], [ 0, 766, 113, 70 ]
3725 / 4950: [ 0, 2, 0, 0, 0 ], [ 0, 766, 113, 70 ]
3726 / 4950: [ 0, 0, 0, 0, 0 ], [ 0, 766, 113, 70 ]
3727 / 4950: [ 0, 0, 0, 0, 0 ], [ 0, 766, 113, 70 ]
3728 / 4950: [ 0, 2, 0, 0, 0 ], [ 0, 766, 113, 70 ]
3729 / 4950: [ 0, 1, 0, 0, 0 ], [ 0, 766, 113, 70 ]
3730 / 4950: [ 0, 1, 0, 0, 0 ], [ 0, 766, 113, 70 ]
3731 / 4950: [ 0, 2, 0, 0, 0 ], [ 0, 766, 113, 70 ]
3732 / 4950: [ 0, 2, 1, 0, 0 ], [ 0, 766, 113, 70 ]
3733 / 4950: [ 0, 1, 0, 0, 0 ], [ 0, 766, 113, 70 ]
3734 / 4950: [ 0, 0, 0, 0, 0 ], [ 0, 766, 113, 70 ]
3735 / 4950: [ 0, 3, 0, 0, 0 ], [ 0, 766, 113, 70 ]
3736 / 4950: [ 0, 2, 0, 0, 0 ], [ 0, 766, 113, 70 ]
3737 / 4950: [ 0, 3, 0, 0, 0 ], [ 0, 766, 113, 70 ]
3738 / 4950: [ 0, 3, 0, 0, 0 ], [ 0, 766, 113, 70 ]
3739 / 4950: [ 0, 2, 0, 0, 0 ], [ 0, 766, 113, 70 ]
3740 / 4950: [ 0, 0, 0, 0, 0 ], [ 0, 766, 113, 70 ]
3741 / 4950: [ 0, 2, 0, 0, 0 ], [ 0, 766, 113, 70 ]
3742 / 4950: [ 0, 0, 0, 0, 0 ], [ 0, 766, 113, 70 ]
3743 / 4950: [ 0, 3, 1, 0, 0 ], [ 0, 766, 114, 70 ]
3744 / 4950: [ 0, 0, 0, 0, 0 ], [ 0, 766, 114, 70 ]
3745 / 4950: [ 0, 0, 0, 0, 0 ], [ 0, 766, 114, 70 ]
3746 / 4950: [ 0, 0, 0, 0, 0 ], [ 0, 766, 114, 70 ]
3747 / 4950: [ 0, 0, 0, 0, 0 ], [ 0, 766, 114, 70 ]
3748 / 4950: [ 0, 1, 0, 0, 0 ], [ 0, 766, 114, 70 ]
3749 / 4950: [ 0, 0, 0, 0, 0 ], [ 0, 766, 114, 70 ]
3750 / 4950: [ 0, 0, 0, 0, 0 ], [ 0, 766, 114, 70 ]
3751 / 4950: [ 0, 0, 0, 0, 0 ], [ 0, 766, 114, 70 ]
3752 / 4950: [ 0, 0, 0, 0, 0 ], [ 0, 766, 114, 70 ]
3753 / 4950: [ 0, 1, 0, 0, 0 ], [ 0, 766, 114, 70 ]
3754 / 4950: [ 0, 0, 0, 0, 0 ], [ 0, 766, 114, 70 ]
3755 / 4950: [ 0, 0, 0, 0, 0 ], [ 0, 766, 114, 70 ]
3756 / 4950: [ 0, 3, 0, 0, 0 ], [ 0, 766, 114, 70 ]
3757 / 4950: [ 0, 1, 0, 0, 0 ], [ 0, 766, 114, 70 ]
3758 / 4950: [ 0, 1, 0, 0, 0 ], [ 0, 766, 114, 70 ]
3759 / 4950: [ 0, 0, 0, 0, 0 ], [ 0, 766, 114, 70 ]
3760 / 4950: [ 0, 2, 0, 0, 0 ], [ 0, 766, 114, 70 ]
3761 / 4950: [ 0, 0, 0, 0, 0 ], [ 0, 766, 114, 70 ]
3762 / 4950: [ 0, 3, 0, 0, 0 ], [ 0, 766, 114, 70 ]
3763 / 4950: [ 0, 1, 0, 0, 0 ], [ 0, 766, 114, 70 ]
3764 / 4950: [ 0, 0, 1, 0, 0 ], [ 0, 766, 114, 70 ]
3765 / 4950: [ 0, 0, 0, 0, 0 ], [ 0, 766, 114, 70 ]
3766 / 4950: [ 0, 4, 0, 0, 0 ], [ 0, 767, 114, 70 ]
3767 / 4950: [ 0, 3, 0, 1, 0 ], [ 0, 767, 114, 71 ]
3768 / 4950: [ 0, 0, 0, 0, 0 ], [ 0, 767, 114, 71 ]
3769 / 4950: [ 0, 0, 0, 0, 0 ], [ 0, 767, 114, 71 ]
3770 / 4950: [ 0, 3, 0, 0, 0 ], [ 0, 767, 114, 71 ]
3771 / 4950: [ 0, 3, 0, 0, 0 ], [ 0, 767, 114, 71 ]
3772 / 4950: [ 0, 2, 0, 0, 0 ], [ 0, 767, 114, 71 ]
3773 / 4950: [ 0, 3, 0, 0, 0 ], [ 0, 767, 114, 71 ]
3774 / 4950: [ 0, 3, 0, 0, 0 ], [ 0, 767, 114, 71 ]
3775 / 4950: [ 0, 1, 0, 0, 0 ], [ 0, 767, 114, 71 ]
3776 / 4950: [ 0, 1, 1, 0, 0 ], [ 0, 767, 114, 71 ]
3777 / 4950: [ 0, 0, 0, 0, 0 ], [ 0, 767, 114, 71 ]
3778 / 4950: [ 0, 0, 0, 0, 0 ], [ 0, 767, 114, 71 ]
3779 / 4950: [ 0, 0, 0, 0, 0 ], [ 0, 767, 114, 71 ]
3780 / 4950: [ 0, 0, 0, 0, 0 ], [ 0, 767, 114, 71 ]
3781 / 4950: [ 0, 1, 0, 0, 0 ], [ 0, 767, 114, 71 ]
3782 / 4950: [ 0, 1, 0, 0, 0 ], [ 0, 767, 114, 71 ]
3783 / 4950: [ 0, 2, 1, 0, 0 ], [ 0, 767, 114, 71 ]
3784 / 4950: [ 0, 1, 0, 0, 0 ], [ 0, 767, 114, 71 ]
3785 / 4950: [ 0, 0, 0, 0, 0 ], [ 0, 767, 114, 71 ]
3786 / 4950: [ 0, 3, 0, 0, 0 ], [ 0, 767, 114, 71 ]
3787 / 4950: [ 0, 1, 1, 0, 0 ], [ 0, 767, 114, 71 ]
3788 / 4950: [ 0, 1, 0, 0, 0 ], [ 0, 767, 114, 71 ]
3789 / 4950: [ 0, 1, 0, 0, 0 ], [ 0, 767, 114, 71 ]
3790 / 4950: [ 0, 0, 0, 0, 0 ], [ 0, 767, 114, 71 ]
3791 / 4950: [ 0, 1, 0, 0, 0 ], [ 0, 767, 114, 71 ]
3792 / 4950: [ 0, 0, 0, 0, 0 ], [ 0, 767, 114, 71 ]
3793 / 4950: [ 0, 0, 0, 0, 0 ], [ 0, 767, 114, 71 ]
3794 / 4950: [ 0, 0, 1, 0, 0 ], [ 0, 767, 114, 71 ]
3795 / 4950: [ 0, 1, 0, 0, 0 ], [ 0, 767, 114, 71 ]
3796 / 4950: [ 0, 0, 1, 0, 0 ], [ 0, 767, 114, 71 ]
3797 / 4950: [ 0, 0, 1, 0, 0 ], [ 0, 767, 114, 71 ]
3798 / 4950: [ 0, 0, 0, 0, 0 ], [ 0, 767, 114, 71 ]
3799 / 4950: [ 0, 0, 0, 0, 0 ], [ 0, 767, 114, 71 ]
3800 / 4950: [ 0, 0, 0, 0, 0 ], [ 0, 767, 114, 71 ]
3801 / 4950: [ 0, 0, 0, 1, 0 ], [ 0, 767, 114, 71 ]
3802 / 4950: [ 0, 4, 0, 0, 0 ], [ 0, 768, 114, 71 ]
3803 / 4950: [ 0, 0, 0, 0, 0 ], [ 0, 768, 114, 71 ]
3804 / 4950: [ 0, 0, 0, 0, 0 ], [ 0, 768, 114, 71 ]
3805 / 4950: [ 0, 1, 0, 0, 0 ], [ 0, 768, 114, 71 ]
3806 / 4950: [ 0, 0, 0, 0, 0 ], [ 0, 768, 114, 71 ]
3807 / 4950: [ 0, 0, 0, 0, 0 ], [ 0, 768, 114, 71 ]
3808 / 4950: [ 0, 3, 0, 0, 0 ], [ 0, 768, 114, 71 ]
3809 / 4950: [ 0, 1, 0, 0, 0 ], [ 0, 768, 114, 71 ]
3810 / 4950: [ 0, 0, 0, 0, 0 ], [ 0, 768, 114, 71 ]
3811 / 4950: [ 0, 0, 0, 0, 0 ], [ 0, 768, 114, 71 ]
3812 / 4950: [ 0, 4, 0, 0, 0 ], [ 0, 769, 114, 71 ]
3813 / 4950: [ 0, 4, 0, 0, 0 ], [ 0, 770, 114, 71 ]
3814 / 4950: [ 0, 3, 0, 0, 0 ], [ 0, 770, 114, 71 ]
3815 / 4950: [ 0, 0, 0, 0, 0 ], [ 0, 770, 114, 71 ]
3816 / 4950: [ 0, 0, 0, 0, 0 ], [ 0, 770, 114, 71 ]
3817 / 4950: [ 0, 2, 0, 0, 0 ], [ 0, 770, 114, 71 ]
3818 / 4950: [ 0, 1, 0, 0, 0 ], [ 0, 770, 114, 71 ]
3819 / 4950: [ 0, 2, 1, 0, 0 ], [ 0, 770, 114, 71 ]
3820 / 4950: [ 0, 1, 0, 0, 0 ], [ 0, 770, 114, 71 ]
3821 / 4950: [ 0, 3, 0, 0, 0 ], [ 0, 770, 114, 71 ]
3822 / 4950: [ 0, 1, 1, 0, 0 ], [ 0, 770, 114, 71 ]
3823 / 4950: [ 0, 0, 0, 0, 0 ], [ 0, 770, 114, 71 ]
3824 / 4950: [ 0, 1, 0, 0, 0 ], [ 0, 770, 114, 71 ]
3825 / 4950: [ 0, 3, 1, 0, 0 ], [ 0, 770, 115, 71 ]
3826 / 4950: [ 0, 0, 0, 0, 0 ], [ 0, 770, 115, 71 ]
3827 / 4950: [ 0, 0, 0, 0, 0 ], [ 0, 770, 115, 71 ]
3828 / 4950: [ 0, 0, 0, 0, 0 ], [ 0, 770, 115, 71 ]
3829 / 4950: [ 0, 3, 0, 0, 0 ], [ 0, 770, 115, 71 ]
3830 / 4950: [ 0, 4, 0, 0, 0 ], [ 0, 771, 115, 71 ]
3831 / 4950: [ 0, 4, 0, 0, 0 ], [ 0, 772, 115, 71 ]
3832 / 4950: [ 0, 3, 1, 0, 0 ], [ 0, 772, 116, 71 ]
3833 / 4950: [ 0, 1, 0, 0, 0 ], [ 0, 772, 116, 71 ]
3834 / 4950: [ 0, 1, 0, 0, 0 ], [ 0, 772, 116, 71 ]
3835 / 4950: [ 0, 2, 1, 0, 0 ], [ 0, 772, 116, 71 ]
3836 / 4950: [ 0, 3, 0, 0, 0 ], [ 0, 772, 116, 71 ]
3837 / 4950: [ 0, 4, 0, 0, 0 ], [ 0, 773, 116, 71 ]
3838 / 4950: [ 0, 4, 0, 0, 0 ], [ 0, 774, 116, 71 ]
3839 / 4950: [ 0, 3, 0, 0, 0 ], [ 0, 774, 116, 71 ]
3840 / 4950: [ 0, 4, 0, 0, 0 ], [ 0, 775, 116, 71 ]
3841 / 4950: [ 0, 4, 0, 0, 0 ], [ 0, 776, 116, 71 ]
3842 / 4950: [ 0, 2, 0, 0, 0 ], [ 0, 776, 116, 71 ]
3843 / 4950: [ 0, 4, 0, 0, 0 ], [ 0, 777, 116, 71 ]
3844 / 4950: [ 0, 2, 0, 0, 0 ], [ 0, 777, 116, 71 ]
3845 / 4950: [ 0, 4, 0, 0, 0 ], [ 0, 778, 116, 71 ]
3846 / 4950: [ 0, 2, 0, 0, 0 ], [ 0, 778, 116, 71 ]
3847 / 4950: [ 0, 3, 0, 0, 0 ], [ 0, 778, 116, 71 ]
3848 / 4950: [ 0, 2, 0, 0, 0 ], [ 0, 778, 116, 71 ]
3849 / 4950: [ 0, 3, 0, 0, 0 ], [ 0, 778, 116, 71 ]
3850 / 4950: [ 0, 0, 0, 0, 0 ], [ 0, 778, 116, 71 ]
3851 / 4950: [ 0, 3, 0, 0, 0 ], [ 0, 778, 116, 71 ]
3852 / 4950: [ 0, 2, 0, 0, 0 ], [ 0, 778, 116, 71 ]
3853 / 4950: [ 0, 2, 0, 2, 0 ], [ 0, 778, 116, 72 ]
3854 / 4950: [ 0, 2, 0, 2, 0 ], [ 0, 778, 116, 73 ]
3855 / 4950: [ 0, 2, 0, 0, 0 ], [ 0, 778, 116, 73 ]
3856 / 4950: [ 0, 4, 0, 0, 0 ], [ 0, 779, 116, 73 ]
3857 / 4950: [ 0, 4, 0, 0, 0 ], [ 0, 780, 116, 73 ]
3858 / 4950: [ 0, 1, 0, 0, 0 ], [ 0, 780, 116, 73 ]
3859 / 4950: [ 0, 4, 0, 0, 0 ], [ 0, 781, 116, 73 ]
3860 / 4950: [ 0, 1, 0, 0, 0 ], [ 0, 781, 116, 73 ]
3861 / 4950: [ 0, 2, 0, 0, 0 ], [ 0, 781, 116, 73 ]
3862 / 4950: [ 0, 1, 0, 0, 0 ], [ 0, 781, 116, 73 ]
3863 / 4950: [ 0, 4, 0, 0, 0 ], [ 0, 782, 116, 73 ]
3864 / 4950: [ 0, 3, 0, 0, 0 ], [ 0, 782, 116, 73 ]
3865 / 4950: [ 0, 2, 0, 0, 0 ], [ 0, 782, 116, 73 ]
3866 / 4950: [ 0, 2, 0, 0, 0 ], [ 0, 782, 116, 73 ]
3867 / 4950: [ 0, 1, 0, 0, 0 ], [ 0, 782, 116, 73 ]
3868 / 4950: [ 0, 2, 0, 0, 0 ], [ 0, 782, 116, 73 ]
3869 / 4950: [ 0, 4, 0, 0, 0 ], [ 0, 783, 116, 73 ]
3870 / 4950: [ 0, 0, 0, 0, 0 ], [ 0, 783, 116, 73 ]
3871 / 4950: [ 0, 0, 0, 0, 0 ], [ 0, 783, 116, 73 ]
3872 / 4950: [ 0, 3, 0, 0, 0 ], [ 0, 783, 116, 73 ]
3873 / 4950: [ 0, 0, 1, 0, 0 ], [ 0, 783, 116, 73 ]
3874 / 4950: [ 0, 4, 0, 0, 0 ], [ 0, 784, 116, 73 ]
3875 / 4950: [ 0, 1, 0, 0, 0 ], [ 0, 784, 116, 73 ]
3876 / 4950: [ 0, 2, 0, 0, 0 ], [ 0, 784, 116, 73 ]
3877 / 4950: [ 0, 2, 0, 0, 0 ], [ 0, 784, 116, 73 ]
3878 / 4950: [ 0, 3, 0, 0, 0 ], [ 0, 784, 116, 73 ]
3879 / 4950: [ 0, 4, 0, 0, 0 ], [ 0, 785, 116, 73 ]
3880 / 4950: [ 0, 4, 0, 0, 0 ], [ 0, 786, 116, 73 ]
3881 / 4950: [ 0, 4, 0, 0, 0 ], [ 0, 787, 116, 73 ]
3882 / 4950: [ 0, 4, 0, 0, 0 ], [ 0, 788, 116, 73 ]
3883 / 4950: [ 0, 4, 0, 0, 0 ], [ 0, 789, 116, 73 ]
3884 / 4950: [ 0, 2, 1, 0, 0 ], [ 0, 789, 116, 73 ]
3885 / 4950: [ 0, 3, 1, 0, 0 ], [ 0, 789, 117, 73 ]
3886 / 4950: [ 0, 1, 0, 0, 0 ], [ 0, 789, 117, 73 ]
3887 / 4950: [ 0, 3, 0, 0, 0 ], [ 0, 789, 117, 73 ]
3888 / 4950: [ 0, 1, 0, 3, 0 ], [ 0, 789, 117, 74 ]
3889 / 4950: [ 0, 1, 0, 0, 0 ], [ 0, 789, 117, 74 ]
3890 / 4950: [ 0, 2, 1, 0, 0 ], [ 0, 789, 117, 74 ]
3891 / 4950: [ 0, 0, 0, 0, 0 ], [ 0, 789, 117, 74 ]
3892 / 4950: [ 0, 0, 0, 0, 0 ], [ 0, 789, 117, 74 ]
3893 / 4950: [ 0, 4, 0, 0, 0 ], [ 0, 790, 117, 74 ]
3894 / 4950: [ 0, 4, 0, 0, 0 ], [ 0, 791, 117, 74 ]
3895 / 4950: [ 0, 1, 0, 0, 0 ], [ 0, 791, 117, 74 ]
3896 / 4950: [ 0, 2, 1, 0, 0 ], [ 0, 791, 117, 74 ]
3897 / 4950: [ 0, 2, 1, 0, 0 ], [ 0, 791, 117, 74 ]
3898 / 4950: [ 0, 2, 0, 0, 0 ], [ 0, 791, 117, 74 ]
3899 / 4950: [ 0, 0, 0, 0, 0 ], [ 0, 791, 117, 74 ]
3900 / 4950: [ 0, 0, 0, 0, 0 ], [ 0, 791, 117, 74 ]
3901 / 4950: [ 0, 0, 0, 0, 0 ], [ 0, 791, 117, 74 ]
3902 / 4950: [ 0, 1, 0, 0, 0 ], [ 0, 791, 117, 74 ]
3903 / 4950: [ 0, 3, 0, 0, 0 ], [ 0, 791, 117, 74 ]
3904 / 4950: [ 0, 1, 0, 0, 0 ], [ 0, 791, 117, 74 ]
3905 / 4950: [ 0, 0, 1, 0, 0 ], [ 0, 791, 117, 74 ]
3906 / 4950: [ 0, 4, 0, 0, 0 ], [ 0, 792, 117, 74 ]
3907 / 4950: [ 0, 3, 0, 0, 0 ], [ 0, 792, 117, 74 ]
3908 / 4950: [ 0, 1, 0, 0, 0 ], [ 0, 792, 117, 74 ]
3909 / 4950: [ 0, 4, 0, 0, 0 ], [ 0, 793, 117, 74 ]
3910 / 4950: [ 0, 2, 0, 0, 0 ], [ 0, 793, 117, 74 ]
3911 / 4950: [ 0, 2, 0, 0, 0 ], [ 0, 793, 117, 74 ]
3912 / 4950: [ 0, 1, 0, 0, 0 ], [ 0, 793, 117, 74 ]
3913 / 4950: [ 0, 1, 0, 1, 0 ], [ 0, 793, 117, 74 ]
3914 / 4950: [ 0, 2, 0, 0, 0 ], [ 0, 793, 117, 74 ]
3915 / 4950: [ 0, 1, 0, 0, 0 ], [ 0, 793, 117, 74 ]
3916 / 4950: [ 0, 0, 0, 0, 0 ], [ 0, 793, 117, 74 ]
3917 / 4950: [ 0, 2, 0, 0, 0 ], [ 0, 793, 117, 74 ]
3918 / 4950: [ 0, 1, 0, 0, 0 ], [ 0, 793, 117, 74 ]
3919 / 4950: [ 0, 4, 0, 0, 0 ], [ 0, 794, 117, 74 ]
3920 / 4950: [ 0, 4, 0, 0, 0 ], [ 0, 795, 117, 74 ]
3921 / 4950: [ 0, 2, 0, 0, 0 ], [ 0, 795, 117, 74 ]
3922 / 4950: [ 0, 3, 0, 0, 0 ], [ 0, 795, 117, 74 ]
3923 / 4950: [ 0, 4, 0, 0, 0 ], [ 0, 796, 117, 74 ]
3924 / 4950: [ 0, 4, 0, 0, 0 ], [ 0, 797, 117, 74 ]
3925 / 4950: [ 0, 0, 0, 0, 0 ], [ 0, 797, 117, 74 ]
3926 / 4950: [ 0, 4, 0, 0, 0 ], [ 0, 798, 117, 74 ]
3927 / 4950: [ 0, 2, 0, 0, 0 ], [ 0, 798, 117, 74 ]
3928 / 4950: [ 0, 2, 0, 0, 0 ], [ 0, 798, 117, 74 ]
3929 / 4950: [ 0, 0, 0, 0, 0 ], [ 0, 798, 117, 74 ]
3930 / 4950: [ 0, 1, 0, 0, 0 ], [ 0, 798, 117, 74 ]
3931 / 4950: [ 0, 0, 0, 0, 0 ], [ 0, 798, 117, 74 ]
3932 / 4950: [ 0, 4, 0, 0, 0 ], [ 0, 799, 117, 74 ]
3933 / 4950: [ 0, 4, 0, 0, 0 ], [ 0, 800, 117, 74 ]
3934 / 4950: [ 0, 1, 0, 0, 0 ], [ 0, 800, 117, 74 ]
3935 / 4950: [ 0, 4, 0, 0, 0 ], [ 0, 801, 117, 74 ]
3936 / 4950: [ 0, 2, 0, 0, 0 ], [ 0, 801, 117, 74 ]
3937 / 4950: [ 0, 2, 0, 0, 0 ], [ 0, 801, 117, 74 ]
3938 / 4950: [ 0, 2, 0, 0, 0 ], [ 0, 801, 117, 74 ]
3939 / 4950: [ 0, 0, 0, 0, 0 ], [ 0, 801, 117, 74 ]
3940 / 4950: [ 0, 2, 0, 0, 0 ], [ 0, 801, 117, 74 ]
3941 / 4950: [ 0, 2, 0, 0, 0 ], [ 0, 801, 117, 74 ]
3942 / 4950: [ 0, 0, 0, 2, 0 ], [ 0, 801, 117, 74 ]
3943 / 4950: [ 0, 1, 0, 0, 0 ], [ 0, 801, 117, 74 ]
3944 / 4950: [ 0, 3, 0, 0, 0 ], [ 0, 801, 117, 74 ]
3945 / 4950: [ 0, 4, 0, 0, 0 ], [ 0, 802, 117, 74 ]
3946 / 4950: [ 0, 1, 0, 0, 0 ], [ 0, 802, 117, 74 ]
3947 / 4950: [ 0, 0, 0, 0, 0 ], [ 0, 802, 117, 74 ]
3948 / 4950: [ 0, 4, 0, 0, 0 ], [ 0, 803, 117, 74 ]
3949 / 4950: [ 0, 2, 0, 0, 0 ], [ 0, 803, 117, 74 ]
3950 / 4950: [ 0, 2, 0, 0, 0 ], [ 0, 803, 117, 74 ]
3951 / 4950: [ 0, 4, 0, 0, 0 ], [ 0, 804, 117, 74 ]
3952 / 4950: [ 0, 4, 0, 0, 0 ], [ 0, 805, 117, 74 ]
3953 / 4950: [ 0, 4, 0, 0, 0 ], [ 0, 806, 117, 74 ]
3954 / 4950: [ 0, 0, 0, 0, 0 ], [ 0, 806, 117, 74 ]
3955 / 4950: [ 0, 3, 0, 0, 0 ], [ 0, 806, 117, 74 ]
3956 / 4950: [ 0, 4, 0, 0, 0 ], [ 0, 807, 117, 74 ]
3957 / 4950: [ 0, 1, 0, 0, 0 ], [ 0, 807, 117, 74 ]
3958 / 4950: [ 0, 0, 0, 0, 0 ], [ 0, 807, 117, 74 ]
3959 / 4950: [ 0, 0, 0, 0, 0 ], [ 0, 807, 117, 74 ]
3960 / 4950: [ 0, 4, 0, 0, 0 ], [ 0, 808, 117, 74 ]
3961 / 4950: [ 0, 0, 0, 0, 0 ], [ 0, 808, 117, 74 ]
3962 / 4950: [ 0, 2, 0, 0, 0 ], [ 0, 808, 117, 74 ]
3963 / 4950: [ 0, 2, 0, 0, 0 ], [ 0, 808, 117, 74 ]
3964 / 4950: [ 0, 0, 0, 0, 0 ], [ 0, 808, 117, 74 ]
3965 / 4950: [ 0, 1, 0, 0, 0 ], [ 0, 808, 117, 74 ]
3966 / 4950: [ 0, 2, 0, 0, 0 ], [ 0, 808, 117, 74 ]
3967 / 4950: [ 0, 2, 0, 0, 0 ], [ 0, 808, 117, 74 ]
3968 / 4950: [ 0, 0, 0, 0, 0 ], [ 0, 808, 117, 74 ]
3969 / 4950: [ 0, 1, 0, 0, 0 ], [ 0, 808, 117, 74 ]
3970 / 4950: [ 0, 4, 0, 0, 0 ], [ 0, 809, 117, 74 ]
3971 / 4950: [ 0, 2, 0, 0, 0 ], [ 0, 809, 117, 74 ]
3972 / 4950: [ 0, 1, 0, 0, 0 ], [ 0, 809, 117, 74 ]
3973 / 4950: [ 0, 1, 0, 0, 0 ], [ 0, 809, 117, 74 ]
3974 / 4950: [ 0, 2, 0, 0, 0 ], [ 0, 809, 117, 74 ]
3975 / 4950: [ 0, 4, 0, 0, 0 ], [ 0, 810, 117, 74 ]
3976 / 4950: [ 0, 3, 0, 1, 0 ], [ 0, 810, 117, 75 ]
3977 / 4950: [ 0, 1, 0, 0, 0 ], [ 0, 810, 117, 75 ]
3978 / 4950: [ 0, 2, 0, 0, 0 ], [ 0, 810, 117, 75 ]
3979 / 4950: [ 0, 1, 0, 0, 0 ], [ 0, 810, 117, 75 ]
3980 / 4950: [ 0, 2, 0, 0, 0 ], [ 0, 810, 117, 75 ]
3981 / 4950: [ 0, 2, 0, 0, 0 ], [ 0, 810, 117, 75 ]
3982 / 4950: [ 0, 4, 0, 0, 0 ], [ 0, 811, 117, 75 ]
3983 / 4950: [ 0, 0, 0, 0, 0 ], [ 0, 811, 117, 75 ]
3984 / 4950: [ 0, 1, 1, 0, 0 ], [ 0, 811, 117, 75 ]
3985 / 4950: [ 0, 1, 0, 0, 0 ], [ 0, 811, 117, 75 ]
3986 / 4950: [ 0, 1, 0, 0, 0 ], [ 0, 811, 117, 75 ]
3987 / 4950: [ 0, 0, 0, 0, 0 ], [ 0, 811, 117, 75 ]
3988 / 4950: [ 0, 0, 0, 0, 0 ], [ 0, 811, 117, 75 ]
3989 / 4950: [ 0, 1, 0, 0, 0 ], [ 0, 811, 117, 75 ]
3990 / 4950: [ 0, 0, 0, 0, 0 ], [ 0, 811, 117, 75 ]
3991 / 4950: [ 0, 4, 0, 0, 0 ], [ 0, 812, 117, 75 ]
3992 / 4950: [ 0, 0, 0, 0, 0 ], [ 0, 812, 117, 75 ]
3993 / 4950: [ 0, 0, 0, 0, 0 ], [ 0, 812, 117, 75 ]
3994 / 4950: [ 0, 3, 0, 0, 0 ], [ 0, 812, 117, 75 ]
3995 / 4950: [ 0, 0, 0, 0, 0 ], [ 0, 812, 117, 75 ]
3996 / 4950: [ 0, 2, 0, 0, 0 ], [ 0, 812, 117, 75 ]
3997 / 4950: [ 0, 2, 0, 0, 0 ], [ 0, 812, 117, 75 ]
3998 / 4950: [ 0, 4, 0, 0, 0 ], [ 0, 813, 117, 75 ]
3999 / 4950: [ 0, 1, 0, 0, 0 ], [ 0, 813, 117, 75 ]
4000 / 4950: [ 0, 1, 0, 0, 0 ], [ 0, 813, 117, 75 ]
4001 / 4950: [ 0, 1, 0, 0, 0 ], [ 0, 813, 117, 75 ]
4002 / 4950: [ 0, 2, 0, 0, 0 ], [ 0, 813, 117, 75 ]
4003 / 4950: [ 0, 4, 0, 0, 0 ], [ 0, 814, 117, 75 ]
4004 / 4950: [ 0, 0, 0, 0, 0 ], [ 0, 814, 117, 75 ]
4005 / 4950: [ 0, 2, 0, 0, 0 ], [ 0, 814, 117, 75 ]
4006 / 4950: [ 0, 4, 0, 0, 0 ], [ 0, 815, 117, 75 ]
4007 / 4950: [ 0, 0, 0, 0, 0 ], [ 0, 815, 117, 75 ]
4008 / 4950: [ 0, 3, 0, 0, 0 ], [ 0, 815, 117, 75 ]
4009 / 4950: [ 0, 4, 0, 0, 0 ], [ 0, 816, 117, 75 ]
4010 / 4950: [ 0, 2, 0, 0, 0 ], [ 0, 816, 117, 75 ]
4011 / 4950: [ 0, 4, 0, 0, 0 ], [ 0, 817, 117, 75 ]
4012 / 4950: [ 0, 3, 0, 0, 0 ], [ 0, 817, 117, 75 ]
4013 / 4950: [ 0, 2, 0, 0, 0 ], [ 0, 817, 117, 75 ]
4014 / 4950: [ 0, 4, 0, 0, 0 ], [ 0, 818, 117, 75 ]
4015 / 4950: [ 0, 4, 0, 0, 0 ], [ 0, 819, 117, 75 ]
4016 / 4950: [ 0, 4, 0, 0, 0 ], [ 0, 820, 117, 75 ]
4017 / 4950: [ 0, 4, 0, 0, 0 ], [ 0, 821, 117, 75 ]
4018 / 4950: [ 0, 4, 0, 0, 0 ], [ 0, 822, 117, 75 ]
4019 / 4950: [ 0, 4, 0, 0, 0 ], [ 0, 823, 117, 75 ]
4020 / 4950: [ 0, 4, 0, 0, 0 ], [ 0, 824, 117, 75 ]
4021 / 4950: [ 0, 2, 0, 0, 0 ], [ 0, 824, 117, 75 ]
4022 / 4950: [ 0, 2, 0, 0, 0 ], [ 0, 824, 117, 75 ]
4023 / 4950: [ 0, 0, 0, 0, 0 ], [ 0, 824, 117, 75 ]
4024 / 4950: [ 0, 3, 0, 0, 0 ], [ 0, 824, 117, 75 ]
4025 / 4950: [ 0, 0, 0, 0, 0 ], [ 0, 824, 117, 75 ]
4026 / 4950: [ 0, 4, 0, 0, 0 ], [ 0, 825, 117, 75 ]
4027 / 4950: [ 0, 2, 1, 0, 0 ], [ 0, 825, 117, 75 ]
4028 / 4950: [ 0, 2, 1, 0, 0 ], [ 0, 825, 117, 75 ]
4029 / 4950: [ 0, 0, 0, 0, 0 ], [ 0, 825, 117, 75 ]
4030 / 4950: [ 0, 4, 0, 0, 0 ], [ 0, 826, 117, 75 ]
4031 / 4950: [ 0, 4, 0, 0, 0 ], [ 0, 827, 117, 75 ]
4032 / 4950: [ 0, 2, 0, 0, 0 ], [ 0, 827, 117, 75 ]
4033 / 4950: [ 0, 4, 0, 0, 0 ], [ 0, 828, 117, 75 ]
4034 / 4950: [ 0, 3, 0, 0, 0 ], [ 0, 828, 117, 75 ]
4035 / 4950: [ 0, 1, 0, 0, 0 ], [ 0, 828, 117, 75 ]
4036 / 4950: [ 0, 3, 1, 0, 0 ], [ 0, 828, 118, 75 ]
4037 / 4950: [ 0, 3, 0, 0, 0 ], [ 0, 828, 118, 75 ]
4038 / 4950: [ 0, 4, 0, 0, 0 ], [ 0, 829, 118, 75 ]
4039 / 4950: [ 0, 4, 0, 0, 0 ], [ 0, 830, 118, 75 ]
4040 / 4950: [ 0, 4, 0, 0, 0 ], [ 0, 831, 118, 75 ]
4041 / 4950: [ 0, 3, 0, 0, 0 ], [ 0, 831, 118, 75 ]
4042 / 4950: [ 0, 3, 0, 0, 0 ], [ 0, 831, 118, 75 ]
4043 / 4950: [ 0, 0, 0, 0, 0 ], [ 0, 831, 118, 75 ]
4044 / 4950: [ 0, 0, 0, 0, 0 ], [ 0, 831, 118, 75 ]
4045 / 4950: [ 0, 2, 0, 0, 0 ], [ 0, 831, 118, 75 ]
4046 / 4950: [ 0, 2, 1, 0, 0 ], [ 0, 831, 118, 75 ]
4047 / 4950: [ 0, 3, 0, 0, 0 ], [ 0, 831, 118, 75 ]
4048 / 4950: [ 0, 4, 0, 0, 0 ], [ 0, 832, 118, 75 ]
4049 / 4950: [ 0, 4, 0, 0, 0 ], [ 0, 833, 118, 75 ]
4050 / 4950: [ 0, 4, 0, 0, 0 ], [ 0, 834, 118, 75 ]
4051 / 4950: [ 0, 3, 1, 0, 0 ], [ 0, 834, 119, 75 ]
4052 / 4950: [ 0, 0, 0, 0, 0 ], [ 0, 834, 119, 75 ]
4053 / 4950: [ 0, 2, 1, 0, 0 ], [ 0, 834, 119, 75 ]
4054 / 4950: [ 0, 4, 0, 0, 0 ], [ 0, 835, 119, 75 ]
4055 / 4950: [ 0, 4, 0, 0, 0 ], [ 0, 836, 119, 75 ]
4056 / 4950: [ 0, 4, 0, 0, 0 ], [ 0, 837, 119, 75 ]
4057 / 4950: [ 0, 2, 1, 0, 0 ], [ 0, 837, 119, 75 ]
4058 / 4950: [ 0, 0, 0, 0, 0 ], [ 0, 837, 119, 75 ]
4059 / 4950: [ 0, 3, 1, 0, 0 ], [ 0, 837, 120, 75 ]
4060 / 4950: [ 0, 3, 0, 0, 0 ], [ 0, 837, 120, 75 ]
4061 / 4950: [ 0, 2, 1, 0, 0 ], [ 0, 837, 120, 75 ]
4062 / 4950: [ 0, 0, 1, 0, 0 ], [ 0, 837, 120, 75 ]
4063 / 4950: [ 0, 2, 0, 0, 0 ], [ 0, 837, 120, 75 ]
4064 / 4950: [ 0, 1, 0, 0, 0 ], [ 0, 837, 120, 75 ]
4065 / 4950: [ 0, 1, 0, 3, 0 ], [ 0, 837, 120, 76 ]
4066 / 4950: [ 0, 4, 0, 0, 0 ], [ 0, 838, 120, 76 ]
4067 / 4950: [ 0, 3, 0, 0, 0 ], [ 0, 838, 120, 76 ]
4068 / 4950: [ 0, 0, 0, 0, 0 ], [ 0, 838, 120, 76 ]
4069 / 4950: [ 0, 0, 0, 0, 0 ], [ 0, 838, 120, 76 ]
4070 / 4950: [ 0, 1, 0, 0, 0 ], [ 0, 838, 120, 76 ]
4071 / 4950: [ 0, 2, 1, 0, 0 ], [ 0, 838, 120, 76 ]
4072 / 4950: [ 0, 3, 0, 0, 0 ], [ 0, 838, 120, 76 ]
4073 / 4950: [ 0, 4, 0, 0, 0 ], [ 0, 839, 120, 76 ]
4074 / 4950: [ 0, 4, 0, 0, 0 ], [ 0, 840, 120, 76 ]
4075 / 4950: [ 0, 2, 0, 0, 0 ], [ 0, 840, 120, 76 ]
4076 / 4950: [ 0, 3, 1, 0, 0 ], [ 0, 840, 121, 76 ]
4077 / 4950: [ 0, 2, 1, 0, 0 ], [ 0, 840, 121, 76 ]
4078 / 4950: [ 0, 2, 0, 0, 0 ], [ 0, 840, 121, 76 ]
4079 / 4950: [ 0, 3, 0, 0, 0 ], [ 0, 840, 121, 76 ]
4080 / 4950: [ 0, 1, 0, 0, 0 ], [ 0, 840, 121, 76 ]
4081 / 4950: [ 0, 1, 1, 0, 0 ], [ 0, 840, 121, 76 ]
4082 / 4950: [ 0, 2, 0, 0, 0 ], [ 0, 840, 121, 76 ]
4083 / 4950: [ 0, 3, 1, 0, 0 ], [ 0, 840, 122, 76 ]
4084 / 4950: [ 0, 2, 0, 0, 0 ], [ 0, 840, 122, 76 ]
4085 / 4950: [ 0, 3, 0, 0, 0 ], [ 0, 840, 122, 76 ]
4086 / 4950: [ 0, 3, 0, 0, 0 ], [ 0, 840, 122, 76 ]
4087 / 4950: [ 0, 3, 0, 0, 0 ], [ 0, 840, 122, 76 ]
4088 / 4950: [ 0, 4, 0, 0, 0 ], [ 0, 841, 122, 76 ]
4089 / 4950: [ 0, 2, 0, 0, 0 ], [ 0, 841, 122, 76 ]
4090 / 4950: [ 0, 0, 0, 0, 0 ], [ 0, 841, 122, 76 ]
4091 / 4950: [ 0, 1, 0, 0, 0 ], [ 0, 841, 122, 76 ]
4092 / 4950: [ 0, 3, 0, 0, 0 ], [ 0, 841, 122, 76 ]
4093 / 4950: [ 0, 2, 0, 0, 0 ], [ 0, 841, 122, 76 ]
4094 / 4950: [ 0, 3, 0, 0, 0 ], [ 0, 841, 122, 76 ]
4095 / 4950: [ 0, 2, 0, 0, 0 ], [ 0, 841, 122, 76 ]
4096 / 4950: [ 0, 2, 0, 0, 0 ], [ 0, 841, 122, 76 ]
4097 / 4950: [ 0, 4, 0, 0, 0 ], [ 0, 842, 122, 76 ]
4098 / 4950: [ 0, 3, 0, 0, 0 ], [ 0, 842, 122, 76 ]
4099 / 4950: [ 0, 1, 0, 0, 0 ], [ 0, 842, 122, 76 ]
4100 / 4950: [ 0, 1, 0, 0, 0 ], [ 0, 842, 122, 76 ]
4101 / 4950: [ 0, 2, 0, 0, 0 ], [ 0, 842, 122, 76 ]
4102 / 4950: [ 0, 4, 0, 0, 0 ], [ 0, 843, 122, 76 ]
4103 / 4950: [ 0, 0, 0, 0, 0 ], [ 0, 843, 122, 76 ]
4104 / 4950: [ 0, 3, 0, 0, 0 ], [ 0, 843, 122, 76 ]
4105 / 4950: [ 0, 3, 1, 0, 0 ], [ 0, 843, 123, 76 ]
4106 / 4950: [ 0, 1, 0, 0, 0 ], [ 0, 843, 123, 76 ]
4107 / 4950: [ 0, 0, 0, 0, 0 ], [ 0, 843, 123, 76 ]
4108 / 4950: [ 0, 4, 0, 0, 0 ], [ 0, 844, 123, 76 ]
4109 / 4950: [ 0, 4, 0, 0, 0 ], [ 0, 845, 123, 76 ]
4110 / 4950: [ 0, 2, 0, 0, 0 ], [ 0, 845, 123, 76 ]
4111 / 4950: [ 0, 0, 0, 0, 0 ], [ 0, 845, 123, 76 ]
4112 / 4950: [ 0, 0, 0, 0, 0 ], [ 0, 845, 123, 76 ]
4113 / 4950: [ 0, 2, 0, 0, 0 ], [ 0, 845, 123, 76 ]
4114 / 4950: [ 0, 0, 0, 0, 0 ], [ 0, 845, 123, 76 ]
4115 / 4950: [ 0, 3, 0, 0, 0 ], [ 0, 845, 123, 76 ]
4116 / 4950: [ 0, 1, 0, 0, 0 ], [ 0, 845, 123, 76 ]
4117 / 4950: [ 0, 0, 0, 0, 0 ], [ 0, 845, 123, 76 ]
4118 / 4950: [ 0, 4, 0, 0, 0 ], [ 0, 846, 123, 76 ]
4119 / 4950: [ 0, 4, 0, 0, 0 ], [ 0, 847, 123, 76 ]
4120 / 4950: [ 0, 3, 0, 1, 0 ], [ 0, 847, 123, 77 ]
4121 / 4950: [ 0, 1, 0, 3, 0 ], [ 0, 847, 123, 78 ]
4122 / 4950: [ 0, 0, 0, 0, 0 ], [ 0, 847, 123, 78 ]
4123 / 4950: [ 0, 1, 1, 0, 0 ], [ 0, 847, 123, 78 ]
4124 / 4950: [ 0, 1, 0, 0, 0 ], [ 0, 847, 123, 78 ]
4125 / 4950: [ 0, 3, 0, 0, 0 ], [ 0, 847, 123, 78 ]
4126 / 4950: [ 0, 0, 0, 0, 0 ], [ 0, 847, 123, 78 ]
4127 / 4950: [ 0, 1, 0, 0, 0 ], [ 0, 847, 123, 78 ]
4128 / 4950: [ 0, 0, 0, 0, 0 ], [ 0, 847, 123, 78 ]
4129 / 4950: [ 0, 1, 0, 0, 0 ], [ 0, 847, 123, 78 ]
4130 / 4950: [ 0, 0, 0, 0, 0 ], [ 0, 847, 123, 78 ]
4131 / 4950: [ 0, 2, 0, 0, 0 ], [ 0, 847, 123, 78 ]
4132 / 4950: [ 0, 1, 0, 0, 0 ], [ 0, 847, 123, 78 ]
4133 / 4950: [ 0, 4, 0, 0, 0 ], [ 0, 848, 123, 78 ]
4134 / 4950: [ 0, 0, 0, 0, 0 ], [ 0, 848, 123, 78 ]
4135 / 4950: [ 0, 0, 0, 0, 0 ], [ 0, 848, 123, 78 ]
4136 / 4950: [ 0, 1, 0, 0, 0 ], [ 0, 848, 123, 78 ]
4137 / 4950: [ 0, 1, 0, 0, 0 ], [ 0, 848, 123, 78 ]
4138 / 4950: [ 0, 0, 0, 0, 0 ], [ 0, 848, 123, 78 ]
4139 / 4950: [ 0, 0, 0, 0, 0 ], [ 0, 848, 123, 78 ]
4140 / 4950: [ 0, 1, 0, 0, 0 ], [ 0, 848, 123, 78 ]
4141 / 4950: [ 0, 2, 0, 0, 0 ], [ 0, 848, 123, 78 ]
4142 / 4950: [ 0, 3, 0, 0, 0 ], [ 0, 848, 123, 78 ]
4143 / 4950: [ 0, 2, 0, 0, 0 ], [ 0, 848, 123, 78 ]
4144 / 4950: [ 0, 1, 0, 0, 0 ], [ 0, 848, 123, 78 ]
4145 / 4950: [ 0, 0, 0, 0, 0 ], [ 0, 848, 123, 78 ]
4146 / 4950: [ 0, 0, 0, 0, 0 ], [ 0, 848, 123, 78 ]
4147 / 4950: [ 0, 1, 0, 0, 0 ], [ 0, 848, 123, 78 ]
4148 / 4950: [ 0, 4, 0, 0, 0 ], [ 0, 849, 123, 78 ]
4149 / 4950: [ 0, 4, 0, 0, 0 ], [ 0, 850, 123, 78 ]
4150 / 4950: [ 0, 2, 0, 0, 0 ], [ 0, 850, 123, 78 ]
4151 / 4950: [ 0, 1, 0, 0, 0 ], [ 0, 850, 123, 78 ]
4152 / 4950: [ 0, 2, 0, 0, 0 ], [ 0, 850, 123, 78 ]
4153 / 4950: [ 0, 1, 0, 0, 0 ], [ 0, 850, 123, 78 ]
4154 / 4950: [ 0, 2, 0, 0, 0 ], [ 0, 850, 123, 78 ]
4155 / 4950: [ 0, 1, 0, 0, 0 ], [ 0, 850, 123, 78 ]
4156 / 4950: [ 0, 2, 0, 0, 0 ], [ 0, 850, 123, 78 ]
4157 / 4950: [ 0, 0, 0, 0, 0 ], [ 0, 850, 123, 78 ]
4158 / 4950: [ 0, 0, 0, 0, 0 ], [ 0, 850, 123, 78 ]
4159 / 4950: [ 0, 2, 0, 0, 0 ], [ 0, 850, 123, 78 ]
4160 / 4950: [ 0, 1, 0, 0, 0 ], [ 0, 850, 123, 78 ]
4161 / 4950: [ 0, 4, 0, 0, 0 ], [ 0, 851, 123, 78 ]
4162 / 4950: [ 0, 1, 0, 0, 0 ], [ 0, 851, 123, 78 ]
4163 / 4950: [ 0, 1, 0, 0, 0 ], [ 0, 851, 123, 78 ]
4164 / 4950: [ 0, 0, 0, 0, 0 ], [ 0, 851, 123, 78 ]
4165 / 4950: [ 0, 0, 0, 0, 0 ], [ 0, 851, 123, 78 ]
4166 / 4950: [ 0, 1, 0, 0, 0 ], [ 0, 851, 123, 78 ]
4167 / 4950: [ 0, 0, 1, 0, 0 ], [ 0, 851, 123, 78 ]
4168 / 4950: [ 0, 1, 0, 0, 0 ], [ 0, 851, 123, 78 ]
4169 / 4950: [ 0, 0, 0, 0, 0 ], [ 0, 851, 123, 78 ]
4170 / 4950: [ 0, 0, 0, 0, 0 ], [ 0, 851, 123, 78 ]
4171 / 4950: [ 0, 0, 0, 0, 0 ], [ 0, 851, 123, 78 ]
4172 / 4950: [ 0, 0, 0, 0, 0 ], [ 0, 851, 123, 78 ]
4173 / 4950: [ 0, 4, 0, 0, 0 ], [ 0, 852, 123, 78 ]
4174 / 4950: [ 0, 0, 0, 0, 0 ], [ 0, 852, 123, 78 ]
4175 / 4950: [ 0, 3, 0, 0, 0 ], [ 0, 852, 123, 78 ]
4176 / 4950: [ 0, 0, 0, 0, 0 ], [ 0, 852, 123, 78 ]
4177 / 4950: [ 0, 4, 0, 0, 0 ], [ 0, 853, 123, 78 ]
4178 / 4950: [ 0, 2, 0, 0, 0 ], [ 0, 853, 123, 78 ]
4179 / 4950: [ 0, 2, 0, 0, 0 ], [ 0, 853, 123, 78 ]
4180 / 4950: [ 0, 1, 0, 2, 0 ], [ 0, 853, 123, 78 ]
4181 / 4950: [ 0, 1, 0, 0, 0 ], [ 0, 853, 123, 78 ]
4182 / 4950: [ 0, 0, 0, 0, 0 ], [ 0, 853, 123, 78 ]
4183 / 4950: [ 0, 0, 1, 0, 0 ], [ 0, 853, 123, 78 ]
4184 / 4950: [ 0, 1, 0, 0, 0 ], [ 0, 853, 123, 78 ]
4185 / 4950: [ 0, 1, 0, 0, 0 ], [ 0, 853, 123, 78 ]
4186 / 4950: [ 0, 0, 0, 0, 0 ], [ 0, 853, 123, 78 ]
4187 / 4950: [ 0, 2, 0, 0, 0 ], [ 0, 853, 123, 78 ]
4188 / 4950: [ 0, 2, 0, 0, 0 ], [ 0, 853, 123, 78 ]
4189 / 4950: [ 0, 4, 0, 0, 0 ], [ 0, 854, 123, 78 ]
4190 / 4950: [ 0, 4, 0, 0, 0 ], [ 0, 855, 123, 78 ]
4191 / 4950: [ 0, 1, 0, 0, 0 ], [ 0, 855, 123, 78 ]
4192 / 4950: [ 0, 3, 0, 0, 0 ], [ 0, 855, 123, 78 ]
4193 / 4950: [ 0, 3, 0, 0, 0 ], [ 0, 855, 123, 78 ]
4194 / 4950: [ 0, 4, 0, 0, 0 ], [ 0, 856, 123, 78 ]
4195 / 4950: [ 0, 0, 0, 0, 0 ], [ 0, 856, 123, 78 ]
4196 / 4950: [ 0, 4, 0, 0, 0 ], [ 0, 857, 123, 78 ]
4197 / 4950: [ 0, 4, 0, 0, 0 ], [ 0, 858, 123, 78 ]
4198 / 4950: [ 0, 2, 2, 0, 0 ], [ 0, 858, 124, 78 ]
4199 / 4950: [ 0, 0, 0, 0, 0 ], [ 0, 858, 124, 78 ]
4200 / 4950: [ 0, 0, 0, 0, 0 ], [ 0, 858, 124, 78 ]
4201 / 4950: [ 0, 1, 1, 0, 0 ], [ 0, 858, 124, 78 ]
4202 / 4950: [ 0, 4, 0, 0, 0 ], [ 0, 859, 124, 78 ]
4203 / 4950: [ 0, 4, 0, 0, 0 ], [ 0, 860, 124, 78 ]
4204 / 4950: [ 0, 1, 0, 0, 0 ], [ 0, 860, 124, 78 ]
4205 / 4950: [ 0, 4, 0, 0, 0 ], [ 0, 861, 124, 78 ]
4206 / 4950: [ 0, 0, 0, 0, 0 ], [ 0, 861, 124, 78 ]
4207 / 4950: [ 0, 4, 0, 0, 0 ], [ 0, 862, 124, 78 ]
4208 / 4950: [ 0, 3, 0, 0, 0 ], [ 0, 862, 124, 78 ]
4209 / 4950: [ 0, 0, 0, 0, 0 ], [ 0, 862, 124, 78 ]
4210 / 4950: [ 0, 2, 0, 0, 0 ], [ 0, 862, 124, 78 ]
4211 / 4950: [ 0, 2, 0, 1, 1 ], [ 0, 862, 124, 79 ]
4212 / 4950: [ 0, 2, 1, 1, 0 ], [ 0, 862, 124, 80 ]
4213 / 4950: [ 0, 0, 0, 0, 0 ], [ 0, 862, 124, 80 ]
4214 / 4950: [ 0, 4, 0, 0, 0 ], [ 0, 863, 124, 80 ]
4215 / 4950: [ 0, 4, 0, 0, 0 ], [ 0, 864, 124, 80 ]
4216 / 4950: [ 0, 2, 0, 0, 0 ], [ 0, 864, 124, 80 ]
4217 / 4950: [ 0, 0, 0, 0, 0 ], [ 0, 864, 124, 80 ]
4218 / 4950: [ 0, 4, 0, 0, 0 ], [ 0, 865, 124, 80 ]
4219 / 4950: [ 0, 2, 1, 0, 0 ], [ 0, 865, 124, 80 ]
4220 / 4950: [ 0, 2, 0, 0, 0 ], [ 0, 865, 124, 80 ]
4221 / 4950: [ 0, 4, 0, 0, 0 ], [ 0, 866, 124, 80 ]
4222 / 4950: [ 0, 4, 0, 0, 0 ], [ 0, 867, 124, 80 ]
4223 / 4950: [ 0, 3, 0, 0, 0 ], [ 0, 867, 124, 80 ]
4224 / 4950: [ 0, 0, 0, 0, 0 ], [ 0, 867, 124, 80 ]
4225 / 4950: [ 0, 1, 1, 0, 0 ], [ 0, 867, 124, 80 ]
4226 / 4950: [ 0, 4, 0, 0, 0 ], [ 0, 868, 124, 80 ]
4227 / 4950: [ 0, 0, 1, 0, 0 ], [ 0, 868, 124, 80 ]
4228 / 4950: [ 0, 1, 0, 0, 0 ], [ 0, 868, 124, 80 ]
4229 / 4950: [ 0, 1, 0, 0, 0 ], [ 0, 868, 124, 80 ]
4230 / 4950: [ 0, 4, 0, 0, 0 ], [ 0, 869, 124, 80 ]
4231 / 4950: [ 0, 1, 0, 0, 0 ], [ 0, 869, 124, 80 ]
4232 / 4950: [ 0, 3, 0, 0, 0 ], [ 0, 869, 124, 80 ]
4233 / 4950: [ 0, 1, 0, 0, 0 ], [ 0, 869, 124, 80 ]
4234 / 4950: [ 0, 0, 0, 0, 0 ], [ 0, 869, 124, 80 ]
4235 / 4950: [ 0, 1, 0, 0, 0 ], [ 0, 869, 124, 80 ]
4236 / 4950: [ 0, 2, 0, 0, 0 ], [ 0, 869, 124, 80 ]
4237 / 4950: [ 0, 2, 0, 0, 0 ], [ 0, 869, 124, 80 ]
4238 / 4950: [ 0, 0, 1, 0, 0 ], [ 0, 869, 124, 80 ]
4239 / 4950: [ 0, 0, 0, 0, 0 ], [ 0, 869, 124, 80 ]
4240 / 4950: [ 0, 4, 0, 0, 0 ], [ 0, 870, 124, 80 ]
4241 / 4950: [ 0, 3, 1, 0, 0 ], [ 0, 870, 125, 80 ]
4242 / 4950: [ 0, 1, 0, 0, 0 ], [ 0, 870, 125, 80 ]
4243 / 4950: [ 0, 3, 0, 0, 0 ], [ 0, 870, 125, 80 ]
4244 / 4950: [ 0, 1, 0, 0, 0 ], [ 0, 870, 125, 80 ]
4245 / 4950: [ 0, 4, 0, 0, 0 ], [ 0, 871, 125, 80 ]
4246 / 4950: [ 0, 4, 0, 0, 0 ], [ 0, 872, 125, 80 ]
4247 / 4950: [ 0, 1, 1, 0, 0 ], [ 0, 872, 125, 80 ]
4248 / 4950: [ 0, 3, 0, 0, 0 ], [ 0, 872, 125, 80 ]
4249 / 4950: [ 0, 0, 0, 0, 0 ], [ 0, 872, 125, 80 ]
4250 / 4950: [ 0, 1, 0, 0, 0 ], [ 0, 872, 125, 80 ]
4251 / 4950: [ 0, 3, 0, 0, 0 ], [ 0, 872, 125, 80 ]
4252 / 4950: [ 0, 3, 0, 0, 0 ], [ 0, 872, 125, 80 ]
4253 / 4950: [ 0, 3, 0, 0, 0 ], [ 0, 872, 125, 80 ]
4254 / 4950: [ 0, 0, 1, 0, 0 ], [ 0, 872, 125, 80 ]
4255 / 4950: [ 0, 0, 0, 0, 0 ], [ 0, 872, 125, 80 ]
4256 / 4950: [ 0, 0, 0, 0, 0 ], [ 0, 872, 125, 80 ]
4257 / 4950: [ 0, 0, 0, 0, 0 ], [ 0, 872, 125, 80 ]
4258 / 4950: [ 0, 1, 0, 0, 0 ], [ 0, 872, 125, 80 ]
4259 / 4950: [ 0, 4, 0, 0, 0 ], [ 0, 873, 125, 80 ]
4260 / 4950: [ 0, 0, 0, 0, 0 ], [ 0, 873, 125, 80 ]
4261 / 4950: [ 0, 3, 0, 0, 0 ], [ 0, 873, 125, 80 ]
4262 / 4950: [ 0, 4, 0, 0, 0 ], [ 0, 874, 125, 80 ]
4263 / 4950: [ 0, 4, 0, 0, 0 ], [ 0, 875, 125, 80 ]
4264 / 4950: [ 0, 2, 0, 0, 0 ], [ 0, 875, 125, 80 ]
4265 / 4950: [ 0, 0, 0, 0, 0 ], [ 0, 875, 125, 80 ]
4266 / 4950: [ 0, 3, 0, 0, 0 ], [ 0, 875, 125, 80 ]
4267 / 4950: [ 0, 2, 0, 0, 0 ], [ 0, 875, 125, 80 ]
4268 / 4950: [ 0, 4, 0, 0, 0 ], [ 0, 876, 125, 80 ]
4269 / 4950: [ 0, 1, 0, 0, 0 ], [ 0, 876, 125, 80 ]
4270 / 4950: [ 0, 1, 0, 0, 0 ], [ 0, 876, 125, 80 ]
4271 / 4950: [ 0, 1, 0, 0, 0 ], [ 0, 876, 125, 80 ]
4272 / 4950: [ 0, 2, 0, 0, 0 ], [ 0, 876, 125, 80 ]
4273 / 4950: [ 0, 3, 0, 0, 0 ], [ 0, 876, 125, 80 ]
4274 / 4950: [ 0, 3, 0, 0, 0 ], [ 0, 876, 125, 80 ]
4275 / 4950: [ 0, 3, 0, 0, 0 ], [ 0, 876, 125, 80 ]
4276 / 4950: [ 0, 4, 0, 0, 0 ], [ 0, 877, 125, 80 ]
4277 / 4950: [ 0, 2, 0, 0, 0 ], [ 0, 877, 125, 80 ]
4278 / 4950: [ 0, 1, 1, 0, 0 ], [ 0, 877, 125, 80 ]
4279 / 4950: [ 0, 4, 0, 0, 0 ], [ 0, 878, 125, 80 ]
4280 / 4950: [ 0, 4, 0, 0, 0 ], [ 0, 879, 125, 80 ]
4281 / 4950: [ 0, 1, 0, 0, 0 ], [ 0, 879, 125, 80 ]
4282 / 4950: [ 0, 1, 0, 0, 0 ], [ 0, 879, 125, 80 ]
4283 / 4950: [ 0, 4, 0, 0, 0 ], [ 0, 880, 125, 80 ]
4284 / 4950: [ 0, 3, 0, 0, 0 ], [ 0, 880, 125, 80 ]
4285 / 4950: [ 0, 3, 0, 0, 0 ], [ 0, 880, 125, 80 ]
4286 / 4950: [ 0, 1, 0, 0, 0 ], [ 0, 880, 125, 80 ]
4287 / 4950: [ 0, 3, 1, 0, 0 ], [ 0, 880, 126, 80 ]
4288 / 4950: [ 0, 1, 0, 0, 0 ], [ 0, 880, 126, 80 ]
4289 / 4950: [ 0, 2, 0, 0, 0 ], [ 0, 880, 126, 80 ]
4290 / 4950: [ 0, 4, 0, 0, 0 ], [ 0, 881, 126, 80 ]
4291 / 4950: [ 0, 2, 0, 0, 0 ], [ 0, 881, 126, 80 ]
4292 / 4950: [ 0, 2, 0, 0, 0 ], [ 0, 881, 126, 80 ]
4293 / 4950: [ 0, 4, 0, 0, 0 ], [ 0, 882, 126, 80 ]
4294 / 4950: [ 0, 1, 0, 0, 0 ], [ 0, 882, 126, 80 ]
4295 / 4950: [ 0, 0, 0, 0, 0 ], [ 0, 882, 126, 80 ]
4296 / 4950: [ 0, 1, 0, 0, 0 ], [ 0, 882, 126, 80 ]
4297 / 4950: [ 0, 0, 0, 0, 0 ], [ 0, 882, 126, 80 ]
4298 / 4950: [ 0, 1, 0, 0, 0 ], [ 0, 882, 126, 80 ]
4299 / 4950: [ 0, 0, 0, 0, 0 ], [ 0, 882, 126, 80 ]
4300 / 4950: [ 0, 0, 0, 0, 0 ], [ 0, 882, 126, 80 ]
4301 / 4950: [ 0, 3, 0, 0, 0 ], [ 0, 882, 126, 80 ]
4302 / 4950: [ 0, 2, 0, 0, 0 ], [ 0, 882, 126, 80 ]
4303 / 4950: [ 0, 3, 1, 0, 0 ], [ 0, 882, 127, 80 ]
4304 / 4950: [ 0, 1, 0, 3, 0 ], [ 0, 882, 127, 81 ]
4305 / 4950: [ 0, 2, 0, 0, 0 ], [ 0, 882, 127, 81 ]
4306 / 4950: [ 0, 1, 0, 0, 0 ], [ 0, 882, 127, 81 ]
4307 / 4950: [ 0, 1, 0, 0, 0 ], [ 0, 882, 127, 81 ]
4308 / 4950: [ 0, 3, 0, 0, 0 ], [ 0, 882, 127, 81 ]
4309 / 4950: [ 0, 2, 0, 0, 0 ], [ 0, 882, 127, 81 ]
4310 / 4950: [ 0, 2, 0, 0, 0 ], [ 0, 882, 127, 81 ]
4311 / 4950: [ 0, 3, 0, 0, 0 ], [ 0, 882, 127, 81 ]
4312 / 4950: [ 0, 4, 0, 0, 0 ], [ 0, 883, 127, 81 ]
4313 / 4950: [ 0, 1, 0, 0, 0 ], [ 0, 883, 127, 81 ]
4314 / 4950: [ 0, 2, 0, 0, 0 ], [ 0, 883, 127, 81 ]
4315 / 4950: [ 0, 3, 0, 0, 0 ], [ 0, 883, 127, 81 ]
4316 / 4950: [ 0, 0, 0, 0, 0 ], [ 0, 883, 127, 81 ]
4317 / 4950: [ 0, 1, 0, 0, 0 ], [ 0, 883, 127, 81 ]
4318 / 4950: [ 0, 1, 0, 0, 0 ], [ 0, 883, 127, 81 ]
4319 / 4950: [ 0, 2, 1, 0, 0 ], [ 0, 883, 127, 81 ]
4320 / 4950: [ 0, 2, 0, 0, 0 ], [ 0, 883, 127, 81 ]
4321 / 4950: [ 0, 0, 0, 0, 0 ], [ 0, 883, 127, 81 ]
4322 / 4950: [ 0, 0, 0, 0, 0 ], [ 0, 883, 127, 81 ]
4323 / 4950: [ 0, 1, 1, 0, 0 ], [ 0, 883, 127, 81 ]
4324 / 4950: [ 0, 1, 0, 0, 0 ], [ 0, 883, 127, 81 ]
4325 / 4950: [ 0, 4, 0, 0, 0 ], [ 0, 884, 127, 81 ]
4326 / 4950: [ 0, 1, 0, 0, 0 ], [ 0, 884, 127, 81 ]
4327 / 4950: [ 0, 4, 0, 0, 0 ], [ 0, 885, 127, 81 ]
4328 / 4950: [ 0, 2, 2, 0, 0 ], [ 0, 885, 128, 81 ]
4329 / 4950: [ 0, 1, 0, 0, 0 ], [ 0, 885, 128, 81 ]
4330 / 4950: [ 0, 1, 0, 0, 0 ], [ 0, 885, 128, 81 ]
4331 / 4950: [ 0, 2, 0, 0, 0 ], [ 0, 885, 128, 81 ]
4332 / 4950: [ 0, 3, 0, 0, 0 ], [ 0, 885, 128, 81 ]
4333 / 4950: [ 0, 2, 0, 0, 0 ], [ 0, 885, 128, 81 ]
4334 / 4950: [ 0, 1, 0, 0, 0 ], [ 0, 885, 128, 81 ]
4335 / 4950: [ 0, 0, 0, 0, 0 ], [ 0, 885, 128, 81 ]
4336 / 4950: [ 0, 3, 0, 0, 0 ], [ 0, 885, 128, 81 ]
4337 / 4950: [ 0, 2, 0, 0, 0 ], [ 0, 885, 128, 81 ]
4338 / 4950: [ 0, 1, 0, 1, 0 ], [ 0, 885, 128, 81 ]
4339 / 4950: [ 0, 4, 0, 0, 0 ], [ 0, 886, 128, 81 ]
4340 / 4950: [ 0, 3, 0, 0, 0 ], [ 0, 886, 128, 81 ]
4341 / 4950: [ 0, 1, 0, 0, 0 ], [ 0, 886, 128, 81 ]
4342 / 4950: [ 0, 3, 0, 0, 0 ], [ 0, 886, 128, 81 ]
4343 / 4950: [ 0, 0, 0, 0, 0 ], [ 0, 886, 128, 81 ]
4344 / 4950: [ 0, 3, 0, 0, 0 ], [ 0, 886, 128, 81 ]
4345 / 4950: [ 0, 1, 0, 0, 0 ], [ 0, 886, 128, 81 ]
4346 / 4950: [ 0, 3, 0, 0, 0 ], [ 0, 886, 128, 81 ]
4347 / 4950: [ 0, 2, 0, 0, 0 ], [ 0, 886, 128, 81 ]
4348 / 4950: [ 0, 3, 0, 0, 0 ], [ 0, 886, 128, 81 ]
4349 / 4950: [ 0, 1, 0, 0, 0 ], [ 0, 886, 128, 81 ]
4350 / 4950: [ 0, 0, 0, 0, 0 ], [ 0, 886, 128, 81 ]
4351 / 4950: [ 0, 2, 0, 0, 0 ], [ 0, 886, 128, 81 ]
4352 / 4950: [ 0, 2, 0, 0, 0 ], [ 0, 886, 128, 81 ]
4353 / 4950: [ 0, 0, 0, 0, 0 ], [ 0, 886, 128, 81 ]
4354 / 4950: [ 0, 0, 1, 0, 0 ], [ 0, 886, 128, 81 ]
4355 / 4950: [ 0, 0, 0, 0, 0 ], [ 0, 886, 128, 81 ]
4356 / 4950: [ 0, 3, 0, 0, 0 ], [ 0, 886, 128, 81 ]
4357 / 4950: [ 0, 2, 0, 0, 0 ], [ 0, 886, 128, 81 ]
4358 / 4950: [ 0, 0, 1, 0, 0 ], [ 0, 886, 128, 81 ]
4359 / 4950: [ 0, 2, 0, 0, 0 ], [ 0, 886, 128, 81 ]
4360 / 4950: [ 0, 0, 0, 0, 0 ], [ 0, 886, 128, 81 ]
4361 / 4950: [ 0, 0, 0, 0, 0 ], [ 0, 886, 128, 81 ]
4362 / 4950: [ 0, 2, 0, 0, 0 ], [ 0, 886, 128, 81 ]
4363 / 4950: [ 0, 1, 0, 3, 0 ], [ 0, 886, 128, 82 ]
4364 / 4950: [ 0, 2, 0, 0, 0 ], [ 0, 886, 128, 82 ]
4365 / 4950: [ 0, 1, 0, 0, 0 ], [ 0, 886, 128, 82 ]
4366 / 4950: [ 0, 0, 0, 0, 0 ], [ 0, 886, 128, 82 ]
4367 / 4950: [ 0, 0, 0, 0, 0 ], [ 0, 886, 128, 82 ]
4368 / 4950: [ 0, 2, 0, 0, 0 ], [ 0, 886, 128, 82 ]
4369 / 4950: [ 0, 3, 0, 0, 0 ], [ 0, 886, 128, 82 ]
4370 / 4950: [ 0, 2, 0, 0, 0 ], [ 0, 886, 128, 82 ]
4371 / 4950: [ 0, 1, 0, 0, 0 ], [ 0, 886, 128, 82 ]
4372 / 4950: [ 0, 4, 0, 0, 0 ], [ 0, 887, 128, 82 ]
4373 / 4950: [ 0, 3, 0, 0, 0 ], [ 0, 887, 128, 82 ]
4374 / 4950: [ 0, 4, 0, 0, 0 ], [ 0, 888, 128, 82 ]
4375 / 4950: [ 0, 4, 0, 0, 0 ], [ 0, 889, 128, 82 ]
4376 / 4950: [ 0, 3, 0, 0, 0 ], [ 0, 889, 128, 82 ]
4377 / 4950: [ 0, 4, 0, 0, 0 ], [ 0, 890, 128, 82 ]
4378 / 4950: [ 0, 4, 0, 0, 0 ], [ 0, 891, 128, 82 ]
4379 / 4950: [ 0, 4, 0, 0, 0 ], [ 0, 892, 128, 82 ]
4380 / 4950: [ 0, 0, 1, 0, 0 ], [ 0, 892, 128, 82 ]
4381 / 4950: [ 0, 2, 0, 0, 0 ], [ 0, 892, 128, 82 ]
4382 / 4950: [ 0, 1, 0, 0, 0 ], [ 0, 892, 128, 82 ]
4383 / 4950: [ 0, 1, 0, 0, 0 ], [ 0, 892, 128, 82 ]
4384 / 4950: [ 0, 3, 0, 0, 0 ], [ 0, 892, 128, 82 ]
4385 / 4950: [ 0, 2, 0, 0, 0 ], [ 0, 892, 128, 82 ]
4386 / 4950: [ 0, 0, 0, 0, 0 ], [ 0, 892, 128, 82 ]
4387 / 4950: [ 0, 2, 0, 0, 0 ], [ 0, 892, 128, 82 ]
4388 / 4950: [ 0, 4, 0, 0, 0 ], [ 0, 893, 128, 82 ]
4389 / 4950: [ 0, 2, 0, 0, 0 ], [ 0, 893, 128, 82 ]
4390 / 4950: [ 0, 2, 0, 0, 0 ], [ 0, 893, 128, 82 ]
4391 / 4950: [ 0, 3, 0, 0, 0 ], [ 0, 893, 128, 82 ]
4392 / 4950: [ 0, 1, 0, 0, 0 ], [ 0, 893, 128, 82 ]
4393 / 4950: [ 0, 3, 0, 0, 0 ], [ 0, 893, 128, 82 ]
4394 / 4950: [ 0, 0, 0, 0, 0 ], [ 0, 893, 128, 82 ]
4395 / 4950: [ 0, 4, 0, 0, 0 ], [ 0, 894, 128, 82 ]
4396 / 4950: [ 0, 3, 0, 0, 0 ], [ 0, 894, 128, 82 ]
4397 / 4950: [ 0, 1, 0, 2, 0 ], [ 0, 894, 128, 82 ]
4398 / 4950: [ 0, 2, 0, 0, 0 ], [ 0, 894, 128, 82 ]
4399 / 4950: [ 0, 3, 0, 0, 0 ], [ 0, 894, 128, 82 ]
4400 / 4950: [ 0, 2, 0, 0, 0 ], [ 0, 894, 128, 82 ]
4401 / 4950: [ 0, 2, 0, 0, 0 ], [ 0, 894, 128, 82 ]
4402 / 4950: [ 0, 1, 0, 0, 0 ], [ 0, 894, 128, 82 ]
4403 / 4950: [ 0, 4, 0, 0, 0 ], [ 0, 895, 128, 82 ]
4404 / 4950: [ 0, 3, 0, 0, 0 ], [ 0, 895, 128, 82 ]
4405 / 4950: [ 0, 4, 0, 0, 0 ], [ 0, 896, 128, 82 ]
4406 / 4950: [ 0, 2, 0, 0, 0 ], [ 0, 896, 128, 82 ]
4407 / 4950: [ 0, 3, 0, 0, 0 ], [ 0, 896, 128, 82 ]
4408 / 4950: [ 0, 4, 0, 0, 0 ], [ 0, 897, 128, 82 ]
4409 / 4950: [ 0, 0, 0, 0, 0 ], [ 0, 897, 128, 82 ]
4410 / 4950: [ 0, 4, 0, 0, 0 ], [ 0, 898, 128, 82 ]
4411 / 4950: [ 0, 4, 0, 0, 0 ], [ 0, 899, 128, 82 ]
4412 / 4950: [ 0, 1, 0, 0, 0 ], [ 0, 899, 128, 82 ]
4413 / 4950: [ 0, 0, 0, 0, 0 ], [ 0, 899, 128, 82 ]
4414 / 4950: [ 0, 0, 0, 0, 0 ], [ 0, 899, 128, 82 ]
4415 / 4950: [ 0, 4, 0, 0, 0 ], [ 0, 900, 128, 82 ]
4416 / 4950: [ 0, 0, 0, 0, 0 ], [ 0, 900, 128, 82 ]
4417 / 4950: [ 0, 2, 0, 0, 0 ], [ 0, 900, 128, 82 ]
4418 / 4950: [ 0, 3, 0, 0, 0 ], [ 0, 900, 128, 82 ]
4419 / 4950: [ 0, 0, 0, 0, 0 ], [ 0, 900, 128, 82 ]
4420 / 4950: [ 0, 3, 0, 0, 0 ], [ 0, 900, 128, 82 ]
4421 / 4950: [ 0, 3, 0, 0, 0 ], [ 0, 900, 128, 82 ]
4422 / 4950: [ 0, 1, 0, 0, 0 ], [ 0, 900, 128, 82 ]
4423 / 4950: [ 0, 1, 0, 0, 0 ], [ 0, 900, 128, 82 ]
4424 / 4950: [ 0, 2, 0, 0, 0 ], [ 0, 900, 128, 82 ]
4425 / 4950: [ 0, 4, 0, 0, 0 ], [ 0, 901, 128, 82 ]
4426 / 4950: [ 0, 1, 0, 0, 0 ], [ 0, 901, 128, 82 ]
4427 / 4950: [ 0, 2, 0, 0, 0 ], [ 0, 901, 128, 82 ]
4428 / 4950: [ 0, 2, 0, 0, 0 ], [ 0, 901, 128, 82 ]
4429 / 4950: [ 0, 3, 0, 0, 0 ], [ 0, 901, 128, 82 ]
4430 / 4950: [ 0, 3, 0, 0, 0 ], [ 0, 901, 128, 82 ]
4431 / 4950: [ 0, 4, 0, 0, 0 ], [ 0, 902, 128, 82 ]
4432 / 4950: [ 0, 1, 0, 0, 0 ], [ 0, 902, 128, 82 ]
4433 / 4950: [ 0, 1, 0, 0, 0 ], [ 0, 902, 128, 82 ]
4434 / 4950: [ 0, 2, 0, 0, 0 ], [ 0, 902, 128, 82 ]
4435 / 4950: [ 0, 3, 0, 0, 0 ], [ 0, 902, 128, 82 ]
4436 / 4950: [ 0, 1, 0, 0, 0 ], [ 0, 902, 128, 82 ]
4437 / 4950: [ 0, 3, 0, 0, 0 ], [ 0, 902, 128, 82 ]
4438 / 4950: [ 0, 0, 0, 0, 0 ], [ 0, 902, 128, 82 ]
4439 / 4950: [ 0, 2, 0, 0, 0 ], [ 0, 902, 128, 82 ]
4440 / 4950: [ 0, 1, 0, 0, 0 ], [ 0, 902, 128, 82 ]
4441 / 4950: [ 0, 1, 0, 0, 0 ], [ 0, 902, 128, 82 ]
4442 / 4950: [ 0, 0, 0, 0, 0 ], [ 0, 902, 128, 82 ]
4443 / 4950: [ 0, 0, 0, 0, 0 ], [ 0, 902, 128, 82 ]
4444 / 4950: [ 0, 2, 0, 0, 0 ], [ 0, 902, 128, 82 ]
4445 / 4950: [ 0, 0, 0, 0, 0 ], [ 0, 902, 128, 82 ]
4446 / 4950: [ 0, 3, 0, 0, 0 ], [ 0, 902, 128, 82 ]
4447 / 4950: [ 0, 0, 0, 0, 0 ], [ 0, 902, 128, 82 ]
4448 / 4950: [ 0, 0, 0, 0, 0 ], [ 0, 902, 128, 82 ]
4449 / 4950: [ 0, 2, 0, 0, 0 ], [ 0, 902, 128, 82 ]
4450 / 4950: [ 0, 0, 0, 0, 0 ], [ 0, 902, 128, 82 ]
4451 / 4950: [ 0, 1, 0, 0, 0 ], [ 0, 902, 128, 82 ]
4452 / 4950: [ 0, 2, 0, 0, 0 ], [ 0, 902, 128, 82 ]
4453 / 4950: [ 0, 2, 0, 0, 0 ], [ 0, 902, 128, 82 ]
4454 / 4950: [ 0, 0, 0, 0, 0 ], [ 0, 902, 128, 82 ]
4455 / 4950: [ 0, 1, 0, 0, 0 ], [ 0, 902, 128, 82 ]
4456 / 4950: [ 0, 2, 0, 0, 0 ], [ 0, 902, 128, 82 ]
4457 / 4950: [ 0, 2, 0, 0, 0 ], [ 0, 902, 128, 82 ]
4458 / 4950: [ 0, 4, 0, 0, 0 ], [ 0, 903, 128, 82 ]
4459 / 4950: [ 0, 0, 0, 0, 0 ], [ 0, 903, 128, 82 ]
4460 / 4950: [ 0, 2, 0, 0, 0 ], [ 0, 903, 128, 82 ]
4461 / 4950: [ 0, 4, 0, 0, 0 ], [ 0, 904, 128, 82 ]
4462 / 4950: [ 0, 1, 0, 0, 0 ], [ 0, 904, 128, 82 ]
4463 / 4950: [ 0, 2, 0, 0, 0 ], [ 0, 904, 128, 82 ]
4464 / 4950: [ 0, 3, 0, 0, 0 ], [ 0, 904, 128, 82 ]
4465 / 4950: [ 0, 3, 0, 0, 0 ], [ 0, 904, 128, 82 ]
4466 / 4950: [ 0, 4, 0, 0, 0 ], [ 0, 905, 128, 82 ]
4467 / 4950: [ 0, 3, 0, 0, 0 ], [ 0, 905, 128, 82 ]
4468 / 4950: [ 0, 4, 0, 0, 0 ], [ 0, 906, 128, 82 ]
4469 / 4950: [ 0, 0, 0, 0, 0 ], [ 0, 906, 128, 82 ]
4470 / 4950: [ 0, 2, 0, 0, 0 ], [ 0, 906, 128, 82 ]
4471 / 4950: [ 0, 1, 0, 0, 0 ], [ 0, 906, 128, 82 ]
4472 / 4950: [ 0, 3, 0, 0, 0 ], [ 0, 906, 128, 82 ]
4473 / 4950: [ 0, 0, 0, 0, 0 ], [ 0, 906, 128, 82 ]
4474 / 4950: [ 0, 3, 0, 0, 0 ], [ 0, 906, 128, 82 ]
4475 / 4950: [ 0, 0, 0, 0, 0 ], [ 0, 906, 128, 82 ]
4476 / 4950: [ 0, 2, 1, 0, 0 ], [ 0, 906, 128, 82 ]
4477 / 4950: [ 0, 4, 0, 0, 0 ], [ 0, 907, 128, 82 ]
4478 / 4950: [ 0, 3, 1, 0, 0 ], [ 0, 907, 129, 82 ]
4479 / 4950: [ 0, 4, 0, 0, 0 ], [ 0, 908, 129, 82 ]
4480 / 4950: [ 0, 4, 0, 0, 0 ], [ 0, 909, 129, 82 ]
4481 / 4950: [ 0, 1, 0, 0, 0 ], [ 0, 909, 129, 82 ]
4482 / 4950: [ 0, 0, 0, 0, 0 ], [ 0, 909, 129, 82 ]
4483 / 4950: [ 0, 0, 0, 0, 0 ], [ 0, 909, 129, 82 ]
4484 / 4950: [ 0, 1, 0, 0, 0 ], [ 0, 909, 129, 82 ]
4485 / 4950: [ 0, 0, 0, 0, 0 ], [ 0, 909, 129, 82 ]
4486 / 4950: [ 0, 2, 0, 0, 0 ], [ 0, 909, 129, 82 ]
4487 / 4950: [ 0, 1, 0, 0, 0 ], [ 0, 909, 129, 82 ]
4488 / 4950: [ 0, 2, 1, 0, 0 ], [ 0, 909, 129, 82 ]
4489 / 4950: [ 0, 3, 0, 0, 0 ], [ 0, 909, 129, 82 ]
4490 / 4950: [ 0, 4, 0, 0, 0 ], [ 0, 910, 129, 82 ]
4491 / 4950: [ 0, 3, 0, 1, 0 ], [ 0, 910, 129, 83 ]
4492 / 4950: [ 0, 4, 0, 0, 0 ], [ 0, 911, 129, 83 ]
4493 / 4950: [ 0, 0, 0, 0, 0 ], [ 0, 911, 129, 83 ]
4494 / 4950: [ 0, 2, 0, 0, 0 ], [ 0, 911, 129, 83 ]
4495 / 4950: [ 0, 2, 0, 0, 0 ], [ 0, 911, 129, 83 ]
4496 / 4950: [ 0, 1, 0, 0, 0 ], [ 0, 911, 129, 83 ]
4497 / 4950: [ 0, 2, 0, 0, 0 ], [ 0, 911, 129, 83 ]
4498 / 4950: [ 0, 3, 1, 0, 0 ], [ 0, 911, 130, 83 ]
4499 / 4950: [ 0, 4, 0, 0, 0 ], [ 0, 912, 130, 83 ]
4500 / 4950: [ 0, 1, 0, 0, 0 ], [ 0, 912, 130, 83 ]
4501 / 4950: [ 0, 0, 0, 0, 0 ], [ 0, 912, 130, 83 ]
4502 / 4950: [ 0, 2, 0, 0, 0 ], [ 0, 912, 130, 83 ]
4503 / 4950: [ 0, 2, 0, 0, 0 ], [ 0, 912, 130, 83 ]
4504 / 4950: [ 0, 0, 0, 0, 0 ], [ 0, 912, 130, 83 ]
4505 / 4950: [ 0, 0, 0, 0, 0 ], [ 0, 912, 130, 83 ]
4506 / 4950: [ 0, 2, 0, 0, 0 ], [ 0, 912, 130, 83 ]
4507 / 4950: [ 0, 2, 0, 0, 0 ], [ 0, 912, 130, 83 ]
4508 / 4950: [ 0, 0, 0, 0, 0 ], [ 0, 912, 130, 83 ]
4509 / 4950: [ 0, 0, 0, 0, 0 ], [ 0, 912, 130, 83 ]
4510 / 4950: [ 0, 2, 0, 0, 0 ], [ 0, 912, 130, 83 ]
4511 / 4950: [ 0, 0, 1, 0, 0 ], [ 0, 912, 130, 83 ]
4512 / 4950: [ 0, 0, 0, 0, 0 ], [ 0, 912, 130, 83 ]
4513 / 4950: [ 0, 0, 0, 0, 0 ], [ 0, 912, 130, 83 ]
4514 / 4950: [ 0, 4, 0, 0, 0 ], [ 0, 913, 130, 83 ]
4515 / 4950: [ 0, 3, 0, 0, 0 ], [ 0, 913, 130, 83 ]
4516 / 4950: [ 0, 1, 2, 0, 0 ], [ 0, 913, 130, 83 ]
4517 / 4950: [ 0, 0, 0, 0, 0 ], [ 0, 913, 130, 83 ]
4518 / 4950: [ 0, 1, 2, 0, 0 ], [ 0, 913, 130, 83 ]
4519 / 4950: [ 0, 0, 0, 0, 0 ], [ 0, 913, 130, 83 ]
4520 / 4950: [ 0, 3, 1, 0, 0 ], [ 0, 913, 131, 83 ]
4521 / 4950: [ 0, 1, 2, 0, 0 ], [ 0, 913, 131, 83 ]
4522 / 4950: [ 0, 0, 0, 0, 0 ], [ 0, 913, 131, 83 ]
4523 / 4950: [ 0, 2, 0, 0, 0 ], [ 0, 913, 131, 83 ]
4524 / 4950: [ 0, 0, 0, 0, 0 ], [ 0, 913, 131, 83 ]
4525 / 4950: [ 0, 0, 0, 1, 0 ], [ 0, 913, 131, 83 ]
4526 / 4950: [ 0, 2, 0, 0, 0 ], [ 0, 913, 131, 83 ]
4527 / 4950: [ 0, 2, 0, 0, 0 ], [ 0, 913, 131, 83 ]
4528 / 4950: [ 0, 0, 0, 0, 0 ], [ 0, 913, 131, 83 ]
4529 / 4950: [ 0, 0, 2, 0, 0 ], [ 0, 913, 131, 83 ]
4530 / 4950: [ 0, 1, 0, 0, 0 ], [ 0, 913, 131, 83 ]
4531 / 4950: [ 0, 1, 0, 0, 0 ], [ 0, 913, 131, 83 ]
4532 / 4950: [ 0, 3, 0, 0, 0 ], [ 0, 913, 131, 83 ]
4533 / 4950: [ 0, 3, 0, 0, 0 ], [ 0, 913, 131, 83 ]
4534 / 4950: [ 0, 4, 0, 0, 0 ], [ 0, 914, 131, 83 ]
4535 / 4950: [ 0, 4, 0, 0, 0 ], [ 0, 915, 131, 83 ]
4536 / 4950: [ 0, 3, 0, 0, 0 ], [ 0, 915, 131, 83 ]
4537 / 4950: [ 0, 4, 0, 0, 0 ], [ 0, 916, 131, 83 ]
4538 / 4950: [ 0, 1, 0, 0, 0 ], [ 0, 916, 131, 83 ]
4539 / 4950: [ 0, 2, 0, 0, 0 ], [ 0, 916, 131, 83 ]
4540 / 4950: [ 0, 0, 0, 0, 0 ], [ 0, 916, 131, 83 ]
4541 / 4950: [ 0, 1, 0, 0, 0 ], [ 0, 916, 131, 83 ]
4542 / 4950: [ 0, 1, 0, 0, 0 ], [ 0, 916, 131, 83 ]
4543 / 4950: [ 0, 2, 0, 0, 0 ], [ 0, 916, 131, 83 ]
4544 / 4950: [ 0, 3, 0, 0, 0 ], [ 0, 916, 131, 83 ]
4545 / 4950: [ 0, 3, 0, 0, 0 ], [ 0, 916, 131, 83 ]
4546 / 4950: [ 0, 1, 0, 0, 0 ], [ 0, 916, 131, 83 ]
4547 / 4950: [ 0, 3, 0, 0, 0 ], [ 0, 916, 131, 83 ]
4548 / 4950: [ 0, 1, 0, 0, 0 ], [ 0, 916, 131, 83 ]
4549 / 4950: [ 0, 3, 0, 0, 0 ], [ 0, 916, 131, 83 ]
4550 / 4950: [ 0, 0, 0, 0, 0 ], [ 0, 916, 131, 83 ]
4551 / 4950: [ 0, 1, 0, 0, 0 ], [ 0, 916, 131, 83 ]
4552 / 4950: [ 0, 0, 0, 0, 0 ], [ 0, 916, 131, 83 ]
4553 / 4950: [ 0, 3, 0, 0, 0 ], [ 0, 916, 131, 83 ]
4554 / 4950: [ 0, 1, 0, 0, 0 ], [ 0, 916, 131, 83 ]
4555 / 4950: [ 0, 0, 0, 0, 0 ], [ 0, 916, 131, 83 ]
4556 / 4950: [ 0, 4, 0, 0, 0 ], [ 0, 917, 131, 83 ]
4557 / 4950: [ 0, 3, 0, 0, 0 ], [ 0, 917, 131, 83 ]
4558 / 4950: [ 0, 1, 0, 0, 0 ], [ 0, 917, 131, 83 ]
4559 / 4950: [ 0, 2, 0, 0, 0 ], [ 0, 917, 131, 83 ]
4560 / 4950: [ 0, 0, 0, 0, 0 ], [ 0, 917, 131, 83 ]
4561 / 4950: [ 0, 4, 0, 0, 0 ], [ 0, 918, 131, 83 ]
4562 / 4950: [ 0, 0, 0, 0, 0 ], [ 0, 918, 131, 83 ]
4563 / 4950: [ 0, 1, 0, 2, 0 ], [ 0, 918, 131, 83 ]
4564 / 4950: [ 0, 0, 0, 1, 0 ], [ 0, 918, 131, 83 ]
4565 / 4950: [ 0, 3, 0, 0, 0 ], [ 0, 918, 131, 83 ]
4566 / 4950: [ 0, 2, 0, 2, 0 ], [ 0, 918, 131, 84 ]
4567 / 4950: [ 0, 0, 0, 0, 0 ], [ 0, 918, 131, 84 ]
4568 / 4950: [ 0, 0, 0, 0, 0 ], [ 0, 918, 131, 84 ]
4569 / 4950: [ 0, 4, 0, 0, 0 ], [ 0, 919, 131, 84 ]
4570 / 4950: [ 0, 0, 0, 0, 0 ], [ 0, 919, 131, 84 ]
4571 / 4950: [ 0, 0, 0, 1, 0 ], [ 0, 919, 131, 84 ]
4572 / 4950: [ 0, 2, 0, 2, 0 ], [ 0, 919, 131, 85 ]
4573 / 4950: [ 0, 1, 0, 0, 0 ], [ 0, 919, 131, 85 ]
4574 / 4950: [ 0, 3, 0, 0, 0 ], [ 0, 919, 131, 85 ]
4575 / 4950: [ 0, 1, 0, 2, 0 ], [ 0, 919, 131, 85 ]
4576 / 4950: [ 0, 0, 0, 2, 0 ], [ 0, 919, 131, 85 ]
4577 / 4950: [ 0, 0, 0, 1, 0 ], [ 0, 919, 131, 85 ]
4578 / 4950: [ 0, 0, 0, 0, 0 ], [ 0, 919, 131, 85 ]
4579 / 4950: [ 0, 0, 0, 0, 0 ], [ 0, 919, 131, 85 ]
4580 / 4950: [ 0, 0, 0, 0, 0 ], [ 0, 919, 131, 85 ]
4581 / 4950: [ 0, 0, 0, 0, 0 ], [ 0, 919, 131, 85 ]
4582 / 4950: [ 0, 0, 0, 0, 0 ], [ 0, 919, 131, 85 ]
4583 / 4950: [ 0, 1, 0, 0, 0 ], [ 0, 919, 131, 85 ]
4584 / 4950: [ 0, 1, 0, 0, 0 ], [ 0, 919, 131, 85 ]
4585 / 4950: [ 0, 0, 0, 1, 0 ], [ 0, 919, 131, 85 ]
4586 / 4950: [ 0, 0, 0, 1, 0 ], [ 0, 919, 131, 85 ]
4587 / 4950: [ 0, 2, 0, 0, 0 ], [ 0, 919, 131, 85 ]
4588 / 4950: [ 0, 1, 0, 0, 0 ], [ 0, 919, 131, 85 ]
4589 / 4950: [ 0, 0, 0, 0, 0 ], [ 0, 919, 131, 85 ]
4590 / 4950: [ 0, 0, 0, 0, 0 ], [ 0, 919, 131, 85 ]
4591 / 4950: [ 0, 1, 0, 0, 0 ], [ 0, 919, 131, 85 ]
4592 / 4950: [ 0, 0, 0, 0, 0 ], [ 0, 919, 131, 85 ]
4593 / 4950: [ 0, 0, 0, 0, 0 ], [ 0, 919, 131, 85 ]
4594 / 4950: [ 0, 1, 0, 0, 0 ], [ 0, 919, 131, 85 ]
4595 / 4950: [ 0, 1, 0, 1, 0 ], [ 0, 919, 131, 85 ]
4596 / 4950: [ 0, 1, 0, 1, 0 ], [ 0, 919, 131, 85 ]
4597 / 4950: [ 0, 1, 0, 3, 0 ], [ 0, 919, 131, 86 ]
4598 / 4950: [ 0, 0, 0, 0, 0 ], [ 0, 919, 131, 86 ]
4599 / 4950: [ 0, 0, 0, 0, 0 ], [ 0, 919, 131, 86 ]
4600 / 4950: [ 0, 1, 0, 0, 0 ], [ 0, 919, 131, 86 ]
4601 / 4950: [ 0, 1, 0, 0, 0 ], [ 0, 919, 131, 86 ]
4602 / 4950: [ 0, 0, 0, 0, 0 ], [ 0, 919, 131, 86 ]
4603 / 4950: [ 0, 1, 0, 0, 0 ], [ 0, 919, 131, 86 ]
4604 / 4950: [ 0, 0, 0, 0, 0 ], [ 0, 919, 131, 86 ]
4605 / 4950: [ 0, 0, 0, 0, 0 ], [ 0, 919, 131, 86 ]
4606 / 4950: [ 0, 0, 0, 0, 0 ], [ 0, 919, 131, 86 ]
4607 / 4950: [ 0, 0, 0, 0, 0 ], [ 0, 919, 131, 86 ]
4608 / 4950: [ 0, 0, 0, 0, 0 ], [ 0, 919, 131, 86 ]
4609 / 4950: [ 0, 3, 0, 0, 0 ], [ 0, 919, 131, 86 ]
4610 / 4950: [ 0, 1, 0, 0, 0 ], [ 0, 919, 131, 86 ]
4611 / 4950: [ 0, 1, 0, 1, 0 ], [ 0, 919, 131, 86 ]
4612 / 4950: [ 0, 0, 0, 0, 0 ], [ 0, 919, 131, 86 ]
4613 / 4950: [ 0, 0, 0, 0, 0 ], [ 0, 919, 131, 86 ]
4614 / 4950: [ 0, 0, 0, 0, 0 ], [ 0, 919, 131, 86 ]
4615 / 4950: [ 0, 2, 0, 1, 0 ], [ 0, 919, 131, 86 ]
4616 / 4950: [ 0, 0, 0, 2, 0 ], [ 0, 919, 131, 86 ]
4617 / 4950: [ 0, 0, 0, 0, 0 ], [ 0, 919, 131, 86 ]
4618 / 4950: [ 0, 3, 0, 0, 0 ], [ 0, 919, 131, 86 ]
4619 / 4950: [ 0, 0, 0, 0, 0 ], [ 0, 919, 131, 86 ]
4620 / 4950: [ 0, 0, 0, 0, 0 ], [ 0, 919, 131, 86 ]
4621 / 4950: [ 0, 0, 0, 0, 0 ], [ 0, 919, 131, 86 ]
4622 / 4950: [ 0, 2, 0, 1, 0 ], [ 0, 919, 131, 86 ]
4623 / 4950: [ 0, 1, 0, 0, 0 ], [ 0, 919, 131, 86 ]
4624 / 4950: [ 0, 2, 0, 1, 0 ], [ 0, 919, 131, 86 ]
4625 / 4950: [ 0, 1, 0, 1, 0 ], [ 0, 919, 131, 86 ]
4626 / 4950: [ 0, 0, 0, 0, 0 ], [ 0, 919, 131, 86 ]
4627 / 4950: [ 0, 0, 0, 0, 0 ], [ 0, 919, 131, 86 ]
4628 / 4950: [ 0, 0, 0, 3, 0 ], [ 0, 919, 131, 86 ]
4629 / 4950: [ 0, 3, 0, 0, 0 ], [ 0, 919, 131, 86 ]
4630 / 4950: [ 0, 3, 0, 0, 0 ], [ 0, 919, 131, 86 ]
4631 / 4950: [ 0, 1, 0, 0, 0 ], [ 0, 919, 131, 86 ]
4632 / 4950: [ 0, 0, 0, 0, 0 ], [ 0, 919, 131, 86 ]
4633 / 4950: [ 0, 1, 0, 0, 0 ], [ 0, 919, 131, 86 ]
4634 / 4950: [ 0, 0, 0, 1, 0 ], [ 0, 919, 131, 86 ]
4635 / 4950: [ 0, 1, 0, 1, 0 ], [ 0, 919, 131, 86 ]
4636 / 4950: [ 0, 0, 0, 0, 0 ], [ 0, 919, 131, 86 ]
4637 / 4950: [ 0, 0, 0, 0, 0 ], [ 0, 919, 131, 86 ]
4638 / 4950: [ 0, 2, 0, 1, 0 ], [ 0, 919, 131, 86 ]
4639 / 4950: [ 0, 2, 0, 1, 0 ], [ 0, 919, 131, 86 ]
4640 / 4950: [ 0, 0, 0, 0, 0 ], [ 0, 919, 131, 86 ]
4641 / 4950: [ 0, 1, 0, 2, 0 ], [ 0, 919, 131, 86 ]
4642 / 4950: [ 0, 1, 0, 1, 0 ], [ 0, 919, 131, 86 ]
4643 / 4950: [ 0, 0, 0, 0, 0 ], [ 0, 919, 131, 86 ]
4644 / 4950: [ 0, 3, 0, 1, 0 ], [ 0, 919, 131, 87 ]
4645 / 4950: [ 0, 0, 0, 3, 0 ], [ 0, 919, 131, 87 ]
4646 / 4950: [ 0, 1, 0, 3, 0 ], [ 0, 919, 131, 88 ]
4647 / 4950: [ 0, 0, 0, 0, 0 ], [ 0, 919, 131, 88 ]
4648 / 4950: [ 0, 0, 0, 0, 0 ], [ 0, 919, 131, 88 ]
4649 / 4950: [ 0, 1, 0, 1, 0 ], [ 0, 919, 131, 88 ]
4650 / 4950: [ 0, 0, 0, 0, 0 ], [ 0, 919, 131, 88 ]
4651 / 4950: [ 0, 0, 0, 0, 0 ], [ 0, 919, 131, 88 ]
4652 / 4950: [ 0, 0, 0, 0, 0 ], [ 0, 919, 131, 88 ]
4653 / 4950: [ 0, 0, 0, 0, 0 ], [ 0, 919, 131, 88 ]
4654 / 4950: [ 0, 0, 0, 0, 0 ], [ 0, 919, 131, 88 ]
4655 / 4950: [ 0, 0, 0, 1, 0 ], [ 0, 919, 131, 88 ]
4656 / 4950: [ 0, 1, 0, 1, 0 ], [ 0, 919, 131, 88 ]
4657 / 4950: [ 0, 0, 0, 0, 0 ], [ 0, 919, 131, 88 ]
4658 / 4950: [ 0, 4, 0, 0, 0 ], [ 0, 920, 131, 88 ]
4659 / 4950: [ 0, 4, 0, 0, 0 ], [ 0, 921, 131, 88 ]
4660 / 4950: [ 0, 4, 0, 0, 0 ], [ 0, 922, 131, 88 ]
4661 / 4950: [ 0, 0, 0, 0, 0 ], [ 0, 922, 131, 88 ]
4662 / 4950: [ 0, 3, 0, 0, 0 ], [ 0, 922, 131, 88 ]
4663 / 4950: [ 0, 3, 0, 0, 0 ], [ 0, 922, 131, 88 ]
4664 / 4950: [ 0, 4, 0, 0, 0 ], [ 0, 923, 131, 88 ]
4665 / 4950: [ 0, 2, 0, 0, 0 ], [ 0, 923, 131, 88 ]
4666 / 4950: [ 0, 4, 0, 0, 0 ], [ 0, 924, 131, 88 ]
4667 / 4950: [ 0, 4, 0, 0, 0 ], [ 0, 925, 131, 88 ]
4668 / 4950: [ 0, 3, 0, 0, 0 ], [ 0, 925, 131, 88 ]
4669 / 4950: [ 0, 3, 0, 0, 0 ], [ 0, 925, 131, 88 ]
4670 / 4950: [ 0, 1, 0, 0, 0 ], [ 0, 925, 131, 88 ]
4671 / 4950: [ 0, 4, 0, 0, 0 ], [ 0, 926, 131, 88 ]
4672 / 4950: [ 0, 4, 0, 0, 0 ], [ 0, 927, 131, 88 ]
4673 / 4950: [ 0, 4, 0, 0, 0 ], [ 0, 928, 131, 88 ]
4674 / 4950: [ 0, 1, 0, 0, 0 ], [ 0, 928, 131, 88 ]
4675 / 4950: [ 0, 4, 0, 0, 0 ], [ 0, 929, 131, 88 ]
4676 / 4950: [ 0, 3, 0, 0, 0 ], [ 0, 929, 131, 88 ]
4677 / 4950: [ 0, 4, 0, 0, 0 ], [ 0, 930, 131, 88 ]
4678 / 4950: [ 0, 1, 1, 0, 0 ], [ 0, 930, 131, 88 ]
4679 / 4950: [ 0, 2, 0, 0, 0 ], [ 0, 930, 131, 88 ]
4680 / 4950: [ 0, 2, 0, 0, 0 ], [ 0, 930, 131, 88 ]
4681 / 4950: [ 0, 4, 0, 0, 0 ], [ 0, 931, 131, 88 ]
4682 / 4950: [ 0, 4, 0, 0, 0 ], [ 0, 932, 131, 88 ]
4683 / 4950: [ 0, 0, 0, 0, 0 ], [ 0, 932, 131, 88 ]
4684 / 4950: [ 0, 4, 0, 0, 0 ], [ 0, 933, 131, 88 ]
4685 / 4950: [ 0, 4, 0, 0, 0 ], [ 0, 934, 131, 88 ]
4686 / 4950: [ 0, 3, 1, 0, 0 ], [ 0, 934, 132, 88 ]
4687 / 4950: [ 0, 0, 0, 0, 0 ], [ 0, 934, 132, 88 ]
4688 / 4950: [ 0, 3, 0, 0, 0 ], [ 0, 934, 132, 88 ]
4689 / 4950: [ 0, 1, 0, 0, 0 ], [ 0, 934, 132, 88 ]
4690 / 4950: [ 0, 0, 0, 0, 0 ], [ 0, 934, 132, 88 ]
4691 / 4950: [ 0, 4, 0, 0, 0 ], [ 0, 935, 132, 88 ]
4692 / 4950: [ 0, 4, 0, 0, 0 ], [ 0, 936, 132, 88 ]
4693 / 4950: [ 0, 2, 1, 0, 0 ], [ 0, 936, 132, 88 ]
4694 / 4950: [ 0, 2, 0, 0, 0 ], [ 0, 936, 132, 88 ]
4695 / 4950: [ 0, 0, 0, 0, 0 ], [ 0, 936, 132, 88 ]
4696 / 4950: [ 0, 4, 0, 0, 0 ], [ 0, 937, 132, 88 ]
4697 / 4950: [ 0, 3, 0, 0, 0 ], [ 0, 937, 132, 88 ]
4698 / 4950: [ 0, 2, 0, 0, 0 ], [ 0, 937, 132, 88 ]
4699 / 4950: [ 0, 1, 0, 0, 0 ], [ 0, 937, 132, 88 ]
4700 / 4950: [ 0, 4, 0, 0, 0 ], [ 0, 938, 132, 88 ]
4701 / 4950: [ 0, 1, 0, 0, 0 ], [ 0, 938, 132, 88 ]
4702 / 4950: [ 0, 4, 0, 0, 0 ], [ 0, 939, 132, 88 ]
4703 / 4950: [ 0, 2, 0, 0, 0 ], [ 0, 939, 132, 88 ]
4704 / 4950: [ 0, 1, 0, 0, 0 ], [ 0, 939, 132, 88 ]
4705 / 4950: [ 0, 0, 0, 0, 0 ], [ 0, 939, 132, 88 ]
4706 / 4950: [ 0, 4, 0, 0, 0 ], [ 0, 940, 132, 88 ]
4707 / 4950: [ 0, 4, 0, 0, 0 ], [ 0, 941, 132, 88 ]
4708 / 4950: [ 0, 2, 0, 0, 0 ], [ 0, 941, 132, 88 ]
4709 / 4950: [ 0, 3, 0, 0, 0 ], [ 0, 941, 132, 88 ]
4710 / 4950: [ 0, 4, 0, 0, 0 ], [ 0, 942, 132, 88 ]
4711 / 4950: [ 0, 4, 0, 0, 0 ], [ 0, 943, 132, 88 ]
4712 / 4950: [ 0, 1, 0, 0, 0 ], [ 0, 943, 132, 88 ]
4713 / 4950: [ 0, 3, 0, 0, 0 ], [ 0, 943, 132, 88 ]
4714 / 4950: [ 0, 0, 0, 0, 0 ], [ 0, 943, 132, 88 ]
4715 / 4950: [ 0, 4, 0, 0, 0 ], [ 0, 944, 132, 88 ]
4716 / 4950: [ 0, 3, 0, 1, 0 ], [ 0, 944, 132, 89 ]
4717 / 4950: [ 0, 4, 0, 0, 0 ], [ 0, 945, 132, 89 ]
4718 / 4950: [ 0, 3, 0, 0, 0 ], [ 0, 945, 132, 89 ]
4719 / 4950: [ 0, 0, 0, 0, 0 ], [ 0, 945, 132, 89 ]
4720 / 4950: [ 0, 1, 1, 0, 0 ], [ 0, 945, 132, 89 ]
4721 / 4950: [ 0, 3, 0, 0, 0 ], [ 0, 945, 132, 89 ]
4722 / 4950: [ 0, 4, 0, 0, 0 ], [ 0, 946, 132, 89 ]
4723 / 4950: [ 0, 4, 0, 0, 0 ], [ 0, 947, 132, 89 ]
4724 / 4950: [ 0, 1, 0, 0, 0 ], [ 0, 947, 132, 89 ]
4725 / 4950: [ 0, 0, 0, 0, 0 ], [ 0, 947, 132, 89 ]
4726 / 4950: [ 0, 1, 0, 0, 0 ], [ 0, 947, 132, 89 ]
4727 / 4950: [ 0, 4, 0, 0, 0 ], [ 0, 948, 132, 89 ]
4728 / 4950: [ 0, 2, 0, 0, 0 ], [ 0, 948, 132, 89 ]
4729 / 4950: [ 0, 3, 0, 0, 0 ], [ 0, 948, 132, 89 ]
4730 / 4950: [ 0, 0, 0, 0, 0 ], [ 0, 948, 132, 89 ]
4731 / 4950: [ 0, 2, 0, 0, 0 ], [ 0, 948, 132, 89 ]
4732 / 4950: [ 0, 4, 0, 0, 0 ], [ 0, 949, 132, 89 ]
4733 / 4950: [ 0, 2, 0, 0, 0 ], [ 0, 949, 132, 89 ]
4734 / 4950: [ 0, 4, 0, 0, 0 ], [ 0, 950, 132, 89 ]
4735 / 4950: [ 0, 0, 1, 0, 0 ], [ 0, 950, 132, 89 ]
4736 / 4950: [ 0, 3, 0, 0, 0 ], [ 0, 950, 132, 89 ]
4737 / 4950: [ 0, 3, 0, 0, 0 ], [ 0, 950, 132, 89 ]
4738 / 4950: [ 0, 4, 0, 0, 0 ], [ 0, 951, 132, 89 ]
4739 / 4950: [ 0, 4, 0, 0, 0 ], [ 0, 952, 132, 89 ]
4740 / 4950: [ 0, 3, 0, 0, 0 ], [ 0, 952, 132, 89 ]
4741 / 4950: [ 0, 0, 0, 2, 0 ], [ 0, 952, 132, 89 ]
4742 / 4950: [ 0, 0, 0, 0, 0 ], [ 0, 952, 132, 89 ]
4743 / 4950: [ 0, 4, 0, 0, 0 ], [ 0, 953, 132, 89 ]
4744 / 4950: [ 0, 1, 0, 0, 0 ], [ 0, 953, 132, 89 ]
4745 / 4950: [ 0, 4, 0, 0, 0 ], [ 0, 954, 132, 89 ]
4746 / 4950: [ 0, 4, 0, 0, 0 ], [ 0, 955, 132, 89 ]
4747 / 4950: [ 0, 4, 0, 0, 0 ], [ 0, 956, 132, 89 ]
4748 / 4950: [ 0, 2, 1, 0, 0 ], [ 0, 956, 132, 89 ]
4749 / 4950: [ 0, 4, 0, 0, 0 ], [ 0, 957, 132, 89 ]
4750 / 4950: [ 0, 1, 0, 0, 0 ], [ 0, 957, 132, 89 ]
4751 / 4950: [ 0, 2, 0, 0, 0 ], [ 0, 957, 132, 89 ]
4752 / 4950: [ 0, 1, 0, 0, 0 ], [ 0, 957, 132, 89 ]
4753 / 4950: [ 0, 0, 0, 0, 0 ], [ 0, 957, 132, 89 ]
4754 / 4950: [ 0, 1, 0, 0, 0 ], [ 0, 957, 132, 89 ]
4755 / 4950: [ 0, 3, 0, 0, 0 ], [ 0, 957, 132, 89 ]
4756 / 4950: [ 0, 2, 0, 0, 0 ], [ 0, 957, 132, 89 ]
4757 / 4950: [ 0, 3, 0, 0, 0 ], [ 0, 957, 132, 89 ]
4758 / 4950: [ 0, 0, 0, 0, 0 ], [ 0, 957, 132, 89 ]
4759 / 4950: [ 0, 1, 0, 0, 0 ], [ 0, 957, 132, 89 ]
4760 / 4950: [ 0, 4, 0, 0, 0 ], [ 0, 958, 132, 89 ]
4761 / 4950: [ 0, 4, 0, 0, 0 ], [ 0, 959, 132, 89 ]
4762 / 4950: [ 0, 0, 0, 0, 0 ], [ 0, 959, 132, 89 ]
4763 / 4950: [ 0, 4, 0, 0, 0 ], [ 0, 960, 132, 89 ]
4764 / 4950: [ 0, 1, 0, 0, 0 ], [ 0, 960, 132, 89 ]
4765 / 4950: [ 0, 4, 0, 0, 0 ], [ 0, 961, 132, 89 ]
4766 / 4950: [ 0, 0, 0, 0, 0 ], [ 0, 961, 132, 89 ]
4767 / 4950: [ 0, 0, 0, 0, 0 ], [ 0, 961, 132, 89 ]
4768 / 4950: [ 0, 2, 0, 0, 0 ], [ 0, 961, 132, 89 ]
4769 / 4950: [ 0, 2, 0, 0, 0 ], [ 0, 961, 132, 89 ]
4770 / 4950: [ 0, 3, 0, 0, 0 ], [ 0, 961, 132, 89 ]
4771 / 4950: [ 0, 1, 0, 0, 0 ], [ 0, 961, 132, 89 ]
4772 / 4950: [ 0, 3, 0, 0, 0 ], [ 0, 961, 132, 89 ]
4773 / 4950: [ 0, 0, 0, 0, 0 ], [ 0, 961, 132, 89 ]
4774 / 4950: [ 0, 2, 0, 0, 0 ], [ 0, 961, 132, 89 ]
4775 / 4950: [ 0, 0, 0, 0, 0 ], [ 0, 961, 132, 89 ]
4776 / 4950: [ 0, 0, 0, 0, 0 ], [ 0, 961, 132, 89 ]
4777 / 4950: [ 0, 4, 0, 0, 0 ], [ 0, 962, 132, 89 ]
4778 / 4950: [ 0, 1, 0, 1, 2 ], [ 0, 962, 132, 90 ]
4779 / 4950: [ 0, 1, 2, 1, 0 ], [ 0, 962, 132, 91 ]
4780 / 4950: [ 0, 0, 0, 0, 0 ], [ 0, 962, 132, 91 ]
4781 / 4950: [ 0, 3, 0, 0, 0 ], [ 0, 962, 132, 91 ]
4782 / 4950: [ 0, 3, 0, 0, 0 ], [ 0, 962, 132, 91 ]
4783 / 4950: [ 0, 1, 0, 0, 0 ], [ 0, 962, 132, 91 ]
4784 / 4950: [ 0, 4, 0, 0, 0 ], [ 0, 963, 132, 91 ]
4785 / 4950: [ 0, 1, 0, 0, 0 ], [ 0, 963, 132, 91 ]
4786 / 4950: [ 0, 2, 0, 0, 0 ], [ 0, 963, 132, 91 ]
4787 / 4950: [ 0, 0, 0, 0, 0 ], [ 0, 963, 132, 91 ]
4788 / 4950: [ 0, 2, 0, 0, 0 ], [ 0, 963, 132, 91 ]
4789 / 4950: [ 0, 3, 0, 0, 0 ], [ 0, 963, 132, 91 ]
4790 / 4950: [ 0, 2, 0, 0, 0 ], [ 0, 963, 132, 91 ]
4791 / 4950: [ 0, 1, 0, 0, 0 ], [ 0, 963, 132, 91 ]
4792 / 4950: [ 0, 1, 0, 0, 0 ], [ 0, 963, 132, 91 ]
4793 / 4950: [ 0, 3, 0, 0, 0 ], [ 0, 963, 132, 91 ]
4794 / 4950: [ 0, 1, 0, 0, 0 ], [ 0, 963, 132, 91 ]
4795 / 4950: [ 0, 2, 0, 0, 0 ], [ 0, 963, 132, 91 ]
4796 / 4950: [ 0, 1, 0, 0, 0 ], [ 0, 963, 132, 91 ]
4797 / 4950: [ 0, 4, 0, 0, 0 ], [ 0, 964, 132, 91 ]
4798 / 4950: [ 0, 0, 0, 0, 0 ], [ 0, 964, 132, 91 ]
4799 / 4950: [ 0, 1, 0, 0, 0 ], [ 0, 964, 132, 91 ]
4800 / 4950: [ 0, 1, 0, 0, 0 ], [ 0, 964, 132, 91 ]
4801 / 4950: [ 0, 1, 0, 0, 0 ], [ 0, 964, 132, 91 ]
4802 / 4950: [ 0, 0, 0, 0, 0 ], [ 0, 964, 132, 91 ]
4803 / 4950: [ 0, 1, 0, 0, 0 ], [ 0, 964, 132, 91 ]
4804 / 4950: [ 0, 2, 0, 0, 0 ], [ 0, 964, 132, 91 ]
4805 / 4950: [ 0, 2, 0, 0, 0 ], [ 0, 964, 132, 91 ]
4806 / 4950: [ 0, 1, 0, 0, 0 ], [ 0, 964, 132, 91 ]
4807 / 4950: [ 0, 2, 0, 0, 0 ], [ 0, 964, 132, 91 ]
4808 / 4950: [ 0, 2, 0, 0, 0 ], [ 0, 964, 132, 91 ]
4809 / 4950: [ 0, 0, 0, 0, 0 ], [ 0, 964, 132, 91 ]
4810 / 4950: [ 0, 0, 0, 0, 0 ], [ 0, 964, 132, 91 ]
4811 / 4950: [ 0, 1, 0, 0, 0 ], [ 0, 964, 132, 91 ]
4812 / 4950: [ 0, 1, 0, 0, 0 ], [ 0, 964, 132, 91 ]
4813 / 4950: [ 0, 1, 0, 2, 0 ], [ 0, 964, 132, 91 ]
4814 / 4950: [ 0, 3, 1, 0, 0 ], [ 0, 964, 133, 91 ]
4815 / 4950: [ 0, 3, 0, 0, 0 ], [ 0, 964, 133, 91 ]
4816 / 4950: [ 0, 0, 0, 0, 0 ], [ 0, 964, 133, 91 ]
4817 / 4950: [ 0, 1, 0, 0, 0 ], [ 0, 964, 133, 91 ]
4818 / 4950: [ 0, 1, 0, 0, 0 ], [ 0, 964, 133, 91 ]
4819 / 4950: [ 0, 2, 0, 0, 0 ], [ 0, 964, 133, 91 ]
4820 / 4950: [ 0, 0, 0, 0, 0 ], [ 0, 964, 133, 91 ]
4821 / 4950: [ 0, 1, 0, 0, 0 ], [ 0, 964, 133, 91 ]
4822 / 4950: [ 0, 0, 0, 0, 0 ], [ 0, 964, 133, 91 ]
4823 / 4950: [ 0, 0, 0, 0, 0 ], [ 0, 964, 133, 91 ]
4824 / 4950: [ 0, 1, 1, 0, 0 ], [ 0, 964, 133, 91 ]
4825 / 4950: [ 0, 0, 0, 0, 0 ], [ 0, 964, 133, 91 ]
4826 / 4950: [ 0, 3, 0, 0, 0 ], [ 0, 964, 133, 91 ]
4827 / 4950: [ 0, 0, 0, 0, 0 ], [ 0, 964, 133, 91 ]
4828 / 4950: [ 0, 2, 0, 0, 0 ], [ 0, 964, 133, 91 ]
4829 / 4950: [ 0, 0, 0, 0, 0 ], [ 0, 964, 133, 91 ]
4830 / 4950: [ 0, 0, 0, 0, 0 ], [ 0, 964, 133, 91 ]
4831 / 4950: [ 0, 4, 0, 0, 0 ], [ 0, 965, 133, 91 ]
4832 / 4950: [ 0, 0, 1, 0, 0 ], [ 0, 965, 133, 91 ]
4833 / 4950: [ 0, 4, 0, 0, 0 ], [ 0, 966, 133, 91 ]
4834 / 4950: [ 0, 3, 0, 0, 0 ], [ 0, 966, 133, 91 ]
4835 / 4950: [ 0, 2, 1, 0, 0 ], [ 0, 966, 133, 91 ]
4836 / 4950: [ 0, 1, 0, 0, 0 ], [ 0, 966, 133, 91 ]
4837 / 4950: [ 0, 0, 0, 0, 0 ], [ 0, 966, 133, 91 ]
4838 / 4950: [ 0, 0, 0, 0, 0 ], [ 0, 966, 133, 91 ]
4839 / 4950: [ 0, 0, 0, 0, 0 ], [ 0, 966, 133, 91 ]
4840 / 4950: [ 0, 1, 0, 0, 0 ], [ 0, 966, 133, 91 ]
4841 / 4950: [ 0, 0, 0, 0, 0 ], [ 0, 966, 133, 91 ]
4842 / 4950: [ 0, 2, 0, 0, 0 ], [ 0, 966, 133, 91 ]
4843 / 4950: [ 0, 2, 0, 0, 0 ], [ 0, 966, 133, 91 ]
4844 / 4950: [ 0, 2, 0, 0, 0 ], [ 0, 966, 133, 91 ]
4845 / 4950: [ 0, 2, 0, 0, 0 ], [ 0, 966, 133, 91 ]
4846 / 4950: [ 0, 2, 0, 0, 0 ], [ 0, 966, 133, 91 ]
4847 / 4950: [ 0, 1, 0, 0, 0 ], [ 0, 966, 133, 91 ]
4848 / 4950: [ 0, 1, 0, 0, 0 ], [ 0, 966, 133, 91 ]
4849 / 4950: [ 0, 2, 0, 0, 0 ], [ 0, 966, 133, 91 ]
4850 / 4950: [ 0, 2, 0, 0, 0 ], [ 0, 966, 133, 91 ]
4851 / 4950: [ 0, 2, 1, 0, 0 ], [ 0, 966, 133, 91 ]
4852 / 4950: [ 0, 3, 0, 0, 0 ], [ 0, 966, 133, 91 ]
4853 / 4950: [ 0, 2, 0, 0, 0 ], [ 0, 966, 133, 91 ]
4854 / 4950: [ 0, 4, 0, 0, 0 ], [ 0, 967, 133, 91 ]
4855 / 4950: [ 0, 4, 0, 0, 0 ], [ 0, 968, 133, 91 ]
4856 / 4950: [ 0, 1, 0, 0, 0 ], [ 0, 968, 133, 91 ]
4857 / 4950: [ 0, 4, 0, 0, 0 ], [ 0, 969, 133, 91 ]
4858 / 4950: [ 0, 4, 0, 0, 0 ], [ 0, 970, 133, 91 ]
4859 / 4950: [ 0, 4, 0, 0, 0 ], [ 0, 971, 133, 91 ]
4860 / 4950: [ 0, 0, 1, 0, 0 ], [ 0, 971, 133, 91 ]
4861 / 4950: [ 0, 4, 0, 0, 0 ], [ 0, 972, 133, 91 ]
4862 / 4950: [ 0, 3, 0, 0, 0 ], [ 0, 972, 133, 91 ]
4863 / 4950: [ 0, 4, 0, 0, 0 ], [ 0, 973, 133, 91 ]
4864 / 4950: [ 0, 0, 0, 0, 0 ], [ 0, 973, 133, 91 ]
4865 / 4950: [ 0, 0, 0, 0, 0 ], [ 0, 973, 133, 91 ]
4866 / 4950: [ 0, 0, 0, 0, 0 ], [ 0, 973, 133, 91 ]
4867 / 4950: [ 0, 4, 0, 0, 0 ], [ 0, 974, 133, 91 ]
4868 / 4950: [ 0, 4, 0, 0, 0 ], [ 0, 975, 133, 91 ]
4869 / 4950: [ 0, 1, 0, 0, 0 ], [ 0, 975, 133, 91 ]
4870 / 4950: [ 0, 4, 0, 0, 0 ], [ 0, 976, 133, 91 ]
4871 / 4950: [ 0, 0, 0, 0, 0 ], [ 0, 976, 133, 91 ]
4872 / 4950: [ 0, 3, 0, 0, 0 ], [ 0, 976, 133, 91 ]
4873 / 4950: [ 0, 4, 0, 0, 0 ], [ 0, 977, 133, 91 ]
4874 / 4950: [ 0, 0, 1, 0, 0 ], [ 0, 977, 133, 91 ]
4875 / 4950: [ 0, 3, 0, 0, 0 ], [ 0, 977, 133, 91 ]
4876 / 4950: [ 0, 1, 0, 0, 0 ], [ 0, 977, 133, 91 ]
4877 / 4950: [ 0, 0, 0, 1, 0 ], [ 0, 977, 133, 91 ]
4878 / 4950: [ 0, 0, 0, 0, 0 ], [ 0, 977, 133, 91 ]
4879 / 4950: [ 0, 4, 0, 0, 0 ], [ 0, 978, 133, 91 ]
4880 / 4950: [ 0, 4, 0, 0, 0 ], [ 0, 979, 133, 91 ]
4881 / 4950: [ 0, 1, 0, 0, 0 ], [ 0, 979, 133, 91 ]
4882 / 4950: [ 0, 3, 0, 0, 0 ], [ 0, 979, 133, 91 ]
4883 / 4950: [ 0, 4, 0, 0, 0 ], [ 0, 980, 133, 91 ]
4884 / 4950: [ 0, 0, 0, 0, 0 ], [ 0, 980, 133, 91 ]
4885 / 4950: [ 0, 2, 0, 0, 0 ], [ 0, 980, 133, 91 ]
4886 / 4950: [ 0, 4, 0, 0, 0 ], [ 0, 981, 133, 91 ]
4887 / 4950: [ 0, 4, 0, 0, 0 ], [ 0, 982, 133, 91 ]
4888 / 4950: [ 0, 3, 0, 0, 0 ], [ 0, 982, 133, 91 ]
4889 / 4950: [ 0, 1, 0, 0, 0 ], [ 0, 982, 133, 91 ]
4890 / 4950: [ 0, 1, 0, 0, 0 ], [ 0, 982, 133, 91 ]
4891 / 4950: [ 0, 4, 0, 0, 0 ], [ 0, 983, 133, 91 ]
4892 / 4950: [ 0, 0, 0, 0, 0 ], [ 0, 983, 133, 91 ]
4893 / 4950: [ 0, 1, 0, 0, 0 ], [ 0, 983, 133, 91 ]
4894 / 4950: [ 0, 3, 0, 0, 0 ], [ 0, 983, 133, 91 ]
4895 / 4950: [ 0, 4, 0, 0, 0 ], [ 0, 984, 133, 91 ]
4896 / 4950: [ 0, 0, 0, 0, 0 ], [ 0, 984, 133, 91 ]
4897 / 4950: [ 0, 0, 0, 0, 0 ], [ 0, 984, 133, 91 ]
4898 / 4950: [ 0, 1, 0, 0, 0 ], [ 0, 984, 133, 91 ]
4899 / 4950: [ 0, 0, 0, 0, 0 ], [ 0, 984, 133, 91 ]
4900 / 4950: [ 0, 1, 2, 0, 0 ], [ 0, 984, 133, 91 ]
4901 / 4950: [ 0, 3, 1, 0, 0 ], [ 0, 984, 134, 91 ]
4902 / 4950: [ 0, 4, 0, 0, 0 ], [ 0, 985, 134, 91 ]
4903 / 4950: [ 0, 2, 0, 0, 0 ], [ 0, 985, 134, 91 ]
4904 / 4950: [ 0, 0, 0, 0, 0 ], [ 0, 985, 134, 91 ]
4905 / 4950: [ 0, 4, 0, 0, 0 ], [ 0, 986, 134, 91 ]
4906 / 4950: [ 0, 2, 0, 0, 0 ], [ 0, 986, 134, 91 ]
4907 / 4950: [ 0, 1, 0, 0, 0 ], [ 0, 986, 134, 91 ]
4908 / 4950: [ 0, 0, 0, 0, 0 ], [ 0, 986, 134, 91 ]
4909 / 4950: [ 0, 2, 1, 0, 0 ], [ 0, 986, 134, 91 ]
4910 / 4950: [ 0, 4, 0, 0, 0 ], [ 0, 987, 134, 91 ]
4911 / 4950: [ 0, 3, 0, 1, 0 ], [ 0, 987, 134, 92 ]
4912 / 4950: [ 0, 0, 0, 0, 0 ], [ 0, 987, 134, 92 ]
4913 / 4950: [ 0, 3, 0, 0, 0 ], [ 0, 987, 134, 92 ]
4914 / 4950: [ 0, 0, 0, 0, 0 ], [ 0, 987, 134, 92 ]
4915 / 4950: [ 0, 1, 0, 0, 0 ], [ 0, 987, 134, 92 ]
4916 / 4950: [ 0, 2, 0, 0, 0 ], [ 0, 987, 134, 92 ]
4917 / 4950: [ 0, 4, 0, 0, 0 ], [ 0, 988, 134, 92 ]
4918 / 4950: [ 0, 0, 0, 0, 0 ], [ 0, 988, 134, 92 ]
4919 / 4950: [ 0, 0, 0, 0, 0 ], [ 0, 988, 134, 92 ]
4920 / 4950: [ 0, 1, 0, 0, 0 ], [ 0, 988, 134, 92 ]
4921 / 4950: [ 0, 0, 0, 0, 0 ], [ 0, 988, 134, 92 ]
4922 / 4950: [ 0, 0, 0, 0, 0 ], [ 0, 988, 134, 92 ]
4923 / 4950: [ 0, 0, 0, 0, 0 ], [ 0, 988, 134, 92 ]
4924 / 4950: [ 0, 4, 0, 0, 0 ], [ 0, 989, 134, 92 ]
4925 / 4950: [ 0, 0, 0, 0, 0 ], [ 0, 989, 134, 92 ]
4926 / 4950: [ 0, 3, 0, 0, 0 ], [ 0, 989, 134, 92 ]
4927 / 4950: [ 0, 1, 0, 0, 0 ], [ 0, 989, 134, 92 ]
4928 / 4950: [ 0, 1, 0, 0, 0 ], [ 0, 989, 134, 92 ]
4929 / 4950: [ 0, 2, 0, 0, 0 ], [ 0, 989, 134, 92 ]
4930 / 4950: [ 0, 0, 0, 0, 0 ], [ 0, 989, 134, 92 ]
4931 / 4950: [ 0, 4, 0, 0, 0 ], [ 0, 990, 134, 92 ]
4932 / 4950: [ 0, 3, 0, 0, 0 ], [ 0, 990, 134, 92 ]
4933 / 4950: [ 0, 4, 0, 0, 0 ], [ 0, 991, 134, 92 ]
4934 / 4950: [ 0, 1, 0, 0, 0 ], [ 0, 991, 134, 92 ]
4935 / 4950: [ 0, 1, 0, 0, 0 ], [ 0, 991, 134, 92 ]
4936 / 4950: [ 0, 1, 0, 0, 0 ], [ 0, 991, 134, 92 ]
4937 / 4950: [ 0, 1, 0, 0, 0 ], [ 0, 991, 134, 92 ]
4938 / 4950: [ 0, 4, 0, 0, 0 ], [ 0, 992, 134, 92 ]
4939 / 4950: [ 0, 0, 0, 0, 0 ], [ 0, 992, 134, 92 ]
4940 / 4950: [ 0, 2, 0, 0, 0 ], [ 0, 992, 134, 92 ]
4941 / 4950: [ 0, 4, 0, 0, 0 ], [ 0, 993, 134, 92 ]
4942 / 4950: [ 0, 2, 0, 0, 0 ], [ 0, 993, 134, 92 ]
4943 / 4950: [ 0, 1, 0, 0, 0 ], [ 0, 993, 134, 92 ]
4944 / 4950: [ 0, 4, 0, 0, 0 ], [ 0, 994, 134, 92 ]
4945 / 4950: [ 0, 1, 0, 0, 0 ], [ 0, 994, 134, 92 ]
4946 / 4950: [ 0, 3, 0, 0, 0 ], [ 0, 994, 134, 92 ]
4947 / 4950: [ 0, 0, 0, 0, 0 ], [ 0, 994, 134, 92 ]
4948 / 4950: [ 0, 0, 0, 0, 0 ], [ 0, 994, 134, 92 ]
4949 / 4950: [ 0, 4, 0, 0, 0 ], [ 0, 995, 134, 92 ]
4950 / 4950: [ 0, 3, 0, 0, 0 ], [ 0, 995, 134, 92 ]
<[ 0, 1, 1, 0, 2 ], 1>
<[ 0, 1, 1, 0, 0 ], 69>
<[ 0, 1, 2, 0, 0 ], 19>
<[ 0, 2, 0, 1, 1 ], 1>
<[ 0, 2, 0, 1, 0 ], 14>
<[ 0, 0, 3, 0, 0 ], 2>
<[ 0, 1, 1, 2, 0 ], 2>
<[ 0, 0, 0, 0, 1 ], 1>
<[ 0, 0, 0, 0, 0 ], 1169>
<[ 0, 0, 0, 4, 0 ], 2>
<[ 0, 0, 3, 1, 0 ], 1>
<[ 0, 1, 0, 3, 0 ], 16>
<[ 0, 0, 2, 0, 0 ], 15>
<[ 0, 0, 1, 3, 0 ], 1>
<[ 0, 3, 0, 1, 0 ], 28>
<[ 0, 4, 0, 0, 0 ], 994>
<[ 0, 3, 0, 0, 0 ], 574>
<[ 0, 2, 0, 2, 0 ], 30>
<[ 0, 1, 0, 2, 0 ], 21>
<[ 0, 2, 1, 0, 0 ], 102>
<[ 0, 0, 0, 1, 1 ], 1>
<[ 0, 0, 0, 1, 0 ], 31>
<[ 0, 1, 1, 1, 0 ], 4>
<[ 0, 2, 2, 0, 0 ], 23>
<[ 2, 2, 0, 0, 0 ], 1>
<[ 0, 2, 0, 0, 1 ], 1>
<[ 0, 2, 0, 0, 0 ], 721>
<[ 0, 2, 0, 0, 2 ], 1>
<[ 0, 0, 1, 1, 0 ], 3>
<[ 0, 1, 3, 0, 0 ], 1>
<[ 0, 2, 1, 1, 0 ], 5>
<[ 0, 0, 0, 2, 0 ], 19>
<[ 0, 1, 2, 1, 0 ], 1>
<[ 0, 1, 0, 1, 2 ], 1>
<[ 0, 1, 0, 1, 1 ], 2>
<[ 0, 1, 0, 1, 0 ], 30>
<[ 0, 0, 4, 0, 0 ], 2>
<[ 0, 3, 1, 0, 0 ], 108>
<[ 0, 0, 2, 1, 1 ], 1>
<[ 0, 0, 1, 0, 0 ], 85>
<[ 0, 0, 0, 3, 1 ], 1>
<[ 0, 0, 0, 3, 0 ], 12>
<[ 0, 1, 0, 0, 1 ], 2>
<[ 0, 1, 0, 0, 0 ], 832>